ISO-10303-21;
HEADER;
FILE_DESCRIPTION((''),'2;1');
FILE_NAME('XIAKE','2025-09-17T19:16:08',('seeed'),(''),
'CREO PARAMETRIC BY PTC INC, 2021284','CREO PARAMETRIC BY PTC INC, 2021284','');
FILE_SCHEMA(('CONFIG_CONTROL_DESIGN'));
ENDSEC;
DATA;
#1=CARTESIAN_POINT('',(-3.989999601391E1,1.700037648205E0,-3.024993841167E1));
#2=DIRECTION('',(0.E0,-1.E0,1.732870212380E-7));
#3=DIRECTION('',(9.999998164261E-1,1.049993425539E-10,6.059272674257E-4));
#4=AXIS2_PLACEMENT_3D('',#1,#2,#3);
#6=DIRECTION('',(-6.059272674057E-4,1.732869901409E-7,9.999998164260E-1));
#7=VECTOR('',#6,3.000000028600E0);
#8=CARTESIAN_POINT('',(-3.489817914997E1,1.700037128869E0,-3.324690822461E1));
#9=LINE('',#8,#7);
#10=CARTESIAN_POINT('',(-3.999999599555E1,1.700037648194E0,-3.024999900440E1));
#11=DIRECTION('',(0.E0,-1.E0,1.732870212380E-7));
#12=DIRECTION('',(-9.999998164248E-1,-1.049997126283E-10,-6.059293941807E-4));
#13=AXIS2_PLACEMENT_3D('',#10,#11,#12);
#15=CARTESIAN_POINT('',(-3.992786865994E1,1.700045619404E0,1.575003949455E1));
#16=DIRECTION('',(0.E0,-1.E0,1.732870212380E-7));
#17=DIRECTION('',(6.059281273963E-4,-1.732869894244E-7,-9.999998164255E-1));
#18=AXIS2_PLACEMENT_3D('',#15,#16,#17);
#20=DIRECTION('',(9.999998164261E-1,1.049975149403E-10,6.059272674217E-4));
#21=VECTOR('',#20,3.100000033E0);
#22=CARTESIAN_POINT('',(-4.302483845462E1,1.700044752644E0,1.074816203789E1));
#23=LINE('',#22,#21);
#24=CARTESIAN_POINT('',(-4.002786864158E1,1.700045619393E0,1.574997890182E1));
#25=DIRECTION('',(0.E0,-1.E0,1.732870212380E-7));
#26=DIRECTION('',(-6.059286675016E-4,1.732869894244E-7,9.999998164252E-1));
#27=AXIS2_PLACEMENT_3D('',#24,#25,#26);
#29=CARTESIAN_POINT('',(4.997211483676E1,1.700045628843E0,1.580451235589E1));
#30=DIRECTION('',(0.E0,-1.E0,1.732870212380E-7));
#31=DIRECTION('',(-9.999998164261E-1,-1.049993425539E-10,-6.059272673533E-4));
#32=AXIS2_PLACEMENT_3D('',#29,#30,#31);
#34=DIRECTION('',(6.059272674258E-4,-1.732869888948E-7,-9.999998164260E-1));
#35=VECTOR('',#34,3.000000881782E0);
#36=CARTESIAN_POINT('',(4.497029797231E1,1.700046148180E0,1.880148302201E1));
#37=LINE('',#36,#35);
#38=CARTESIAN_POINT('',(5.007211481841E1,1.700045628854E0,1.580457294861E1));
#39=DIRECTION('',(0.E0,-1.E0,1.732870212380E-7));
#40=DIRECTION('',(9.999998164248E-1,1.049997126283E-10,6.059293928378E-4));
#41=AXIS2_PLACEMENT_3D('',#38,#39,#40);
#43=CARTESIAN_POINT('',(5.007211480994E1,1.700045628856E0,1.580458659799E1));
#44=DIRECTION('',(0.E0,1.E0,-1.732870212380E-7));
#45=DIRECTION('',(1.E0,0.E0,0.E0));
#46=AXIS2_PLACEMENT_3D('',#43,#44,#45);
#48=CARTESIAN_POINT('',(5.007211480994E1,1.700045628856E0,1.580458659799E1));
#49=DIRECTION('',(0.E0,1.E0,-1.732870212380E-7));
#50=DIRECTION('',(-1.E0,0.E0,0.E0));
#51=AXIS2_PLACEMENT_3D('',#48,#49,#50);
#53=CARTESIAN_POINT('',(-4.002786864965E1,1.700045619396E0,1.574999255120E1));
#54=DIRECTION('',(0.E0,1.E0,-1.732870212380E-7));
#55=DIRECTION('',(1.E0,0.E0,0.E0));
#56=AXIS2_PLACEMENT_3D('',#53,#54,#55);
#58=CARTESIAN_POINT('',(-4.002786864965E1,1.700045619396E0,1.574999255120E1));
#59=DIRECTION('',(0.E0,1.E0,-1.732870212380E-7));
#60=DIRECTION('',(-1.E0,0.E0,0.E0));
#61=AXIS2_PLACEMENT_3D('',#58,#59,#60);
#63=CARTESIAN_POINT('',(-3.999999599535E1,1.700037648194E0,-3.024999900212E1));
#64=DIRECTION('',(0.E0,1.E0,-1.732870212380E-7));
#65=DIRECTION('',(1.E0,0.E0,0.E0));
#66=AXIS2_PLACEMENT_3D('',#63,#64,#65);
#68=CARTESIAN_POINT('',(-3.999999599535E1,1.700037648194E0,-3.024999900212E1));
#69=DIRECTION('',(0.E0,1.E0,-1.732870212380E-7));
#70=DIRECTION('',(-1.E0,0.E0,0.E0));
#71=AXIS2_PLACEMENT_3D('',#68,#69,#70);
#73=CARTESIAN_POINT('',(5.009998746424E1,1.700037657655E0,-3.019540495533E1));
#74=DIRECTION('',(0.E0,1.E0,-1.732870212380E-7));
#75=DIRECTION('',(1.E0,0.E0,0.E0));
#76=AXIS2_PLACEMENT_3D('',#73,#74,#75);
#78=CARTESIAN_POINT('',(5.009998746424E1,1.700037657655E0,-3.019540495533E1));
#79=DIRECTION('',(0.E0,1.E0,-1.732870212380E-7));
#80=DIRECTION('',(-1.E0,0.E0,0.E0));
#81=AXIS2_PLACEMENT_3D('',#78,#79,#80);
#83=CARTESIAN_POINT('',(4.999998748280E1,1.700037657644E0,-3.019546555033E1));
#84=DIRECTION('',(0.E0,-1.E0,1.732870212380E-7));
#85=DIRECTION('',(-6.059281474109E-4,1.732869894244E-7,9.999998164255E-1));
#86=AXIS2_PLACEMENT_3D('',#83,#84,#85);
#88=DIRECTION('',(-9.999998164261E-1,-1.049998070136E-10,-6.059272674073E-4));
#89=VECTOR('',#88,3.100000033E0);
#90=CARTESIAN_POINT('',(5.309695727738E1,1.700038524405E0,-2.519358809367E1));
#91=LINE('',#90,#89);
#92=CARTESIAN_POINT('',(5.009998746444E1,1.700037657655E0,-3.019540495761E1));
#93=DIRECTION('',(0.E0,-1.E0,1.732870212380E-7));
#94=DIRECTION('',(6.059286672933E-4,-1.732869894244E-7,-9.999998164252E-1));
#95=AXIS2_PLACEMENT_3D('',#92,#93,#94);
#97=DIRECTION('',(9.999998164261E-1,1.049994488810E-10,6.059272674185E-4));
#98=VECTOR('',#97,3.100000032885E0);
#99=CARTESIAN_POINT('',(-4.300302508117E1,1.700038514314E0,-2.525181770407E1));
#100=LINE('',#99,#98);
#101=DIRECTION('',(-9.999998164261E-1,-1.049993065715E-10,-6.059272674204E-4));
#102=VECTOR('',#101,3.100000004983E0);
#103=CARTESIAN_POINT('',(-3.990302564594E1,9.000038514640E0,-2.524994059454E1));
#104=LINE('',#103,#102);
#105=DIRECTION('',(-6.059272674259E-4,1.732869903700E-7,9.999998164260E-1));
#106=VECTOR('',#105,5.000000006032E0);
#107=CARTESIAN_POINT('',(-4.299999544482E1,1.700037647879E0,-3.025181679223E1));
#108=LINE('',#107,#106);
#109=DIRECTION('',(6.059280098091E-4,-1.732869893604E-7,-9.999998164256E-1));
#110=VECTOR('',#109,5.000000015944E0);
#111=CARTESIAN_POINT('',(-4.300302508631E1,2.200038514314E0,-2.525181779072E1));
#112=LINE('',#111,#110);
#113=DIRECTION('',(-1.028838880757E-8,1.E0,-1.732932588538E-7));
#114=VECTOR('',#113,5.E-1);
#115=CARTESIAN_POINT('',(-4.300302508117E1,1.700038514314E0,-2.525181770407E1));
#116=LINE('',#115,#114);
#117=DIRECTION('',(-2.852502234418E-9,1.E0,-1.931124984367E-7));
#118=VECTOR('',#117,5.E-1);
#119=CARTESIAN_POINT('',(-4.299999544482E1,1.700037647879E0,-3.025181679223E1));
#120=LINE('',#119,#118);
#121=CARTESIAN_POINT('',(-4.002786975129E1,2.200045619711E0,1.575181024602E1));
#122=DIRECTION('',(0.E0,-1.E0,1.732870212602E-7));
#123=DIRECTION('',(-6.059272674268E-4,1.732869894190E-7,9.999998164260E-1));
#124=AXIS2_PLACEMENT_3D('',#121,#122,#123);
#126=CARTESIAN_POINT('',(5.007211370869E1,2.200045629171E0,1.580640429282E1));
#127=DIRECTION('',(0.E0,-1.E0,1.732870211823E-7));
#128=DIRECTION('',(9.999998164261E-1,1.049993696325E-10,6.059272674221E-4));
#129=AXIS2_PLACEMENT_3D('',#126,#127,#128);
#131=DIRECTION('',(-1.E0,0.E0,0.E0));
#132=VECTOR('',#131,1.849731478686E-1);
#133=CARTESIAN_POINT('',(5.307853818595E1,2.200043792015E0,5.204594958031E0));
#134=LINE('',#133,#132);
#135=DIRECTION('',(0.E0,1.732870206587E-7,1.E0));
#136=VECTOR('',#135,1.2E0);
#137=CARTESIAN_POINT('',(5.289356503809E1,2.200043792015E0,5.204594958031E0));
#138=LINE('',#137,#136);
#139=DIRECTION('',(1.E0,0.E0,0.E0));
#140=VECTOR('',#139,1.842460350142E-1);
#141=CARTESIAN_POINT('',(5.289356503809E1,2.200043999960E0,6.404594958031E0));
#142=LINE('',#141,#140);
#143=CARTESIAN_POINT('',(5.007211481841E1,2.200045628854E0,1.580457286197E1));
#144=DIRECTION('',(0.E0,1.E0,-1.732870212380E-7));
#145=DIRECTION('',(-6.059254006961E-4,1.732869894984E-7,9.999998164272E-1));
#146=AXIS2_PLACEMENT_3D('',#143,#144,#145);
#148=DIRECTION('',(-2.091881579780E-14,-1.732870222058E-7,-1.E0));
#149=VECTOR('',#148,1.698334032452E-1);
#150=CARTESIAN_POINT('',(2.369998746424E1,2.200046145948E0,1.878860746808E1));
#151=LINE('',#150,#149);
#152=DIRECTION('',(-1.E0,0.E0,0.E0));
#153=VECTOR('',#152,1.2E0);
#154=CARTESIAN_POINT('',(2.369998746424E1,2.200046116518E0,1.861877406483E1));
#155=LINE('',#154,#153);
#156=DIRECTION('',(-2.100876123880E-14,1.732870196405E-7,1.E0));
#157=VECTOR('',#156,1.691062903908E-1);
#158=CARTESIAN_POINT('',(2.249998746424E1,2.200046116518E0,1.861877406483E1));
#159=LINE('',#158,#157);
#160=DIRECTION('',(0.E0,-1.732870199618E-7,-1.E0));
#161=VECTOR('',#160,1.588964141273E-1);
#162=CARTESIAN_POINT('',(5.649987574381E0,2.200046144053E0,1.877767047896E1));
#163=LINE('',#162,#161);
#164=DIRECTION('',(-1.E0,0.E0,0.E0));
#165=VECTOR('',#164,1.200000220289E0);
#166=CARTESIAN_POINT('',(5.649987574381E0,2.200046116518E0,1.861877406483E1));
#167=LINE('',#166,#165);
#168=DIRECTION('',(0.E0,1.732870201627E-7,1.E0));
#169=VECTOR('',#168,1.581693011394E-1);
#170=CARTESIAN_POINT('',(4.449987354092E0,2.200046116518E0,1.861877406483E1));
#171=LINE('',#170,#169);
#172=DIRECTION('',(-1.215503538962E-14,-1.732870222185E-7,-1.E0));
#173=VECTOR('',#172,1.461416427399E-1);
#174=CARTESIAN_POINT('',(-1.540001253576E1,2.200046141843E0,1.876491570757E1));
#175=LINE('',#174,#173);
#176=DIRECTION('',(-1.E0,0.E0,0.E0));
#177=VECTOR('',#176,1.2E0);
#178=CARTESIAN_POINT('',(-1.540001253576E1,2.200046116518E0,1.861877406483E1));
#179=LINE('',#178,#177);
#180=DIRECTION('',(2.443162785450E-14,1.732870222892E-7,1.E0));
#181=VECTOR('',#180,1.454145298855E-1);
#182=CARTESIAN_POINT('',(-1.660001253576E1,2.200046116518E0,1.861877406483E1));
#183=LINE('',#182,#181);
#184=CARTESIAN_POINT('',(-4.002786864158E1,2.200045619393E0,1.574997881518E1));
#185=DIRECTION('',(0.E0,1.E0,-1.732870212380E-7));
#186=DIRECTION('',(-9.999998164273E-1,-1.049989724796E-10,-6.059251420058E-4));
#187=AXIS2_PLACEMENT_3D('',#184,#185,#186);
#189=DIRECTION('',(1.E0,0.E0,0.E0));
#190=VECTOR('',#189,2.286164587470E-1);
#191=CARTESIAN_POINT('',(-4.302220656836E1,2.200043999960E0,6.404594958031E0));
#192=LINE('',#191,#190);
#193=DIRECTION('',(0.E0,-1.732870206587E-7,-1.E0));
#194=VECTOR('',#193,1.2E0);
#195=CARTESIAN_POINT('',(-4.279359010961E1,2.200043999960E0,6.404594958031E0));
#196=LINE('',#195,#194);
#197=DIRECTION('',(-1.E0,0.E0,1.169223268716E-14));
#198=VECTOR('',#197,2.278893458926E-1);
#199=CARTESIAN_POINT('',(-4.279359010961E1,2.200043792015E0,5.204594958031E0));
#200=LINE('',#199,#198);
#201=DIRECTION('',(1.E0,0.E0,0.E0));
#202=VECTOR('',#201,2.128623469020E-1);
#203=CARTESIAN_POINT('',(-4.300645245651E1,2.200039494497E0,-1.959540504197E1));
#204=LINE('',#203,#202);
#205=DIRECTION('',(0.E0,-1.732870213988E-7,-1.E0));
#206=VECTOR('',#205,1.2E0);
#207=CARTESIAN_POINT('',(-4.279359010961E1,2.200039494497E0,-1.959540504197E1));
#208=LINE('',#207,#206);
#209=DIRECTION('',(-1.E0,0.E0,-1.674740028336E-14));
#210=VECTOR('',#209,2.121352340477E-1);
#211=CARTESIAN_POINT('',(-4.279359010961E1,2.200039286553E0,-2.079540504197E1));
#212=LINE('',#211,#210);
#213=CARTESIAN_POINT('',(-3.999999599555E1,2.200037648194E0,-3.024999909104E1));
#214=DIRECTION('',(0.E0,1.E0,-1.732870212380E-7));
#215=DIRECTION('',(6.059258673260E-4,-1.732869894984E-7,-9.999998164269E-1));
#216=AXIS2_PLACEMENT_3D('',#213,#214,#215);
#218=DIRECTION('',(0.E0,1.732870226883E-7,1.E0));
#219=VECTOR('',#218,2.262368023549E-1);
#220=CARTESIAN_POINT('',(-1.660001253576E1,2.200037130790E0,-3.323582095113E1));
#221=LINE('',#220,#219);
#222=DIRECTION('',(1.E0,0.E0,0.E0));
#223=VECTOR('',#222,1.2E0);
#224=CARTESIAN_POINT('',(-1.660001253576E1,2.200037169994E0,-3.300958414877E1));
#225=LINE('',#224,#223);
#226=DIRECTION('',(0.E0,-1.732870247047E-7,-1.E0));
#227=VECTOR('',#226,2.255096895005E-1);
#228=CARTESIAN_POINT('',(-1.540001253576E1,2.200037169994E0,-3.300958414877E1));
#229=LINE('',#228,#227);
#230=DIRECTION('',(0.E0,1.732870222075E-7,1.E0));
#231=VECTOR('',#230,2.134820311009E-1);
#232=CARTESIAN_POINT('',(4.449987354092E0,2.200037133E0,-3.322306617987E1));
#233=LINE('',#232,#231);
#234=DIRECTION('',(1.E0,0.E0,0.E0));
#235=VECTOR('',#234,1.200000220289E0);
#236=CARTESIAN_POINT('',(4.449987354092E0,2.200037169994E0,-3.300958414877E1));
#237=LINE('',#236,#235);
#238=DIRECTION('',(0.E0,-1.732870223645E-7,-1.E0));
#239=VECTOR('',#238,2.127549181131E-1);
#240=CARTESIAN_POINT('',(5.649987574381E0,2.200037169994E0,-3.300958414877E1));
#241=LINE('',#240,#239);
#242=DIRECTION('',(0.E0,1.732870239931E-7,1.E0));
#243=VECTOR('',#242,2.007272597136E-1);
#244=CARTESIAN_POINT('',(2.549998746424E1,2.200037135211E0,-3.321031140849E1));
#245=LINE('',#244,#243);
#246=DIRECTION('',(1.E0,0.E0,0.E0));
#247=VECTOR('',#246,1.2E0);
#248=CARTESIAN_POINT('',(2.549998746424E1,2.200037169994E0,-3.300958414877E1));
#249=LINE('',#248,#247);
#250=DIRECTION('',(0.E0,-1.732870240510E-7,-1.E0));
#251=VECTOR('',#250,2.000001468592E-1);
#252=CARTESIAN_POINT('',(2.669998746424E1,2.200037169994E0,-3.300958414877E1));
#253=LINE('',#252,#251);
#254=DIRECTION('',(-9.999998164250E-1,-1.050004524559E-10,-6.059290383106E-4));
#255=VECTOR('',#254,5.100000015593E0);
#256=CARTESIAN_POINT('',(5.010180526183E1,2.200037137794E0,-3.319540449578E1));
#257=LINE('',#256,#255);
#258=CARTESIAN_POINT('',(5.009998746444E1,2.200037657655E0,-3.019540504425E1));
#259=DIRECTION('',(0.E0,1.E0,-1.732870212380E-7));
#260=DIRECTION('',(9.999998164273E-1,1.049989724796E-10,6.059251408566E-4));
#261=AXIS2_PLACEMENT_3D('',#258,#259,#260);
#263=DIRECTION('',(-1.E0,0.E0,1.769920878644E-14));
#264=VECTOR('',#263,2.007272597135E-1);
#265=CARTESIAN_POINT('',(5.309429229780E1,2.200039286553E0,-2.079540504197E1));
#266=LINE('',#265,#264);
#267=DIRECTION('',(0.E0,1.732870210288E-7,1.E0));
#268=VECTOR('',#267,1.2E0);
#269=CARTESIAN_POINT('',(5.289356503809E1,2.200039286553E0,-2.079540504197E1));
#270=LINE('',#269,#268);
#271=DIRECTION('',(1.E0,0.E0,0.E0));
#272=VECTOR('',#271,2.000001468592E-1);
#273=CARTESIAN_POINT('',(5.289356503809E1,2.200039494497E0,-1.959540504197E1));
#274=LINE('',#273,#272);
#275=CARTESIAN_POINT('',(5.009998746414E1,2.200037657655E0,-3.019540504398E1));
#276=DIRECTION('',(0.E0,-1.E0,1.732870212380E-7));
#277=DIRECTION('',(6.059273405632E-4,-1.732869894078E-7,-9.999998164260E-1));
#278=AXIS2_PLACEMENT_3D('',#275,#276,#277);
#280=CARTESIAN_POINT('',(-3.999999599535E1,2.200037648194E0,-3.024999909087E1));
#281=DIRECTION('',(0.E0,-1.E0,1.732870212380E-7));
#282=DIRECTION('',(-9.999998164260E-1,-1.049993696281E-10,-6.059273089635E-4));
#283=AXIS2_PLACEMENT_3D('',#280,#281,#282);
#285=CARTESIAN_POINT('',(-4.002786975129E1,4.561971086758E-5,1.575181062725E1));
#286=DIRECTION('',(0.E0,1.E0,-1.732870212602E-7));
#287=DIRECTION('',(-9.999998164261E-1,-1.049993312723E-10,-6.059272674212E-4));
#288=AXIS2_PLACEMENT_3D('',#285,#286,#287);
#290=DIRECTION('',(-6.059272674206E-4,1.732869894252E-7,9.999998164260E-1));
#291=VECTOR('',#290,1.560000158421E1);
#292=CARTESIAN_POINT('',(-4.410917963921E1,1.600040274377E0,-1.509489734974E1));
#293=LINE('',#292,#291);
#294=DIRECTION('',(0.E0,1.E0,-1.732870218152E-7));
#295=VECTOR('',#294,1.6E0);
#296=CARTESIAN_POINT('',(-4.411863210554E1,4.297765408354E-5,
5.051016479780E-1));
#297=LINE('',#296,#295);
#298=DIRECTION('',(-6.059272674202E-4,1.732869894663E-7,9.999998164260E-1));
#299=VECTOR('',#298,1.524422747592E1);
#300=CARTESIAN_POINT('',(-4.411863210554E1,4.297765408354E-5,
5.051016479780E-1));
#301=LINE('',#300,#299);
#302=DIRECTION('',(0.E0,-1.E0,1.732870194812E-7));
#303=VECTOR('',#302,2.2E0);
#304=CARTESIAN_POINT('',(-4.412786899864E1,2.200045619280E0,1.574932594423E1));
#305=LINE('',#304,#303);
#306=DIRECTION('',(6.059272676089E-4,-1.732869895847E-7,-9.999998164260E-1));
#307=VECTOR('',#306,4.600181780512E1);
#308=CARTESIAN_POINT('',(-4.412786899864E1,2.200045619280E0,1.574932594423E1));
#309=LINE('',#308,#307);
#310=DIRECTION('',(-6.059272679919E-4,1.732869895119E-7,9.999998164260E-1));
#311=VECTOR('',#310,1.515758873721E1);
#312=CARTESIAN_POINT('',(-4.409999524288E1,3.764776385344E-5,
-3.025248302716E1));
#313=LINE('',#312,#311);
#314=DIRECTION('',(0.E0,1.E0,-1.732870213988E-7));
#315=VECTOR('',#314,1.6E0);
#316=CARTESIAN_POINT('',(-4.410917963921E1,4.027437677397E-5,
-1.509489707248E1));
#317=LINE('',#316,#315);
#318=DIRECTION('',(-9.999994418E-1,-1.830945086003E-10,-1.056598177255E-3));
#319=VECTOR('',#318,9.000000913970E-1);
#320=CARTESIAN_POINT('',(-4.411863210554E1,1.600042977654E0,5.051013707188E-1));
#321=LINE('',#320,#319);
#322=DIRECTION('',(9.999994418E-1,1.830945086003E-10,1.056598177254E-3));
#323=VECTOR('',#322,9.000000913970E-1);
#324=CARTESIAN_POINT('',(-4.500917922823E1,1.600040274212E0,-1.509584828820E1));
#325=LINE('',#324,#323);
#326=DIRECTION('',(6.059272674210E-4,-2.364383405169E-7,-9.999998164260E-1));
#327=VECTOR('',#326,4.600015401668E1);
#328=CARTESIAN_POINT('',(-4.502786777863E1,1.050006486588E1,1.574703838464E1));
#329=LINE('',#328,#327);
#330=DIRECTION('',(1.565433757369E-9,-9.999999999971E-1,-2.410245680367E-6));
#331=VECTOR('',#330,1.050001924703E1);
#332=CARTESIAN_POINT('',(-4.502786777863E1,1.050006486588E1,1.574703838464E1));
#333=LINE('',#332,#331);
#334=DIRECTION('',(6.059272674204E-4,-1.732869893851E-7,-9.999998164260E-1));
#335=VECTOR('',#334,1.524286516569E1);
#336=CARTESIAN_POINT('',(-4.502786776220E1,4.561887951256E-5,1.574701307702E1));
#337=LINE('',#336,#335);
#338=DIRECTION('',(0.E0,1.E0,-1.732870216764E-7));
#339=VECTOR('',#338,1.6E0);
#340=CARTESIAN_POINT('',(-4.501863169456E1,4.297748929840E-5,
5.041507095219E-1));
#341=LINE('',#340,#339);
#342=DIRECTION('',(-6.059272674206E-4,1.732869893967E-7,9.999998164260E-1));
#343=VECTOR('',#342,1.560000158421E1);
#344=CARTESIAN_POINT('',(-4.500917922823E1,1.600040274212E0,-1.509584828820E1));
#345=LINE('',#344,#343);
#346=DIRECTION('',(0.E0,1.E0,-1.732870213988E-7));
#347=VECTOR('',#346,1.6E0);
#348=CARTESIAN_POINT('',(-4.500917922823E1,4.027421198882E-5,
-1.509584801094E1));
#349=LINE('',#348,#347);
#350=DIRECTION('',(6.059272674199E-4,-1.732869894442E-7,-9.999998164260E-1));
#351=VECTOR('',#350,1.515723301249E1);
#352=CARTESIAN_POINT('',(-4.500917922823E1,4.027421198882E-5,
-1.509584801094E1));
#353=LINE('',#352,#351);
#354=DIRECTION('',(-1.565435543880E-9,-9.999999999962E-1,2.756819341347E-6));
#355=VECTOR('',#354,1.050001634206E1);
#356=CARTESIAN_POINT('',(-4.499999503101E1,1.050005398968E1,-3.025310718760E1));
#357=LINE('',#356,#355);
#358=CARTESIAN_POINT('',(-4.452786786073E1,1.050006196095E1,1.574732534983E1));
#359=DIRECTION('',(6.059272674205E-4,-1.732869894144E-7,-9.999998164260E-1));
#360=DIRECTION('',(-9.999998164261E-1,-1.050004527769E-10,-6.059272674221E-4));
#361=AXIS2_PLACEMENT_3D('',#358,#359,#360);
#363=CARTESIAN_POINT('',(-4.449999513246E1,1.050005361505E1,-3.025278822223E1));
#364=DIRECTION('',(6.023713072174E-4,-2.756827645679E-6,-9.999998185706E-1));
#365=DIRECTION('',(-9.999998185741E-1,7.493407316872E-7,-6.023713092844E-4));
#366=AXIS2_PLACEMENT_3D('',#363,#364,#365);
#368=CARTESIAN_POINT('',(-3.999999594888E1,1.050005361548E1,-3.025007755135E1));
#369=DIRECTION('',(-1.565437674457E-9,-9.999999999962E-1,2.756827202863E-6));
#370=DIRECTION('',(-9.999998164261E-1,-1.049993869628E-10,-6.059272674200E-4));
#371=AXIS2_PLACEMENT_3D('',#368,#369,#370);
#373=CARTESIAN_POINT('',(-4.002786868007E1,5.406497157878E-5,1.575004271337E1));
#374=DIRECTION('',(1.565437770419E-9,-9.999999999971E-1,-2.410253155916E-6));
#375=DIRECTION('',(-6.059272674236E-4,-2.410253661998E-6,9.999998164232E-1));
#376=AXIS2_PLACEMENT_3D('',#373,#374,#375);
#378=DIRECTION('',(9.999994418E-1,1.830945878149E-10,1.056598177255E-3));
#379=VECTOR('',#378,9.000000913970E-1);
#380=CARTESIAN_POINT('',(-4.501863169456E1,4.297748929840E-5,
5.041507095219E-1));
#381=LINE('',#380,#379);
#382=DIRECTION('',(-9.999998164261E-1,-1.049993800955E-10,-6.059272674207E-4));
#383=VECTOR('',#382,1.857983783336E1);
#384=CARTESIAN_POINT('',(5.010301713102E1,3.679121120096E-5,-3.519545363997E1));
#385=LINE('',#384,#383);
#386=DIRECTION('',(0.E0,1.732870250559E-7,1.E0));
#387=VECTOR('',#386,3.000000550732E-1);
#388=CARTESIAN_POINT('',(3.152318270843E1,3.678926032951E-5,-3.520671167034E1));
#389=LINE('',#388,#387);
#390=DIRECTION('',(-9.999998164261E-1,-1.049993683959E-10,-6.059272674207E-4));
#391=VECTOR('',#390,2.5E0);
#392=CARTESIAN_POINT('',(3.152318270843E1,3.684124644657E-5,-3.490671161527E1));
#393=LINE('',#392,#391);
#394=DIRECTION('',(-9.999998164261E-1,-1.049992892974E-10,-6.059272674202E-4));
#395=VECTOR('',#394,6.019806529383E0);
#396=CARTESIAN_POINT('',(2.902318316737E1,3.678899783138E-5,-3.520822648851E1));
#397=LINE('',#396,#395);
#398=DIRECTION('',(0.E0,1.732870230821E-7,1.E0));
#399=VECTOR('',#398,3.000000550732E-1);
#400=CARTESIAN_POINT('',(2.300337774306E1,3.678836575597E-5,-3.521187405343E1));
#401=LINE('',#400,#399);
#402=DIRECTION('',(-9.999998164261E-1,-1.049992499712E-10,-6.059272674207E-4));
#403=VECTOR('',#402,2.5E0);
#404=CARTESIAN_POINT('',(2.300337774306E1,3.684035187244E-5,-3.491187399836E1));
#405=LINE('',#404,#403);
#406=DIRECTION('',(-9.999998164261E-1,-1.049993384798E-10,-6.059272674201E-4));
#407=VECTOR('',#406,6.019806529384E0);
#408=CARTESIAN_POINT('',(2.050337820200E1,3.678810325755E-5,-3.521338887160E1));
#409=LINE('',#408,#407);
#410=DIRECTION('',(0.E0,1.732870230822E-7,1.E0));
#411=VECTOR('',#410,3.000000550732E-1);
#412=CARTESIAN_POINT('',(1.448357277769E1,3.678747118185E-5,-3.521703643652E1));
#413=LINE('',#412,#411);
#414=DIRECTION('',(-9.999998164261E-1,-1.049990131245E-10,-6.059272674179E-4));
#415=VECTOR('',#414,2.5E0);
#416=CARTESIAN_POINT('',(1.448357277769E1,3.683945729832E-5,-3.491703638144E1));
#417=LINE('',#416,#415);
#418=DIRECTION('',(-2.368475351069E-14,-1.732870270296E-7,-1.E0));
#419=VECTOR('',#418,3.000000550732E-1);
#420=CARTESIAN_POINT('',(1.198357323663E1,3.683919480078E-5,-3.491855119961E1));
#421=LINE('',#420,#419);
#422=DIRECTION('',(-9.999998164261E-1,-1.049993174588E-10,-6.059272674203E-4));
#423=VECTOR('',#422,3.157922611753E1);
#424=CARTESIAN_POINT('',(1.198357323663E1,3.678720868313E-5,-3.521855125469E1));
#425=LINE('',#424,#423);
#426=DIRECTION('',(0.E0,1.732870230822E-7,1.E0));
#427=VECTOR('',#426,3.000000550732E-1);
#428=CARTESIAN_POINT('',(-1.959564708378E1,3.678389288594E-5,
-3.523768596887E1));
#429=LINE('',#428,#427);
#430=DIRECTION('',(-9.999998164261E-1,-1.049991315465E-10,-6.059272674179E-4));
#431=VECTOR('',#430,2.5E0);
#432=CARTESIAN_POINT('',(-1.959564708378E1,3.683587900241E-5,
-3.493768591380E1));
#433=LINE('',#432,#431);
#434=DIRECTION('',(-9.999998164261E-1,-1.049993384798E-10,-6.059272674202E-4));
#435=VECTOR('',#434,6.019806529383E0);
#436=CARTESIAN_POINT('',(-2.209564662485E1,3.678363038752E-5,
-3.523920078704E1));
#437=LINE('',#436,#435);
#438=DIRECTION('',(1.184237675534E-14,1.732870240690E-7,1.E0));
#439=VECTOR('',#438,3.000000550732E-1);
#440=CARTESIAN_POINT('',(-2.811545204915E1,3.678299831182E-5,
-3.524284835196E1));
#441=LINE('',#440,#439);
#442=DIRECTION('',(-9.999998164261E-1,-1.049993683932E-10,-6.059272674179E-4));
#443=VECTOR('',#442,2.5E0);
#444=CARTESIAN_POINT('',(-2.811545204915E1,3.683498442858E-5,
-3.494284829689E1));
#445=LINE('',#444,#443);
#446=DIRECTION('',(-9.999998164261E-1,-1.049990769143E-10,-6.059272674202E-4));
#447=VECTOR('',#446,9.381516460966E0);
#448=CARTESIAN_POINT('',(-3.061545159022E1,3.678273581310E-5,
-3.524436317013E1));
#449=LINE('',#448,#447);
#450=CARTESIAN_POINT('',(-3.999999596532E1,4.609375278619E-5,
-3.025004860464E1));
#451=DIRECTION('',(-1.565437674457E-9,-9.999999999962E-1,2.756827202863E-6));
#452=DIRECTION('',(-9.999998164261E-1,-1.049993866633E-10,-6.059272674079E-4));
#453=AXIS2_PLACEMENT_3D('',#450,#451,#452);
#455=DIRECTION('',(9.999994418E-1,1.830945878073E-10,1.056598177256E-3));
#456=VECTOR('',#455,9.000000913970E-1);
#457=CARTESIAN_POINT('',(-4.500917922823E1,4.027421198882E-5,
-1.509584801094E1));
#458=LINE('',#457,#456);
#459=CARTESIAN_POINT('',(-3.999999599535E1,3.764819435159E-5,
-3.024999870964E1));
#460=DIRECTION('',(0.E0,1.E0,-1.732870212380E-7));
#461=DIRECTION('',(6.059266819936E-4,-1.732869894271E-7,-9.999998164264E-1));
#462=AXIS2_PLACEMENT_3D('',#459,#460,#461);
#464=CARTESIAN_POINT('',(5.009998746414E1,3.765765479580E-5,-3.019540466275E1));
#465=DIRECTION('',(0.E0,1.E0,-1.732870212380E-7));
#466=DIRECTION('',(9.999998164266E-1,1.049991752990E-10,6.059263674160E-4));
#467=AXIS2_PLACEMENT_3D('',#464,#465,#466);
#469=CARTESIAN_POINT('',(5.480810517364E1,4.024309937523E-5,-1.527539185966E1));
#470=DIRECTION('',(0.E0,-1.E0,1.732870212380E-7));
#471=DIRECTION('',(9.999998164261E-1,1.049993314046E-10,6.059272682501E-4));
#472=AXIS2_PLACEMENT_3D('',#469,#470,#471);
#474=CARTESIAN_POINT('',(5.009998749468E1,4.610321322929E-5,-3.019545455785E1));
#475=DIRECTION('',(-1.565437770418E-9,-9.999999999962E-1,2.756827202863E-6));
#476=DIRECTION('',(6.059272674250E-4,-2.756827645323E-6,-9.999998164223E-1));
#477=AXIS2_PLACEMENT_3D('',#474,#475,#476);
#479=CARTESIAN_POINT('',(-4.002786869650E1,1.050007358132E1,1.575006802108E1));
#480=DIRECTION('',(1.565437770419E-9,-9.999999999971E-1,-2.410253155916E-6));
#481=DIRECTION('',(-6.059272674193E-4,-2.410253662077E-6,9.999998164232E-1));
#482=AXIS2_PLACEMENT_3D('',#479,#480,#481);
#484=CARTESIAN_POINT('',(-4.003059536921E1,1.050006273518E1,2.025006719498E1));
#485=DIRECTION('',(-9.999998164261E-1,-1.049993744906E-10,-6.059272674203E-4));
#486=DIRECTION('',(-6.059272674150E-4,-2.398172906481E-6,9.999998164232E-1));
#487=AXIS2_PLACEMENT_3D('',#484,#485,#486);
#489=CARTESIAN_POINT('',(-4.002786864965E1,1.100002145224E1,1.574999093963E1));
#490=DIRECTION('',(0.E0,-1.E0,1.732870212380E-7));
#491=DIRECTION('',(9.999998164080E-1,1.050046989224E-10,6.059571462991E-4));
#492=AXIS2_PLACEMENT_3D('',#489,#490,#491);
#494=CARTESIAN_POINT('',(-4.002786864965E1,1.100001975430E1,1.574999093963E1));
#495=DIRECTION('',(0.E0,-1.E0,1.732870212380E-7));
#496=DIRECTION('',(-9.999998164442E-1,-1.049944178699E-10,-6.058973883944E-4));
#497=AXIS2_PLACEMENT_3D('',#494,#495,#496);
#499=CARTESIAN_POINT('',(-3.999999599535E1,1.100002943124E1,-3.025000061369E1));
#500=DIRECTION('',(0.E0,-1.E0,1.732870212380E-7));
#501=DIRECTION('',(9.999998164080E-1,1.050046989224E-10,6.059571434366E-4));
#502=AXIS2_PLACEMENT_3D('',#499,#500,#501);
#504=CARTESIAN_POINT('',(-3.999999599535E1,1.100002773331E1,-3.025000061369E1));
#505=DIRECTION('',(0.E0,-1.E0,1.732870212380E-7));
#506=DIRECTION('',(-9.999998164442E-1,-1.049944178699E-10,-6.058973912574E-4));
#507=AXIS2_PLACEMENT_3D('',#504,#505,#506);
#509=CARTESIAN_POINT('',(5.009998746424E1,1.100005466387E1,-3.019540656690E1));
#510=DIRECTION('',(0.E0,-1.E0,1.732870212380E-7));
#511=DIRECTION('',(9.999998164080E-1,1.050046989223E-10,6.059571408349E-4));
#512=AXIS2_PLACEMENT_3D('',#509,#510,#511);
#514=CARTESIAN_POINT('',(5.009998746424E1,1.100005296594E1,-3.019540656690E1));
#515=DIRECTION('',(0.E0,-1.E0,1.732870212380E-7));
#516=DIRECTION('',(-9.999998164442E-1,-1.049944178699E-10,-6.058973938980E-4));
#517=AXIS2_PLACEMENT_3D('',#514,#515,#516);
#519=CARTESIAN_POINT('',(5.007211480994E1,1.100004668487E1,1.580458498642E1));
#520=DIRECTION('',(0.E0,-1.E0,1.732870212380E-7));
#521=DIRECTION('',(9.999998164080E-1,1.050046989224E-10,6.059571436920E-4));
#522=AXIS2_PLACEMENT_3D('',#519,#520,#521);
#524=CARTESIAN_POINT('',(5.007211480994E1,1.100004498692E1,1.580458498642E1));
#525=DIRECTION('',(0.E0,-1.E0,1.732870212380E-7));
#526=DIRECTION('',(-9.999998164442E-1,-1.049944178699E-10,-6.058973910442E-4));
#527=AXIS2_PLACEMENT_3D('',#524,#525,#526);
#529=CARTESIAN_POINT('',(-1.436757169062E1,1.100003448486E1,-2.250914354244E1));
#530=DIRECTION('',(0.E0,-1.E0,1.732870212380E-7));
#531=DIRECTION('',(-1.681055146114E-7,-1.732870209075E-7,-1.E0));
#532=AXIS2_PLACEMENT_3D('',#529,#530,#531);
#534=DIRECTION('',(1.E0,1.918192003897E-7,-3.064317313251E-11));
#535=VECTOR('',#534,1.827730603812E1);
#536=CARTESIAN_POINT('',(-3.264487781262E1,1.100003787792E1,-2.300914343791E1));
#537=LINE('',#536,#535);
#538=CARTESIAN_POINT('',(-3.264487772736E1,1.100002908755E1,-2.250914354244E1));
#539=DIRECTION('',(0.E0,-1.E0,1.732870212380E-7));
#540=DIRECTION('',(-1.E0,3.552713772764E-14,2.079625273701E-7));
#541=AXIS2_PLACEMENT_3D('',#538,#539,#540);
#543=DIRECTION('',(-3.178063872457E-13,4.525879662655E-8,-1.E0));
#544=VECTOR('',#543,5.500000000372E0);
#545=CARTESIAN_POINT('',(-3.314487781140E1,1.100003761118E1,-1.700914343826E1));
#546=LINE('',#545,#544);
#547=CARTESIAN_POINT('',(-3.264487772736E1,1.100002834078E1,-1.700914354244E1));
#548=DIRECTION('',(0.E0,-1.E0,1.732870212439E-7));
#549=DIRECTION('',(-1.681095802638E-7,1.732870196699E-7,1.E0));
#550=AXIS2_PLACEMENT_3D('',#547,#548,#549);
#552=DIRECTION('',(-1.E0,-1.909672840438E-7,-3.373534487223E-11));
#553=VECTOR('',#552,1.827730603791E1);
#554=CARTESIAN_POINT('',(-1.436757177446E1,1.100004117712E1,-1.650914343848E1));
#555=LINE('',#554,#553);
#556=CARTESIAN_POINT('',(-1.436757169062E1,1.100003369137E1,-1.700914354244E1));
#557=DIRECTION('',(0.E0,-1.E0,1.732870212439E-7));
#558=DIRECTION('',(1.E0,3.552713584819E-14,2.079601999993E-7));
#559=AXIS2_PLACEMENT_3D('',#556,#557,#558);
#561=DIRECTION('',(-1.108995723094E-11,-4.808983819344E-8,1.E0));
#562=VECTOR('',#561,5.500000002191E0);
#563=CARTESIAN_POINT('',(-1.386757177523E1,1.100004145943E1,-2.250914343970E1));
#564=LINE('',#563,#562);
#565=CARTESIAN_POINT('',(-1.436757169062E1,1.100003007021E1,2.645271228390E0));
#566=DIRECTION('',(0.E0,-1.E0,1.732870212379E-7));
#567=DIRECTION('',(-1.681104138046E-7,-1.732870209074E-7,-1.E0));
#568=AXIS2_PLACEMENT_3D('',#565,#566,#567);
#570=DIRECTION('',(1.E0,1.909672846269E-7,3.373558784523E-11));
#571=VECTOR('',#570,1.827730603792E1);
#572=CARTESIAN_POINT('',(-3.264487781162E1,1.100003642194E1,2.145271332371E0));
#573=LINE('',#572,#571);
#574=CARTESIAN_POINT('',(-3.264487772736E1,1.100002471961E1,2.645271228391E0));
#575=DIRECTION('',(0.E0,-1.E0,1.732870212379E-7));
#576=DIRECTION('',(-1.E0,3.552713772782E-14,2.079683831316E-7));
#577=AXIS2_PLACEMENT_3D('',#574,#575,#576);
#579=DIRECTION('',(1.109221804874E-11,4.808983787046E-8,-1.E0));
#580=VECTOR('',#579,5.500000002191E0);
#581=CARTESIAN_POINT('',(-3.314487781084E1,1.100003613963E1,8.145271333585E0));
#582=LINE('',#581,#580);
#583=CARTESIAN_POINT('',(-3.264487772736E1,1.100002392613E1,8.145271228391E0));
#584=DIRECTION('',(0.E0,-1.E0,1.732870212380E-7));
#585=DIRECTION('',(-1.681144545855E-7,1.732870196697E-7,1.E0));
#586=AXIS2_PLACEMENT_3D('',#583,#584,#585);
#588=DIRECTION('',(-1.E0,-1.918192004868E-7,3.064336751091E-11));
#589=VECTOR('',#588,1.827730603812E1);
#590=CARTESIAN_POINT('',(-1.436757177345E1,1.100003972115E1,8.645271331801E0));
#591=LINE('',#590,#589);
#592=CARTESIAN_POINT('',(-1.436757169062E1,1.100002932344E1,8.145271228390E0));
#593=DIRECTION('',(0.E0,-1.E0,1.732870212380E-7));
#594=DIRECTION('',(1.E0,3.552713584837E-14,2.079660015816E-7));
#595=AXIS2_PLACEMENT_3D('',#592,#593,#594);
#597=DIRECTION('',(3.181293612165E-13,-4.525879565763E-8,1.E0));
#598=VECTOR('',#597,5.500000000372E0);
#599=CARTESIAN_POINT('',(-1.386757177468E1,1.100003998788E1,2.645271332152E0));
#600=LINE('',#599,#598);
#601=DIRECTION('',(9.999998164261E-1,1.049990470045E-10,6.059272674214E-4));
#602=VECTOR('',#601,6.019806529383E0);
#603=CARTESIAN_POINT('',(-2.811545203193E1,1.100005321166E1,-3.474287729355E1));
#604=LINE('',#603,#602);
#605=DIRECTION('',(9.999998164261E-1,1.049983211487E-10,6.059272674179E-4));
#606=VECTOR('',#605,2.5E0);
#607=CARTESIAN_POINT('',(-2.209564660763E1,1.100005326427E1,-3.443923096533E1));
#608=LINE('',#607,#606);
#609=DIRECTION('',(9.999998164261E-1,1.049993246217E-10,6.059272674203E-4));
#610=VECTOR('',#609,3.157922611753E1);
#611=CARTESIAN_POINT('',(-1.959564706656E1,1.100005321255E1,-3.473771491046E1));
#612=LINE('',#611,#610);
#613=DIRECTION('',(9.999998164261E-1,1.049990316915E-10,6.059272674179E-4));
#614=VECTOR('',#613,2.5E0);
#615=CARTESIAN_POINT('',(1.198357325385E1,1.100005326785E1,-3.441858143297E1));
#616=LINE('',#615,#614);
#617=DIRECTION('',(9.999998164261E-1,1.049996371752E-10,6.059272674189E-4));
#618=VECTOR('',#617,6.019806529384E0);
#619=CARTESIAN_POINT('',(1.448357279491E1,1.100005321613E1,-3.471706537810E1));
#620=LINE('',#619,#618);
#621=DIRECTION('',(9.999998164261E-1,1.049990316915E-10,6.059272674150E-4));
#622=VECTOR('',#621,2.5E0);
#623=CARTESIAN_POINT('',(2.050337821922E1,1.100005326875E1,-3.441341904988E1));
#624=LINE('',#623,#622);
#625=DIRECTION('',(9.999998164261E-1,1.049996371752E-10,6.059272674202E-4));
#626=VECTOR('',#625,6.019806529383E0);
#627=CARTESIAN_POINT('',(2.300337776028E1,1.100005321702E1,-3.471190299501E1));
#628=LINE('',#627,#626);
#629=DIRECTION('',(9.999998164261E-1,1.050004527769E-10,6.059272674179E-4));
#630=VECTOR('',#629,2.5E0);
#631=CARTESIAN_POINT('',(2.902318318459E1,1.100005326964E1,-3.440825666679E1));
#632=LINE('',#631,#630);
#633=DIRECTION('',(9.999998164261E-1,1.381424501865E-11,6.059272674206E-4));
#634=VECTOR('',#633,1.857953486889E1);
#635=CARTESIAN_POINT('',(3.152318272565E1,1.100005321792E1,-3.470674061192E1));
#636=LINE('',#635,#634);
#637=CARTESIAN_POINT('',(5.009998751190E1,1.100006562051E1,-3.019548488300E1));
#638=DIRECTION('',(-1.565437770418E-9,-9.999999999962E-1,2.756827202863E-6));
#639=DIRECTION('',(6.059272674173E-4,-2.756827645407E-6,-9.999998164223E-1));
#640=AXIS2_PLACEMENT_3D('',#637,#638,#639);
#642=DIRECTION('',(-6.059272676096E-4,8.658739706089E-8,9.999998164261E-1));
#643=VECTOR('',#642,4.600015401684E1);
#644=CARTESIAN_POINT('',(5.459998668503E1,1.100005787375E1,-3.019275691851E1));
#645=LINE('',#644,#643);
#646=CARTESIAN_POINT('',(5.007211476270E1,1.100006162715E1,1.580466327297E1));
#647=DIRECTION('',(1.565437770419E-9,-9.999999999971E-1,-2.410253155916E-6));
#648=DIRECTION('',(9.999998166E-1,1.056912780486E-10,6.056402075900E-4));
#649=AXIS2_PLACEMENT_3D('',#646,#647,#648);
#651=DIRECTION('',(-9.999998164261E-1,4.415554793180E-8,-6.059272674280E-4));
#652=VECTOR('',#651,9.01E1);
#653=CARTESIAN_POINT('',(5.006938809078E1,1.100005876079E1,2.030466115513E1));
#654=LINE('',#653,#652);
#655=CARTESIAN_POINT('',(-4.002786869729E1,1.100007358132E1,1.575006922621E1));
#656=DIRECTION('',(1.565437770419E-9,-9.999999999971E-1,-2.410253155916E-6));
#657=DIRECTION('',(-6.059272674338E-4,-2.410253662166E-6,9.999998164232E-1));
#658=AXIS2_PLACEMENT_3D('',#655,#656,#657);
#660=DIRECTION('',(6.059272674204E-4,-2.602041659363E-7,-9.999998164260E-1));
#661=VECTOR('',#660,4.600015401684E1);
#662=CARTESIAN_POINT('',(-4.452786787042E1,1.100006583425E1,1.574734126171E1));
#663=LINE('',#662,#661);
#664=CARTESIAN_POINT('',(-3.999999594810E1,1.100005361548E1,-3.025007892976E1));
#665=DIRECTION('',(-1.565437674457E-9,-9.999999999962E-1,2.756827202863E-6));
#666=DIRECTION('',(-9.999998166E-1,-1.042078224362E-10,-6.056402074168E-4));
#667=AXIS2_PLACEMENT_3D('',#664,#665,#666);
#669=DIRECTION('',(9.999998164260E-1,4.264846589170E-7,6.059272673468E-4));
#670=VECTOR('',#669,9.381819425439E0);
#671=CARTESIAN_POINT('',(-3.999726927618E1,1.100004921019E1,-3.475007681193E1));
#672=LINE('',#671,#670);
#673=DIRECTION('',(9.999998164261E-1,1.049983211487E-10,6.059272674179E-4));
#674=VECTOR('',#673,2.5E0);
#675=CARTESIAN_POINT('',(-3.061545157300E1,1.100005326338E1,-3.444439334842E1));
#676=LINE('',#675,#674);
#677=DIRECTION('',(-9.999998164261E-1,-1.091544245755E-10,-6.059272715752E-4));
#678=VECTOR('',#677,4.311888717666E1);
#679=CARTESIAN_POINT('',(3.902360652412E1,1.100006154308E1,1.333934235515E1));
#680=LINE('',#679,#678);
#681=CARTESIAN_POINT('',(3.902669676911E1,1.100006065992E1,8.239343291989E0));
#682=DIRECTION('',(0.E0,-1.E0,1.732870212380E-7));
#683=DIRECTION('',(9.999998164261E-1,1.049994078612E-10,6.059272674232E-4));
#684=AXIS2_PLACEMENT_3D('',#681,#682,#683);
#686=DIRECTION('',(-6.059272746204E-4,1.732797889743E-7,9.999998164260E-1));
#687=VECTOR('',#686,2.488290480620E1);
#688=CARTESIAN_POINT('',(4.414177306280E1,1.100005634797E1,-1.664046672380E1));
#689=LINE('',#688,#687);
#690=CARTESIAN_POINT('',(3.904177399964E1,1.100005634803E1,-1.664355696880E1));
#691=DIRECTION('',(0.E0,-1.E0,1.732870212380E-7));
#692=DIRECTION('',(6.059272674175E-4,-1.732869892895E-7,-9.999998164260E-1));
#693=AXIS2_PLACEMENT_3D('',#690,#691,#692);
#695=DIRECTION('',(9.999998164261E-1,1.008451691913E-10,6.059272715594E-4));
#696=VECTOR('',#695,4.311888717666E1);
#697=CARTESIAN_POINT('',(-4.074015038959E0,1.100005545914E1,-2.176968294145E1));
#698=LINE('',#697,#696);
#699=CARTESIAN_POINT('',(-4.077105283955E0,1.100005634351E1,-1.666968387829E1));
#700=DIRECTION('',(0.E0,-1.E0,1.732870212380E-7));
#701=DIRECTION('',(-9.999998164261E-1,-1.049994078612E-10,-6.059272674385E-4));
#702=AXIS2_PLACEMENT_3D('',#699,#700,#701);
#704=DIRECTION('',(6.059272746484E-4,-1.732941912764E-7,-9.999998164260E-1));
#705=VECTOR('',#704,2.488290480620E1);
#706=CARTESIAN_POINT('',(-9.192181577645E0,1.100006065425E1,8.210126137497E0));
#707=LINE('',#706,#705);
#708=CARTESIAN_POINT('',(-4.092182514483E0,1.100006065539E1,8.213216382493E0));
#709=DIRECTION('',(0.E0,-1.E0,1.732870212380E-7));
#710=DIRECTION('',(-6.059272674235E-4,1.732869892895E-7,9.999998164260E-1));
#711=AXIS2_PLACEMENT_3D('',#708,#709,#710);
#713=CARTESIAN_POINT('',(-3.674502657992E1,1.071717701194E1,1.575198026324E1));
#714=DIRECTION('',(6.059609904796E-4,-1.732869894235E-7,-9.999998164056E-1));
#715=DIRECTION('',(-9.999998164056E-1,-1.050077723286E-10,-6.059609904803E-4));
#716=AXIS2_PLACEMENT_3D('',#713,#714,#715);
#718=CARTESIAN_POINT('',(-4.331071061023E1,1.100003438913E1,1.574800183391E1));
#719=CARTESIAN_POINT('',(-4.327412093723E1,1.100003437497E1,1.574802968093E1));
#720=CARTESIAN_POINT('',(-4.320109388816E1,1.098535828434E1,1.574808196198E1));
#721=CARTESIAN_POINT('',(-4.310968193992E1,1.092618132120E1,1.574813295255E1));
#722=CARTESIAN_POINT('',(-4.304369458361E1,1.083192639562E1,1.574817666516E1));
#723=CARTESIAN_POINT('',(-4.302786810188E1,1.075574788297E1,1.574817842957E1));
#724=CARTESIAN_POINT('',(-4.302786809871E1,1.071717751442E1,1.574817320354E1));
#726=CARTESIAN_POINT('',(-4.002786864965E1,1.071717713844E1,1.574999098865E1));
#727=DIRECTION('',(0.E0,1.E0,-1.732870212380E-7));
#728=DIRECTION('',(6.059158329208E-4,-1.732869894984E-7,-9.999998164330E-1));
#729=AXIS2_PLACEMENT_3D('',#726,#727,#728);
#731=CARTESIAN_POINT('',(-4.002786864965E1,1.071717713844E1,1.574999098865E1));
#732=DIRECTION('',(0.E0,1.E0,-1.732870212380E-7));
#733=DIRECTION('',(9.999998164364E-1,1.049963079443E-10,6.059101156695E-4));
#734=AXIS2_PLACEMENT_3D('',#731,#732,#733);
#736=DIRECTION('',(3.525603105059E-11,-1.E0,1.706795277875E-7));
#737=VECTOR('',#736,6.517131895335E0);
#738=CARTESIAN_POINT('',(-3.702786920061E1,1.071717751505E1,1.575180879884E1));
#739=LINE('',#738,#737);
#740=CARTESIAN_POINT('',(-4.002786864965E1,1.071717713844E1,1.574999098865E1));
#741=DIRECTION('',(0.E0,1.E0,-1.732870212380E-7));
#742=DIRECTION('',(-6.059158329161E-4,1.732869894984E-7,9.999998164330E-1));
#743=AXIS2_PLACEMENT_3D('',#740,#741,#742);
#745=CARTESIAN_POINT('',(-4.002786864965E1,1.071717713844E1,1.574999098865E1));
#746=DIRECTION('',(0.E0,1.E0,-1.732870212380E-7));
#747=DIRECTION('',(-9.999998164364E-1,-1.049963079443E-10,-6.059101156760E-4));
#748=AXIS2_PLACEMENT_3D('',#745,#746,#747);
#750=DIRECTION('',(3.398041623384E-11,1.E0,-1.737935690357E-7));
#751=VECTOR('',#750,6.517131895335E0);
#752=CARTESIAN_POINT('',(-4.302786809893E1,4.200045619081E0,1.574817433618E1));
#753=LINE('',#752,#751);
#754=CARTESIAN_POINT('',(-4.002786864965E1,4.200045619396E0,1.574999211798E1));
#755=DIRECTION('',(0.E0,-1.E0,1.732870212380E-7));
#756=DIRECTION('',(-9.999998164261E-1,-1.049992685391E-10,-6.059272674263E-4));
#757=AXIS2_PLACEMENT_3D('',#754,#755,#756);
#759=CARTESIAN_POINT('',(-4.002786864965E1,4.200045619396E0,1.574999211798E1));
#760=DIRECTION('',(0.E0,-1.E0,1.732870212380E-7));
#761=DIRECTION('',(9.999998164226E-1,1.050004527769E-10,6.059329347477E-4));
#762=AXIS2_PLACEMENT_3D('',#759,#760,#761);
#764=CARTESIAN_POINT('',(-3.999999599535E1,4.200037648194E0,-3.024999943534E1));
#765=DIRECTION('',(0.E0,-1.E0,1.732870212380E-7));
#766=DIRECTION('',(-9.999998164261E-1,-1.049992685391E-10,-6.059272674091E-4));
#767=AXIS2_PLACEMENT_3D('',#764,#765,#766);
#769=CARTESIAN_POINT('',(-3.999999599535E1,4.200037648194E0,-3.024999943534E1));
#770=DIRECTION('',(0.E0,-1.E0,1.732870212380E-7));
#771=DIRECTION('',(9.999998164226E-1,1.050004527769E-10,6.059329340893E-4));
#772=AXIS2_PLACEMENT_3D('',#769,#770,#771);
#774=CARTESIAN_POINT('',(5.009998746424E1,4.200037657655E0,-3.019540538854E1));
#775=DIRECTION('',(0.E0,-1.E0,1.732870212380E-7));
#776=DIRECTION('',(9.999998164261E-1,1.049992685391E-10,6.059272674174E-4));
#777=AXIS2_PLACEMENT_3D('',#774,#775,#776);
#779=CARTESIAN_POINT('',(5.009998746424E1,4.200037657655E0,-3.019540538854E1));
#780=DIRECTION('',(0.E0,-1.E0,1.732870212380E-7));
#781=DIRECTION('',(-9.999998164209E-1,-1.050007488364E-10,-6.059357674175E-4));
#782=AXIS2_PLACEMENT_3D('',#779,#780,#781);
#784=CARTESIAN_POINT('',(5.009998746424E1,4.200037657655E0,-3.019540538854E1));
#785=DIRECTION('',(0.E0,1.E0,-1.732870212380E-7));
#786=DIRECTION('',(1.E0,0.E0,-1.184237892934E-14));
#787=AXIS2_PLACEMENT_3D('',#784,#785,#786);
#789=CARTESIAN_POINT('',(5.009998746424E1,4.200037657655E0,-3.019540538854E1));
#790=DIRECTION('',(0.E0,1.E0,-1.732870212380E-7));
#791=DIRECTION('',(-1.E0,0.E0,-1.184237892934E-14));
#792=AXIS2_PLACEMENT_3D('',#789,#790,#791);
#794=CARTESIAN_POINT('',(-3.999999599535E1,4.200037648194E0,-3.024999943534E1));
#795=DIRECTION('',(0.E0,1.E0,-1.732870212380E-7));
#796=DIRECTION('',(1.E0,0.E0,-1.184237892934E-14));
#797=AXIS2_PLACEMENT_3D('',#794,#795,#796);
#799=CARTESIAN_POINT('',(-3.999999599535E1,4.200037648194E0,-3.024999943534E1));
#800=DIRECTION('',(0.E0,1.E0,-1.732870212380E-7));
#801=DIRECTION('',(-1.E0,0.E0,-1.184237892934E-14));
#802=AXIS2_PLACEMENT_3D('',#799,#800,#801);
#804=CARTESIAN_POINT('',(-4.002786864965E1,4.200045619396E0,1.574999211798E1));
#805=DIRECTION('',(0.E0,1.E0,-1.732870212380E-7));
#806=DIRECTION('',(1.E0,0.E0,0.E0));
#807=AXIS2_PLACEMENT_3D('',#804,#805,#806);
#809=CARTESIAN_POINT('',(-4.002786864965E1,4.200045619396E0,1.574999211798E1));
#810=DIRECTION('',(0.E0,1.E0,-1.732870212380E-7));
#811=DIRECTION('',(-1.E0,0.E0,0.E0));
#812=AXIS2_PLACEMENT_3D('',#809,#810,#811);
#814=CARTESIAN_POINT('',(5.007211480994E1,4.200045628856E0,1.580458616477E1));
#815=DIRECTION('',(0.E0,1.E0,-1.732870212380E-7));
#816=DIRECTION('',(1.E0,0.E0,0.E0));
#817=AXIS2_PLACEMENT_3D('',#814,#815,#816);
#819=CARTESIAN_POINT('',(5.007211480994E1,4.200045628856E0,1.580458616477E1));
#820=DIRECTION('',(0.E0,1.E0,-1.732870212380E-7));
#821=DIRECTION('',(-1.E0,0.E0,0.E0));
#822=AXIS2_PLACEMENT_3D('',#819,#820,#821);
#824=CARTESIAN_POINT('',(5.007211480994E1,4.200045628856E0,1.580458616477E1));
#825=DIRECTION('',(0.E0,-1.E0,1.732870212380E-7));
#826=DIRECTION('',(9.999998164261E-1,1.049992685391E-10,6.059272674180E-4));
#827=AXIS2_PLACEMENT_3D('',#824,#825,#826);
#829=CARTESIAN_POINT('',(5.007211480994E1,4.200045628856E0,1.580458616477E1));
#830=DIRECTION('',(0.E0,-1.E0,1.732870212380E-7));
#831=DIRECTION('',(-9.999998164226E-1,-1.050004527769E-10,-6.059329347525E-4));
#832=AXIS2_PLACEMENT_3D('',#829,#830,#831);
#834=CARTESIAN_POINT('',(-3.999999599535E1,1.071718511744E1,-3.025000056467E1));
#835=DIRECTION('',(0.E0,1.E0,-1.732870212380E-7));
#836=DIRECTION('',(6.059101156855E-4,-1.732869894984E-7,-9.999998164364E-1));
#837=AXIS2_PLACEMENT_3D('',#834,#835,#836);
#839=CARTESIAN_POINT('',(-3.999999599535E1,1.071718511744E1,-3.025000056467E1));
#840=DIRECTION('',(0.E0,1.E0,-1.732870212380E-7));
#841=DIRECTION('',(9.999998164364E-1,1.049963079443E-10,6.059101156654E-4));
#842=AXIS2_PLACEMENT_3D('',#839,#840,#841);
#844=DIRECTION('',(3.525485449781E-11,-1.E0,1.706793888983E-7));
#845=VECTOR('',#844,6.517147845545E0);
#846=CARTESIAN_POINT('',(-3.699999654631E1,1.071718549405E1,-3.024818275448E1));
#847=LINE('',#846,#845);
#848=CARTESIAN_POINT('',(-3.999999599535E1,1.071718511744E1,-3.025000056467E1));
#849=DIRECTION('',(0.E0,1.E0,-1.732870212380E-7));
#850=DIRECTION('',(-6.059158328924E-4,1.732869894984E-7,9.999998164330E-1));
#851=AXIS2_PLACEMENT_3D('',#848,#849,#850);
#853=CARTESIAN_POINT('',(-3.999999599535E1,1.071718511744E1,-3.025000056467E1));
#854=DIRECTION('',(0.E0,1.E0,-1.732870212380E-7));
#855=DIRECTION('',(-9.999998164364E-1,-1.049963079443E-10,-6.059101156654E-4));
#856=AXIS2_PLACEMENT_3D('',#853,#854,#855);
#858=DIRECTION('',(3.397706227021E-11,1.E0,-1.737935838846E-7));
#859=VECTOR('',#858,6.517147845545E0);
#860=CARTESIAN_POINT('',(-4.299999544463E1,4.200037647879E0,-3.025181721714E1));
#861=LINE('',#860,#859);
#862=CARTESIAN_POINT('',(-3.671715392562E1,1.071718499095E1,-3.024801129008E1));
#863=DIRECTION('',(6.059609902943E-4,-1.732869894235E-7,-9.999998164056E-1));
#864=DIRECTION('',(-9.999998164056E-1,-1.050077723286E-10,-6.059609902919E-4));
#865=AXIS2_PLACEMENT_3D('',#862,#863,#864);
#867=CARTESIAN_POINT('',(-4.328283795592E1,1.100003705140E1,-3.025198971941E1));
#868=CARTESIAN_POINT('',(-4.324624828293E1,1.100003703724E1,-3.025196187239E1));
#869=CARTESIAN_POINT('',(-4.317322123386E1,1.098536873183E1,-3.025190959135E1));
#870=CARTESIAN_POINT('',(-4.308180928562E1,1.092618863562E1,-3.025185860078E1));
#871=CARTESIAN_POINT('',(-4.301582192931E1,1.083193456451E1,-3.025181488817E1));
#872=CARTESIAN_POINT('',(-4.299999544758E1,1.075575586198E1,-3.025181312375E1));
#873=CARTESIAN_POINT('',(-4.299999544441E1,1.071718549342E1,-3.025181834978E1));
#875=DIRECTION('',(3.608658810032E-11,-1.E0,1.692606602774E-7));
#876=VECTOR('',#875,6.517173068715E0);
#877=CARTESIAN_POINT('',(5.309998691328E1,1.071721072668E1,-3.019358870984E1));
#878=LINE('',#877,#876);
#879=CARTESIAN_POINT('',(5.009998746424E1,1.071721035007E1,-3.019540651788E1));
#880=DIRECTION('',(0.E0,1.E0,-1.732870212380E-7));
#881=DIRECTION('',(-6.059158328521E-4,1.732869894984E-7,9.999998164330E-1));
#882=AXIS2_PLACEMENT_3D('',#879,#880,#881);
#884=CARTESIAN_POINT('',(5.009998746424E1,1.071721035007E1,-3.019540651788E1));
#885=DIRECTION('',(0.E0,1.E0,-1.732870212380E-7));
#886=DIRECTION('',(-9.999998164330E-1,-1.049974921822E-10,-6.059158329184E-4));
#887=AXIS2_PLACEMENT_3D('',#884,#885,#886);
#889=DIRECTION('',(3.306220079586E-11,1.E0,-1.723234259011E-7));
#890=VECTOR('',#889,6.517173068715E0);
#891=CARTESIAN_POINT('',(4.709998801497E1,4.200037657340E0,-3.019722318744E1));
#892=LINE('',#891,#890);
#893=CARTESIAN_POINT('',(5.009998746424E1,1.071721035007E1,-3.019540651788E1));
#894=DIRECTION('',(0.E0,1.E0,-1.732870212380E-7));
#895=DIRECTION('',(6.059101156595E-4,-1.732869894984E-7,-9.999998164364E-1));
#896=AXIS2_PLACEMENT_3D('',#893,#894,#895);
#898=CARTESIAN_POINT('',(5.009998746424E1,1.071721035007E1,-3.019540651788E1));
#899=DIRECTION('',(0.E0,1.E0,-1.732870212380E-7));
#900=DIRECTION('',(9.999998164364E-1,1.049963079443E-10,6.059101156678E-4));
#901=AXIS2_PLACEMENT_3D('',#898,#899,#900);
#903=CARTESIAN_POINT('',(5.338282953397E1,1.071721022358E1,-3.019341724329E1));
#904=DIRECTION('',(6.059609903346E-4,-1.732869894235E-7,-9.999998164056E-1));
#905=DIRECTION('',(-9.999998164056E-1,-1.050077723286E-10,-6.059609903296E-4));
#906=AXIS2_PLACEMENT_3D('',#903,#904,#905);
#908=CARTESIAN_POINT('',(4.681714550367E1,1.100005387631E1,-3.019739567262E1));
#909=CARTESIAN_POINT('',(4.685373517666E1,1.100005386215E1,-3.019736782560E1));
#910=CARTESIAN_POINT('',(4.692676222573E1,1.098539786805E1,-3.019731554428E1));
#911=CARTESIAN_POINT('',(4.701817417397E1,1.092621281728E1,-3.019726455492E1));
#912=CARTESIAN_POINT('',(4.708416153028E1,1.083196009741E1,-3.019722083789E1));
#913=CARTESIAN_POINT('',(4.709998801201E1,1.075578109461E1,-3.019721908447E1));
#914=CARTESIAN_POINT('',(4.709998801518E1,1.071721072605E1,-3.019722431050E1));
#916=DIRECTION('',(0.E0,1.E0,-1.732870259730E-7));
#917=VECTOR('',#916,2.5E0);
#918=CARTESIAN_POINT('',(5.159998746424E1,1.700037657655E0,-3.019540495533E1));
#919=LINE('',#918,#917);
#920=DIRECTION('',(0.E0,1.E0,-1.732870245519E-7));
#921=VECTOR('',#920,2.5E0);
#922=CARTESIAN_POINT('',(4.859998746424E1,1.700037657655E0,-3.019540495533E1));
#923=LINE('',#922,#921);
#924=DIRECTION('',(0.E0,1.E0,-1.732870245519E-7));
#925=VECTOR('',#924,2.5E0);
#926=CARTESIAN_POINT('',(-3.849999599535E1,1.700037648194E0,-3.024999900212E1));
#927=LINE('',#926,#925);
#928=DIRECTION('',(0.E0,1.E0,-1.732870217097E-7));
#929=VECTOR('',#928,2.5E0);
#930=CARTESIAN_POINT('',(-4.149999599535E1,1.700037648194E0,-3.024999900212E1));
#931=LINE('',#930,#929);
#932=DIRECTION('',(0.E0,1.E0,-1.732870224203E-7));
#933=VECTOR('',#932,2.5E0);
#934=CARTESIAN_POINT('',(-3.852786864965E1,1.700045619396E0,1.574999255120E1));
#935=LINE('',#934,#933);
#936=DIRECTION('',(0.E0,1.E0,-1.732870224203E-7));
#937=VECTOR('',#936,2.5E0);
#938=CARTESIAN_POINT('',(-4.152786864965E1,1.700045619396E0,1.574999255120E1));
#939=LINE('',#938,#937);
#940=DIRECTION('',(0.E0,1.E0,-1.732870231308E-7));
#941=VECTOR('',#940,2.5E0);
#942=CARTESIAN_POINT('',(5.157211480994E1,1.700045628856E0,1.580458659799E1));
#943=LINE('',#942,#941);
#944=DIRECTION('',(0.E0,1.E0,-1.732870231308E-7));
#945=VECTOR('',#944,2.5E0);
#946=CARTESIAN_POINT('',(4.857211480994E1,1.700045628856E0,1.580458659799E1));
#947=LINE('',#946,#945);
#948=DIRECTION('',(3.609648880301E-11,-1.E0,1.692606340621E-7));
#949=VECTOR('',#948,6.517157118502E0);
#950=CARTESIAN_POINT('',(5.307211425898E1,1.071720274767E1,1.580640284348E1));
#951=LINE('',#950,#949);
#952=CARTESIAN_POINT('',(5.007211480994E1,1.071720237107E1,1.580458503544E1));
#953=DIRECTION('',(0.E0,1.E0,-1.732870212380E-7));
#954=DIRECTION('',(-6.059158328853E-4,1.732869894984E-7,9.999998164330E-1));
#955=AXIS2_PLACEMENT_3D('',#952,#953,#954);
#957=CARTESIAN_POINT('',(5.007211480994E1,1.071720237107E1,1.580458503544E1));
#958=DIRECTION('',(0.E0,1.E0,-1.732870212380E-7));
#959=DIRECTION('',(-9.999998164364E-1,-1.049963079443E-10,-6.059101156725E-4));
#960=AXIS2_PLACEMENT_3D('',#957,#958,#959);
#962=DIRECTION('',(3.310044098282E-11,1.E0,-1.723746599873E-7));
#963=VECTOR('',#962,6.517157118502E0);
#964=CARTESIAN_POINT('',(4.707211536067E1,4.200045628541E0,1.580276837158E1));
#965=LINE('',#964,#963);
#966=CARTESIAN_POINT('',(5.007211480994E1,1.071720224422E1,1.580458503544E1));
#967=DIRECTION('',(0.E0,-1.E0,1.732870212380E-7));
#968=DIRECTION('',(6.059101156403E-4,-1.732869894252E-7,-9.999998164364E-1));
#969=AXIS2_PLACEMENT_3D('',#966,#967,#968);
#971=CARTESIAN_POINT('',(5.007211480994E1,1.071720224422E1,1.580458503544E1));
#972=DIRECTION('',(0.E0,-1.E0,1.732870212380E-7));
#973=DIRECTION('',(-9.999998164243E-1,-1.049998631251E-10,-6.059301312418E-4));
#974=AXIS2_PLACEMENT_3D('',#971,#972,#973);
#976=CARTESIAN_POINT('',(4.678927266096E1,1.071720400274E1,1.580259586124E1));
#977=DIRECTION('',(-6.059303909413E-4,1.732869894267E-7,9.999998164241E-1));
#978=DIRECTION('',(9.999998164242E-1,1.050015145745E-10,6.059303909441E-4));
#979=AXIS2_PLACEMENT_3D('',#976,#977,#978);
#981=CARTESIAN_POINT('',(5.335495677039E1,1.100005121472E1,1.580657428899E1));
#982=CARTESIAN_POINT('',(5.331836695652E1,1.100005119009E1,1.580654634533E1));
#983=CARTESIAN_POINT('',(5.324533962341E1,1.098538978203E1,1.580649393368E1));
#984=CARTESIAN_POINT('',(5.315392750375E1,1.092620628762E1,1.580644302054E1));
#985=CARTESIAN_POINT('',(5.308794015678E1,1.083195272452E1,1.580639931440E1));
#986=CARTESIAN_POINT('',(5.307211426215E1,1.075577229087E1,1.580639760796E1));
#987=CARTESIAN_POINT('',(5.307211425898E1,1.071720274767E1,1.580640284348E1));
#989=CARTESIAN_POINT('',(-1.436757151186E1,1.070003439821E1,-2.300914349046E1));
#990=DIRECTION('',(9.999999999999E-1,6.195342606812E-14,3.575191357408E-7));
#991=DIRECTION('',(-1.243449787580E-13,1.E0,1.732871031853E-7));
#992=AXIS2_PLACEMENT_3D('',#989,#990,#991);
#994=CARTESIAN_POINT('',(-1.386757169062E1,1.070003456183E1,-2.250914371160E1));
#995=DIRECTION('',(0.E0,-1.732870206420E-7,1.E0));
#996=DIRECTION('',(-2.801564373082E-7,9.999999999999E-1,1.732870202886E-7));
#997=AXIS2_PLACEMENT_3D('',#994,#995,#996);
#999=CARTESIAN_POINT('',(-1.386757169062E1,1.070003369137E1,-1.700914371160E1));
#1000=DIRECTION('',(4.422776476165E-7,1.732870212439E-7,9.999999999999E-1));
#1001=DIRECTION('',(-2.801568221855E-7,9.999999999999E-1,-1.732869018648E-7));
#1002=AXIS2_PLACEMENT_3D('',#999,#1000,#1001);
#1004=CARTESIAN_POINT('',(-1.436757151186E1,1.070003338203E1,
-1.650914349046E1));
#1005=DIRECTION('',(-1.E0,-2.801564178226E-7,4.857725411068E-14));
#1006=DIRECTION('',(-2.801564195446E-7,9.999999999999E-1,1.732870202886E-7));
#1007=AXIS2_PLACEMENT_3D('',#1004,#1005,#1006);
#1009=CARTESIAN_POINT('',(-3.264487754860E1,1.070002842742E1,
-1.650914349046E1));
#1010=DIRECTION('',(-9.999999999999E-1,6.195353632735E-14,3.575197720096E-7));
#1011=DIRECTION('',(1.184237892934E-13,1.E0,1.732869966039E-7));
#1012=AXIS2_PLACEMENT_3D('',#1009,#1010,#1011);
#1014=CARTESIAN_POINT('',(-3.314487772736E1,1.070002820809E1,
-1.700914371160E1));
#1015=DIRECTION('',(0.E0,1.732870206420E-7,-1.E0));
#1016=DIRECTION('',(-2.801564373082E-7,9.999999999999E-1,1.732870202886E-7));
#1017=AXIS2_PLACEMENT_3D('',#1014,#1015,#1016);
#1019=CARTESIAN_POINT('',(-3.314487772735E1,1.070002908755E1,
-2.250914371160E1));
#1020=DIRECTION('',(4.422779192326E-7,-1.732870212380E-7,-9.999999999999E-1));
#1021=DIRECTION('',(-2.801560583521E-7,9.999999999999E-1,-1.732871505548E-7));
#1022=AXIS2_PLACEMENT_3D('',#1019,#1020,#1021);
#1024=CARTESIAN_POINT('',(-3.264487754860E1,1.070002938789E1,
-2.300914349046E1));
#1025=DIRECTION('',(1.E0,2.801564178226E-7,-4.857725411068E-14));
#1026=DIRECTION('',(-2.801564136234E-7,9.999999999999E-1,1.732870321310E-7));
#1027=AXIS2_PLACEMENT_3D('',#1024,#1025,#1026);
#1029=DIRECTION('',(1.E0,2.839426092549E-7,-4.898335921302E-14));
#1030=VECTOR('',#1029,1.827730603702E1);
#1031=CARTESIAN_POINT('',(-3.264487772762E1,1.070002934313E1,
-2.270914349046E1));
#1032=LINE('',#1031,#1030);
#1033=DIRECTION('',(-1.543140360459E-10,1.E0,-1.732870220121E-7));
#1034=VECTOR('',#1033,1.699990388202E0);
#1035=CARTESIAN_POINT('',(-3.264487772735E1,9.000038954927E0,
-2.270914319587E1));
#1036=LINE('',#1035,#1034);
#1037=CARTESIAN_POINT('',(-1.436757169062E1,1.070003448486E1,
-2.250914349046E1));
#1038=DIRECTION('',(0.E0,-1.E0,1.732870212380E-7));
#1039=DIRECTION('',(0.E0,-1.732870202886E-7,-1.E0));
#1040=AXIS2_PLACEMENT_3D('',#1037,#1038,#1039);
#1042=DIRECTION('',(1.405415390511E-11,1.E0,-1.732870238242E-7));
#1043=VECTOR('',#1042,1.699995577908E0);
#1044=CARTESIAN_POINT('',(-1.436757169062E1,9.000038954927E0,
-2.270914319587E1));
#1045=LINE('',#1044,#1043);
#1046=DIRECTION('',(0.E0,-1.660326444269E-7,1.E0));
#1047=VECTOR('',#1046,5.500000000471E0);
#1048=CARTESIAN_POINT('',(-1.416757169062E1,1.070003454259E1,
-2.250914349072E1));
#1049=LINE('',#1048,#1047);
#1050=DIRECTION('',(0.E0,1.E0,-1.731642149242E-7));
#1051=VECTOR('',#1050,1.699993686743E0);
#1052=CARTESIAN_POINT('',(-1.416757169062E1,9.000039942663E0,
-1.700914319587E1));
#1053=LINE('',#1052,#1051);
#1054=DIRECTION('',(0.E0,1.E0,-1.734413232115E-7));
#1055=VECTOR('',#1054,1.699995553002E0);
#1056=CARTESIAN_POINT('',(-1.416757169062E1,9.000038989584E0,
-2.250914319587E1));
#1057=LINE('',#1056,#1055);
#1058=CARTESIAN_POINT('',(-1.436757169062E1,1.070003369137E1,
-1.700914349046E1));
#1059=DIRECTION('',(0.E0,-1.E0,1.732870212439E-7));
#1060=DIRECTION('',(1.E0,0.E0,0.E0));
#1061=AXIS2_PLACEMENT_3D('',#1058,#1059,#1060);
#1063=CARTESIAN_POINT('',(-1.436757169062E1,9.000039942663E0,
-1.700914319587E1));
#1064=DIRECTION('',(0.E0,1.E0,-1.732870212439E-7));
#1065=DIRECTION('',(8.881784197001E-14,1.732870202886E-7,1.E0));
#1066=AXIS2_PLACEMENT_3D('',#1063,#1064,#1065);
#1068=DIRECTION('',(-1.E0,-2.833036719702E-7,4.917773762272E-14));
#1069=VECTOR('',#1068,1.827730603698E1);
#1070=CARTESIAN_POINT('',(-1.436757169059E1,1.070003342904E1,
-1.680914349046E1));
#1071=LINE('',#1070,#1069);
#1072=DIRECTION('',(-1.227993504408E-10,1.E0,-1.732870222990E-7));
#1073=VECTOR('',#1072,1.699988273692E0);
#1074=CARTESIAN_POINT('',(-3.264487772736E1,9.000039977320E0,
-1.680914319587E1));
#1075=LINE('',#1074,#1073);
#1076=DIRECTION('',(1.991826147236E-11,1.E0,-1.732870190319E-7));
#1077=VECTOR('',#1076,1.699993451719E0);
#1078=CARTESIAN_POINT('',(-1.436757169062E1,9.000039977320E0,
-1.680914319587E1));
#1079=LINE('',#1078,#1077);
#1080=CARTESIAN_POINT('',(-3.264487772736E1,1.070002834078E1,
-1.700914349046E1));
#1081=DIRECTION('',(0.E0,-1.E0,1.732870212439E-7));
#1082=DIRECTION('',(0.E0,1.732870202886E-7,1.E0));
#1083=AXIS2_PLACEMENT_3D('',#1080,#1081,#1082);
#1085=CARTESIAN_POINT('',(-3.264487772736E1,9.000039942663E0,
-1.700914319587E1));
#1086=DIRECTION('',(0.E0,1.E0,-1.732870212439E-7));
#1087=DIRECTION('',(-1.E0,0.E0,0.E0));
#1088=AXIS2_PLACEMENT_3D('',#1085,#1086,#1087);
#1090=DIRECTION('',(0.E0,1.639093625255E-7,-1.E0));
#1091=VECTOR('',#1090,5.500000000058E0);
#1092=CARTESIAN_POINT('',(-3.284487772736E1,1.070002824126E1,
-1.700914349042E1));
#1093=LINE('',#1092,#1091);
#1094=DIRECTION('',(0.E0,1.E0,-1.732670972586E-7));
#1095=VECTOR('',#1094,1.699988298598E0);
#1096=CARTESIAN_POINT('',(-3.284487772736E1,9.000039942663E0,
-1.700914319587E1));
#1097=LINE('',#1096,#1095);
#1098=CARTESIAN_POINT('',(-3.264487772736E1,1.070002908755E1,
-2.250914349046E1));
#1099=DIRECTION('',(0.E0,-1.E0,1.732870212380E-7));
#1100=DIRECTION('',(-1.E0,0.E0,0.E0));
#1101=AXIS2_PLACEMENT_3D('',#1098,#1099,#1100);
#1103=DIRECTION('',(0.E0,1.E0,-1.733010228435E-7));
#1104=VECTOR('',#1103,1.699990153178E0);
#1105=CARTESIAN_POINT('',(-3.284487772736E1,9.000038989584E0,
-2.250914319587E1));
#1106=LINE('',#1105,#1104);
#1107=DIRECTION('',(0.E0,1.732870217843E-7,1.E0));
#1108=VECTOR('',#1107,8.000001468592E-1);
#1109=CARTESIAN_POINT('',(2.669998746424E1,9.000037135337E0,-3.320958547398E1));
#1110=LINE('',#1109,#1108);
#1111=DIRECTION('',(-9.999998164261E-1,-1.049974729074E-10,-6.059272674216E-4));
#1112=VECTOR('',#1111,1.200000220289E0);
#1113=CARTESIAN_POINT('',(2.669998746424E1,9.000037273966E0,-3.240958532712E1));
#1114=LINE('',#1113,#1112);
#1115=DIRECTION('',(0.E0,1.732870240048E-7,1.E0));
#1116=VECTOR('',#1115,8.000001468592E-1);
#1117=CARTESIAN_POINT('',(2.549998746424E1,9.000037135211E0,-3.321031258684E1));
#1118=LINE('',#1117,#1116);
#1119=DIRECTION('',(0.E0,1.732870230176E-7,1.E0));
#1120=VECTOR('',#1119,8.127549181131E-1);
#1121=CARTESIAN_POINT('',(5.649987574381E0,9.000037133126E0,-3.322234024524E1));
#1122=LINE('',#1121,#1120);
#1123=DIRECTION('',(-1.E0,0.E0,0.E0));
#1124=VECTOR('',#1123,1.200000220289E0);
#1125=CARTESIAN_POINT('',(5.649987574381E0,9.000037273966E0,-3.240958532712E1));
#1126=LINE('',#1125,#1124);
#1127=DIRECTION('',(0.E0,1.732870202463E-7,1.E0));
#1128=VECTOR('',#1127,8.134820311010E-1);
#1129=CARTESIAN_POINT('',(4.449987354092E0,9.000037133E0,-3.322306735822E1));
#1130=LINE('',#1129,#1128);
#1131=DIRECTION('',(0.E0,1.732870247374E-7,1.E0));
#1132=VECTOR('',#1131,8.247825766461E-1);
#1133=CARTESIAN_POINT('',(-1.540001253576E1,9.000037130916E0,
-3.323509501662E1));
#1134=LINE('',#1133,#1132);
#1135=DIRECTION('',(-9.999998164261E-1,1.049974729074E-10,6.059272674275E-4));
#1136=VECTOR('',#1135,1.200000220289E0);
#1137=CARTESIAN_POINT('',(-1.540001253576E1,9.000037273840E0,
-3.241031243998E1));
#1138=LINE('',#1137,#1136);
#1139=DIRECTION('',(0.E0,1.732870193332E-7,1.E0));
#1140=VECTOR('',#1139,8.262368023548E-1);
#1141=CARTESIAN_POINT('',(-1.660001253576E1,9.000037130790E0,
-3.323582212948E1));
#1142=LINE('',#1141,#1140);
#1143=CARTESIAN_POINT('',(-3.989999601391E1,9.000037648205E0,
-3.024993967667E1));
#1144=DIRECTION('',(0.E0,1.E0,-1.732870212380E-7));
#1145=DIRECTION('',(-6.059264074253E-4,1.732869893800E-7,9.999998164266E-1));
#1146=AXIS2_PLACEMENT_3D('',#1143,#1144,#1145);
#1148=DIRECTION('',(1.E0,0.E0,0.E0));
#1149=VECTOR('',#1148,8.114081211933E-1);
#1150=CARTESIAN_POINT('',(-4.300572534366E1,9.000039286553E0,
-2.079540622032E1));
#1151=LINE('',#1150,#1149);
#1152=DIRECTION('',(6.059272674275E-4,1.732869899579E-7,9.999998164260E-1));
#1153=VECTOR('',#1152,1.200000220289E0);
#1154=CARTESIAN_POINT('',(-4.219431722247E1,9.000039286553E0,
-2.079540622032E1));
#1155=LINE('',#1154,#1153);
#1156=DIRECTION('',(1.E0,0.E0,0.E0));
#1157=VECTOR('',#1156,8.128623469021E-1);
#1158=CARTESIAN_POINT('',(-4.300645245651E1,9.000039494497E0,
-1.959540622032E1));
#1159=LINE('',#1158,#1157);
#1160=DIRECTION('',(1.E0,0.E0,0.E0));
#1161=VECTOR('',#1160,8.278893458926E-1);
#1162=CARTESIAN_POINT('',(-4.302147945551E1,9.000043792015E0,5.204593779679E0));
#1163=LINE('',#1162,#1161);
#1164=DIRECTION('',(-6.059272674275E-4,1.732869884776E-7,9.999998164260E-1));
#1165=VECTOR('',#1164,1.200000220289E0);
#1166=CARTESIAN_POINT('',(-4.219359010961E1,9.000043792015E0,5.204593779679E0));
#1167=LINE('',#1166,#1165);
#1168=DIRECTION('',(1.E0,0.E0,0.E0));
#1169=VECTOR('',#1168,8.278893458926E-1);
#1170=CARTESIAN_POINT('',(-4.302220656836E1,9.000043999960E0,6.404593779679E0));
#1171=LINE('',#1170,#1169);
#1172=CARTESIAN_POINT('',(-3.992786865994E1,9.000045619404E0,1.575003822955E1));
#1173=DIRECTION('',(0.E0,1.E0,-1.732870212380E-7));
#1174=DIRECTION('',(9.999998164261E-1,1.049993869628E-10,6.059272674325E-4));
#1175=AXIS2_PLACEMENT_3D('',#1172,#1173,#1174);
#1177=DIRECTION('',(0.E0,-1.732870165086E-7,-1.E0));
#1178=VECTOR('',#1177,7.454145298855E-1);
#1179=CARTESIAN_POINT('',(-1.660001253576E1,9.000046141717E0,1.876418741637E1));
#1180=LINE('',#1179,#1178);
#1181=DIRECTION('',(9.999998164261E-1,1.050004335016E-10,6.059272674216E-4));
#1182=VECTOR('',#1181,1.200000220289E0);
#1183=CARTESIAN_POINT('',(-1.660001253576E1,9.000046012546E0,1.801877288648E1));
#1184=LINE('',#1183,#1182);
#1185=DIRECTION('',(0.E0,-1.732870141255E-7,-1.E0));
#1186=VECTOR('',#1185,7.454145298855E-1);
#1187=CARTESIAN_POINT('',(-1.540001253576E1,9.000046141843E0,1.876491452922E1));
#1188=LINE('',#1187,#1186);
#1189=DIRECTION('',(0.E0,-1.732870179194E-7,-1.E0));
#1190=VECTOR('',#1189,7.581693011394E-1);
#1191=CARTESIAN_POINT('',(4.449987354092E0,9.000046143927E0,1.877694218762E1));
#1192=LINE('',#1191,#1190);
#1193=DIRECTION('',(1.E0,0.E0,0.E0));
#1194=VECTOR('',#1193,1.200000220289E0);
#1195=CARTESIAN_POINT('',(4.449987354092E0,9.000046012546E0,1.801877288648E1));
#1196=LINE('',#1195,#1194);
#1197=DIRECTION('',(0.E0,-1.732870149536E-7,-1.E0));
#1198=VECTOR('',#1197,7.588964141273E-1);
#1199=CARTESIAN_POINT('',(5.649987574381E0,9.000046144053E0,1.877766930061E1));
#1200=LINE('',#1199,#1198);
#1201=DIRECTION('',(0.E0,-1.732870178457E-7,-1.E0));
#1202=VECTOR('',#1201,7.683791775365E-1);
#1203=CARTESIAN_POINT('',(2.249998746424E1,9.000046145822E0,1.878787917687E1));
#1204=LINE('',#1203,#1202);
#1205=DIRECTION('',(9.999998164261E-1,-1.049989532045E-10,-6.059272674216E-4));
#1206=VECTOR('',#1205,1.200000220289E0);
#1207=CARTESIAN_POINT('',(2.249998746424E1,9.000046012672E0,1.801949999934E1));
#1208=LINE('',#1207,#1206);
#1209=DIRECTION('',(0.E0,-1.732870166735E-7,-1.E0));
#1210=VECTOR('',#1209,7.698334032452E-1);
#1211=CARTESIAN_POINT('',(2.369998746424E1,9.000046145948E0,1.878860628973E1));
#1212=LINE('',#1211,#1210);
#1213=CARTESIAN_POINT('',(4.997211483676E1,9.000045628843E0,1.580451109089E1));
#1214=DIRECTION('',(0.E0,1.E0,-1.732870212380E-7));
#1215=DIRECTION('',(6.059263875003E-4,-1.732869893800E-7,-9.999998164266E-1));
#1216=AXIS2_PLACEMENT_3D('',#1213,#1214,#1215);
#1218=DIRECTION('',(-6.059272182065E-4,1.732869884244E-7,9.999998164261E-1));
#1219=VECTOR('',#1218,4.401797411669E0);
#1220=CARTESIAN_POINT('',(5.307781107310E1,9.000043999960E0,6.404593779679E0));
#1221=LINE('',#1220,#1219);
#1222=DIRECTION('',(-1.E0,0.E0,0.E0));
#1223=VECTOR('',#1222,7.835189221598E-1);
#1224=CARTESIAN_POINT('',(5.307781107310E1,9.000043999960E0,6.404593779679E0));
#1225=LINE('',#1224,#1223);
#1226=DIRECTION('',(-6.059272674334E-4,-1.732869884776E-7,-9.999998164260E-1));
#1227=VECTOR('',#1226,1.200000220289E0);
#1228=CARTESIAN_POINT('',(5.229429215094E1,9.000043999960E0,6.404593779679E0));
#1229=LINE('',#1228,#1227);
#1230=DIRECTION('',(-1.E0,0.E0,0.E0));
#1231=VECTOR('',#1230,7.849731478686E-1);
#1232=CARTESIAN_POINT('',(5.307853818595E1,9.000043792015E0,5.204593779679E0));
#1233=LINE('',#1232,#1231);
#1234=DIRECTION('',(-6.059272674207E-4,1.732869894088E-7,9.999998164260E-1));
#1235=VECTOR('',#1234,2.480000455263E1);
#1236=CARTESIAN_POINT('',(5.309356518494E1,9.000039494497E0,-1.959540622032E1));
#1237=LINE('',#1236,#1235);
#1238=DIRECTION('',(-1.E0,0.E0,0.E0));
#1239=VECTOR('',#1238,8.000001468592E-1);
#1240=CARTESIAN_POINT('',(5.309356518494E1,9.000039494497E0,-1.959540622032E1));
#1241=LINE('',#1240,#1239);
#1242=DIRECTION('',(6.059272674334E-4,-1.732869884776E-7,-9.999998164260E-1));
#1243=VECTOR('',#1242,1.200000220289E0);
#1244=CARTESIAN_POINT('',(5.229356503809E1,9.000039494497E0,-1.959540622032E1));
#1245=LINE('',#1244,#1243);
#1246=DIRECTION('',(-1.E0,0.E0,0.E0));
#1247=VECTOR('',#1246,8.000001468591E-1);
#1248=CARTESIAN_POINT('',(5.309429229780E1,9.000039286553E0,-2.079540622032E1));
#1249=LINE('',#1248,#1247);
#1250=DIRECTION('',(-6.059272674141E-4,1.732869902315E-7,9.999998164260E-1));
#1251=VECTOR('',#1250,4.398183945739E0);
#1252=CARTESIAN_POINT('',(5.309695727738E1,9.000038524405E0,-2.519358935867E1));
#1253=LINE('',#1252,#1251);
#1254=DIRECTION('',(9.999998164261E-1,1.049987329269E-10,6.059272674154E-4));
#1255=VECTOR('',#1254,3.100000023472E0);
#1256=CARTESIAN_POINT('',(4.999695782299E1,9.000038524079E0,-2.519546773321E1));
#1257=LINE('',#1256,#1255);
#1258=CARTESIAN_POINT('',(4.999998748280E1,9.000037657644E0,-3.019546681533E1));
#1259=DIRECTION('',(0.E0,1.E0,-1.732870212380E-7));
#1260=DIRECTION('',(-9.999998164261E-1,-1.049993869628E-10,-6.059272674307E-4));
#1261=AXIS2_PLACEMENT_3D('',#1258,#1259,#1260);
#1263=DIRECTION('',(-6.059272674159E-4,1.732869911883E-7,9.999998164260E-1));
#1264=VECTOR('',#1263,3.000000001497E0);
#1265=CARTESIAN_POINT('',(4.500180618247E1,9.000037137258E0,-3.319849590244E1));
#1266=LINE('',#1265,#1264);
#1267=CARTESIAN_POINT('',(3.904177399964E1,9.000028989450E0,-1.664355662222E1));
#1268=DIRECTION('',(-1.899154509132E-13,1.E0,-1.732862493536E-7));
#1269=DIRECTION('',(9.999998164261E-1,1.051887613090E-10,6.059272673508E-4));
#1270=AXIS2_PLACEMENT_3D('',#1267,#1268,#1269);
#1272=CARTESIAN_POINT('',(3.902669676911E1,9.000033301338E0,8.239343638567E0));
#1273=DIRECTION('',(4.168781540334E-13,1.E0,-1.732871749117E-7));
#1274=DIRECTION('',(-6.059272674553E-4,1.732871432568E-7,9.999998164260E-1));
#1275=AXIS2_PLACEMENT_3D('',#1272,#1273,#1274);
#1277=CARTESIAN_POINT('',(-4.092182514483E0,9.000033296806E0,8.213216729072E0));
#1278=DIRECTION('',(1.520230460419E-13,1.E0,-1.732877884093E-7));
#1279=DIRECTION('',(-9.999998164261E-1,-1.048477402162E-10,-6.059272673120E-4));
#1280=AXIS2_PLACEMENT_3D('',#1277,#1278,#1279);
#1282=CARTESIAN_POINT('',(-4.077105283955E0,9.000028984926E0,
-1.666968353171E1));
#1283=DIRECTION('',(0.E0,1.E0,-1.732870132940E-7));
#1284=DIRECTION('',(6.059272674302E-4,-1.732869813636E-7,-9.999998164260E-1));
#1285=AXIS2_PLACEMENT_3D('',#1282,#1283,#1284);
#1287=DIRECTION('',(0.E0,1.732870215805E-7,1.E0));
#1288=VECTOR('',#1287,5.5E0);
#1289=CARTESIAN_POINT('',(-1.416757169062E1,9.000038989584E0,
-2.250914319587E1));
#1290=LINE('',#1289,#1288);
#1291=DIRECTION('',(-1.E0,0.E0,0.E0));
#1292=VECTOR('',#1291,1.827730603673E1);
#1293=CARTESIAN_POINT('',(-1.436757169062E1,9.000039977320E0,
-1.680914319587E1));
#1294=LINE('',#1293,#1292);
#1295=DIRECTION('',(0.E0,-1.732870215805E-7,-1.E0));
#1296=VECTOR('',#1295,5.5E0);
#1297=CARTESIAN_POINT('',(-3.284487772736E1,9.000039942663E0,
-1.700914319587E1));
#1298=LINE('',#1297,#1296);
#1299=CARTESIAN_POINT('',(-3.264487772736E1,9.000038989584E0,
-2.250914319587E1));
#1300=DIRECTION('',(0.E0,-1.E0,1.732870212380E-7));
#1301=DIRECTION('',(-1.E0,0.E0,-3.375077994860E-13));
#1302=AXIS2_PLACEMENT_3D('',#1299,#1300,#1301);
#1304=DIRECTION('',(1.E0,0.E0,0.E0));
#1305=VECTOR('',#1304,1.827730603673E1);
#1306=CARTESIAN_POINT('',(-3.264487772735E1,9.000038954927E0,
-2.270914319587E1));
#1307=LINE('',#1306,#1305);
#1308=CARTESIAN_POINT('',(-1.436757169062E1,9.000038989584E0,
-2.250914319587E1));
#1309=DIRECTION('',(0.E0,-1.E0,1.732870212380E-7));
#1310=DIRECTION('',(-1.598721155460E-13,-1.732870202886E-7,-1.E0));
#1311=AXIS2_PLACEMENT_3D('',#1308,#1309,#1310);
#1313=DIRECTION('',(1.E0,0.E0,0.E0));
#1314=VECTOR('',#1313,1.827730603673E1);
#1315=CARTESIAN_POINT('',(-3.264487772736E1,9.000043313860E0,2.445271574962E0));
#1316=LINE('',#1315,#1314);
#1317=DIRECTION('',(0.E0,1.732870212575E-7,1.E0));
#1318=VECTOR('',#1317,5.5E0);
#1319=CARTESIAN_POINT('',(-1.416757169062E1,9.000043348518E0,2.645271574962E0));
#1320=LINE('',#1319,#1318);
#1321=CARTESIAN_POINT('',(-1.436757169062E1,9.000044301597E0,8.145271574961E0));
#1322=DIRECTION('',(0.E0,-1.E0,1.732870212380E-7));
#1323=DIRECTION('',(1.E0,0.E0,-2.930988785010E-13));
#1324=AXIS2_PLACEMENT_3D('',#1321,#1322,#1323);
#1326=DIRECTION('',(-1.E0,0.E0,0.E0));
#1327=VECTOR('',#1326,1.827730603673E1);
#1328=CARTESIAN_POINT('',(-1.436757169062E1,9.000044336254E0,8.345271574961E0));
#1329=LINE('',#1328,#1327);
#1330=CARTESIAN_POINT('',(-3.264487772736E1,9.000044301597E0,8.145271574961E0));
#1331=DIRECTION('',(0.E0,-1.E0,1.732870212380E-7));
#1332=DIRECTION('',(3.197442310920E-13,1.732870202886E-7,1.E0));
#1333=AXIS2_PLACEMENT_3D('',#1330,#1331,#1332);
#1335=DIRECTION('',(0.E0,-1.732870212575E-7,-1.E0));
#1336=VECTOR('',#1335,5.5E0);
#1337=CARTESIAN_POINT('',(-3.284487772736E1,9.000044301597E0,8.145271574962E0));
#1338=LINE('',#1337,#1336);
#1339=DIRECTION('',(0.E0,9.284766265281E-1,-3.713908372471E-1));
#1340=VECTOR('',#1339,5.385164807134E-1);
#1341=CARTESIAN_POINT('',(2.669998746424E1,1.000037204651E0,-3.280958394083E1));
#1342=LINE('',#1341,#1340);
#1343=DIRECTION('',(0.E0,1.E0,-1.732870202886E-7));
#1344=VECTOR('',#1343,7.E-1);
#1345=CARTESIAN_POINT('',(2.669998746424E1,1.500037169994E0,-3.300958402747E1));
#1346=LINE('',#1345,#1344);
#1347=DIRECTION('',(1.E0,0.E0,0.E0));
#1348=VECTOR('',#1347,1.2E0);
#1349=CARTESIAN_POINT('',(2.549998746424E1,1.500037169994E0,-3.300958402747E1));
#1350=LINE('',#1349,#1348);
#1351=DIRECTION('',(0.E0,1.E0,-1.732870202886E-7));
#1352=VECTOR('',#1351,7.E-1);
#1353=CARTESIAN_POINT('',(2.549998746424E1,1.500037169994E0,-3.300958402747E1));
#1354=LINE('',#1353,#1352);
#1355=DIRECTION('',(0.E0,-9.284766265281E-1,3.713908372471E-1));
#1356=VECTOR('',#1355,5.385164807134E-1);
#1357=CARTESIAN_POINT('',(2.549998746424E1,1.500037169994E0,-3.300958402747E1));
#1358=LINE('',#1357,#1356);
#1359=DIRECTION('',(0.E0,1.E0,-1.732870211768E-7));
#1360=VECTOR('',#1359,8.E0);
#1361=CARTESIAN_POINT('',(2.549998746424E1,1.000037273840E0,-3.241031105368E1));
#1362=LINE('',#1361,#1360);
#1363=DIRECTION('',(0.E0,1.E0,-1.732870213335E-7));
#1364=VECTOR('',#1363,6.8E0);
#1365=CARTESIAN_POINT('',(2.669998746424E1,2.200037135337E0,-3.320958429563E1));
#1366=LINE('',#1365,#1364);
#1367=DIRECTION('',(-9.999998164261E-1,-1.049991227745E-10,-6.059271856434E-4));
#1368=VECTOR('',#1367,1.830182207797E1);
#1369=CARTESIAN_POINT('',(4.500180618247E1,9.000037137258E0,-3.319849590244E1));
#1370=LINE('',#1369,#1368);
#1371=DIRECTION('',(-8.745945144577E-13,1.E0,-1.718465181919E-7));
#1372=VECTOR('',#1371,6.8E0);
#1373=CARTESIAN_POINT('',(4.500180618247E1,2.200037137258E0,-3.319849473388E1));
#1374=LINE('',#1373,#1372);
#1375=DIRECTION('',(9.999998164264E-1,1.049986132146E-10,6.059266504281E-4));
#1376=VECTOR('',#1375,1.830182207797E1);
#1377=CARTESIAN_POINT('',(2.669998746424E1,2.200037135337E0,-3.320958429563E1));
#1378=LINE('',#1377,#1376);
#1379=DIRECTION('',(0.E0,1.E0,-1.732870213335E-7));
#1380=VECTOR('',#1379,6.8E0);
#1381=CARTESIAN_POINT('',(2.549998746424E1,2.200037135211E0,-3.321031140849E1));
#1382=LINE('',#1381,#1380);
#1383=DIRECTION('',(9.999998164261E-1,1.049993154718E-10,6.059272674203E-4));
#1384=VECTOR('',#1383,1.985000353380E1);
#1385=CARTESIAN_POINT('',(5.649987574381E0,2.200037133126E0,-3.322233906689E1));
#1386=LINE('',#1385,#1384);
#1387=DIRECTION('',(0.E0,1.E0,-1.732870223785E-7));
#1388=VECTOR('',#1387,6.8E0);
#1389=CARTESIAN_POINT('',(5.649987574381E0,2.200037133126E0,-3.322233906689E1));
#1390=LINE('',#1389,#1388);
#1391=DIRECTION('',(-9.999998164261E-1,-1.049994049608E-10,-6.059272674206E-4));
#1392=VECTOR('',#1391,1.985000353380E1);
#1393=CARTESIAN_POINT('',(2.549998746424E1,9.000037135211E0,-3.321031258684E1));
#1394=LINE('',#1393,#1392);
#1395=DIRECTION('',(0.E0,1.E0,-1.732870213335E-7));
#1396=VECTOR('',#1395,6.8E0);
#1397=CARTESIAN_POINT('',(-1.540001253576E1,2.200037130916E0,
-3.323509383827E1));
#1398=LINE('',#1397,#1396);
#1399=DIRECTION('',(-9.999998164261E-1,-1.049994049608E-10,-6.059272674203E-4));
#1400=VECTOR('',#1399,1.985000353380E1);
#1401=CARTESIAN_POINT('',(4.449987354092E0,9.000037133E0,-3.322306735822E1));
#1402=LINE('',#1401,#1400);
#1403=DIRECTION('',(0.E0,1.E0,-1.732870223785E-7));
#1404=VECTOR('',#1403,6.8E0);
#1405=CARTESIAN_POINT('',(4.449987354092E0,2.200037133E0,-3.322306617987E1));
#1406=LINE('',#1405,#1404);
#1407=DIRECTION('',(9.999998164261E-1,1.049993602163E-10,6.059272674214E-4));
#1408=VECTOR('',#1407,1.985000353380E1);
#1409=CARTESIAN_POINT('',(-1.540001253576E1,2.200037130916E0,
-3.323509383827E1));
#1410=LINE('',#1409,#1408);
#1411=DIRECTION('',(0.E0,1.E0,-1.732870213335E-7));
#1412=VECTOR('',#1411,6.8E0);
#1413=CARTESIAN_POINT('',(-1.660001253576E1,2.200037130790E0,
-3.323582095113E1));
#1414=LINE('',#1413,#1412);
#1415=DIRECTION('',(9.999998164260E-1,1.049996929327E-10,6.059273065181E-4));
#1416=VECTOR('',#1415,1.829816997328E1);
#1417=CARTESIAN_POINT('',(-3.489817914997E1,2.200037128869E0,
-3.324690831197E1));
#1418=LINE('',#1417,#1416);
#1419=DIRECTION('',(-9.999998164261E-1,-1.049995958543E-10,-6.059272674200E-4));
#1420=VECTOR('',#1419,1.829816997328E1);
#1421=CARTESIAN_POINT('',(-1.660001253576E1,9.000037130790E0,
-3.323582212948E1));
#1422=LINE('',#1421,#1420);
#1423=DIRECTION('',(2.373991414409E-12,1.E0,-1.772027565779E-7));
#1424=VECTOR('',#1423,7.3E0);
#1425=CARTESIAN_POINT('',(4.499998840065E1,1.700037657119E0,-3.019849515808E1));
#1426=LINE('',#1425,#1424);
#1427=DIRECTION('',(-6.059272674254E-4,1.732869887355E-7,9.999998164260E-1));
#1428=VECTOR('',#1427,3.000000028585E0);
#1429=CARTESIAN_POINT('',(4.500180618247E1,1.700037137258E0,-3.319849463595E1));
#1430=LINE('',#1429,#1428);
#1431=DIRECTION('',(1.305244618628E-9,1.E0,-1.732862347982E-7));
#1432=VECTOR('',#1431,7.3E0);
#1433=CARTESIAN_POINT('',(4.999695781346E1,1.700038524079E0,-2.519546646822E1));
#1434=LINE('',#1433,#1432);
#1435=DIRECTION('',(-9.999998164261E-1,-1.049984063967E-10,-6.059272674235E-4));
#1436=VECTOR('',#1435,5.100000004219E0);
#1437=CARTESIAN_POINT('',(5.010180525046E1,1.700037137794E0,-3.319540440688E1));
#1438=LINE('',#1437,#1436);
#1439=DIRECTION('',(1.371347480017E-11,1.E0,-1.958712090300E-7));
#1440=VECTOR('',#1439,5.E-1);
#1441=CARTESIAN_POINT('',(4.500180618247E1,1.700037137258E0,-3.319849463595E1));
#1442=LINE('',#1441,#1440);
#1443=DIRECTION('',(2.275039889810E-8,1.E0,-1.777943765546E-7));
#1444=VECTOR('',#1443,5.E-1);
#1445=CARTESIAN_POINT('',(5.010180525046E1,1.700037137794E0,-3.319540440688E1));
#1446=LINE('',#1445,#1444);
#1447=DIRECTION('',(-6.059271250820E-4,1.732869892782E-7,9.999998164261E-1));
#1448=VECTOR('',#1447,5.000000023441E0);
#1449=CARTESIAN_POINT('',(5.309998691373E1,2.200037657970E0,-3.019358728589E1));
#1450=LINE('',#1449,#1448);
#1451=DIRECTION('',(6.920686246303E-12,1.E0,-1.846608199685E-7));
#1452=VECTOR('',#1451,5.E-1);
#1453=CARTESIAN_POINT('',(5.309998691373E1,1.700037657970E0,-3.019358719356E1));
#1454=LINE('',#1453,#1452);
#1455=DIRECTION('',(6.059272674179E-4,-1.732869902302E-7,-9.999998164260E-1));
#1456=VECTOR('',#1455,5.000000017754E0);
#1457=CARTESIAN_POINT('',(5.309695727738E1,1.700038524405E0,-2.519358809367E1));
#1458=LINE('',#1457,#1456);
#1459=DIRECTION('',(-1.423373419129E-9,-1.E0,1.732861676373E-7));
#1460=VECTOR('',#1459,5.E-1);
#1461=CARTESIAN_POINT('',(5.309695727809E1,2.200038524405E0,-2.519358818032E1));
#1462=LINE('',#1461,#1460);
#1463=DIRECTION('',(0.E0,9.284766265281E-1,-3.713908372471E-1));
#1464=VECTOR('',#1463,5.385164807134E-1);
#1465=CARTESIAN_POINT('',(5.649987574381E0,1.000037204651E0,-3.280958394083E1));
#1466=LINE('',#1465,#1464);
#1467=DIRECTION('',(0.E0,1.E0,-1.732870202886E-7));
#1468=VECTOR('',#1467,7.E-1);
#1469=CARTESIAN_POINT('',(5.649987574381E0,1.500037169994E0,-3.300958402747E1));
#1470=LINE('',#1469,#1468);
#1471=DIRECTION('',(1.E0,0.E0,0.E0));
#1472=VECTOR('',#1471,1.200000220289E0);
#1473=CARTESIAN_POINT('',(4.449987354092E0,1.500037169994E0,-3.300958402747E1));
#1474=LINE('',#1473,#1472);
#1475=DIRECTION('',(0.E0,1.E0,-1.732870202886E-7));
#1476=VECTOR('',#1475,7.E-1);
#1477=CARTESIAN_POINT('',(4.449987354092E0,1.500037169994E0,-3.300958402747E1));
#1478=LINE('',#1477,#1476);
#1479=DIRECTION('',(0.E0,-9.284766265281E-1,3.713908372471E-1));
#1480=VECTOR('',#1479,5.385164807134E-1);
#1481=CARTESIAN_POINT('',(4.449987354092E0,1.500037169994E0,-3.300958402747E1));
#1482=LINE('',#1481,#1480);
#1483=DIRECTION('',(0.E0,1.E0,-1.732870220650E-7));
#1484=VECTOR('',#1483,8.E0);
#1485=CARTESIAN_POINT('',(4.449987354092E0,1.000037273966E0,-3.240958394083E1));
#1486=LINE('',#1485,#1484);
#1487=DIRECTION('',(0.E0,1.E0,-1.732870220650E-7));
#1488=VECTOR('',#1487,8.E0);
#1489=CARTESIAN_POINT('',(5.649987574381E0,1.000037273966E0,-3.240958394083E1));
#1490=LINE('',#1489,#1488);
#1491=DIRECTION('',(1.E0,0.E0,0.E0));
#1492=VECTOR('',#1491,1.2E0);
#1493=CARTESIAN_POINT('',(2.549998746424E1,1.000037204651E0,-3.280958394083E1));
#1494=LINE('',#1493,#1492);
#1495=DIRECTION('',(0.E0,-1.732870219792E-7,-1.E0));
#1496=VECTOR('',#1495,3.992728871456E-1);
#1497=CARTESIAN_POINT('',(2.549998746424E1,1.000037273840E0,-3.241031105368E1));
#1498=LINE('',#1497,#1496);
#1499=DIRECTION('',(-9.999998164261E-1,-1.049995083159E-10,-6.059272674275E-4));
#1500=VECTOR('',#1499,1.200000220289E0);
#1501=CARTESIAN_POINT('',(2.669998746424E1,1.000037273966E0,-3.240958394083E1));
#1502=LINE('',#1501,#1500);
#1503=DIRECTION('',(0.E0,1.732870225091E-7,1.E0));
#1504=VECTOR('',#1503,4.E-1);
#1505=CARTESIAN_POINT('',(2.669998746424E1,1.000037204651E0,-3.280958394083E1));
#1506=LINE('',#1505,#1504);
#1507=DIRECTION('',(1.E0,0.E0,0.E0));
#1508=VECTOR('',#1507,1.200000220289E0);
#1509=CARTESIAN_POINT('',(4.449987354092E0,1.000037204651E0,-3.280958394083E1));
#1510=LINE('',#1509,#1508);
#1511=DIRECTION('',(0.E0,-1.732870225091E-7,-1.E0));
#1512=VECTOR('',#1511,4.E-1);
#1513=CARTESIAN_POINT('',(4.449987354092E0,1.000037273966E0,-3.240958394083E1));
#1514=LINE('',#1513,#1512);
#1515=DIRECTION('',(-1.E0,0.E0,0.E0));
#1516=VECTOR('',#1515,1.200000220289E0);
#1517=CARTESIAN_POINT('',(5.649987574381E0,1.000037273966E0,-3.240958394083E1));
#1518=LINE('',#1517,#1516);
#1519=DIRECTION('',(0.E0,1.732870225091E-7,1.E0));
#1520=VECTOR('',#1519,4.E-1);
#1521=CARTESIAN_POINT('',(5.649987574381E0,1.000037204651E0,-3.280958394083E1));
#1522=LINE('',#1521,#1520);
#1523=DIRECTION('',(1.E0,0.E0,0.E0));
#1524=VECTOR('',#1523,1.2E0);
#1525=CARTESIAN_POINT('',(-1.660001253576E1,1.000037204651E0,
-3.280958394083E1));
#1526=LINE('',#1525,#1524);
#1527=DIRECTION('',(0.E0,-1.732870208437E-7,-1.E0));
#1528=VECTOR('',#1527,4.E-1);
#1529=CARTESIAN_POINT('',(-1.660001253576E1,1.000037273966E0,
-3.240958394083E1));
#1530=LINE('',#1529,#1528);
#1531=DIRECTION('',(-9.999998164261E-1,1.049995083159E-10,6.059272674275E-4));
#1532=VECTOR('',#1531,1.200000220289E0);
#1533=CARTESIAN_POINT('',(-1.540001253576E1,1.000037273840E0,
-3.241031105368E1));
#1534=LINE('',#1533,#1532);
#1535=DIRECTION('',(0.E0,1.732870203109E-7,1.E0));
#1536=VECTOR('',#1535,3.992728871456E-1);
#1537=CARTESIAN_POINT('',(-1.540001253576E1,1.000037204651E0,
-3.280958394083E1));
#1538=LINE('',#1537,#1536);
#1539=DIRECTION('',(-1.E0,0.E0,0.E0));
#1540=VECTOR('',#1539,1.2E0);
#1541=CARTESIAN_POINT('',(-1.540001253576E1,1.000046081861E0,1.841877427278E1));
#1542=LINE('',#1541,#1540);
#1543=DIRECTION('',(0.E0,1.732870214231E-7,1.E0));
#1544=VECTOR('',#1543,3.992728871456E-1);
#1545=CARTESIAN_POINT('',(-1.540001253576E1,1.000046012672E0,1.801950138563E1));
#1546=LINE('',#1545,#1544);
#1547=DIRECTION('',(9.999998164261E-1,1.049993232788E-10,6.059272674186E-4));
#1548=VECTOR('',#1547,1.200000220289E0);
#1549=CARTESIAN_POINT('',(-1.660001253576E1,1.000046012546E0,1.801877427278E1));
#1550=LINE('',#1549,#1548);
#1551=DIRECTION('',(0.E0,-1.732870213988E-7,-1.E0));
#1552=VECTOR('',#1551,4.E-1);
#1553=CARTESIAN_POINT('',(-1.660001253576E1,1.000046081861E0,1.841877427278E1));
#1554=LINE('',#1553,#1552);
#1555=DIRECTION('',(-1.E0,0.E0,0.E0));
#1556=VECTOR('',#1555,1.200000220289E0);
#1557=CARTESIAN_POINT('',(5.649987574381E0,1.000046081861E0,1.841877427278E1));
#1558=LINE('',#1557,#1556);
#1559=DIRECTION('',(0.E0,1.732870213988E-7,1.E0));
#1560=VECTOR('',#1559,4.E-1);
#1561=CARTESIAN_POINT('',(5.649987574381E0,1.000046012546E0,1.801877427278E1));
#1562=LINE('',#1561,#1560);
#1563=DIRECTION('',(1.E0,0.E0,0.E0));
#1564=VECTOR('',#1563,1.200000220289E0);
#1565=CARTESIAN_POINT('',(4.449987354092E0,1.000046012546E0,1.801877427278E1));
#1566=LINE('',#1565,#1564);
#1567=DIRECTION('',(0.E0,-1.732870213988E-7,-1.E0));
#1568=VECTOR('',#1567,4.E-1);
#1569=CARTESIAN_POINT('',(4.449987354092E0,1.000046081861E0,1.841877427278E1));
#1570=LINE('',#1569,#1568);
#1571=DIRECTION('',(-1.E0,0.E0,0.E0));
#1572=VECTOR('',#1571,1.2E0);
#1573=CARTESIAN_POINT('',(2.369998746424E1,1.000046081861E0,1.841877427278E1));
#1574=LINE('',#1573,#1572);
#1575=DIRECTION('',(0.E0,1.732870213988E-7,1.E0));
#1576=VECTOR('',#1575,4.E-1);
#1577=CARTESIAN_POINT('',(2.369998746424E1,1.000046012546E0,1.801877427278E1));
#1578=LINE('',#1577,#1576);
#1579=DIRECTION('',(9.999998164261E-1,-1.049993232788E-10,-6.059272674186E-4));
#1580=VECTOR('',#1579,1.200000220289E0);
#1581=CARTESIAN_POINT('',(2.249998746424E1,1.000046012672E0,1.801950138563E1));
#1582=LINE('',#1581,#1580);
#1583=DIRECTION('',(0.E0,-1.732870214231E-7,-1.E0));
#1584=VECTOR('',#1583,3.992728871456E-1);
#1585=CARTESIAN_POINT('',(2.249998746424E1,1.000046081861E0,1.841877427278E1));
#1586=LINE('',#1585,#1584);
#1587=DIRECTION('',(0.E0,-1.732870212138E-7,-1.E0));
#1588=VECTOR('',#1587,1.2E0);
#1589=CARTESIAN_POINT('',(-4.259359010961E1,1.000043999960E0,6.404595165975E0));
#1590=LINE('',#1589,#1588);
#1591=DIRECTION('',(-1.E0,0.E0,0.E0));
#1592=VECTOR('',#1591,3.992728871456E-1);
#1593=CARTESIAN_POINT('',(-4.219431722247E1,1.000043999960E0,6.404595165975E0));
#1594=LINE('',#1593,#1592);
#1595=DIRECTION('',(-6.059272674275E-4,1.732869894028E-7,9.999998164260E-1));
#1596=VECTOR('',#1595,1.200000220289E0);
#1597=CARTESIAN_POINT('',(-4.219359010961E1,1.000043792015E0,5.204595165975E0));
#1598=LINE('',#1597,#1596);
#1599=DIRECTION('',(1.E0,0.E0,0.E0));
#1600=VECTOR('',#1599,4.E-1);
#1601=CARTESIAN_POINT('',(-4.259359010961E1,1.000043792015E0,5.204595165975E0));
#1602=LINE('',#1601,#1600);
#1603=DIRECTION('',(0.E0,-1.732870213988E-7,-1.E0));
#1604=VECTOR('',#1603,1.2E0);
#1605=CARTESIAN_POINT('',(-4.259359010961E1,1.000039494497E0,
-1.959540483402E1));
#1606=LINE('',#1605,#1604);
#1607=DIRECTION('',(-1.E0,0.E0,0.E0));
#1608=VECTOR('',#1607,4.E-1);
#1609=CARTESIAN_POINT('',(-4.219359010961E1,1.000039494497E0,
-1.959540483402E1));
#1610=LINE('',#1609,#1608);
#1611=DIRECTION('',(6.059272674275E-4,1.732869895879E-7,9.999998164260E-1));
#1612=VECTOR('',#1611,1.200000220289E0);
#1613=CARTESIAN_POINT('',(-4.219431722247E1,1.000039286553E0,
-2.079540483402E1));
#1614=LINE('',#1613,#1612);
#1615=DIRECTION('',(1.E0,0.E0,0.E0));
#1616=VECTOR('',#1615,3.992728871456E-1);
#1617=CARTESIAN_POINT('',(-4.259359010961E1,1.000039286553E0,
-2.079540483402E1));
#1618=LINE('',#1617,#1616);
#1619=DIRECTION('',(0.E0,1.732870212138E-7,1.E0));
#1620=VECTOR('',#1619,1.2E0);
#1621=CARTESIAN_POINT('',(5.269356503809E1,1.000043792015E0,5.204595165975E0));
#1622=LINE('',#1621,#1620);
#1623=DIRECTION('',(1.E0,0.E0,0.E0));
#1624=VECTOR('',#1623,4.E-1);
#1625=CARTESIAN_POINT('',(5.229356503809E1,1.000043792015E0,5.204595165975E0));
#1626=LINE('',#1625,#1624);
#1627=DIRECTION('',(-6.059272674334E-4,-1.732869894028E-7,-9.999998164260E-1));
#1628=VECTOR('',#1627,1.200000220289E0);
#1629=CARTESIAN_POINT('',(5.229429215094E1,1.000043999960E0,6.404595165975E0));
#1630=LINE('',#1629,#1628);
#1631=DIRECTION('',(-1.E0,0.E0,0.E0));
#1632=VECTOR('',#1631,3.992728871456E-1);
#1633=CARTESIAN_POINT('',(5.269356503809E1,1.000043999960E0,6.404595165975E0));
#1634=LINE('',#1633,#1632);
#1635=DIRECTION('',(0.E0,1.732870213988E-7,1.E0));
#1636=VECTOR('',#1635,1.2E0);
#1637=CARTESIAN_POINT('',(5.269356503809E1,1.000039286553E0,-2.079540483402E1));
#1638=LINE('',#1637,#1636);
#1639=DIRECTION('',(1.E0,0.E0,0.E0));
#1640=VECTOR('',#1639,3.992728871456E-1);
#1641=CARTESIAN_POINT('',(5.229429215094E1,1.000039286553E0,-2.079540483402E1));
#1642=LINE('',#1641,#1640);
#1643=DIRECTION('',(6.059272674334E-4,-1.732869895879E-7,-9.999998164260E-1));
#1644=VECTOR('',#1643,1.200000220289E0);
#1645=CARTESIAN_POINT('',(5.229356503809E1,1.000039494497E0,-1.959540483402E1));
#1646=LINE('',#1645,#1644);
#1647=DIRECTION('',(-1.E0,0.E0,0.E0));
#1648=VECTOR('',#1647,4.E-1);
#1649=CARTESIAN_POINT('',(5.269356503809E1,1.000039494497E0,-1.959540483402E1));
#1650=LINE('',#1649,#1648);
#1651=DIRECTION('',(0.E0,1.E0,-1.732870220650E-7));
#1652=VECTOR('',#1651,8.E0);
#1653=CARTESIAN_POINT('',(2.669998746424E1,1.000037273966E0,-3.240958394083E1));
#1654=LINE('',#1653,#1652);
#1655=DIRECTION('',(0.E0,9.284766265281E-1,-3.713908372471E-1));
#1656=VECTOR('',#1655,5.385164807134E-1);
#1657=CARTESIAN_POINT('',(-1.540001253576E1,1.000037204651E0,
-3.280958394083E1));
#1658=LINE('',#1657,#1656);
#1659=DIRECTION('',(0.E0,1.E0,-1.732870202886E-7));
#1660=VECTOR('',#1659,7.E-1);
#1661=CARTESIAN_POINT('',(-1.540001253576E1,1.500037169994E0,
-3.300958402747E1));
#1662=LINE('',#1661,#1660);
#1663=DIRECTION('',(0.E0,1.E0,-1.732870202886E-7));
#1664=VECTOR('',#1663,8.E0);
#1665=CARTESIAN_POINT('',(-1.540001253576E1,1.000037273840E0,
-3.241031105368E1));
#1666=LINE('',#1665,#1664);
#1667=DIRECTION('',(0.E0,-9.284766265281E-1,3.713908372471E-1));
#1668=VECTOR('',#1667,5.385164807134E-1);
#1669=CARTESIAN_POINT('',(-1.660001253576E1,1.500037169994E0,
-3.300958402747E1));
#1670=LINE('',#1669,#1668);
#1671=DIRECTION('',(0.E0,1.E0,-1.732870220650E-7));
#1672=VECTOR('',#1671,8.E0);
#1673=CARTESIAN_POINT('',(-1.660001253576E1,1.000037273966E0,
-3.240958394083E1));
#1674=LINE('',#1673,#1672);
#1675=DIRECTION('',(1.E0,0.E0,0.E0));
#1676=VECTOR('',#1675,1.2E0);
#1677=CARTESIAN_POINT('',(-1.660001253576E1,1.500037169994E0,
-3.300958402747E1));
#1678=LINE('',#1677,#1676);
#1679=DIRECTION('',(0.E0,1.E0,-1.732870202886E-7));
#1680=VECTOR('',#1679,7.E-1);
#1681=CARTESIAN_POINT('',(-1.660001253576E1,1.500037169994E0,
-3.300958402747E1));
#1682=LINE('',#1681,#1680);
#1683=DIRECTION('',(0.E0,9.284767552424E-1,3.713905154611E-1));
#1684=VECTOR('',#1683,5.385164807135E-1);
#1685=CARTESIAN_POINT('',(-1.660001253576E1,1.000046081861E0,1.841877427278E1));
#1686=LINE('',#1685,#1684);
#1687=DIRECTION('',(0.E0,1.E0,-1.732870253639E-7));
#1688=VECTOR('',#1687,7.E-1);
#1689=CARTESIAN_POINT('',(-1.660001253576E1,1.500046116518E0,1.861877418613E1));
#1690=LINE('',#1689,#1688);
#1691=DIRECTION('',(0.E0,1.E0,-1.732870216209E-7));
#1692=VECTOR('',#1691,8.E0);
#1693=CARTESIAN_POINT('',(-1.660001253576E1,1.000046012546E0,1.801877427278E1));
#1694=LINE('',#1693,#1692);
#1695=DIRECTION('',(0.E0,-9.284767552424E-1,-3.713905154611E-1));
#1696=VECTOR('',#1695,5.385164807135E-1);
#1697=CARTESIAN_POINT('',(-1.540001253576E1,1.500046116518E0,1.861877418613E1));
#1698=LINE('',#1697,#1696);
#1699=DIRECTION('',(0.E0,1.E0,-1.732870211768E-7));
#1700=VECTOR('',#1699,8.E0);
#1701=CARTESIAN_POINT('',(-1.540001253576E1,1.000046012672E0,1.801950138563E1));
#1702=LINE('',#1701,#1700);
#1703=DIRECTION('',(-1.E0,0.E0,0.E0));
#1704=VECTOR('',#1703,1.2E0);
#1705=CARTESIAN_POINT('',(-1.540001253576E1,1.500046116518E0,1.861877418613E1));
#1706=LINE('',#1705,#1704);
#1707=DIRECTION('',(0.E0,1.E0,-1.732870253639E-7));
#1708=VECTOR('',#1707,7.E-1);
#1709=CARTESIAN_POINT('',(-1.540001253576E1,1.500046116518E0,1.861877418613E1));
#1710=LINE('',#1709,#1708);
#1711=DIRECTION('',(0.E0,1.E0,-1.732870213335E-7));
#1712=VECTOR('',#1711,6.8E0);
#1713=CARTESIAN_POINT('',(2.249998746424E1,2.200046145822E0,1.878788035522E1));
#1714=LINE('',#1713,#1712);
#1715=DIRECTION('',(9.999998164261E-1,1.049994326813E-10,6.059272674203E-4));
#1716=VECTOR('',#1715,1.685000298308E1);
#1717=CARTESIAN_POINT('',(5.649987574381E0,9.000046144053E0,1.877766930061E1));
#1718=LINE('',#1717,#1716);
#1719=DIRECTION('',(0.E0,1.E0,-1.732870213335E-7));
#1720=VECTOR('',#1719,6.8E0);
#1721=CARTESIAN_POINT('',(5.649987574381E0,2.200046144053E0,1.877767047896E1));
#1722=LINE('',#1721,#1720);
#1723=DIRECTION('',(-9.999998164261E-1,-1.049993536150E-10,-6.059272674203E-4));
#1724=VECTOR('',#1723,1.685000298308E1);
#1725=CARTESIAN_POINT('',(2.249998746424E1,2.200046145822E0,1.878788035522E1));
#1726=LINE('',#1725,#1724);
#1727=DIRECTION('',(0.E0,1.E0,-1.732870213335E-7));
#1728=VECTOR('',#1727,6.8E0);
#1729=CARTESIAN_POINT('',(2.369998746424E1,2.200046145948E0,1.878860746808E1));
#1730=LINE('',#1729,#1728);
#1731=DIRECTION('',(-9.999998166649E-1,-1.049305491594E-10,-6.055329166954E-4));
#1732=VECTOR('',#1731,2.127031440500E1);
#1733=CARTESIAN_POINT('',(4.497029796964E1,2.200046148180E0,1.880148734360E1));
#1734=LINE('',#1733,#1732);
#1735=DIRECTION('',(9.999998165887E-1,1.049527428525E-10,6.056588186482E-4));
#1736=VECTOR('',#1735,2.127031440500E1);
#1737=CARTESIAN_POINT('',(2.369998746424E1,9.000046145948E0,1.878860628973E1));
#1738=LINE('',#1737,#1736);
#1739=DIRECTION('',(0.E0,1.E0,-1.732870213335E-7));
#1740=VECTOR('',#1739,6.8E0);
#1741=CARTESIAN_POINT('',(-1.660001253576E1,2.200046141717E0,1.876418859472E1));
#1742=LINE('',#1741,#1740);
#1743=DIRECTION('',(9.999998162723E-1,1.050434545255E-10,6.061809907501E-4));
#1744=VECTOR('',#1743,1.832967819697E1);
#1745=CARTESIAN_POINT('',(-3.492968736506E1,9.000046139791E0,1.875307631388E1));
#1746=LINE('',#1745,#1744);
#1747=DIRECTION('',(-2.922932484285E-10,1.E0,3.091061001929E-7));
#1748=VECTOR('',#1747,6.800000000001E0);
#1749=CARTESIAN_POINT('',(-3.492968736308E1,2.200046139791E0,1.875307421196E1));
#1750=LINE('',#1749,#1748);
#1751=DIRECTION('',(-9.999998161638E-1,-1.050748296277E-10,-6.063599504230E-4));
#1752=VECTOR('',#1751,1.832967819697E1);
#1753=CARTESIAN_POINT('',(-1.660001253576E1,2.200046141717E0,1.876418859472E1));
#1754=LINE('',#1753,#1752);
#1755=DIRECTION('',(0.E0,1.E0,-1.732870208111E-7));
#1756=VECTOR('',#1755,6.8E0);
#1757=CARTESIAN_POINT('',(-1.540001253576E1,2.200046141843E0,1.876491570757E1));
#1758=LINE('',#1757,#1756);
#1759=DIRECTION('',(-9.999998164261E-1,-1.049993154718E-10,-6.059272674206E-4));
#1760=VECTOR('',#1759,1.985000353380E1);
#1761=CARTESIAN_POINT('',(4.449987354092E0,2.200046143927E0,1.877694336597E1));
#1762=LINE('',#1761,#1760);
#1763=DIRECTION('',(0.E0,1.E0,-1.732870218560E-7));
#1764=VECTOR('',#1763,6.8E0);
#1765=CARTESIAN_POINT('',(4.449987354092E0,2.200046143927E0,1.877694336597E1));
#1766=LINE('',#1765,#1764);
#1767=DIRECTION('',(9.999998164261E-1,1.049994049608E-10,6.059272674203E-4));
#1768=VECTOR('',#1767,1.985000353380E1);
#1769=CARTESIAN_POINT('',(-1.540001253576E1,9.000046141843E0,1.876491452922E1));
#1770=LINE('',#1769,#1768);
#1771=DIRECTION('',(0.E0,9.284767552424E-1,3.713905154611E-1));
#1772=VECTOR('',#1771,5.385164807135E-1);
#1773=CARTESIAN_POINT('',(2.249998746424E1,1.000046081861E0,1.841877427278E1));
#1774=LINE('',#1773,#1772);
#1775=DIRECTION('',(0.E0,1.E0,-1.732870253639E-7));
#1776=VECTOR('',#1775,7.E-1);
#1777=CARTESIAN_POINT('',(2.249998746424E1,1.500046116518E0,1.861877418613E1));
#1778=LINE('',#1777,#1776);
#1779=DIRECTION('',(-1.E0,0.E0,0.E0));
#1780=VECTOR('',#1779,1.2E0);
#1781=CARTESIAN_POINT('',(2.369998746424E1,1.500046116518E0,1.861877418613E1));
#1782=LINE('',#1781,#1780);
#1783=DIRECTION('',(0.E0,1.E0,-1.732870253639E-7));
#1784=VECTOR('',#1783,7.E-1);
#1785=CARTESIAN_POINT('',(2.369998746424E1,1.500046116518E0,1.861877418613E1));
#1786=LINE('',#1785,#1784);
#1787=DIRECTION('',(0.E0,-9.284767552424E-1,-3.713905154611E-1));
#1788=VECTOR('',#1787,5.385164807135E-1);
#1789=CARTESIAN_POINT('',(2.369998746424E1,1.500046116518E0,1.861877418613E1));
#1790=LINE('',#1789,#1788);
#1791=DIRECTION('',(0.E0,1.E0,-1.732870216209E-7));
#1792=VECTOR('',#1791,8.E0);
#1793=CARTESIAN_POINT('',(2.369998746424E1,1.000046012546E0,1.801877427278E1));
#1794=LINE('',#1793,#1792);
#1795=DIRECTION('',(0.E0,1.E0,-1.732870211768E-7));
#1796=VECTOR('',#1795,8.E0);
#1797=CARTESIAN_POINT('',(2.249998746424E1,1.000046012672E0,1.801950138563E1));
#1798=LINE('',#1797,#1796);
#1799=DIRECTION('',(0.E0,-9.284767552424E-1,-3.713905154611E-1));
#1800=VECTOR('',#1799,5.385164807135E-1);
#1801=CARTESIAN_POINT('',(5.649987574381E0,1.500046116518E0,1.861877418613E1));
#1802=LINE('',#1801,#1800);
#1803=DIRECTION('',(0.E0,1.E0,-1.732870216209E-7));
#1804=VECTOR('',#1803,8.E0);
#1805=CARTESIAN_POINT('',(5.649987574381E0,1.000046012546E0,1.801877427278E1));
#1806=LINE('',#1805,#1804);
#1807=DIRECTION('',(0.E0,9.284767552424E-1,3.713905154611E-1));
#1808=VECTOR('',#1807,5.385164807135E-1);
#1809=CARTESIAN_POINT('',(4.449987354092E0,1.000046081861E0,1.841877427278E1));
#1810=LINE('',#1809,#1808);
#1811=DIRECTION('',(0.E0,1.E0,-1.732870253639E-7));
#1812=VECTOR('',#1811,7.E-1);
#1813=CARTESIAN_POINT('',(4.449987354092E0,1.500046116518E0,1.861877418613E1));
#1814=LINE('',#1813,#1812);
#1815=DIRECTION('',(0.E0,1.E0,-1.732870211768E-7));
#1816=VECTOR('',#1815,8.E0);
#1817=CARTESIAN_POINT('',(4.449987354092E0,1.000046012546E0,1.801877427278E1));
#1818=LINE('',#1817,#1816);
#1819=DIRECTION('',(-1.E0,0.E0,0.E0));
#1820=VECTOR('',#1819,1.200000220289E0);
#1821=CARTESIAN_POINT('',(5.649987574381E0,1.500046116518E0,1.861877418613E1));
#1822=LINE('',#1821,#1820);
#1823=DIRECTION('',(0.E0,1.E0,-1.732870253639E-7));
#1824=VECTOR('',#1823,7.E-1);
#1825=CARTESIAN_POINT('',(5.649987574381E0,1.500046116518E0,1.861877418613E1));
#1826=LINE('',#1825,#1824);
#1827=DIRECTION('',(6.059272674194E-4,-1.732869898756E-7,-9.999998164260E-1));
#1828=VECTOR('',#1827,3.000007958461E0);
#1829=CARTESIAN_POINT('',(4.497029796802E1,9.000046148181E0,1.880148884322E1));
#1830=LINE('',#1829,#1828);
#1831=DIRECTION('',(-2.386221938998E-10,1.E0,2.205327016427E-7));
#1832=VECTOR('',#1831,6.800000000001E0);
#1833=CARTESIAN_POINT('',(4.497029796964E1,2.200046148180E0,1.880148734360E1));
#1834=LINE('',#1833,#1832);
#1835=DIRECTION('',(-9.999998168707E-1,-1.048726242795E-10,-6.051929897367E-4));
#1836=VECTOR('',#1835,5.100000022665E0);
#1837=CARTESIAN_POINT('',(5.007029705835E1,2.200046148715E0,1.880457382786E1));
#1838=LINE('',#1837,#1836);
#1839=DIRECTION('',(1.187429177202E-8,9.999999999959E-1,2.859916094154E-6));
#1840=VECTOR('',#1839,5.000000000023E-1);
#1841=CARTESIAN_POINT('',(5.007029705241E1,1.700046148715E0,1.880457239790E1));
#1842=LINE('',#1841,#1840);
#1843=DIRECTION('',(9.999998165274E-1,1.049704546609E-10,6.057599769285E-4));
#1844=VECTOR('',#1843,5.100000015807E0);
#1845=CARTESIAN_POINT('',(4.497029797231E1,1.700046148180E0,1.880148302201E1));
#1846=LINE('',#1845,#1844);
#1847=DIRECTION('',(5.342158715186E-9,-9.999999999626E-1,-8.643177153209E-6));
#1848=VECTOR('',#1847,5.000000000194E-1);
#1849=CARTESIAN_POINT('',(4.497029796964E1,2.200046148180E0,1.880148734360E1));
#1850=LINE('',#1849,#1848);
#1851=DIRECTION('',(-1.187687814455E-8,9.999999997449E-1,2.258920054868E-5));
#1852=VECTOR('',#1851,5.000000001295E-1);
#1853=CARTESIAN_POINT('',(5.307211426629E1,1.700045629169E0,1.580639302272E1));
#1854=LINE('',#1853,#1852);
#1855=DIRECTION('',(-6.059274053863E-4,1.732869889782E-7,9.999998164260E-1));
#1856=VECTOR('',#1855,5.000013673551E0);
#1857=CARTESIAN_POINT('',(5.307514390567E1,2.200044762734E0,1.080639156164E1));
#1858=LINE('',#1857,#1856);
#1859=DIRECTION('',(3.290026029390E-9,1.E0,-1.732850130054E-7));
#1860=VECTOR('',#1859,5.E-1);
#1861=CARTESIAN_POINT('',(5.307514390402E1,1.700044762734E0,1.080639164829E1));
#1862=LINE('',#1861,#1860);
#1863=DIRECTION('',(6.059272679391E-4,-1.732869891602E-7,-9.999998164260E-1));
#1864=VECTOR('',#1863,5.000002292306E0);
#1865=CARTESIAN_POINT('',(5.307211426629E1,1.700045629169E0,1.580639302272E1));
#1866=LINE('',#1865,#1864);
#1867=DIRECTION('',(-9.999998164261E-1,-1.049993775731E-10,-6.059272674179E-4));
#1868=VECTOR('',#1867,3.100000023457E0);
#1869=CARTESIAN_POINT('',(5.307514390402E1,1.700044762734E0,1.080639164829E1));
#1870=LINE('',#1869,#1868);
#1871=DIRECTION('',(2.100510615117E-10,-1.E0,1.732871490745E-7));
#1872=VECTOR('',#1871,6.8E0);
#1873=CARTESIAN_POINT('',(5.307514390424E1,9.000044762734E0,1.080639038329E1));
#1874=LINE('',#1873,#1872);
#1875=DIRECTION('',(9.999998164261E-1,1.049998796022E-10,6.059272674273E-4));
#1876=VECTOR('',#1875,3.100000004617E0);
#1877=CARTESIAN_POINT('',(4.997514446870E1,9.000044762408E0,1.080451200876E1));
#1878=LINE('',#1877,#1876);
#1879=DIRECTION('',(-2.610488263911E-9,-1.E0,1.732854427378E-7));
#1880=VECTOR('',#1879,7.3E0);
#1881=CARTESIAN_POINT('',(4.997514446870E1,9.000044762408E0,1.080451200876E1));
#1882=LINE('',#1881,#1880);
#1883=DIRECTION('',(-7.913304714698E-13,1.E0,-1.719817751833E-7));
#1884=VECTOR('',#1883,7.3E0);
#1885=CARTESIAN_POINT('',(4.497211575465E1,1.700045628318E0,1.580148269095E1));
#1886=LINE('',#1885,#1884);
#1887=DIRECTION('',(0.E0,1.E0,-1.732870208111E-7));
#1888=VECTOR('',#1887,6.8E0);
#1889=CARTESIAN_POINT('',(5.309356518494E1,2.200039494497E0,-1.959540504197E1));
#1890=LINE('',#1889,#1888);
#1891=DIRECTION('',(0.E0,1.E0,-1.732870213335E-7));
#1892=VECTOR('',#1891,6.8E0);
#1893=CARTESIAN_POINT('',(5.307853818595E1,2.200043792015E0,5.204594958031E0));
#1894=LINE('',#1893,#1892);
#1895=DIRECTION('',(-6.059272674124E-4,1.732869905283E-7,9.999998164260E-1));
#1896=VECTOR('',#1895,6.148188718418E0);
#1897=CARTESIAN_POINT('',(5.308226354114E1,2.200042726614E0,
-9.435926317400E-1));
#1898=LINE('',#1897,#1896);
#1899=CARTESIAN_POINT('',(5.308243492326E1,8.217199965131E0,-1.226436335228E0));
#1900=DIRECTION('',(9.999998164261E-1,1.049993312582E-10,6.059272674204E-4));
#1901=DIRECTION('',(0.E0,1.E0,-1.732869831722E-7));
#1902=AXIS2_PLACEMENT_3D('',#1899,#1900,#1901);
#1904=DIRECTION('',(-6.059272674181E-4,1.732869893530E-7,9.999998164260E-1));
#1905=VECTOR('',#1904,1.193431457667E1);
#1906=CARTESIAN_POINT('',(5.308966624988E1,8.500040609541E0,-1.316074877009E1));
#1907=LINE('',#1906,#1905);
#1908=CARTESIAN_POINT('',(5.308966624987E1,8.217197897070E0,-1.316074871946E1));
#1909=DIRECTION('',(9.999998164261E-1,1.049993312582E-10,6.059272674204E-4));
#1910=DIRECTION('',(6.059272674216E-4,-1.732870475460E-7,-9.999998164260E-1));
#1911=AXIS2_PLACEMENT_3D('',#1908,#1909,#1910);
#1913=DIRECTION('',(1.889377861817E-14,1.E0,-1.733190890990E-7));
#1914=VECTOR('',#1913,6.017157288605E0);
#1915=CARTESIAN_POINT('',(5.308983763199E1,2.200040560527E0,-1.344359033712E1));
#1916=LINE('',#1915,#1914);
#1917=DIRECTION('',(-6.059272674239E-4,1.732869884943E-7,9.999998164260E-1));
#1918=VECTOR('',#1917,6.151815834163E0);
#1919=CARTESIAN_POINT('',(5.309356518494E1,2.200039494497E0,-1.959540504197E1));
#1920=LINE('',#1919,#1918);
#1921=DIRECTION('',(0.E0,1.E0,-1.732870202886E-7));
#1922=VECTOR('',#1921,6.8E0);
#1923=CARTESIAN_POINT('',(5.309429229780E1,2.200039286553E0,-2.079540504197E1));
#1924=LINE('',#1923,#1922);
#1925=DIRECTION('',(-6.059274292311E-4,1.732869916451E-7,9.999998164259E-1));
#1926=VECTOR('',#1925,4.398183945739E0);
#1927=CARTESIAN_POINT('',(5.309695727809E1,2.200038524405E0,-2.519358818032E1));
#1928=LINE('',#1927,#1926);
#1929=DIRECTION('',(1.046629449775E-10,-1.E0,1.732870840285E-7));
#1930=VECTOR('',#1929,6.8E0);
#1931=CARTESIAN_POINT('',(5.309695727738E1,9.000038524405E0,-2.519358935867E1));
#1932=LINE('',#1931,#1930);
#1933=DIRECTION('',(0.E0,1.E0,-1.732870213335E-7));
#1934=VECTOR('',#1933,6.8E0);
#1935=CARTESIAN_POINT('',(5.307781107310E1,2.200043999960E0,6.404594958031E0));
#1936=LINE('',#1935,#1934);
#1937=DIRECTION('',(-6.059268937114E-4,1.732869881217E-7,9.999998164263E-1));
#1938=VECTOR('',#1937,4.401797411669E0);
#1939=CARTESIAN_POINT('',(5.307781107310E1,2.200043999960E0,6.404594958031E0));
#1940=LINE('',#1939,#1938);
#1941=DIRECTION('',(3.713906763541E-1,9.284766908852E-1,-1.608929525737E-7));
#1942=VECTOR('',#1941,5.385164807135E-1);
#1943=CARTESIAN_POINT('',(5.269356503809E1,1.000039494497E0,-1.959540483402E1));
#1944=LINE('',#1943,#1942);
#1945=DIRECTION('',(-1.015061051086E-14,1.E0,-1.732870304392E-7));
#1946=VECTOR('',#1945,7.E-1);
#1947=CARTESIAN_POINT('',(5.289356503809E1,1.500039494497E0,-1.959540492067E1));
#1948=LINE('',#1947,#1946);
#1949=DIRECTION('',(0.E0,1.732870212138E-7,1.E0));
#1950=VECTOR('',#1949,1.2E0);
#1951=CARTESIAN_POINT('',(5.289356503809E1,1.500039286553E0,-2.079540492067E1));
#1952=LINE('',#1951,#1950);
#1953=DIRECTION('',(0.E0,1.E0,-1.732870253639E-7));
#1954=VECTOR('',#1953,7.E-1);
#1955=CARTESIAN_POINT('',(5.289356503809E1,1.500039286553E0,-2.079540492067E1));
#1956=LINE('',#1955,#1954);
#1957=DIRECTION('',(-3.713906763541E-1,-9.284766908852E-1,1.608929525737E-7));
#1958=VECTOR('',#1957,5.385164807135E-1);
#1959=CARTESIAN_POINT('',(5.289356503809E1,1.500039286553E0,-2.079540492067E1));
#1960=LINE('',#1959,#1958);
#1961=DIRECTION('',(0.E0,1.E0,-1.732870211768E-7));
#1962=VECTOR('',#1961,8.E0);
#1963=CARTESIAN_POINT('',(5.229429215094E1,1.000039286553E0,-2.079540483402E1));
#1964=LINE('',#1963,#1962);
#1965=DIRECTION('',(0.E0,1.E0,-1.732870207327E-7));
#1966=VECTOR('',#1965,8.E0);
#1967=CARTESIAN_POINT('',(5.229356503809E1,1.000039494497E0,-1.959540483402E1));
#1968=LINE('',#1967,#1966);
#1969=DIRECTION('',(-3.713906763541E-1,-9.284766908852E-1,1.608929624696E-7));
#1970=VECTOR('',#1969,5.385164807135E-1);
#1971=CARTESIAN_POINT('',(5.289356503809E1,1.500043792015E0,5.204595079331E0));
#1972=LINE('',#1971,#1970);
#1973=DIRECTION('',(0.E0,1.E0,-1.732870213988E-7));
#1974=VECTOR('',#1973,8.E0);
#1975=CARTESIAN_POINT('',(5.229356503809E1,1.000043792015E0,5.204595165975E0));
#1976=LINE('',#1975,#1974);
#1977=DIRECTION('',(3.713906763541E-1,9.284766908852E-1,-1.608929624696E-7));
#1978=VECTOR('',#1977,5.385164807135E-1);
#1979=CARTESIAN_POINT('',(5.269356503809E1,1.000043999960E0,6.404595165975E0));
#1980=LINE('',#1979,#1978);
#1981=DIRECTION('',(0.E0,1.E0,-1.732870177510E-7));
#1982=VECTOR('',#1981,7.E-1);
#1983=CARTESIAN_POINT('',(5.289356503809E1,1.500043999960E0,6.404595079331E0));
#1984=LINE('',#1983,#1982);
#1985=DIRECTION('',(0.E0,1.E0,-1.732870211768E-7));
#1986=VECTOR('',#1985,8.E0);
#1987=CARTESIAN_POINT('',(5.229429215094E1,1.000043999960E0,6.404595165975E0));
#1988=LINE('',#1987,#1986);
#1989=DIRECTION('',(0.E0,1.732870213988E-7,1.E0));
#1990=VECTOR('',#1989,1.2E0);
#1991=CARTESIAN_POINT('',(5.289356503809E1,1.500043792015E0,5.204595079331E0));
#1992=LINE('',#1991,#1990);
#1993=DIRECTION('',(-1.015061051086E-14,1.E0,-1.732870164821E-7));
#1994=VECTOR('',#1993,7.E-1);
#1995=CARTESIAN_POINT('',(5.289356503809E1,1.500043792015E0,5.204595079331E0));
#1996=LINE('',#1995,#1994);
#1997=DIRECTION('',(9.999998164316E-1,5.490750965458E-8,6.059180918199E-4));
#1998=VECTOR('',#1997,1.717157324728E0);
#1999=CARTESIAN_POINT('',(5.308226354114E1,8.217200015758E0,
-9.435936746785E-1));
#2000=LINE('',#1999,#1998);
#2001=DIRECTION('',(3.188325141531E-14,1.E0,-1.733274447832E-7));
#2002=VECTOR('',#2001,6.017157289144E0);
#2003=CARTESIAN_POINT('',(5.308226354114E1,2.200042726614E0,
-9.435926317400E-1));
#2004=LINE('',#2003,#2002);
#2005=DIRECTION('',(-9.999998164262E-1,-1.049996457008E-10,-6.059270449024E-4));
#2006=VECTOR('',#2005,1.099999996241E0);
#2007=CARTESIAN_POINT('',(5.418226333545E1,2.200042726730E0,
-9.429261119929E-1));
#2008=LINE('',#2007,#2006);
#2009=DIRECTION('',(-4.592110491240E-9,-9.999999999999E-1,4.574716042356E-7));
#2010=VECTOR('',#2009,6.339340081315E0);
#2011=CARTESIAN_POINT('',(5.508209182100E1,8.217200316471E0,
-6.595409912256E-1));
#2012=LINE('',#2011,#2010);
#2013=CARTESIAN_POINT('',(5.479924913131E1,8.217200063316E0,
-6.597105417095E-1));
#2014=DIRECTION('',(0.E0,-1.E0,1.732870212380E-7));
#2015=DIRECTION('',(6.060031220046E-4,-1.732869910226E-7,-9.999998163801E-1));
#2016=AXIS2_PLACEMENT_3D('',#2013,#2014,#2015);
#2018=DIRECTION('',(5.036895025508E-9,1.E0,-1.757686092037E-7));
#2019=VECTOR('',#2018,6.339339923928E0);
#2020=CARTESIAN_POINT('',(5.479942051873E1,1.877860186115E0,
-9.425521037320E-1));
#2021=LINE('',#2020,#2019);
#2022=DIRECTION('',(-6.059272676106E-4,1.101304276484E-7,9.999998164261E-1));
#2023=VECTOR('',#2022,4.600015401668E1);
#2024=CARTESIAN_POINT('',(5.509998659325E1,1.050005690540E1,-3.019245386814E1));
#2025=LINE('',#2024,#2023);
#2026=DIRECTION('',(1.565433080627E-9,9.999999999962E-1,-2.756819068508E-6));
#2027=VECTOR('',#2026,1.050001924727E1);
#2028=CARTESIAN_POINT('',(5.509998657681E1,3.765817114478E-5,
-3.019242492149E1));
#2029=LINE('',#2028,#2027);
#2030=DIRECTION('',(-6.059272684071E-4,1.732869896307E-7,9.999998164260E-1));
#2031=VECTOR('',#2030,1.491720718396E1);
#2032=CARTESIAN_POINT('',(5.509998657681E1,3.765817114478E-5,
-3.019242492149E1));
#2033=LINE('',#2032,#2031);
#2034=CARTESIAN_POINT('',(5.509060515406E1,1.312172375535E0,-1.470953538378E1));
#2035=DIRECTION('',(-9.999998164261E-1,-1.049993312582E-10,-6.059272674204E-4));
#2036=DIRECTION('',(-3.768231924084E-14,1.E0,-1.732163077369E-7));
#2037=AXIS2_PLACEMENT_3D('',#2034,#2035,#2036);
#2039=CARTESIAN_POINT('',(5.508966596680E1,8.217197897280E0,-1.315953686487E1));
#2040=DIRECTION('',(-9.999998164261E-1,-1.049993312582E-10,-6.059272674204E-4));
#2041=DIRECTION('',(-2.512152093442E-14,1.E0,-1.732516713310E-7));
#2042=AXIS2_PLACEMENT_3D('',#2039,#2040,#2041);
#2044=CARTESIAN_POINT('',(5.508243464018E1,8.217199965341E0,-1.225224480642E0));
#2045=DIRECTION('',(-9.999998164261E-1,-1.049993312582E-10,-6.059272674204E-4));
#2046=DIRECTION('',(-6.059272674158E-4,1.732162449330E-7,9.999998164260E-1));
#2047=AXIS2_PLACEMENT_3D('',#2044,#2045,#2046);
#2049=CARTESIAN_POINT('',(5.508149545291E1,1.312174980786E0,3.247764313699E-1));
#2050=DIRECTION('',(-9.999998164261E-1,-1.049993312582E-10,-6.059272674204E-4));
#2051=DIRECTION('',(-6.059272674158E-4,1.732162991014E-7,9.999998164260E-1));
#2052=AXIS2_PLACEMENT_3D('',#2049,#2050,#2051);
#2054=DIRECTION('',(-6.059272680659E-4,1.732869895590E-7,9.999998164260E-1));
#2055=VECTOR('',#2054,1.491720717657E1);
#2056=CARTESIAN_POINT('',(5.508115260464E1,4.304443202682E-5,
8.904619583306E-1));
#2057=LINE('',#2056,#2055);
#2058=DIRECTION('',(-1.565435543880E-9,9.999999999971E-1,2.410245982957E-6));
#2059=VECTOR('',#2058,1.050001634206E1);
#2060=CARTESIAN_POINT('',(5.507211386205E1,4.562938995108E-5,1.580766639649E1));
#2061=LINE('',#2060,#2059);
#2062=CARTESIAN_POINT('',(5.459998667534E1,1.050005400014E1,-3.019274083334E1));
#2063=DIRECTION('',(-6.059272676098E-4,1.732869894170E-7,9.999998164260E-1));
#2064=DIRECTION('',(9.999998164261E-1,1.050004527769E-10,6.059272676069E-4));
#2065=AXIS2_PLACEMENT_3D('',#2062,#2063,#2064);
#2067=CARTESIAN_POINT('',(5.457211394707E1,1.050006162767E1,1.580737273874E1));
#2068=DIRECTION('',(-6.023713092481E-4,-2.410253661609E-6,9.999998185715E-1));
#2069=DIRECTION('',(9.999998185741E-1,6.875803464368E-7,6.023713109080E-4));
#2070=AXIS2_PLACEMENT_3D('',#2067,#2068,#2069);
#2072=CARTESIAN_POINT('',(5.007211476348E1,1.050006162716E1,1.580466206784E1));
#2073=DIRECTION('',(1.565437770419E-9,-9.999999999971E-1,-2.410253155916E-6));
#2074=DIRECTION('',(9.999998164261E-1,1.049993869628E-10,6.059272676101E-4));
#2075=AXIS2_PLACEMENT_3D('',#2072,#2073,#2074);
#2077=CARTESIAN_POINT('',(5.007211477992E1,5.407443202188E-5,1.580463676017E1));
#2078=DIRECTION('',(1.565437770419E-9,-9.999999999971E-1,-2.410253155916E-6));
#2079=DIRECTION('',(9.999998164261E-1,1.049993740351E-10,6.059272676094E-4));
#2080=AXIS2_PLACEMENT_3D('',#2077,#2078,#2079);
#2082=CARTESIAN_POINT('',(5.479830994404E1,4.304440233494E-5,
8.902905976775E-1));
#2083=DIRECTION('',(0.E0,-1.E0,1.732870212380E-7));
#2084=DIRECTION('',(6.059272663662E-4,-1.732869894271E-7,-9.999998164260E-1));
#2085=AXIS2_PLACEMENT_3D('',#2082,#2083,#2084);
#2087=DIRECTION('',(6.059272674272E-4,-1.732869889322E-7,-9.999998164260E-1));
#2088=VECTOR('',#2087,8.982320857911E-1);
#2089=CARTESIAN_POINT('',(4.064142724298E1,4.649431000286E-5,2.079892336626E1));
#2090=LINE('',#2089,#2088);
#2091=DIRECTION('',(-2.216901600779E-8,-9.999999999988E-1,1.552683612168E-6));
#2092=VECTOR('',#2091,1.312132287486E0);
#2093=CARTESIAN_POINT('',(5.508115263373E1,1.312175331916E0,8.904599210043E-1));
#2094=LINE('',#2093,#2092);
#2095=CARTESIAN_POINT('',(5.479830994404E1,1.312175078761E0,8.902903703021E-1));
#2096=DIRECTION('',(0.E0,-1.E0,1.732870212380E-7));
#2097=DIRECTION('',(6.060023056569E-4,-1.732869894525E-7,-9.999998163806E-1));
#2098=AXIS2_PLACEMENT_3D('',#2095,#2096,#2097);
#2100=DIRECTION('',(2.484635784717E-8,1.E0,-1.852775324008E-7));
#2101=VECTOR('',#2100,1.312132130098E0);
#2102=CARTESIAN_POINT('',(5.479848133073E1,4.299538936802E-5,
6.074479371312E-1));
#2103=LINE('',#2102,#2101);
#2104=CARTESIAN_POINT('',(5.479865279283E1,1.877860342683E0,3.246041917812E-1));
#2105=DIRECTION('',(-6.059272674198E-4,1.515819512139E-6,9.999998164249E-1));
#2106=DIRECTION('',(-2.981519663581E-7,-9.999999999988E-1,1.515639132022E-6));
#2107=AXIS2_PLACEMENT_3D('',#2104,#2105,#2106);
#2109=CARTESIAN_POINT('',(5.479865279237E1,1.312174980756E0,3.246050492580E-1));
#2110=DIRECTION('',(-9.999998164261E-1,-1.049993312582E-10,-6.059272674204E-4));
#2111=DIRECTION('',(-6.059272674293E-4,1.846500370087E-7,9.999998164260E-1));
#2112=AXIS2_PLACEMENT_3D('',#2109,#2110,#2111);
#2114=DIRECTION('',(-6.058988008741E-4,-1.585890176334E-6,9.999998164420E-1));
#2115=VECTOR('',#2114,9.843143519922E-1);
#2116=CARTESIAN_POINT('',(5.508209179188E1,1.877860235157E0,
-6.595380911575E-1));
#2117=LINE('',#2116,#2115);
#2118=DIRECTION('',(6.058987944825E-4,-1.572850164343E-7,-9.999998164433E-1));
#2119=VECTOR('',#2118,9.843144813352E-1);
#2120=CARTESIAN_POINT('',(5.479865273756E1,1.595017677472E0,3.246049064870E-1));
#2121=LINE('',#2120,#2119);
#2122=CARTESIAN_POINT('',(5.479924913131E1,1.877860235127E0,
-6.597094431842E-1));
#2123=DIRECTION('',(0.E0,-1.E0,1.732870212380E-7));
#2124=DIRECTION('',(6.059651944241E-4,-1.732869894526E-7,-9.999998164031E-1));
#2125=AXIS2_PLACEMENT_3D('',#2122,#2123,#2124);
#2127=CARTESIAN_POINT('',(5.479924913131E1,1.877860235128E0,
-6.597094431843E-1));
#2128=DIRECTION('',(6.059272674204E-4,-1.732869894271E-7,-9.999998164260E-1));
#2129=DIRECTION('',(9.999998164261E-1,1.040696533926E-10,6.059272674202E-4));
#2130=AXIS2_PLACEMENT_3D('',#2127,#2128,#2129);
#2132=DIRECTION('',(9.999998164261E-1,1.050042878017E-10,6.059272643479E-4));
#2133=VECTOR('',#2132,6.171572932236E-1);
#2134=CARTESIAN_POINT('',(5.418226333880E1,1.877860186050E0,
-9.429260561624E-1));
#2135=LINE('',#2134,#2133);
#2136=DIRECTION('',(-9.999998164245E-1,-1.018942976478E-10,-6.059298876329E-4));
#2137=VECTOR('',#2136,6.171572887128E-1);
#2138=CARTESIAN_POINT('',(5.479924913252E1,1.595017522654E0,
-6.597093941706E-1));
#2139=LINE('',#2138,#2137);
#2140=CARTESIAN_POINT('',(5.479924913131E1,1.877860235127E0,
-6.597094431843E-1));
#2141=DIRECTION('',(-9.999998164261E-1,-1.049993312582E-10,-6.059272674204E-4));
#2142=DIRECTION('',(6.059272674215E-4,-1.732869886676E-7,-9.999998164260E-1));
#2143=AXIS2_PLACEMENT_3D('',#2140,#2141,#2142);
#2145=DIRECTION('',(0.E0,-1.E0,1.732870089845E-7));
#2146=VECTOR('',#2145,2.2E0);
#2147=CARTESIAN_POINT('',(5.417211295604E1,2.200045629602E0,1.580888859461E1));
#2148=LINE('',#2147,#2146);
#2149=DIRECTION('',(6.059272674190E-4,-1.732869896124E-7,-9.999998164260E-1));
#2150=VECTOR('',#2149,1.520181778180E1);
#2151=CARTESIAN_POINT('',(5.417211295604E1,4.562960180751E-5,1.580888897585E1));
#2152=LINE('',#2151,#2150);
#2153=CARTESIAN_POINT('',(5.418149553406E1,1.312174980692E0,3.242310967783E-1));
#2154=DIRECTION('',(9.999998164261E-1,1.049993312582E-10,6.059272674204E-4));
#2155=DIRECTION('',(0.E0,1.E0,-1.732870273311E-7));
#2156=AXIS2_PLACEMENT_3D('',#2153,#2154,#2155);
#2158=CARTESIAN_POINT('',(5.418209195710E1,1.877860235063E0,
-6.600833956131E-1));
#2159=DIRECTION('',(-9.999998164261E-1,-1.049993312582E-10,-6.059272674204E-4));
#2160=DIRECTION('',(6.059272674215E-4,-1.732870546114E-7,-9.999998164260E-1));
#2161=AXIS2_PLACEMENT_3D('',#2158,#2159,#2160);
#2163=DIRECTION('',(1.037349368112E-8,-1.E0,1.732885551325E-7));
#2164=VECTOR('',#2163,3.221825406800E-1);
#2165=CARTESIAN_POINT('',(5.418226333545E1,2.200042726730E0,
-9.429261119929E-1));
#2166=LINE('',#2165,#2164);
#2167=DIRECTION('',(-6.059270430331E-4,1.732869898441E-7,9.999998164262E-1));
#2168=VECTOR('',#2167,1.675181778180E1);
#2169=CARTESIAN_POINT('',(5.418226333545E1,2.200042726730E0,
-9.429261119929E-1));
#2170=LINE('',#2169,#2168);
#2171=CARTESIAN_POINT('',(5.007211370869E1,4.562917131423E-5,1.580640467405E1));
#2172=DIRECTION('',(0.E0,1.E0,-1.732870211823E-7));
#2173=DIRECTION('',(-6.059272674320E-4,1.732869893713E-7,9.999998164260E-1));
#2174=AXIS2_PLACEMENT_3D('',#2171,#2172,#2173);
#2176=CARTESIAN_POINT('',(4.014197159808E1,-6.849536613944E-1,
1.990038860043E1));
#2177=DIRECTION('',(6.059272674204E-4,-1.732869894270E-7,-9.999998164260E-1));
#2178=DIRECTION('',(9.999998164261E-1,1.050106668288E-10,6.059272674221E-4));
#2179=AXIS2_PLACEMENT_3D('',#2176,#2177,#2178);
#2181=DIRECTION('',(0.E0,1.E0,-1.732870171768E-7));
#2182=VECTOR('',#2181,6.85E-1);
#2183=CARTESIAN_POINT('',(4.064197150629E1,-6.849536613419E-1,
1.990069156406E1));
#2184=LINE('',#2183,#2182);
#2185=DIRECTION('',(9.999998164261E-1,1.049992830773E-10,6.059272674204E-4));
#2186=VECTOR('',#2185,9.427659631278E0);
#2187=CARTESIAN_POINT('',(4.064197150629E1,4.633865806935E-5,1.990069144536E1));
#2188=LINE('',#2187,#2186);
#2189=DIRECTION('',(-1.614869854E-14,-1.E0,1.732870202886E-7));
#2190=VECTOR('',#2189,2.2E0);
#2191=CARTESIAN_POINT('',(5.006962940690E1,2.200046339648E0,1.990640354016E1));
#2192=LINE('',#2191,#2190);
#2193=DIRECTION('',(-9.999998164261E-1,-1.049993289996E-10,-6.059272674204E-4));
#2194=VECTOR('',#2193,9.01E1);
#2195=CARTESIAN_POINT('',(5.006962940690E1,2.200046339648E0,1.990640354016E1));
#2196=LINE('',#2195,#2194);
#2197=DIRECTION('',(2.260817795600E-14,-1.E0,1.732870219035E-7));
#2198=VECTOR('',#2197,2.2E0);
#2199=CARTESIAN_POINT('',(-4.003035405309E1,2.200046330188E0,1.985180949337E1));
#2200=LINE('',#2199,#2198);
#2201=DIRECTION('',(9.999998164261E-1,1.049993340927E-10,6.059272674203E-4));
#2202=VECTOR('',#2201,6.695184324382E1);
#2203=CARTESIAN_POINT('',(-4.003035405309E1,4.633018752325E-5,
1.985180987460E1));
#2204=LINE('',#2203,#2202);
#2205=CARTESIAN_POINT('',(2.742147680833E1,-6.849536627301E-1,
1.989268090436E1));
#2206=DIRECTION('',(6.059272674204E-4,-1.732869894270E-7,-9.999998164260E-1));
#2207=DIRECTION('',(0.E0,-1.E0,1.732870202886E-7));
#2208=AXIS2_PLACEMENT_3D('',#2205,#2206,#2207);
#2210=DIRECTION('',(0.E0,-1.E0,1.732870184898E-7));
#2211=VECTOR('',#2210,1.185E0);
#2212=CARTESIAN_POINT('',(2.883325470118E1,4.633741816693E-5,1.989353622054E1));
#2213=LINE('',#2212,#2211);
#2214=DIRECTION('',(0.E0,-1.E0,1.732870184898E-7));
#2215=VECTOR('',#2214,1.185E0);
#2216=CARTESIAN_POINT('',(3.873019370523E1,4.633845733790E-5,1.989953304685E1));
#2217=LINE('',#2216,#2215);
#2218=DIRECTION('',(-6.059272674209E-4,1.732869895470E-7,9.999998164260E-1));
#2219=VECTOR('',#2218,8.982290242954E-1);
#2220=CARTESIAN_POINT('',(4.014197159808E1,-1.184953661394E0,1.990038868707E1));
#2221=LINE('',#2220,#2219);
#2222=DIRECTION('',(-9.999998164261E-1,-1.049998783077E-10,-6.059272674255E-4));
#2223=VECTOR('',#2222,1.411778152012E0);
#2224=CARTESIAN_POINT('',(4.014197159808E1,-1.184953661394E0,1.990038868707E1));
#2225=LINE('',#2224,#2223);
#2226=CARTESIAN_POINT('',(3.872989074160E1,-1.184953574899E0,2.039953316040E1));
#2227=DIRECTION('',(0.E0,-1.E0,1.732870212439E-7));
#2228=DIRECTION('',(-6.593406127578E-1,-1.302848713358E-7,-7.518443697789E-1));
#2229=AXIS2_PLACEMENT_3D('',#2226,#2227,#2228);
#2231=CARTESIAN_POINT('',(2.883295173754E1,-1.184953575938E0,2.039353633410E1));
#2232=DIRECTION('',(0.E0,-1.E0,1.732870212439E-7));
#2233=DIRECTION('',(6.059272674364E-4,-1.732869896465E-7,-9.999998164260E-1));
#2234=AXIS2_PLACEMENT_3D('',#2231,#2232,#2233);
#2236=DIRECTION('',(-9.999998164261E-1,-1.049995637475E-10,-6.059272674230E-4));
#2237=VECTOR('',#2236,1.411778152012E0);
#2238=CARTESIAN_POINT('',(2.883325470118E1,-1.184953662582E0,1.989353642588E1));
#2239=LINE('',#2238,#2237);
#2240=DIRECTION('',(-6.059272674169E-4,1.732869897942E-7,9.999998164260E-1));
#2241=VECTOR('',#2240,8.982290242954E-1);
#2242=CARTESIAN_POINT('',(2.742147680833E1,-1.184953662730E0,1.989268099101E1));
#2243=LINE('',#2242,#2241);
#2244=DIRECTION('',(9.999998036031E-1,4.420729326099E-11,6.267325312558E-4));
#2245=VECTOR('',#2244,8.355686930261E-1);
#2246=CARTESIAN_POINT('',(2.742093254687E1,-1.184953507079E0,2.079090985041E1));
#2247=LINE('',#2246,#2245);
#2248=DIRECTION('',(9.999998288161E-1,1.657945564387E-10,5.851220033316E-4));
#2249=VECTOR('',#2248,8.355686930261E-1);
#2250=CARTESIAN_POINT('',(3.930585878663E1,-1.184953505882E0,2.079812863685E1));
#2251=LINE('',#2250,#2249);
#2252=CARTESIAN_POINT('',(3.872989074160E1,4.642510083386E-5,2.039953295506E1));
#2253=DIRECTION('',(0.E0,1.E0,-1.732870212439E-7));
#2254=DIRECTION('',(6.059272674150E-4,-1.732869894330E-7,-9.999998164260E-1));
#2255=AXIS2_PLACEMENT_3D('',#2252,#2253,#2254);
#2257=DIRECTION('',(3.597684738026E-14,-1.E0,1.732869975033E-7));
#2258=VECTOR('',#2257,1.185E0);
#2259=CARTESIAN_POINT('',(3.840022043522E1,4.635995839691E-5,2.002361077017E1));
#2260=LINE('',#2259,#2258);
#2261=CARTESIAN_POINT('',(3.378483614591E1,4.544796429795E-5,1.476070018171E1));
#2262=DIRECTION('',(0.E0,-1.E0,1.732870212380E-7));
#2263=DIRECTION('',(6.593406127578E-1,1.302848712736E-7,7.518443697788E-1));
#2264=AXIS2_PLACEMENT_3D('',#2261,#2262,#2263);
#2266=DIRECTION('',(0.E0,-1.E0,1.732870154917E-7));
#2267=VECTOR('',#2266,1.185E0);
#2268=CARTESIAN_POINT('',(2.916307736477E1,4.635898850394E-5,2.001801373228E1));
#2269=LINE('',#2268,#2267);
#2270=CARTESIAN_POINT('',(3.378483614591E1,-1.184954552036E0,1.476070038706E1));
#2271=DIRECTION('',(0.E0,1.E0,-1.732870212380E-7));
#2272=DIRECTION('',(-6.602512544486E-1,1.301463149947E-7,7.510447929378E-1));
#2273=AXIS2_PLACEMENT_3D('',#2270,#2271,#2272);
#2275=DIRECTION('',(-9.999998164261E-1,-1.049992095492E-10,-6.059272674202E-4));
#2276=VECTOR('',#2275,9.896940820876E0);
#2277=CARTESIAN_POINT('',(3.873019370523E1,4.633845733790E-5,1.989953304685E1));
#2278=LINE('',#2277,#2276);
#2279=CARTESIAN_POINT('',(2.883295173754E1,4.642406166511E-5,2.039353612875E1));
#2280=DIRECTION('',(0.E0,1.E0,-1.732870212439E-7));
#2281=DIRECTION('',(6.602512544486E-1,-1.301463149890E-7,-7.510447929378E-1));
#2282=AXIS2_PLACEMENT_3D('',#2279,#2280,#2281);
#2284=CARTESIAN_POINT('',(4.014142733636E1,-6.849535057429E-1,
2.079861789358E1));
#2285=DIRECTION('',(-6.059272674204E-4,1.732869894270E-7,9.999998164260E-1));
#2286=DIRECTION('',(-2.842170943040E-14,-1.E0,1.732870202886E-7));
#2287=AXIS2_PLACEMENT_3D('',#2284,#2285,#2286);
#2289=DIRECTION('',(-2.989912166441E-6,9.999999999922E-1,2.579009157139E-6));
#2290=VECTOR('',#2289,1.066967937822E0);
#2291=CARTESIAN_POINT('',(3.930585878663E1,-1.184953505882E0,2.079812863685E1));
#2292=LINE('',#2291,#2290);
#2293=CARTESIAN_POINT('',(3.930585559649E1,-1.179855680678E-1,
2.079813138857E1));
#2294=CARTESIAN_POINT('',(3.930588718397E1,-8.997214783011E-2,
2.079813147522E1));
#2295=CARTESIAN_POINT('',(3.930220837069E1,-3.391081144116E-2,
2.079810363844E1));
#2296=CARTESIAN_POINT('',(3.928612919396E1,4.854335874296E-2,2.079810447661E1));
#2297=CARTESIAN_POINT('',(3.926005136948E1,1.278835909338E-1,2.079808606414E1));
#2298=CARTESIAN_POINT('',(3.922501596873E1,2.029416694524E-1,2.079806577470E1));
#2299=CARTESIAN_POINT('',(3.918220703378E1,2.728957851771E-1,2.079803979833E1));
#2300=CARTESIAN_POINT('',(3.913288501485E1,3.372586036435E-1,2.079801012473E1));
#2301=CARTESIAN_POINT('',(3.909656784351E1,3.762038481797E-1,2.079798820028E1));
#2302=CARTESIAN_POINT('',(3.907772192702E1,3.947164939518E-1,2.079797682565E1));
#2304=CARTESIAN_POINT('',(3.907772192702E1,3.947164939518E-1,2.079797682565E1));
#2305=CARTESIAN_POINT('',(3.902131111965E1,4.670072989598E-1,2.079794281903E1));
#2306=CARTESIAN_POINT('',(3.890840452196E1,6.102257996299E-1,2.079787475103E1));
#2307=CARTESIAN_POINT('',(3.873882336818E1,8.210411965405E-1,2.079777250528E1));
#2308=CARTESIAN_POINT('',(3.862555437758E1,9.587559438528E-1,2.079770420443E1));
#2309=CARTESIAN_POINT('',(3.856887177553E1,1.026918933843E0,2.079767002318E1));
#2311=CARTESIAN_POINT('',(3.856887177553E1,1.026918933843E0,2.079767002318E1));
#2312=CARTESIAN_POINT('',(3.854750476836E1,1.046180696349E0,2.079765712275E1));
#2313=CARTESIAN_POINT('',(3.850130011600E1,1.084098885546E0,2.079762921748E1));
#2314=CARTESIAN_POINT('',(3.842489721553E1,1.136348920382E0,2.079758304880E1));
#2315=CARTESIAN_POINT('',(3.833739765596E1,1.185882940880E0,2.079753014982E1));
#2316=CARTESIAN_POINT('',(3.823750454469E1,1.232030051795E0,2.079746973307E1));
#2317=CARTESIAN_POINT('',(3.812383672967E1,1.273906359523E0,2.079740095956E1));
#2318=CARTESIAN_POINT('',(3.799491905931E1,1.310395135502E0,2.079732293276E1));
#2319=CARTESIAN_POINT('',(3.784923697727E1,1.340127938459E0,2.079723473166E1));
#2320=CARTESIAN_POINT('',(3.768536610375E1,1.361462853820E0,2.079713548924E1));
#2321=CARTESIAN_POINT('',(3.750232971331E1,1.372474434155E0,2.079702460902E1));
#2322=CARTESIAN_POINT('',(3.729903445782E1,1.371152195972E0,2.079690142367E1));
#2323=CARTESIAN_POINT('',(3.715797902049E1,1.361020917946E0,2.079681592990E1));
#2324=CARTESIAN_POINT('',(3.708398077168E1,1.353600341240E0,2.079677107445E1));
#2326=DIRECTION('',(-9.999998164261E-1,-1.049995623231E-10,-6.059272674204E-4));
#2327=VECTOR('',#2326,6.605602880442E0);
#2328=CARTESIAN_POINT('',(3.708398077168E1,1.353600341240E0,2.079677107445E1));
#2329=LINE('',#2328,#2327);
#2330=CARTESIAN_POINT('',(3.047837910386E1,1.353600340546E0,2.079276855955E1));
#2331=CARTESIAN_POINT('',(3.040450826824E1,1.361008225565E0,2.079272381704E1));
#2332=CARTESIAN_POINT('',(3.026344350440E1,1.371147039032E0,2.079263836647E1));
#2333=CARTESIAN_POINT('',(3.006021374522E1,1.372481716301E0,2.079251522722E1));
#2334=CARTESIAN_POINT('',(2.987716964286E1,1.361474349055E0,2.079240428925E1));
#2335=CARTESIAN_POINT('',(2.971346563751E1,1.340180805751E0,2.079230504519E1));
#2336=CARTESIAN_POINT('',(2.956790043806E1,1.310503280177E0,2.079221677172E1));
#2337=CARTESIAN_POINT('',(2.943906304035E1,1.274077873667E0,2.079213861782E1));
#2338=CARTESIAN_POINT('',(2.932543847893E1,1.232268491934E0,2.079206966882E1));
#2339=CARTESIAN_POINT('',(2.922559284202E1,1.186202434462E0,2.079200905858E1));
#2340=CARTESIAN_POINT('',(2.913813970014E1,1.136764228559E0,2.079195594917E1));
#2341=CARTESIAN_POINT('',(2.906152300377E1,1.084457764758E0,2.079190939894E1));
#2342=CARTESIAN_POINT('',(2.901509053211E1,1.046392581696E0,2.079188117249E1));
#2343=CARTESIAN_POINT('',(2.899348810104E1,1.026918932838E0,2.079186803605E1));
#2345=CARTESIAN_POINT('',(2.899348810104E1,1.026918932838E0,2.079186803605E1));
#2346=CARTESIAN_POINT('',(2.893680549929E1,9.587559429928E-1,2.079183352622E1));
#2347=CARTESIAN_POINT('',(2.882353650924E1,8.210411958586E-1,2.079176456151E1));
#2348=CARTESIAN_POINT('',(2.865395535575E1,6.102257982467E-1,2.079166129953E1));
#2349=CARTESIAN_POINT('',(2.854104875860E1,4.670072977254E-1,2.079159254113E1));
#2350=CARTESIAN_POINT('',(2.848463795153E1,3.947164928384E-1,2.079155818604E1));
#2352=CARTESIAN_POINT('',(2.848463795153E1,3.947164928384E-1,2.079155818604E1));
#2353=CARTESIAN_POINT('',(2.846579159297E1,3.762034133739E-1,2.079154672190E1));
#2354=CARTESIAN_POINT('',(2.842947091876E1,3.372543324797E-1,2.079152463309E1));
#2355=CARTESIAN_POINT('',(2.838014345833E1,2.728830166741E-1,2.079149453220E1));
#2356=CARTESIAN_POINT('',(2.833732971366E1,2.029163064683E-1,2.079146862759E1));
#2357=CARTESIAN_POINT('',(2.830229118050E1,1.278417725828E-1,2.079144645664E1));
#2358=CARTESIAN_POINT('',(2.827621900646E1,4.849813782591E-2,2.079143327210E1));
#2359=CARTESIAN_POINT('',(2.826014863310E1,-3.394366148619E-2,
2.079141295208E1));
#2360=CARTESIAN_POINT('',(2.825647272684E1,-8.998329444574E-2,
2.079143633246E1));
#2361=CARTESIAN_POINT('',(2.825650426237E1,-1.179855692279E-1,
2.079143628408E1));
#2363=DIRECTION('',(-2.986574592980E-6,-9.999999999922E-1,-2.582630466764E-6));
#2364=VECTOR('',#2363,1.066967937822E0);
#2365=CARTESIAN_POINT('',(2.825650426237E1,-1.179855692279E-1,
2.079143628408E1));
#2366=LINE('',#2365,#2364);
#2367=CARTESIAN_POINT('',(2.742093254661E1,-6.849535070786E-1,
2.079091019752E1));
#2368=DIRECTION('',(-6.059272674204E-4,1.732869894270E-7,9.999998164260E-1));
#2369=DIRECTION('',(-9.999998164261E-1,-1.049991205093E-10,-6.059272674221E-4));
#2370=AXIS2_PLACEMENT_3D('',#2367,#2368,#2369);
#2372=DIRECTION('',(-9.999998164261E-1,-1.049993418312E-10,-6.059272674204E-4));
#2373=VECTOR('',#2372,6.695184324382E1);
#2374=CARTESIAN_POINT('',(2.692093263680E1,4.649286935586E-5,2.079060974293E1));
#2375=LINE('',#2374,#2373);
#2376=DIRECTION('',(1.557573761544E-9,-9.999999999971E-1,-2.410253160568E-6));
#2377=VECTOR('',#2376,1.050001505028E1);
#2378=CARTESIAN_POINT('',(-4.003089833276E1,1.050006153609E1,2.075006710319E1));
#2379=LINE('',#2378,#2377);
#2380=DIRECTION('',(-9.999998164261E-1,3.310717158068E-8,-6.059272673403E-4));
#2381=VECTOR('',#2380,9.009999999983E1);
#2382=CARTESIAN_POINT('',(5.006908512706E1,1.050005855314E1,2.080466114998E1));
#2383=LINE('',#2382,#2381);
#2384=DIRECTION('',(-1.573575609473E-9,9.999999999971E-1,2.410253151478E-6));
#2385=VECTOR('',#2384,1.050001205787E1);
#2386=CARTESIAN_POINT('',(5.006908514358E1,4.649529989973E-5,2.080463584229E1));
#2387=LINE('',#2386,#2385);
#2388=DIRECTION('',(-9.999998164261E-1,-1.049992163458E-10,-6.059272674200E-4));
#2389=VECTOR('',#2388,9.427659631278E0);
#2390=CARTESIAN_POINT('',(5.006908514358E1,4.649529989973E-5,2.080463584229E1));
#2391=LINE('',#2390,#2389);
#2392=CARTESIAN_POINT('',(3.930540695314E1,-1.184954794804E0,2.154381741083E1));
#2393=DIRECTION('',(-2.989918508288E-6,9.999999999913E-1,2.920142586851E-6));
#2394=DIRECTION('',(6.059277570439E-4,2.921953725456E-6,-9.999998164215E-1));
#2395=AXIS2_PLACEMENT_3D('',#2392,#2393,#2394);
#2397=DIRECTION('',(-5.521890626273E-6,-9.999999999845E-1,7.598761032002E-7));
#2398=VECTOR('',#2397,1.066966011269E0);
#2399=CARTESIAN_POINT('',(2.872745846566E1,-1.179874666486E-1,
2.095934052034E1));
#2400=LINE('',#2399,#2398);
#2401=CARTESIAN_POINT('',(3.378483614591E1,-1.179885407858E-1,
1.476070020217E1));
#2402=DIRECTION('',(0.E0,-1.E0,1.732870212380E-7));
#2403=DIRECTION('',(6.312317251713E-1,1.344004249246E-7,7.755942941624E-1));
#2404=AXIS2_PLACEMENT_3D('',#2401,#2402,#2403);
#2406=DIRECTION('',(-5.521175732248E-6,9.999999999845E-1,-7.665673880785E-7));
#2407=VECTOR('',#2406,1.066966011269E0);
#2408=CARTESIAN_POINT('',(3.883470415445E1,-1.184953476839E0,2.096546559156E1));
#2409=LINE('',#2408,#2407);
#2410=CARTESIAN_POINT('',(3.378483614591E1,-1.184954552036E0,1.476070038706E1));
#2411=DIRECTION('',(0.E0,-1.E0,1.732870212380E-7));
#2412=DIRECTION('',(6.312321293886E-1,1.344003679181E-7,7.755939651825E-1));
#2413=AXIS2_PLACEMENT_3D('',#2410,#2411,#2412);
#2415=CARTESIAN_POINT('',(2.825605242894E1,-1.179877481776E-1,
2.153712542204E1));
#2416=DIRECTION('',(2.986167526803E-6,9.999999999913E-1,2.923763661032E-6));
#2417=DIRECTION('',(6.321711689049E-1,3.776471671548E-7,-7.748287637958E-1));
#2418=AXIS2_PLACEMENT_3D('',#2415,#2416,#2417);
#2420=CARTESIAN_POINT('',(2.825604924280E1,-1.184954795965E0,2.153712230248E1));
#2421=DIRECTION('',(2.986167526803E-6,9.999999999913E-1,2.923763661032E-6));
#2422=DIRECTION('',(6.321715723904E-1,3.776449996896E-7,-7.748284345978E-1));
#2423=AXIS2_PLACEMENT_3D('',#2420,#2421,#2422);
#2425=CARTESIAN_POINT('',(2.884373108184E1,1.056193355793E-1,2.098514268291E1));
#2426=CARTESIAN_POINT('',(2.879443065980E1,1.453284854697E-1,2.092065703637E1));
#2427=CARTESIAN_POINT('',(2.868400039934E1,2.342495274706E-1,2.082782023770E1));
#2428=CARTESIAN_POINT('',(2.855503523959E1,3.380599236422E-1,2.079160070513E1));
#2429=CARTESIAN_POINT('',(2.848463795153E1,3.947164928384E-1,2.079155818604E1));
#2431=CARTESIAN_POINT('',(2.884373108184E1,1.056193355793E-1,2.098514268291E1));
#2432=CARTESIAN_POINT('',(2.883331282166E1,9.611103476979E-2,2.098294358416E1));
#2433=CARTESIAN_POINT('',(2.881364222306E1,7.666164964084E-2,2.097873468675E1));
#2434=CARTESIAN_POINT('',(2.878788003208E1,4.619622383727E-2,2.097309232706E1));
#2435=CARTESIAN_POINT('',(2.876628155756E1,1.468789062490E-2,2.096826140331E1));
#2436=CARTESIAN_POINT('',(2.874913729083E1,-1.769173966339E-2,
2.096435717771E1));
#2437=CARTESIAN_POINT('',(2.873669465130E1,-5.074330405922E-2,
2.096148560082E1));
#2438=CARTESIAN_POINT('',(2.872916043916E1,-8.425248409282E-2,
2.095972207668E1));
#2439=CARTESIAN_POINT('',(2.872745093969E1,-1.067519625965E-1,
2.095933784886E1));
#2440=CARTESIAN_POINT('',(2.872745846566E1,-1.179874666486E-1,
2.095934052034E1));
#2442=CARTESIAN_POINT('',(3.883469826355E1,-1.179874655874E-1,
2.096546477366E1));
#2443=CARTESIAN_POINT('',(3.883470580656E1,-1.067474965552E-1,
2.096546210668E1));
#2444=CARTESIAN_POINT('',(3.883299449561E1,-8.423929363401E-2,
2.096584457896E1));
#2445=CARTESIAN_POINT('',(3.882545398162E1,-5.072475434788E-2,
2.096759993153E1));
#2446=CARTESIAN_POINT('',(3.881300498553E1,-1.767396030810E-2,
2.097045706763E1));
#2447=CARTESIAN_POINT('',(3.879585731415E1,1.469912653796E-2,2.097434018736E1));
#2448=CARTESIAN_POINT('',(3.877425521393E1,4.620220427361E-2,2.097914441262E1));
#2449=CARTESIAN_POINT('',(3.874848893411E1,7.666377696254E-2,2.098475493791E1));
#2450=CARTESIAN_POINT('',(3.872881513606E1,9.611125974746E-2,2.098893959154E1));
#2451=CARTESIAN_POINT('',(3.871839446424E1,1.056193366161E-1,2.099112601181E1));
#2453=CARTESIAN_POINT('',(2.934558564803E1,7.236533228168E-1,2.097641420150E1));
#2454=CARTESIAN_POINT('',(2.929028826599E1,6.577565444751E-1,2.097740964867E1));
#2455=CARTESIAN_POINT('',(2.917939339603E1,5.241135424665E-1,2.097937005583E1));
#2456=CARTESIAN_POINT('',(2.901213422572E1,3.180735253124E-1,2.098228633525E1));
#2457=CARTESIAN_POINT('',(2.889997544245E1,1.770508607993E-1,2.098418973382E1));
#2458=CARTESIAN_POINT('',(2.884373108184E1,1.056193355793E-1,2.098514268291E1));
#2460=CARTESIAN_POINT('',(3.378483614591E1,7.236522457143E-1,1.476070005632E1));
#2461=DIRECTION('',(0.E0,1.E0,-1.732870212380E-7));
#2462=DIRECTION('',(-5.811909184460E-1,1.410153005175E-7,8.137672371851E-1));
#2463=AXIS2_PLACEMENT_3D('',#2460,#2461,#2462);
#2465=CARTESIAN_POINT('',(3.871839446424E1,1.056193366161E-1,2.099112601181E1));
#2466=CARTESIAN_POINT('',(3.866215993928E1,1.770400945331E-1,2.099010492934E1));
#2467=CARTESIAN_POINT('',(3.855001491926E1,3.180484151519E-1,2.098806603261E1));
#2468=CARTESIAN_POINT('',(3.838275928511E1,5.240895025269E-1,2.098494691088E1));
#2469=CARTESIAN_POINT('',(3.827185544134E1,6.577462475375E-1,2.098285211464E1));
#2470=CARTESIAN_POINT('',(3.821655084408E1,7.236533237483E-1,2.098178936219E1));
#2472=CARTESIAN_POINT('',(3.378483614591E1,1.056182569642E-1,1.476070016342E1));
#2473=DIRECTION('',(0.E0,-1.E0,1.732870212380E-7));
#2474=DIRECTION('',(6.207909550987E-1,1.358528902409E-7,7.839761412618E-1));
#2475=AXIS2_PLACEMENT_3D('',#2472,#2473,#2474);
#2477=CARTESIAN_POINT('',(2.897452070615E1,1.004608929989E0,2.146873128207E1));
#2478=DIRECTION('',(6.388990948323E-1,7.680755038906E-1,4.321998317577E-2));
#2479=DIRECTION('',(5.477002533440E-1,-4.146968356759E-1,-7.266711546273E-1));
#2480=AXIS2_PLACEMENT_3D('',#2477,#2478,#2479);
#2482=CARTESIAN_POINT('',(3.047816487650E1,1.353599488394E0,2.114632142853E1));
#2483=DIRECTION('',(9.999998164261E-1,1.049993092718E-10,6.059272674204E-4));
#2484=DIRECTION('',(0.E0,-1.E0,1.732870226900E-7));
#2485=AXIS2_PLACEMENT_3D('',#2482,#2483,#2484);
#2487=CARTESIAN_POINT('',(3.047816487650E1,1.000046554510E0,2.114632148979E1));
#2488=CARTESIAN_POINT('',(3.041203573853E1,1.000035574943E0,2.113882296535E1));
#2489=CARTESIAN_POINT('',(3.028745544428E1,9.968492328048E-1,2.112411914036E1));
#2490=CARTESIAN_POINT('',(3.011388401656E1,9.827513812599E-1,2.110195536624E1));
#2491=CARTESIAN_POINT('',(2.996314640460E1,9.618644848560E-1,2.108125860469E1));
#2492=CARTESIAN_POINT('',(2.983359286171E1,9.361805280436E-1,2.106223821412E1));
#2493=CARTESIAN_POINT('',(2.972320769341E1,9.074052243031E-1,2.104500098244E1));
#2494=CARTESIAN_POINT('',(2.962981684541E1,8.769046475907E-1,2.102956895346E1));
#2495=CARTESIAN_POINT('',(2.955121926472E1,8.457053940845E-1,2.101589459995E1));
#2496=CARTESIAN_POINT('',(2.948536806279E1,8.145474657494E-1,2.100389078078E1));
#2497=CARTESIAN_POINT('',(2.943036684393E1,7.839060163098E-1,2.099343627207E1));
#2498=CARTESIAN_POINT('',(2.938437720141E1,7.539485234121E-1,2.098436182777E1));
#2499=CARTESIAN_POINT('',(2.935771550100E1,7.336658634899E-1,2.097892542872E1));
#2500=CARTESIAN_POINT('',(2.934558564803E1,7.236533228168E-1,2.097641420150E1));
#2502=CARTESIAN_POINT('',(3.821655084408E1,7.236533237483E-1,2.098178936219E1));
#2503=CARTESIAN_POINT('',(3.820455005559E1,7.335568925284E-1,2.098425869022E1));
#2504=CARTESIAN_POINT('',(3.817801887745E1,7.537530187015E-1,2.098963585770E1));
#2505=CARTESIAN_POINT('',(3.813216635708E1,7.836572897794E-1,2.099862852992E1));
#2506=CARTESIAN_POINT('',(3.807714231552E1,8.143398719527E-1,2.100902134885E1));
#2507=CARTESIAN_POINT('',(3.801126432002E1,8.455353362231E-1,2.102095080048E1));
#2508=CARTESIAN_POINT('',(3.793263923370E1,8.767680936264E-1,2.103453522796E1));
#2509=CARTESIAN_POINT('',(3.783918826502E1,9.073068858284E-1,2.104986413716E1));
#2510=CARTESIAN_POINT('',(3.772870748404E1,9.361219109387E-1,2.106698210765E1));
#2511=CARTESIAN_POINT('',(3.759900791396E1,9.618437392566E-1,2.108586551316E1));
#2512=CARTESIAN_POINT('',(3.744825382745E1,9.827329701336E-1,2.110637902737E1));
#2513=CARTESIAN_POINT('',(3.727460563391E1,9.968439916391E-1,2.112834029404E1));
#2514=CARTESIAN_POINT('',(3.715001876050E1,1.000035529996E0,2.114289283139E1));
#2515=CARTESIAN_POINT('',(3.708376654432E1,1.000046555203E0,2.115032400470E1));
#2517=DIRECTION('',(-9.999998164261E-1,-1.049993270210E-10,-6.059272674204E-4));
#2518=VECTOR('',#2517,6.605602880442E0);
#2519=CARTESIAN_POINT('',(3.708376654432E1,1.000046555203E0,2.115032400470E1));
#2520=LINE('',#2519,#2518);
#2521=CARTESIAN_POINT('',(3.378483614591E1,1.000045447964E0,1.476070000843E1));
#2522=DIRECTION('',(0.E0,1.E0,-1.732870212380E-7));
#2523=DIRECTION('',(-4.598357786169E-1,1.538795634063E-7,8.880039733604E-1));
#2524=AXIS2_PLACEMENT_3D('',#2521,#2522,#2523);
#2526=CARTESIAN_POINT('',(3.708376654432E1,1.353599489088E0,2.115032394343E1));
#2527=DIRECTION('',(9.999998164261E-1,1.049993092718E-10,6.059272674204E-4));
#2528=DIRECTION('',(0.E0,-1.E0,1.732870226900E-7));
#2529=AXIS2_PLACEMENT_3D('',#2526,#2527,#2528);
#2531=CARTESIAN_POINT('',(3.821655084408E1,7.236533237483E-1,2.098178936219E1));
#2532=CARTESIAN_POINT('',(3.826605621096E1,7.662473643675E-1,2.092037494456E1));
#2533=CARTESIAN_POINT('',(3.837529088830E1,8.602563405173E-1,2.083163912437E1));
#2534=CARTESIAN_POINT('',(3.850093683193E1,9.684244377643E-1,2.079762871855E1));
#2535=CARTESIAN_POINT('',(3.856887177553E1,1.026918933843E0,2.079767002318E1));
#2537=CARTESIAN_POINT('',(3.909143634264E1,3.766438765867E-1,2.144360845549E1));
#2538=DIRECTION('',(6.149420259994E-1,-7.877901243447E-1,-3.511445065428E-2));
#2539=DIRECTION('',(-5.774372915887E-1,-4.195230760333E-1,-7.004045709147E-1));
#2540=AXIS2_PLACEMENT_3D('',#2537,#2538,#2539);
#2542=CARTESIAN_POINT('',(3.930540376300E1,-1.179877470175E-1,
2.154382052653E1));
#2543=DIRECTION('',(2.989918508288E-6,-9.999999999913E-1,-2.920142586851E-6));
#2544=DIRECTION('',(-6.312317251256E-1,3.775145106457E-7,-7.755942941995E-1));
#2545=AXIS2_PLACEMENT_3D('',#2542,#2543,#2544);
#2547=DIRECTION('',(-6.059272674138E-4,1.732869893944E-7,9.999998164260E-1));
#2548=VECTOR('',#2547,8.982303160657E-1);
#2549=CARTESIAN_POINT('',(2.692147690012E1,-6.849536627826E-1,
1.989237794073E1));
#2550=LINE('',#2549,#2548);
#2551=DIRECTION('',(0.E0,1.E0,-1.732870171768E-7));
#2552=VECTOR('',#2551,6.85E-1);
#2553=CARTESIAN_POINT('',(2.692147690012E1,-6.849536627826E-1,
1.989237794073E1));
#2554=LINE('',#2553,#2552);
#2555=DIRECTION('',(6.059272674272E-4,-1.732869890970E-7,-9.999998164260E-1));
#2556=VECTOR('',#2555,8.982320857911E-1);
#2557=CARTESIAN_POINT('',(2.692093263680E1,4.649286935586E-5,2.079060974293E1));
#2558=LINE('',#2557,#2556);
#2559=DIRECTION('',(1.565450121514E-9,-9.999999999971E-1,-2.410253164280E-6));
#2560=VECTOR('',#2559,6.850000000023E-1);
#2561=CARTESIAN_POINT('',(2.692093263680E1,4.649286935586E-5,2.079060974293E1));
#2562=LINE('',#2561,#2560);
#2563=CARTESIAN_POINT('',(5.006938809078E1,1.050006275068E1,2.030466124178E1));
#2564=DIRECTION('',(-9.999998164261E-1,-1.049993305232E-10,-6.059272674204E-4));
#2565=DIRECTION('',(-6.059272674150E-4,-2.410253660656E-6,9.999998164232E-1));
#2566=AXIS2_PLACEMENT_3D('',#2563,#2564,#2565);
#2568=DIRECTION('',(-6.059272674297E-4,1.732870039794E-7,9.999998164260E-1));
#2569=VECTOR('',#2568,8.982303160657E-1);
#2570=CARTESIAN_POINT('',(4.064197150629E1,-6.849536613419E-1,
1.990069156406E1));
#2571=LINE('',#2570,#2569);
#2572=DIRECTION('',(-1.565434562184E-9,9.999999999971E-1,2.410253164280E-6));
#2573=VECTOR('',#2572,6.850000000023E-1);
#2574=CARTESIAN_POINT('',(4.064142724405E1,-6.849535056903E-1,
2.079892171523E1));
#2575=LINE('',#2574,#2573);
#2576=DIRECTION('',(-1.083035421072E-14,1.E0,-1.732858498798E-7));
#2577=VECTOR('',#2576,1.312132035455E0);
#2578=CARTESIAN_POINT('',(5.418132415195E1,4.299532456747E-5,
6.070739847012E-1));
#2579=LINE('',#2578,#2577);
#2580=DIRECTION('',(-9.999998164261E-1,-1.049984379812E-10,-6.059272649387E-4));
#2581=VECTOR('',#2580,6.171572920780E-1);
#2582=CARTESIAN_POINT('',(5.479848133073E1,4.299538936802E-5,
6.074479371312E-1));
#2583=LINE('',#2582,#2581);
#2584=DIRECTION('',(-9.999998164415E-1,-1.534590330127E-7,-6.059017375141E-4));
#2585=VECTOR('',#2584,6.171573246702E-1);
#2586=CARTESIAN_POINT('',(5.479848136333E1,1.312175125488E0,6.074476940226E-1));
#2587=LINE('',#2586,#2585);
#2588=DIRECTION('',(-9.999998165181E-1,2.542491398825E-8,-6.057754075028E-4));
#2589=VECTOR('',#2588,6.171573167391E-1);
#2590=CARTESIAN_POINT('',(5.479865273756E1,1.595017677472E0,3.246049064870E-1));
#2591=LINE('',#2590,#2589);
#2592=DIRECTION('',(6.059272674366E-4,-1.732901040737E-7,-9.999998164260E-1));
#2593=VECTOR('',#2592,9.843145766737E-1);
#2594=CARTESIAN_POINT('',(5.418149553406E1,1.595017693163E0,3.242310477620E-1));
#2595=LINE('',#2594,#2593);
#2596=CARTESIAN_POINT('',(5.010271418382E1,1.050005321479E1,-3.469548267849E1));
#2597=DIRECTION('',(9.999998164261E-1,1.049992907367E-10,6.059272674203E-4));
#2598=DIRECTION('',(6.059272674150E-4,-2.746662573827E-6,-9.999998164223E-1));
#2599=AXIS2_PLACEMENT_3D('',#2596,#2597,#2598);
#2601=CARTESIAN_POINT('',(5.009998751112E1,1.050006562051E1,-3.019548350459E1));
#2602=DIRECTION('',(-1.565437770418E-9,-9.999999999962E-1,2.756827202863E-6));
#2603=DIRECTION('',(6.059272674193E-4,-2.756827645456E-6,-9.999998164223E-1));
#2604=AXIS2_PLACEMENT_3D('',#2601,#2602,#2603);
#2606=DIRECTION('',(9.999998164261E-1,1.049993420898E-10,6.059272674214E-4));
#2607=VECTOR('',#2606,6.019806529383E0);
#2608=CARTESIAN_POINT('',(-2.811545203271E1,1.050005183324E1,
-3.524287729869E1));
#2609=LINE('',#2608,#2607);
#2610=DIRECTION('',(1.565437428235E-9,9.999999999962E-1,-2.756827202775E-6));
#2611=VECTOR('',#2610,1.050001505028E1);
#2612=CARTESIAN_POINT('',(-2.811545204915E1,3.678299831182E-5,
-3.524284835196E1));
#2613=LINE('',#2612,#2611);
#2614=DIRECTION('',(1.565436074822E-9,9.999999999962E-1,-2.756827202098E-6));
#2615=VECTOR('',#2614,1.050001505028E1);
#2616=CARTESIAN_POINT('',(-2.209564662485E1,3.678363038752E-5,
-3.523920078704E1));
#2617=LINE('',#2616,#2615);
#2618=DIRECTION('',(9.999998164261E-1,1.049992683709E-10,6.059272674205E-4));
#2619=VECTOR('',#2618,3.157922611753E1);
#2620=CARTESIAN_POINT('',(-1.959564706735E1,1.050005183414E1,
-3.523771491560E1));
#2621=LINE('',#2620,#2619);
#2622=DIRECTION('',(1.565437766588E-9,9.999999999962E-1,-2.756827203452E-6));
#2623=VECTOR('',#2622,1.050001505028E1);
#2624=CARTESIAN_POINT('',(-1.959564708378E1,3.678389288594E-5,
-3.523768596887E1));
#2625=LINE('',#2624,#2623);
#2626=DIRECTION('',(1.565437935765E-9,9.999999999962E-1,-2.756827202098E-6));
#2627=VECTOR('',#2626,1.050001505028E1);
#2628=CARTESIAN_POINT('',(1.198357323663E1,3.678720868313E-5,
-3.521855125469E1));
#2629=LINE('',#2628,#2627);
#2630=DIRECTION('',(9.999998164261E-1,1.049993420898E-10,6.059272674213E-4));
#2631=VECTOR('',#2630,6.019806529384E0);
#2632=CARTESIAN_POINT('',(1.448357279413E1,1.050005183772E1,-3.521706538324E1));
#2633=LINE('',#2632,#2631);
#2634=DIRECTION('',(1.565437428235E-9,9.999999999962E-1,-2.756827203452E-6));
#2635=VECTOR('',#2634,1.050001505028E1);
#2636=CARTESIAN_POINT('',(1.448357277769E1,3.678747118185E-5,
-3.521703643652E1));
#2637=LINE('',#2636,#2635);
#2638=DIRECTION('',(1.565437428235E-9,9.999999999962E-1,-2.756827202098E-6));
#2639=VECTOR('',#2638,1.050001505028E1);
#2640=CARTESIAN_POINT('',(2.050337820200E1,3.678810325755E-5,
-3.521338887160E1));
#2641=LINE('',#2640,#2639);
#2642=DIRECTION('',(9.999998164261E-1,1.049990470045E-10,6.059272674214E-4));
#2643=VECTOR('',#2642,6.019806529383E0);
#2644=CARTESIAN_POINT('',(2.300337775950E1,1.050005183861E1,-3.521190300016E1));
#2645=LINE('',#2644,#2643);
#2646=DIRECTION('',(1.565437428235E-9,9.999999999962E-1,-2.756827202775E-6));
#2647=VECTOR('',#2646,1.050001505028E1);
#2648=CARTESIAN_POINT('',(2.300337774306E1,3.678836575597E-5,
-3.521187405343E1));
#2649=LINE('',#2648,#2647);
#2650=DIRECTION('',(1.565437766588E-9,9.999999999962E-1,-2.756827202098E-6));
#2651=VECTOR('',#2650,1.050001505028E1);
#2652=CARTESIAN_POINT('',(2.902318316737E1,3.678899783138E-5,
-3.520822648851E1));
#2653=LINE('',#2652,#2651);
#2654=DIRECTION('',(9.999998164260E-1,3.199000708020E-7,6.059272665391E-4));
#2655=VECTOR('',#2654,9.381516460888E0);
#2656=CARTESIAN_POINT('',(-3.999696631246E1,1.050004883183E1,
-3.525007663349E1));
#2657=LINE('',#2656,#2655);
#2658=DIRECTION('',(-1.572913791588E-9,-9.999999999962E-1,2.756827198058E-6));
#2659=VECTOR('',#2658,1.050001205012E1);
#2660=CARTESIAN_POINT('',(-3.999696631246E1,1.050004883183E1,
-3.525007663349E1));
#2661=LINE('',#2660,#2659);
#2662=DIRECTION('',(1.565437089882E-9,9.999999999962E-1,-2.756827202098E-6));
#2663=VECTOR('',#2662,1.050001505028E1);
#2664=CARTESIAN_POINT('',(-3.061545159022E1,3.678273581310E-5,
-3.524436317013E1));
#2665=LINE('',#2664,#2663);
#2666=DIRECTION('',(9.999998164261E-1,1.050002410726E-10,6.059272674208E-4));
#2667=VECTOR('',#2666,1.857983783328E1);
#2668=CARTESIAN_POINT('',(3.152318272487E1,1.050005183951E1,-3.520674061707E1));
#2669=LINE('',#2668,#2667);
#2670=DIRECTION('',(1.565437766588E-9,9.999999999962E-1,-2.756827203452E-6));
#2671=VECTOR('',#2670,1.050001505028E1);
#2672=CARTESIAN_POINT('',(3.152318270843E1,3.678926032951E-5,
-3.520671167034E1));
#2673=LINE('',#2672,#2671);
#2674=DIRECTION('',(1.558264002069E-9,9.999999999962E-1,-2.756827206835E-6));
#2675=VECTOR('',#2674,1.050001505028E1);
#2676=CARTESIAN_POINT('',(5.010301713102E1,3.679121120096E-5,
-3.519545363997E1));
#2677=LINE('',#2676,#2675);
#2678=CARTESIAN_POINT('',(-2.811545203193E1,1.100005321166E1,
-3.474287729355E1));
#2679=CARTESIAN_POINT('',(-2.811545203193E1,1.100005318278E1,
-3.490954440610E1));
#2680=CARTESIAN_POINT('',(-2.811545203213E1,1.087382612327E1,
-3.511665125961E1));
#2681=CARTESIAN_POINT('',(-2.811545203245E1,1.066671894580E1,
-3.524287775816E1));
#2682=CARTESIAN_POINT('',(-2.811545203271E1,1.050005183324E1,
-3.524287729869E1));
#2684=DIRECTION('',(0.E0,1.732870240922E-7,1.E0));
#2685=VECTOR('',#2684,2.999987633010E-1);
#2686=CARTESIAN_POINT('',(-2.811545203193E1,1.100005321166E1,
-3.474287729355E1));
#2687=LINE('',#2686,#2685);
#2688=DIRECTION('',(-1.400172901493E-9,-8.944281599711E-1,-4.472116575523E-1));
#2689=VECTOR('',#2688,1.118032874403E0);
#2690=CARTESIAN_POINT('',(-3.061545157300E1,1.100005326338E1,
-3.444439334842E1));
#2691=LINE('',#2690,#2689);
#2692=DIRECTION('',(1.400172901493E-9,8.944281599711E-1,4.472116575523E-1));
#2693=VECTOR('',#2692,1.118032874403E0);
#2694=CARTESIAN_POINT('',(-2.811545203350E1,1.000005317700E1,
-3.494287586521E1));
#2695=LINE('',#2694,#2693);
#2696=DIRECTION('',(1.184237675534E-14,1.732870250559E-7,1.E0));
#2697=VECTOR('',#2696,3.000000550732E-1);
#2698=CARTESIAN_POINT('',(-3.061545159022E1,3.678273581310E-5,
-3.524436317013E1));
#2699=LINE('',#2698,#2697);
#2700=DIRECTION('',(0.E0,-1.732870240922E-7,-1.E0));
#2701=VECTOR('',#2700,2.999987633010E-1);
#2702=CARTESIAN_POINT('',(-3.061545157300E1,1.100005326338E1,
-3.444439334842E1));
#2703=LINE('',#2702,#2701);
#2704=CARTESIAN_POINT('',(-3.061545157378E1,1.050005183298E1,
-3.524439211686E1));
#2705=CARTESIAN_POINT('',(-3.061545157352E1,1.066671894554E1,
-3.524439257633E1));
#2706=CARTESIAN_POINT('',(-3.061545157319E1,1.087382612301E1,
-3.511816607778E1));
#2707=CARTESIAN_POINT('',(-3.061545157300E1,1.100005318251E1,
-3.491105922427E1));
#2708=CARTESIAN_POINT('',(-3.061545157300E1,1.100005321139E1,
-3.474439211172E1));
#2710=DIRECTION('',(9.999998164261E-1,1.049983211487E-10,6.059272674207E-4));
#2711=VECTOR('',#2710,2.5E0);
#2712=CARTESIAN_POINT('',(-3.061545157456E1,1.000005317674E1,
-3.494439068338E1));
#2713=LINE('',#2712,#2711);
#2714=DIRECTION('',(1.565437130742E-9,9.999999999962E-1,-2.756827203472E-6));
#2715=VECTOR('',#2714,1.000001634206E1);
#2716=CARTESIAN_POINT('',(-3.061545159022E1,3.683472193016E-5,
-3.494436311506E1));
#2717=LINE('',#2716,#2715);
#2718=DIRECTION('',(1.565437130742E-9,9.999999999962E-1,-2.756827202761E-6));
#2719=VECTOR('',#2718,1.000001634206E1);
#2720=CARTESIAN_POINT('',(-2.811545204915E1,3.683498442858E-5,
-3.494284829689E1));
#2721=LINE('',#2720,#2719);
#2722=DIRECTION('',(9.999998164261E-1,1.049983211487E-10,6.059272674179E-4));
#2723=VECTOR('',#2722,2.5E0);
#2724=CARTESIAN_POINT('',(-2.209564660919E1,1.000005317764E1,
-3.493922830029E1));
#2725=LINE('',#2724,#2723);
#2726=DIRECTION('',(1.565436775472E-9,9.999999999962E-1,-2.756827203472E-6));
#2727=VECTOR('',#2726,1.000001634206E1);
#2728=CARTESIAN_POINT('',(-2.209564662485E1,3.683561650458E-5,
-3.493920073197E1));
#2729=LINE('',#2728,#2727);
#2730=DIRECTION('',(1.565437841284E-9,9.999999999962E-1,-2.756827202761E-6));
#2731=VECTOR('',#2730,1.000001634206E1);
#2732=CARTESIAN_POINT('',(-1.959564708378E1,3.683587900241E-5,
-3.493768591380E1));
#2733=LINE('',#2732,#2731);
#2734=DIRECTION('',(9.999998164261E-1,1.049983211487E-10,6.059272674179E-4));
#2735=VECTOR('',#2734,2.5E0);
#2736=CARTESIAN_POINT('',(1.198357325228E1,1.000005318121E1,-3.491857876793E1));
#2737=LINE('',#2736,#2735);
#2738=DIRECTION('',(1.565437308378E-9,9.999999999962E-1,-2.756827202761E-6));
#2739=VECTOR('',#2738,1.000001634206E1);
#2740=CARTESIAN_POINT('',(1.198357323663E1,3.683919480078E-5,
-3.491855119961E1));
#2741=LINE('',#2740,#2739);
#2742=DIRECTION('',(1.565437663649E-9,9.999999999962E-1,-2.756827202761E-6));
#2743=VECTOR('',#2742,1.000001634206E1);
#2744=CARTESIAN_POINT('',(1.448357277769E1,3.683945729832E-5,
-3.491703638144E1));
#2745=LINE('',#2744,#2743);
#2746=DIRECTION('',(9.999998164261E-1,1.049983211487E-10,6.059272674179E-4));
#2747=VECTOR('',#2746,2.5E0);
#2748=CARTESIAN_POINT('',(2.050337821765E1,1.000005318211E1,-3.491341638484E1));
#2749=LINE('',#2748,#2747);
#2750=DIRECTION('',(1.565437130742E-9,9.999999999962E-1,-2.756827202051E-6));
#2751=VECTOR('',#2750,1.000001634206E1);
#2752=CARTESIAN_POINT('',(2.050337820200E1,3.684008937432E-5,
-3.491338881652E1));
#2753=LINE('',#2752,#2751);
#2754=DIRECTION('',(1.565437486013E-9,9.999999999962E-1,-2.756827202761E-6));
#2755=VECTOR('',#2754,1.000001634206E1);
#2756=CARTESIAN_POINT('',(2.300337774306E1,3.684035187244E-5,
-3.491187399836E1));
#2757=LINE('',#2756,#2755);
#2758=DIRECTION('',(9.999998164261E-1,1.049990316915E-10,6.059272674179E-4));
#2759=VECTOR('',#2758,2.5E0);
#2760=CARTESIAN_POINT('',(2.902318318302E1,1.000005318300E1,-3.490825400175E1));
#2761=LINE('',#2760,#2759);
#2762=DIRECTION('',(1.565437130742E-9,9.999999999962E-1,-2.756827202761E-6));
#2763=VECTOR('',#2762,1.000001634206E1);
#2764=CARTESIAN_POINT('',(2.902318316737E1,3.684098394815E-5,
-3.490822643343E1));
#2765=LINE('',#2764,#2763);
#2766=DIRECTION('',(1.565437130742E-9,9.999999999962E-1,-2.756827202761E-6));
#2767=VECTOR('',#2766,1.000001634206E1);
#2768=CARTESIAN_POINT('',(3.152318270843E1,3.684124644657E-5,
-3.490671161527E1));
#2769=LINE('',#2768,#2767);
#2770=DIRECTION('',(-1.400172901493E-9,-8.944281599711E-1,-4.472116575523E-1));
#2771=VECTOR('',#2770,1.118032874403E0);
#2772=CARTESIAN_POINT('',(-2.209564660763E1,1.100005326427E1,
-3.443923096533E1));
#2773=LINE('',#2772,#2771);
#2774=DIRECTION('',(1.400169723846E-9,8.944281599711E-1,4.472116575523E-1));
#2775=VECTOR('',#2774,1.118032874403E0);
#2776=CARTESIAN_POINT('',(-1.959564706813E1,1.000005317790E1,
-3.493771348212E1));
#2777=LINE('',#2776,#2775);
#2778=DIRECTION('',(0.E0,1.732870250559E-7,1.E0));
#2779=VECTOR('',#2778,3.000000550732E-1);
#2780=CARTESIAN_POINT('',(-2.209564662485E1,3.678363038752E-5,
-3.523920078704E1));
#2781=LINE('',#2780,#2779);
#2782=DIRECTION('',(1.184242774773E-14,-1.732870240922E-7,-1.E0));
#2783=VECTOR('',#2782,2.999987633010E-1);
#2784=CARTESIAN_POINT('',(-2.209564660763E1,1.100005326427E1,
-3.443923096533E1));
#2785=LINE('',#2784,#2783);
#2786=CARTESIAN_POINT('',(-2.209564660841E1,1.050005183388E1,
-3.523922973377E1));
#2787=CARTESIAN_POINT('',(-2.209564660815E1,1.066671894643E1,
-3.523923019324E1));
#2788=CARTESIAN_POINT('',(-2.209564660783E1,1.087382612390E1,
-3.511300369469E1));
#2789=CARTESIAN_POINT('',(-2.209564660763E1,1.100005318341E1,
-3.490589684118E1));
#2790=CARTESIAN_POINT('',(-2.209564660763E1,1.100005321229E1,
-3.473922972863E1));
#2792=CARTESIAN_POINT('',(-1.959564706656E1,1.100005321255E1,
-3.473771491046E1));
#2793=CARTESIAN_POINT('',(-1.959564706656E1,1.100005318367E1,
-3.490438202302E1));
#2794=CARTESIAN_POINT('',(-1.959564706676E1,1.087382612417E1,
-3.511148887652E1));
#2795=CARTESIAN_POINT('',(-1.959564706708E1,1.066671894669E1,
-3.523771537507E1));
#2796=CARTESIAN_POINT('',(-1.959564706735E1,1.050005183414E1,
-3.523771491560E1));
#2798=DIRECTION('',(1.184242774773E-14,1.732870181710E-7,1.E0));
#2799=VECTOR('',#2798,2.999987633010E-1);
#2800=CARTESIAN_POINT('',(-1.959564706656E1,1.100005321255E1,
-3.473771491046E1));
#2801=LINE('',#2800,#2799);
#2802=CARTESIAN_POINT('',(1.198357325385E1,1.100005321587E1,-3.471858019627E1));
#2803=CARTESIAN_POINT('',(1.198357325385E1,1.100005318699E1,-3.488524730883E1));
#2804=CARTESIAN_POINT('',(1.198357325365E1,1.087382612748E1,-3.509235416233E1));
#2805=CARTESIAN_POINT('',(1.198357325333E1,1.066671895001E1,-3.521858066089E1));
#2806=CARTESIAN_POINT('',(1.198357325306E1,1.050005183745E1,-3.521858020141E1));
#2808=DIRECTION('',(0.E0,-1.732870181710E-7,-1.E0));
#2809=VECTOR('',#2808,2.999987633010E-1);
#2810=CARTESIAN_POINT('',(1.198357325385E1,1.100005326785E1,-3.441858143297E1));
#2811=LINE('',#2810,#2809);
#2812=DIRECTION('',(-1.400169723846E-9,-8.944281599711E-1,-4.472116575523E-1));
#2813=VECTOR('',#2812,1.118032874403E0);
#2814=CARTESIAN_POINT('',(1.198357325385E1,1.100005326785E1,-3.441858143297E1));
#2815=LINE('',#2814,#2813);
#2816=DIRECTION('',(1.400172901493E-9,8.944281599711E-1,4.472116575523E-1));
#2817=VECTOR('',#2816,1.118032874403E0);
#2818=CARTESIAN_POINT('',(1.448357279335E1,1.000005318148E1,-3.491706394976E1));
#2819=LINE('',#2818,#2817);
#2820=CARTESIAN_POINT('',(1.448357279413E1,1.050005183772E1,-3.521706538324E1));
#2821=CARTESIAN_POINT('',(1.448357279439E1,1.066671895027E1,-3.521706584272E1));
#2822=CARTESIAN_POINT('',(1.448357279472E1,1.087382612774E1,-3.509083934417E1));
#2823=CARTESIAN_POINT('',(1.448357279491E1,1.100005318725E1,-3.488373249066E1));
#2824=CARTESIAN_POINT('',(1.448357279491E1,1.100005321613E1,-3.471706537810E1));
#2826=DIRECTION('',(0.E0,1.732870240922E-7,1.E0));
#2827=VECTOR('',#2826,2.999987633010E-1);
#2828=CARTESIAN_POINT('',(1.448357279491E1,1.100005321613E1,-3.471706537810E1));
#2829=LINE('',#2828,#2827);
#2830=CARTESIAN_POINT('',(2.050337821922E1,1.100005321676E1,-3.471341781318E1));
#2831=CARTESIAN_POINT('',(2.050337821922E1,1.100005318788E1,-3.488008492574E1));
#2832=CARTESIAN_POINT('',(2.050337821902E1,1.087382612838E1,-3.508719177925E1));
#2833=CARTESIAN_POINT('',(2.050337821870E1,1.066671895090E1,-3.521341827780E1));
#2834=CARTESIAN_POINT('',(2.050337821843E1,1.050005183835E1,-3.521341781832E1));
#2836=DIRECTION('',(2.368475351069E-14,1.732870240690E-7,1.E0));
#2837=VECTOR('',#2836,3.000000550732E-1);
#2838=CARTESIAN_POINT('',(2.050337820200E1,3.678810325755E-5,
-3.521338887160E1));
#2839=LINE('',#2838,#2837);
#2840=DIRECTION('',(0.E0,-1.732870240922E-7,-1.E0));
#2841=VECTOR('',#2840,2.999987633010E-1);
#2842=CARTESIAN_POINT('',(2.050337821922E1,1.100005326875E1,-3.441341904988E1));
#2843=LINE('',#2842,#2841);
#2844=DIRECTION('',(-1.400172901493E-9,-8.944281599711E-1,-4.472116575523E-1));
#2845=VECTOR('',#2844,1.118032874403E0);
#2846=CARTESIAN_POINT('',(2.050337821922E1,1.100005326875E1,-3.441341904988E1));
#2847=LINE('',#2846,#2845);
#2848=DIRECTION('',(1.400172901493E-9,8.944281599711E-1,4.472116575523E-1));
#2849=VECTOR('',#2848,1.118032874403E0);
#2850=CARTESIAN_POINT('',(2.300337775872E1,1.000005318237E1,-3.491190156667E1));
#2851=LINE('',#2850,#2849);
#2852=CARTESIAN_POINT('',(2.300337775950E1,1.050005183861E1,-3.521190300016E1));
#2853=CARTESIAN_POINT('',(2.300337775976E1,1.066671895117E1,-3.521190345963E1));
#2854=CARTESIAN_POINT('',(2.300337776008E1,1.087382612864E1,-3.508567696108E1));
#2855=CARTESIAN_POINT('',(2.300337776028E1,1.100005318814E1,-3.487857010757E1));
#2856=CARTESIAN_POINT('',(2.300337776028E1,1.100005321702E1,-3.471190299501E1));
#2858=DIRECTION('',(-2.368485549546E-14,1.732870181710E-7,1.E0));
#2859=VECTOR('',#2858,2.999987633010E-1);
#2860=CARTESIAN_POINT('',(2.300337776028E1,1.100005321702E1,-3.471190299501E1));
#2861=LINE('',#2860,#2859);
#2862=CARTESIAN_POINT('',(2.902318318459E1,1.100005321766E1,-3.470825543009E1));
#2863=CARTESIAN_POINT('',(2.902318318459E1,1.100005318878E1,-3.487492254265E1));
#2864=CARTESIAN_POINT('',(2.902318318439E1,1.087382612927E1,-3.508202939616E1));
#2865=CARTESIAN_POINT('',(2.902318318406E1,1.066671895180E1,-3.520825589471E1));
#2866=CARTESIAN_POINT('',(2.902318318380E1,1.050005183924E1,-3.520825543523E1));
#2868=DIRECTION('',(0.E0,1.732870240690E-7,1.E0));
#2869=VECTOR('',#2868,3.000000550732E-1);
#2870=CARTESIAN_POINT('',(2.902318316737E1,3.678899783138E-5,
-3.520822648851E1));
#2871=LINE('',#2870,#2869);
#2872=DIRECTION('',(1.184242774773E-14,-1.732870240922E-7,-1.E0));
#2873=VECTOR('',#2872,2.999987633010E-1);
#2874=CARTESIAN_POINT('',(2.902318318459E1,1.100005326964E1,-3.440825666679E1));
#2875=LINE('',#2874,#2873);
#2876=DIRECTION('',(-1.400169723846E-9,-8.944281599711E-1,-4.472116575523E-1));
#2877=VECTOR('',#2876,1.118032874403E0);
#2878=CARTESIAN_POINT('',(2.902318318459E1,1.100005326964E1,-3.440825666679E1));
#2879=LINE('',#2878,#2877);
#2880=DIRECTION('',(1.400169723846E-9,8.944281599711E-1,4.472116575523E-1));
#2881=VECTOR('',#2880,1.118032874403E0);
#2882=CARTESIAN_POINT('',(3.152318272409E1,1.000005318327E1,-3.490673918358E1));
#2883=LINE('',#2882,#2881);
#2884=CARTESIAN_POINT('',(3.152318272487E1,1.050005183951E1,-3.520674061707E1));
#2885=CARTESIAN_POINT('',(3.152318272513E1,1.066671895206E1,-3.520674107654E1));
#2886=CARTESIAN_POINT('',(3.152318272545E1,1.087382612953E1,-3.508051457799E1));
#2887=CARTESIAN_POINT('',(3.152318272565E1,1.100005318904E1,-3.487340772448E1));
#2888=CARTESIAN_POINT('',(3.152318272565E1,1.100005321792E1,-3.470674061192E1));
#2890=DIRECTION('',(1.184242774773E-14,1.732870240922E-7,1.E0));
#2891=VECTOR('',#2890,2.999987633010E-1);
#2892=CARTESIAN_POINT('',(3.152318272565E1,1.100005321792E1,-3.470674061192E1));
#2893=LINE('',#2892,#2891);
#2894=CARTESIAN_POINT('',(-3.999726927618E1,1.050005321041E1,
-3.475007672528E1));
#2895=DIRECTION('',(9.999998164261E-1,1.049993319110E-10,6.059272674204E-4));
#2896=DIRECTION('',(6.059272674150E-4,-2.756827637285E-6,-9.999998164223E-1));
#2897=AXIS2_PLACEMENT_3D('',#2894,#2895,#2896);
#2899=DIRECTION('',(-2.104399166683E-8,-1.E0,1.612687051758E-7));
#2900=VECTOR('',#2899,1.312131940655E0);
#2901=CARTESIAN_POINT('',(5.480793382076E1,1.312172232767E0,-1.499254941072E1));
#2902=LINE('',#2901,#2900);
#2903=DIRECTION('',(2.054681588700E-8,9.999999999993E-1,1.146397493310E-6));
#2904=VECTOR('',#2903,1.312131781228E0);
#2905=CARTESIAN_POINT('',(5.509094783421E1,4.024312907139E-5,
-1.527522047593E1));
#2906=LINE('',#2905,#2904);
#2907=DIRECTION('',(-9.999998164106E-1,1.517549341737E-7,-6.059527973129E-4));
#2908=VECTOR('',#2907,6.171573167391E-1);
#2909=CARTESIAN_POINT('',(5.480793382076E1,1.312172232767E0,-1.499254941072E1));
#2910=LINE('',#2909,#2908);
#2911=DIRECTION('',(9.999998164261E-1,1.050008370771E-10,6.059272699014E-4));
#2912=VECTOR('',#2911,6.171572891171E-1);
#2913=CARTESIAN_POINT('',(5.419077661732E1,4.029204753160E-5,
-1.499292315155E1));
#2914=LINE('',#2913,#2912);
#2915=DIRECTION('',(-4.332141687846E-14,-1.E0,1.732881909864E-7));
#2916=VECTOR('',#2915,1.312132034377E0);
#2917=CARTESIAN_POINT('',(5.419077661732E1,1.312172326424E0,-1.499292337892E1));
#2918=LINE('',#2917,#2916);
#2919=DIRECTION('',(-9.999998165190E-1,2.542492650567E-8,-6.057739093657E-4));
#2920=VECTOR('',#2919,6.171573272952E-1);
#2921=CARTESIAN_POINT('',(5.480776244927E1,1.595015072221E0,-1.470970691065E1));
#2922=LINE('',#2921,#2920);
#2923=CARTESIAN_POINT('',(5.480810525770E1,1.312171518028E0,-1.527539202397E1));
#2924=DIRECTION('',(8.134770707145E-10,9.999999999989E-1,-1.515819310376E-6));
#2925=DIRECTION('',(-6.062246054519E-4,1.515819524851E-6,9.999998162447E-1));
#2926=AXIS2_PLACEMENT_3D('',#2923,#2924,#2925);
#2928=CARTESIAN_POINT('',(5.480776249351E1,1.312172375505E0,-1.470970676589E1));
#2929=DIRECTION('',(-9.999998164261E-1,-1.049993312582E-10,-6.059272674204E-4));
#2930=DIRECTION('',(6.883286872580E-12,1.E0,-1.846500550648E-7));
#2931=AXIS2_PLACEMENT_3D('',#2928,#2929,#2930);
#2933=DIRECTION('',(-6.059557334993E-4,2.003499645087E-6,9.999998164068E-1));
#2934=VECTOR('',#2933,9.843148281660E-1);
#2935=CARTESIAN_POINT('',(5.509060509815E1,1.877855969048E0,-1.470953573495E1));
#2936=LINE('',#2935,#2934);
#2937=CARTESIAN_POINT('',(5.480776240941E1,1.877857800446E0,-1.470970686395E1));
#2938=DIRECTION('',(-6.059272674204E-4,1.732869894271E-7,9.999998164260E-1));
#2939=DIRECTION('',(7.503906461634E-8,-1.E0,1.733324923019E-7));
#2940=AXIS2_PLACEMENT_3D('',#2937,#2938,#2939);
#2942=DIRECTION('',(6.059650014279E-4,-1.892889659182E-7,-9.999998164032E-1));
#2943=VECTOR('',#2942,9.843146707808E-1);
#2944=CARTESIAN_POINT('',(5.480716598903E1,1.595015258541E0,-1.372539242059E1));
#2945=LINE('',#2944,#2943);
#2946=DIRECTION('',(6.059272673930E-4,-1.732838731158E-7,-9.999998164260E-1));
#2947=VECTOR('',#2946,9.843145761347E-1);
#2948=CARTESIAN_POINT('',(5.419000881217E1,1.595015258478E0,-1.372576637302E1));
#2949=LINE('',#2948,#2947);
#2950=CARTESIAN_POINT('',(5.419000881217E1,1.877857970949E0,-1.372576642203E1));
#2951=DIRECTION('',(-9.999998164261E-1,-1.049993312582E-10,-6.059272674204E-4));
#2952=DIRECTION('',(0.E0,-1.E0,1.732870412657E-7));
#2953=AXIS2_PLACEMENT_3D('',#2950,#2951,#2952);
#2955=CARTESIAN_POINT('',(5.419060523521E1,1.312172375440E0,-1.471008071837E1));
#2956=DIRECTION('',(9.999998164261E-1,1.049993312582E-10,6.059272674204E-4));
#2957=DIRECTION('',(6.059272674215E-4,-1.732869996582E-7,-9.999998164260E-1));
#2958=AXIS2_PLACEMENT_3D('',#2955,#2956,#2957);
#2960=DIRECTION('',(-6.059272666540E-4,1.732869895873E-7,9.999998164260E-1));
#2961=VECTOR('',#2960,1.520000000342E1);
#2962=CARTESIAN_POINT('',(5.419998671177E1,3.765808528928E-5,
-3.019292036464E1));
#2963=LINE('',#2962,#2961);
#2964=DIRECTION('',(1.325511014081E-9,-1.E0,1.803533694106E-7));
#2965=VECTOR('',#2964,2.2E0);
#2966=CARTESIAN_POINT('',(5.419998670886E1,2.200037658085E0,-3.019292076142E1));
#2967=LINE('',#2966,#2965);
#2968=DIRECTION('',(6.059270920654E-4,-1.732869897110E-7,-9.999998164261E-1));
#2969=VECTOR('',#2968,1.675000001875E1);
#2970=CARTESIAN_POINT('',(5.418983743006E1,2.200040560642E0,-1.344292381753E1));
#2971=LINE('',#2970,#2969);
#2972=DIRECTION('',(3.528646738928E-13,1.E0,-1.739687184959E-7));
#2973=VECTOR('',#2972,3.221825422971E-1);
#2974=CARTESIAN_POINT('',(5.418983743006E1,1.877858018345E0,-1.344292376148E1));
#2975=LINE('',#2974,#2973);
#2976=DIRECTION('',(9.999998164261E-1,1.018935778378E-10,6.059272674192E-4));
#2977=VECTOR('',#2976,6.171572901531E-1);
#2978=CARTESIAN_POINT('',(5.419000881217E1,1.595015258478E0,-1.372576637302E1));
#2979=LINE('',#2978,#2977);
#2980=DIRECTION('',(-9.999998164261E-1,-2.725210856473E-9,-6.059272705156E-4));
#2981=VECTOR('',#2980,6.171572887260E-1);
#2982=CARTESIAN_POINT('',(5.480699460549E1,1.877858020027E0,-1.344254980905E1));
#2983=LINE('',#2982,#2981);
#2984=CARTESIAN_POINT('',(5.480716598637E1,1.877857971014E0,-1.372539246960E1));
#2985=DIRECTION('',(-9.999998164261E-1,-1.049993312582E-10,-6.059272674204E-4));
#2986=DIRECTION('',(0.E0,-1.E0,1.732870224245E-7));
#2987=AXIS2_PLACEMENT_3D('',#2984,#2985,#2986);
#2989=DIRECTION('',(9.999998164263E-1,1.050000490595E-10,6.059268951297E-4));
#2990=VECTOR('',#2989,1.1E0);
#2991=CARTESIAN_POINT('',(5.308983763199E1,2.200040560527E0,-1.344359033712E1));
#2992=LINE('',#2991,#2990);
#2993=DIRECTION('',(9.999998164205E-1,-7.743774895955E-9,6.059364429854E-4));
#2994=VECTOR('',#2993,1.717157316739E0);
#2995=CARTESIAN_POINT('',(5.308983763199E1,8.217197849131E0,-1.344359138001E1));
#2996=LINE('',#2995,#2994);
#2997=DIRECTION('',(9.999998164303E-1,-9.070562881597E-9,6.059202919621E-4));
#2998=VECTOR('',#2997,1.717157324518E0);
#2999=CARTESIAN_POINT('',(5.308966624988E1,8.500040609541E0,-1.316074877009E1));
#3000=LINE('',#2999,#2998);
#3001=CARTESIAN_POINT('',(5.479959192839E1,8.217199965311E0,-1.225395862785E0));
#3002=DIRECTION('',(9.999998164261E-1,1.049993312582E-10,6.059272674204E-4));
#3003=DIRECTION('',(-1.037517096698E-11,1.E0,-1.561709939159E-7));
#3004=AXIS2_PLACEMENT_3D('',#3001,#3002,#3003);
#3006=DIRECTION('',(9.999998164591E-1,-9.070615666420E-9,6.058726870185E-4));
#3007=VECTOR('',#3006,1.717157319486E0);
#3008=CARTESIAN_POINT('',(5.308243492326E1,8.500042677603E0,-1.226436384242E0));
#3009=LINE('',#3008,#3007);
#3010=CARTESIAN_POINT('',(5.479959198009E1,8.782885327238E0,-1.225396720230E0));
#3011=DIRECTION('',(-6.059272674198E-4,1.515819574384E-6,9.999998164249E-1));
#3012=DIRECTION('',(-2.593108683863E-7,-9.999999999988E-1,1.515662729138E-6));
#3013=AXIS2_PLACEMENT_3D('',#3010,#3011,#3012);
#3015=DIRECTION('',(-6.059272687753E-4,4.310608032852E-8,9.999998164261E-1));
#3016=VECTOR('',#3015,1.193431435815E1);
#3017=CARTESIAN_POINT('',(5.508966591077E1,8.782883029361E0,-1.315953699918E1));
#3018=LINE('',#3017,#3016);
#3019=CARTESIAN_POINT('',(5.480682322215E1,8.782883322190E0,-1.315970834505E1));
#3020=DIRECTION('',(-6.059272674204E-4,1.732869894271E-7,9.999998164260E-1));
#3021=DIRECTION('',(7.768141717769E-8,-1.E0,1.733340875160E-7));
#3022=AXIS2_PLACEMENT_3D('',#3019,#3020,#3021);
#3024=DIRECTION('',(6.059276890879E-4,-1.732869830977E-7,-9.999998164258E-1));
#3025=VECTOR('',#3024,1.193431449493E1);
#3026=CARTESIAN_POINT('',(5.479959192757E1,8.500042662027E0,-1.225396005523E0));
#3027=LINE('',#3026,#3025);
#3028=CARTESIAN_POINT('',(5.480716607043E1,8.217197690399E0,-1.372539350507E1));
#3029=DIRECTION('',(1.165666681460E-10,9.999999999999E-1,-3.656643130599E-7));
#3030=DIRECTION('',(-6.062246056530E-4,3.656643154658E-7,9.999998162458E-1));
#3031=AXIS2_PLACEMENT_3D('',#3028,#3029,#3030);
#3033=CARTESIAN_POINT('',(5.480682330625E1,8.217197897250E0,-1.315970824698E1));
#3034=DIRECTION('',(-9.999998164261E-1,-1.049993312582E-10,-6.059272674204E-4));
#3035=DIRECTION('',(0.E0,1.E0,-1.732692059403E-7));
#3036=AXIS2_PLACEMENT_3D('',#3033,#3034,#3035);
#3038=DIRECTION('',(4.421710615355E-9,1.E0,-1.719719858748E-7));
#3039=VECTOR('',#3038,6.339339821852E0);
#3040=CARTESIAN_POINT('',(5.509000864693E1,1.877857941122E0,-1.372522108749E1));
#3041=LINE('',#3040,#3039);
#3042=DIRECTION('',(-4.417421139706E-9,-1.E0,1.707997155772E-7));
#3043=VECTOR('',#3042,6.339339815807E0);
#3044=CARTESIAN_POINT('',(5.480699463349E1,8.217197835834E0,-1.344255089181E1));
#3045=LINE('',#3044,#3043);
#3046=CARTESIAN_POINT('',(5.480716598637E1,1.877857971014E0,-1.372539246960E1));
#3047=DIRECTION('',(-6.059272674204E-4,1.732869894271E-7,9.999998164260E-1));
#3048=DIRECTION('',(3.751943182225E-8,-1.E0,1.733097573631E-7));
#3049=AXIS2_PLACEMENT_3D('',#3046,#3047,#3048);
#3051=CARTESIAN_POINT('',(5.480716598637E1,1.877857971014E0,-1.372539246961E1));
#3052=DIRECTION('',(0.E0,-1.E0,1.732870212380E-7));
#3053=DIRECTION('',(9.999998164261E-1,1.049991481281E-10,6.059272683504E-4));
#3054=AXIS2_PLACEMENT_3D('',#3051,#3052,#3053);
#3056=DIRECTION('',(-3.532737738707E-9,-1.E0,1.732848789712E-7));
#3057=VECTOR('',#3056,2.2E0);
#3058=CARTESIAN_POINT('',(5.010247178956E1,2.200036947178E0,-3.429540429158E1));
#3059=LINE('',#3058,#3057);
#3060=DIRECTION('',(9.999998164261E-1,1.049993165889E-10,6.059272674538E-4));
#3061=VECTOR('',#3060,9.010000001775E1);
#3062=CARTESIAN_POINT('',(-3.999751169595E1,3.693771769906E-5,
-3.434999795716E1));
#3063=LINE('',#3062,#3061);
#3064=DIRECTION('',(1.060266056770E-8,-1.E0,1.661363507372E-7));
#3065=VECTOR('',#3064,2.2E0);
#3066=CARTESIAN_POINT('',(-3.999751171928E1,2.200036937718E0,
-3.434999832266E1));
#3067=LINE('',#3066,#3065);
#3068=DIRECTION('',(-9.999998164262E-1,-1.049992895119E-10,-6.059270926968E-4));
#3069=VECTOR('',#3068,9.010000004884E1);
#3070=CARTESIAN_POINT('',(5.010247178956E1,2.200036947178E0,-3.429540429158E1));
#3071=LINE('',#3070,#3069);
#3072=DIRECTION('',(-2.144547166112E-12,-1.E0,1.768197967842E-7));
#3073=VECTOR('',#3072,2.2E0);
#3074=CARTESIAN_POINT('',(-4.409999524287E1,2.200037647764E0,
-3.025248341616E1));
#3075=LINE('',#3074,#3073);
#3076=DIRECTION('',(6.059272674220E-4,-1.732869906921E-7,-9.999998164260E-1));
#3077=VECTOR('',#3076,3.000000019057E0);
#3078=CARTESIAN_POINT('',(-3.492968735961E1,1.700046139790E0,1.875306858016E1));
#3079=LINE('',#3078,#3077);
#3080=DIRECTION('',(-6.059272674143E-4,1.732869895923E-7,9.999998164260E-1));
#3081=VECTOR('',#3080,3.000008998712E0);
#3082=CARTESIAN_POINT('',(-3.492786957781E1,9.000045619929E0,1.575306786589E1));
#3083=LINE('',#3082,#3081);
#3084=DIRECTION('',(-1.579740904300E-12,1.E0,-1.706765308080E-7));
#3085=VECTOR('',#3084,7.3E0);
#3086=CARTESIAN_POINT('',(-3.492786957780E1,1.700045619929E0,1.575306911183E1));
#3087=LINE('',#3086,#3085);
#3088=DIRECTION('',(-9.999998158776E-1,-1.051556224499E-10,-6.068317483538E-4));
#3089=VECTOR('',#3088,5.100000015595E0);
#3090=CARTESIAN_POINT('',(-3.492968736308E1,2.200046139791E0,1.875307421196E1));
#3091=LINE('',#3090,#3089);
#3092=DIRECTION('',(-6.929852247141E-9,9.999999999366E-1,1.126358757301E-5));
#3093=VECTOR('',#3092,5.000000000327E-1);
#3094=CARTESIAN_POINT('',(-3.492968735961E1,1.700046139790E0,1.875306858016E1));
#3095=LINE('',#3094,#3093);
#3096=DIRECTION('',(9.999998164261E-1,1.049997996177E-10,6.059272674228E-4));
#3097=VECTOR('',#3096,5.100000004219E0);
#3098=CARTESIAN_POINT('',(-4.002968642760E1,1.700046139254E0,1.874997835110E1));
#3099=LINE('',#3098,#3097);
#3100=DIRECTION('',(-2.408738453135E-8,9.999999999979E-1,2.037868270572E-6));
#3101=VECTOR('',#3100,5.000000000012E-1);
#3102=CARTESIAN_POINT('',(-4.002968642760E1,1.700046139254E0,1.874997835110E1));
#3103=LINE('',#3102,#3101);
#3104=DIRECTION('',(-6.059272474138E-4,1.732869882319E-7,9.999998164261E-1));
#3105=VECTOR('',#3104,5.000000017750E0);
#3106=CARTESIAN_POINT('',(-4.302483845462E1,1.700044752644E0,1.074816203789E1));
#3107=LINE('',#3106,#3105);
#3108=DIRECTION('',(1.223341428158E-9,-1.E0,1.732877663585E-7));
#3109=VECTOR('',#3108,5.E-1);
#3110=CARTESIAN_POINT('',(-4.302483845523E1,2.200044752644E0,1.074816195124E1));
#3111=LINE('',#3110,#3109);
#3112=DIRECTION('',(6.059271250797E-4,-1.732869890119E-7,-9.999998164261E-1));
#3113=VECTOR('',#3112,5.000000023437E0);
#3114=CARTESIAN_POINT('',(-4.302786809087E1,2.200045619078E0,1.574816105681E1));
#3115=LINE('',#3114,#3113);
#3116=DIRECTION('',(-6.906475391588E-12,1.E0,-1.619132063979E-7));
#3117=VECTOR('',#3116,5.E-1);
#3118=CARTESIAN_POINT('',(-4.302786809087E1,1.700045619078E0,1.574816113777E1));
#3119=LINE('',#3118,#3117);
#3120=DIRECTION('',(9.999998164261E-1,1.049998789670E-10,6.059272674224E-4));
#3121=VECTOR('',#3120,3.100000023372E0);
#3122=CARTESIAN_POINT('',(-4.302483845452E1,9.000044752643E0,1.074816077289E1));
#3123=LINE('',#3122,#3121);
#3124=DIRECTION('',(1.046587653143E-10,1.E0,-1.732869570712E-7));
#3125=VECTOR('',#3124,6.8E0);
#3126=CARTESIAN_POINT('',(-4.302483845523E1,2.200044752644E0,1.074816195124E1));
#3127=LINE('',#3126,#3125);
#3128=DIRECTION('',(-1.305248512013E-9,1.E0,-1.732878113758E-7));
#3129=VECTOR('',#3128,7.3E0);
#3130=CARTESIAN_POINT('',(-3.992483899070E1,1.700044752969E0,1.075004041244E1));
#3131=LINE('',#3130,#3129);
#3132=DIRECTION('',(0.E0,1.E0,-1.732870208111E-7));
#3133=VECTOR('',#3132,6.8E0);
#3134=CARTESIAN_POINT('',(-4.300572534366E1,2.200039286553E0,
-2.079540504197E1));
#3135=LINE('',#3134,#3133);
#3136=DIRECTION('',(-6.059271140820E-4,1.732869904895E-7,9.999998164261E-1));
#3137=VECTOR('',#3136,4.456413566828E0);
#3138=CARTESIAN_POINT('',(-4.300302508185E1,9.000038514314E0,
-2.525181896907E1));
#3139=LINE('',#3138,#3137);
#3140=DIRECTION('',(6.560106706221E-10,1.E0,-1.732866237431E-7));
#3141=VECTOR('',#3140,6.8E0);
#3142=CARTESIAN_POINT('',(-4.300302508631E1,2.200038514314E0,
-2.525181779072E1));
#3143=LINE('',#3142,#3141);
#3144=DIRECTION('',(6.059261130798E-4,-1.732869915857E-7,-9.999998164267E-1));
#3145=VECTOR('',#3144,4.456413566828E0);
#3146=CARTESIAN_POINT('',(-4.300572534366E1,2.200039286553E0,
-2.079540504197E1));
#3147=LINE('',#3146,#3145);
#3148=DIRECTION('',(0.E0,1.E0,-1.732870208111E-7));
#3149=VECTOR('',#3148,6.8E0);
#3150=CARTESIAN_POINT('',(-4.300645245651E1,2.200039494497E0,
-1.959540504197E1));
#3151=LINE('',#3150,#3149);
#3152=DIRECTION('',(6.059272674204E-4,-1.732869894088E-7,-9.999998164260E-1));
#3153=VECTOR('',#3152,2.480000455263E1);
#3154=CARTESIAN_POINT('',(-4.302147945551E1,2.200043792015E0,5.204594958031E0));
#3155=LINE('',#3154,#3153);
#3156=DIRECTION('',(0.E0,1.E0,-1.732870214642E-7));
#3157=VECTOR('',#3156,6.8E0);
#3158=CARTESIAN_POINT('',(-4.302147945551E1,2.200043792015E0,5.204594958031E0));
#3159=LINE('',#3158,#3157);
#3160=DIRECTION('',(-6.059272674204E-4,1.732869894088E-7,9.999998164260E-1));
#3161=VECTOR('',#3160,2.480000455263E1);
#3162=CARTESIAN_POINT('',(-4.300645245651E1,9.000039494497E0,
-1.959540622032E1));
#3163=LINE('',#3162,#3161);
#3164=DIRECTION('',(0.E0,1.E0,-1.732870213335E-7));
#3165=VECTOR('',#3164,6.8E0);
#3166=CARTESIAN_POINT('',(-4.302220656836E1,2.200043999960E0,6.404594958031E0));
#3167=LINE('',#3166,#3165);
#3168=DIRECTION('',(6.059274312748E-4,-1.732869879310E-7,-9.999998164259E-1));
#3169=VECTOR('',#3168,4.343567790580E0);
#3170=CARTESIAN_POINT('',(-4.302483845523E1,2.200044752644E0,1.074816195124E1));
#3171=LINE('',#3170,#3169);
#3172=DIRECTION('',(-6.059272674263E-4,1.732869889534E-7,9.999998164260E-1));
#3173=VECTOR('',#3172,4.343567790580E0);
#3174=CARTESIAN_POINT('',(-4.302220656836E1,9.000043999960E0,6.404593779679E0));
#3175=LINE('',#3174,#3173);
#3176=DIRECTION('',(-3.713906763541E-1,9.284766908852E-1,-1.608929525737E-7));
#3177=VECTOR('',#3176,5.385164807135E-1);
#3178=CARTESIAN_POINT('',(-4.259359010961E1,1.000039286553E0,
-2.079540483402E1));
#3179=LINE('',#3178,#3177);
#3180=DIRECTION('',(0.E0,1.E0,-1.732870253639E-7));
#3181=VECTOR('',#3180,7.E-1);
#3182=CARTESIAN_POINT('',(-4.279359010961E1,1.500039286553E0,
-2.079540492067E1));
#3183=LINE('',#3182,#3181);
#3184=DIRECTION('',(0.E0,-1.732870217689E-7,-1.E0));
#3185=VECTOR('',#3184,1.2E0);
#3186=CARTESIAN_POINT('',(-4.279359010961E1,1.500039494497E0,
-1.959540492067E1));
#3187=LINE('',#3186,#3185);
#3188=DIRECTION('',(0.E0,1.E0,-1.732870253639E-7));
#3189=VECTOR('',#3188,7.E-1);
#3190=CARTESIAN_POINT('',(-4.279359010961E1,1.500039494497E0,
-1.959540492067E1));
#3191=LINE('',#3190,#3189);
#3192=DIRECTION('',(3.713906763541E-1,-9.284766908852E-1,1.608929591709E-7));
#3193=VECTOR('',#3192,5.385164807135E-1);
#3194=CARTESIAN_POINT('',(-4.279359010961E1,1.500039494497E0,
-1.959540492067E1));
#3195=LINE('',#3194,#3193);
#3196=DIRECTION('',(0.E0,1.E0,-1.732870207327E-7));
#3197=VECTOR('',#3196,8.E0);
#3198=CARTESIAN_POINT('',(-4.219359010961E1,1.000039494497E0,
-1.959540483402E1));
#3199=LINE('',#3198,#3197);
#3200=DIRECTION('',(0.E0,1.E0,-1.732870211768E-7));
#3201=VECTOR('',#3200,8.E0);
#3202=CARTESIAN_POINT('',(-4.219431722247E1,1.000039286553E0,
-2.079540483402E1));
#3203=LINE('',#3202,#3201);
#3204=DIRECTION('',(-3.713906763541E-1,9.284766908852E-1,-1.608929641189E-7));
#3205=VECTOR('',#3204,5.385164807135E-1);
#3206=CARTESIAN_POINT('',(-4.259359010961E1,1.000043792015E0,5.204595165975E0));
#3207=LINE('',#3206,#3205);
#3208=DIRECTION('',(0.E0,1.E0,-1.732870190198E-7));
#3209=VECTOR('',#3208,7.E-1);
#3210=CARTESIAN_POINT('',(-4.279359010961E1,1.500043792015E0,5.204595079331E0));
#3211=LINE('',#3210,#3209);
#3212=DIRECTION('',(0.E0,-1.732870210288E-7,-1.E0));
#3213=VECTOR('',#3212,1.2E0);
#3214=CARTESIAN_POINT('',(-4.279359010961E1,1.500043999960E0,6.404595079331E0));
#3215=LINE('',#3214,#3213);
#3216=DIRECTION('',(0.E0,1.E0,-1.732870177510E-7));
#3217=VECTOR('',#3216,7.E-1);
#3218=CARTESIAN_POINT('',(-4.279359010961E1,1.500043999960E0,6.404595079331E0));
#3219=LINE('',#3218,#3217);
#3220=DIRECTION('',(3.713906763541E-1,-9.284766908852E-1,1.608929624696E-7));
#3221=VECTOR('',#3220,5.385164807135E-1);
#3222=CARTESIAN_POINT('',(-4.279359010961E1,1.500043999960E0,6.404595079331E0));
#3223=LINE('',#3222,#3221);
#3224=DIRECTION('',(0.E0,1.E0,-1.732870211768E-7));
#3225=VECTOR('',#3224,8.E0);
#3226=CARTESIAN_POINT('',(-4.219431722247E1,1.000043999960E0,6.404595165975E0));
#3227=LINE('',#3226,#3225);
#3228=DIRECTION('',(0.E0,1.E0,-1.732870213988E-7));
#3229=VECTOR('',#3228,8.E0);
#3230=CARTESIAN_POINT('',(-4.219359010961E1,1.000043792015E0,5.204595165975E0));
#3231=LINE('',#3230,#3229);
#3232=DIRECTION('',(-6.059272674188E-4,1.732869901732E-7,9.999998164260E-1));
#3233=VECTOR('',#3232,3.000000019072E0);
#3234=CARTESIAN_POINT('',(-3.489817914997E1,9.000037128869E0,
-3.324690948961E1));
#3235=LINE('',#3234,#3233);
#3236=DIRECTION('',(-6.165003148507E-14,1.E0,-1.731818118976E-7));
#3237=VECTOR('',#3236,6.8E0);
#3238=CARTESIAN_POINT('',(-3.489817914997E1,2.200037128869E0,
-3.324690831197E1));
#3239=LINE('',#3238,#3237);
#3240=DIRECTION('',(3.915739695962E-9,-1.E0,1.732893937934E-7));
#3241=VECTOR('',#3240,7.3E0);
#3242=CARTESIAN_POINT('',(-3.990302564594E1,9.000038514640E0,
-2.524994059454E1));
#3243=LINE('',#3242,#3241);
#3244=DIRECTION('',(7.884104328297E-13,1.E0,-1.745922649073E-7));
#3245=VECTOR('',#3244,7.3E0);
#3246=CARTESIAN_POINT('',(-3.489999693179E1,1.700037648730E0,
-3.024690874674E1));
#3247=LINE('',#3246,#3245);
#3248=DIRECTION('',(-9.999998164261E-1,-1.049988850826E-10,-6.059272674188E-4));
#3249=VECTOR('',#3248,5.100000015574E0);
#3250=CARTESIAN_POINT('',(-3.489817914997E1,1.700037128869E0,
-3.324690822461E1));
#3251=LINE('',#3250,#3249);
#3252=DIRECTION('',(-8.952838470577E-13,-1.E0,1.747178544065E-7));
#3253=VECTOR('',#3252,5.E-1);
#3254=CARTESIAN_POINT('',(-3.489817914997E1,2.200037128869E0,
-3.324690831197E1));
#3255=LINE('',#3254,#3253);
#3256=DIRECTION('',(9.999998164261E-1,1.049994944998E-10,6.059271271410E-4));
#3257=VECTOR('',#3256,5.100000021261E0);
#3258=CARTESIAN_POINT('',(-3.999817823501E1,2.200037128333E0,
-3.324999854033E1));
#3259=LINE('',#3258,#3257);
#3260=DIRECTION('',(-1.137368599302E-8,1.E0,-1.732939267640E-7));
#3261=VECTOR('',#3260,5.E-1);
#3262=CARTESIAN_POINT('',(-3.999817822932E1,1.700037128333E0,
-3.324999845369E1));
#3263=LINE('',#3262,#3261);
#3264=DIRECTION('',(1.052388784046E-4,9.848077229213E-1,-1.736483164312E-1));
#3265=VECTOR('',#3264,1.726225240206E0);
#3266=CARTESIAN_POINT('',(3.904540194740E1,7.300038968488E0,-2.263098632036E1));
#3267=LINE('',#3266,#3265);
#3268=DIRECTION('',(-1.736481458035E-1,-9.848077530295E-1,-1.050337029939E-4));
#3269=VECTOR('',#3268,1.726225240210E0);
#3270=CARTESIAN_POINT('',(4.532895980467E1,9.000040006677E0,-1.663974706804E1));
#3271=LINE('',#3270,#3269);
#3272=DIRECTION('',(-9.999998164257E-1,2.814709354474E-9,-6.059277964623E-4));
#3273=VECTOR('',#3272,1.500000000004E0);
#3274=CARTESIAN_POINT('',(1.726749419852E1,2.342826722977E0,-2.177009083743E1));
#3275=LINE('',#3274,#3273);
#3276=DIRECTION('',(-9.999998164257E-1,2.814704321463E-9,-6.059277964457E-4));
#3277=VECTOR('',#3276,1.500000000004E0);
#3278=CARTESIAN_POINT('',(2.727055307802E1,2.342826724042E0,-2.176402971021E1));
#3279=LINE('',#3278,#3277);
#3280=DIRECTION('',(9.999998164261E-1,1.058374290177E-10,6.059272721788E-4));
#3281=VECTOR('',#3280,4.311888727061E1);
#3282=CARTESIAN_POINT('',(-4.073295741695E0,9.000038911981E0,
-2.295686933685E1));
#3283=LINE('',#3282,#3281);
#3284=DIRECTION('',(-9.999998164257E-1,2.814705209642E-9,-6.059277964623E-4));
#3285=VECTOR('',#3284,1.500000000004E0);
#3286=CARTESIAN_POINT('',(6.909118458547E0,2.342826721875E0,-2.177636726087E1));
#3287=LINE('',#3286,#3285);
#3288=DIRECTION('',(-9.999998164261E-1,-1.050012218768E-10,-6.059272674204E-4));
#3289=VECTOR('',#3288,3.886885757327E0);
#3290=CARTESIAN_POINT('',(-6.183522548276E0,7.300041680669E0,
-6.979505367191E0));
#3291=LINE('',#3290,#3289);
#3292=DIRECTION('',(6.059272674196E-4,-1.732869896741E-7,-9.999998164260E-1));
#3293=VECTOR('',#3292,5.499999987590E0);
#3294=CARTESIAN_POINT('',(-1.007374019204E1,7.300042633339E0,
-1.481861559324E0));
#3295=LINE('',#3294,#3293);
#3296=DIRECTION('',(9.999998164261E-1,1.050009974643E-10,6.059272674210E-4));
#3297=VECTOR('',#3296,3.890218357902E0);
#3298=CARTESIAN_POINT('',(-1.007374019204E1,7.300042633339E0,
-1.481861559324E0));
#3299=LINE('',#3298,#3297);
#3300=DIRECTION('',(0.E0,-1.732870213275E-7,-1.E0));
#3301=VECTOR('',#3300,5.500000997247E0);
#3302=CARTESIAN_POINT('',(-6.183522548276E0,7.300042633748E0,
-1.479504369945E0));
#3303=LINE('',#3302,#3301);
#3304=DIRECTION('',(-9.999998164261E-1,-1.050013430041E-10,-6.059272674206E-4));
#3305=VECTOR('',#3304,3.887431091202E0);
#3306=CARTESIAN_POINT('',(-6.187218705366E0,7.300042893678E0,
2.049366581362E-2));
#3307=LINE('',#3306,#3305);
#3308=DIRECTION('',(6.059272674149E-4,-1.732869896892E-7,-9.999998164260E-1));
#3309=VECTOR('',#3308,8.191452414320E0);
#3310=CARTESIAN_POINT('',(-1.007961250731E1,7.300044312742E0,8.209589075898E0));
#3311=LINE('',#3310,#3309);
#3312=CARTESIAN_POINT('',(-4.092182514483E0,7.300044313367E0,8.213217023659E0));
#3313=DIRECTION('',(-1.520230460419E-13,-1.E0,1.732877884093E-7));
#3314=DIRECTION('',(-6.059272674292E-4,1.732877566837E-7,9.999998164260E-1));
#3315=AXIS2_PLACEMENT_3D('',#3312,#3313,#3314);
#3317=DIRECTION('',(-9.999998164261E-1,-1.050013595647E-10,-6.059272674107E-4));
#3318=VECTOR('',#3317,4.827728566401E0);
#3319=CARTESIAN_POINT('',(7.319172179121E-1,7.300045351421E0,1.420357226887E1));
#3320=LINE('',#3319,#3318);
#3321=DIRECTION('',(6.059272673065E-4,-1.732869894953E-7,-9.999998164260E-1));
#3322=VECTOR('',#3321,3.887431091967E0);
#3323=CARTESIAN_POINT('',(7.319172179121E-1,7.300045351421E0,1.420357226887E1));
#3324=LINE('',#3323,#3322);
#3325=DIRECTION('',(-9.999998164261E-1,-1.049993358464E-10,-6.059272674229E-4));
#3326=VECTOR('',#3325,4.827728566400E0);
#3327=CARTESIAN_POINT('',(7.342727184105E-1,7.300044677780E0,1.031614189053E1));
#3328=LINE('',#3327,#3326);
#3329=CARTESIAN_POINT('',(-4.092182514483E0,7.300044313371E0,8.213217023658E0));
#3330=DIRECTION('',(0.E0,-1.E0,1.732870212380E-7));
#3331=DIRECTION('',(-6.059272674228E-4,1.732869894138E-7,9.999998164260E-1));
#3332=AXIS2_PLACEMENT_3D('',#3329,#3330,#3331);
#3334=DIRECTION('',(6.059271739046E-4,-1.732869895766E-7,-9.999998164261E-1));
#3335=VECTOR('',#3334,8.191452414516E0);
#3336=CARTESIAN_POINT('',(-6.192182128978E0,7.300044313150E0,8.211944576593E0));
#3337=LINE('',#3336,#3335);
#3338=DIRECTION('',(-6.059272673063E-4,1.732869896702E-7,9.999998164260E-1));
#3339=VECTOR('',#3338,3.887431257184E0);
#3340=CARTESIAN_POINT('',(2.234272443150E0,7.300044677938E0,1.031705061622E1));
#3341=LINE('',#3340,#3339);
#3342=DIRECTION('',(-9.999998164261E-1,-1.049993645363E-10,-6.059272674204E-4));
#3343=VECTOR('',#3342,8.575304575299E0);
#3344=CARTESIAN_POINT('',(1.080721994365E1,7.300045352479E0,1.420967717064E1));
#3345=LINE('',#3344,#3343);
#3346=DIRECTION('',(6.059272674205E-4,-1.732869897432E-7,-9.999998164260E-1));
#3347=VECTOR('',#3346,3.892627269006E0);
#3348=CARTESIAN_POINT('',(1.080721994365E1,7.300045352479E0,1.420967717064E1));
#3349=LINE('',#3348,#3347);
#3350=DIRECTION('',(-1.E0,0.E0,0.E0));
#3351=VECTOR('',#3350,8.575306149502E0);
#3352=CARTESIAN_POINT('',(1.080957859265E1,7.300044677938E0,1.031705061622E1));
#3353=LINE('',#3352,#3351);
#3354=DIRECTION('',(-6.059272674198E-4,1.732869892668E-7,9.999998164260E-1));
#3355=VECTOR('',#3354,3.887431091967E0);
#3356=CARTESIAN_POINT('',(1.230957516879E1,7.300044678996E0,1.032315568320E1));
#3357=LINE('',#3356,#3355);
#3358=DIRECTION('',(-9.999998164261E-1,-1.049992059305E-10,-6.059272674196E-4));
#3359=VECTOR('',#3358,8.263429203201E0);
#3360=CARTESIAN_POINT('',(2.057064735454E1,7.300045353504E0,1.421559309861E1));
#3361=LINE('',#3360,#3359);
#3362=DIRECTION('',(6.059272672968E-4,-1.732869892291E-7,-9.999998164260E-1));
#3363=VECTOR('',#3362,3.892438129963E0);
#3364=CARTESIAN_POINT('',(2.057064735454E1,7.300045353504E0,1.421559309861E1));
#3365=LINE('',#3364,#3363);
#3366=DIRECTION('',(-1.E0,0.E0,0.E0));
#3367=VECTOR('',#3366,8.263430720151E0);
#3368=CARTESIAN_POINT('',(2.057300588894E1,7.300044678996E0,1.032315568320E1));
#3369=LINE('',#3368,#3367);
#3370=DIRECTION('',(-6.059272673068E-4,1.732869890695E-7,9.999998164260E-1));
#3371=VECTOR('',#3370,3.887976426608E0);
#3372=CARTESIAN_POINT('',(2.207300291011E1,7.300044679926E0,1.032852627664E1));
#3373=LINE('',#3372,#3371);
#3374=DIRECTION('',(-9.999998164261E-1,-1.049994640504E-10,-6.059272674205E-4));
#3375=VECTOR('',#3374,8.495241557800E0);
#3376=CARTESIAN_POINT('',(3.056588707747E1,7.300045354554E0,1.422164948802E1));
#3377=LINE('',#3376,#3375);
#3378=DIRECTION('',(6.059272673038E-4,-1.732869889035E-7,-9.999998164260E-1));
#3379=VECTOR('',#3378,3.893123926056E0);
#3380=CARTESIAN_POINT('',(3.056588707747E1,7.300045354554E0,1.422164948802E1));
#3381=LINE('',#3380,#3379);
#3382=DIRECTION('',(-1.E0,0.E0,0.E0));
#3383=VECTOR('',#3382,8.495243117305E0);
#3384=CARTESIAN_POINT('',(3.056824602741E1,7.300044679926E0,1.032852627664E1));
#3385=LINE('',#3384,#3383);
#3386=DIRECTION('',(-6.059272673050E-4,1.732869894223E-7,9.999998164260E-1));
#3387=VECTOR('',#3386,3.887431093604E0);
#3388=CARTESIAN_POINT('',(3.206824230261E1,7.300044681070E0,1.033512799895E1));
#3389=LINE('',#3388,#3387);
#3390=DIRECTION('',(-9.999998164261E-1,-1.049973621328E-10,-6.059272674308E-4));
#3391=VECTOR('',#3390,6.957183296399E0);
#3392=CARTESIAN_POINT('',(3.902306882135E1,7.300045355442E0,1.422677392598E1));
#3393=LINE('',#3392,#3391);
#3394=CARTESIAN_POINT('',(3.902669676911E1,7.300044317899E0,8.239343933153E0));
#3395=DIRECTION('',(-4.168781540334E-13,-1.E0,1.732871749117E-7));
#3396=DIRECTION('',(9.999998164261E-1,1.045825622547E-10,6.059272673873E-4));
#3397=AXIS2_PLACEMENT_3D('',#3394,#3395,#3396);
#3399=DIRECTION('',(-9.999998164261E-1,-1.049963165470E-10,-6.059272674194E-4));
#3400=VECTOR('',#3399,3.887431091967E0);
#3401=CARTESIAN_POINT('',(4.501909018632E1,7.300042899055E0,5.152097033085E-2));
#3402=LINE('',#3401,#3400);
#3403=DIRECTION('',(-6.059272674231E-4,1.732869893639E-7,9.999998164260E-1));
#3404=VECTOR('',#3403,8.191452414320E0);
#3405=CARTESIAN_POINT('',(4.113165980799E1,7.300042898646E0,4.916546983201E-2));
#3406=LINE('',#3405,#3404);
#3407=CARTESIAN_POINT('',(3.902669676911E1,7.300044317898E0,8.239343933153E0));
#3408=DIRECTION('',(0.E0,-1.E0,1.732870212380E-7));
#3409=DIRECTION('',(9.999998164261E-1,1.049991839506E-10,6.059272674262E-4));
#3410=AXIS2_PLACEMENT_3D('',#3407,#3408,#3409);
#3412=DIRECTION('',(-9.999998164259E-1,-1.049992770928E-10,-6.059275026724E-4));
#3413=VECTOR('',#3412,6.957183295906E0);
#3414=CARTESIAN_POINT('',(3.902542432136E1,7.300044681801E0,1.033934354765E1));
#3415=LINE('',#3414,#3413);
#3416=DIRECTION('',(9.999998164261E-1,1.049964152188E-10,6.059272674197E-4));
#3417=VECTOR('',#3416,3.883553156752E0);
#3418=CARTESIAN_POINT('',(4.113644663339E1,7.300042638716E0,-1.450831905060E0));
#3419=LINE('',#3418,#3417);
#3420=DIRECTION('',(-6.059272674167E-4,1.732869895126E-7,9.999998164260E-1));
#3421=VECTOR('',#3420,5.499999987590E0);
#3422=CARTESIAN_POINT('',(4.502333167719E1,7.300041686046E0,-6.948477732241E0));
#3423=LINE('',#3422,#3421);
#3424=DIRECTION('',(-9.999998164261E-1,-1.049961947352E-10,-6.059272674204E-4));
#3425=VECTOR('',#3424,3.886885757327E0);
#3426=CARTESIAN_POINT('',(4.502333167719E1,7.300041686046E0,-6.948477732241E0));
#3427=LINE('',#3426,#3425);
#3428=DIRECTION('',(0.E0,1.732870213275E-7,1.E0));
#3429=VECTOR('',#3428,5.500000997247E0);
#3430=CARTESIAN_POINT('',(4.113644663339E1,7.300041685638E0,-6.950832902307E0));
#3431=LINE('',#3430,#3429);
#3432=DIRECTION('',(6.059272673039E-4,-1.732896006256E-7,-9.999998164260E-1));
#3433=VECTOR('',#3432,3.887431099411E0);
#3434=CARTESIAN_POINT('',(5.407292868547E0,7.300039638580E0,-1.876393675880E1));
#3435=LINE('',#3434,#3433);
#3436=DIRECTION('',(9.999998164261E-1,1.058452246355E-10,6.059272659567E-4));
#3437=VECTOR('',#3436,9.483127446099E0);
#3438=CARTESIAN_POINT('',(-4.073477336194E0,7.300038963925E0,
-2.265711323006E1));
#3439=LINE('',#3438,#3437);
#3440=CARTESIAN_POINT('',(-4.077105283955E0,7.300040001487E0,
-1.666968323713E1));
#3441=DIRECTION('',(0.E0,-1.E0,1.732870132940E-7));
#3442=DIRECTION('',(-9.999998164261E-1,-1.049979156069E-10,-6.059272674726E-4));
#3443=AXIS2_PLACEMENT_3D('',#3440,#3441,#3442);
#3445=DIRECTION('',(9.999998164261E-1,1.050015714578E-10,6.059272674202E-4));
#3446=VECTOR('',#3445,3.887431091967E0);
#3447=CARTESIAN_POINT('',(-1.006949870117E1,7.300041420330E0,
-8.481860261896E0));
#3448=LINE('',#3447,#3446);
#3449=DIRECTION('',(6.059272674177E-4,-1.732869895351E-7,-9.999998164260E-1));
#3450=VECTOR('',#3449,8.191452426730E0);
#3451=CARTESIAN_POINT('',(-6.182068322835E0,7.300041420739E0,
-8.479504761397E0));
#3452=LINE('',#3451,#3450);
#3453=CARTESIAN_POINT('',(-4.077105283955E0,7.300040001487E0,
-1.666968323713E1));
#3454=DIRECTION('',(0.E0,-1.E0,1.732870212380E-7));
#3455=DIRECTION('',(-9.999998164261E-1,-1.049991839506E-10,-6.059272674177E-4));
#3456=AXIS2_PLACEMENT_3D('',#3453,#3454,#3455);
#3458=DIRECTION('',(9.999998164256E-1,1.049996729282E-10,6.059280400620E-4));
#3459=VECTOR('',#3458,9.483127444477E0);
#3460=CARTESIAN_POINT('',(-4.075832835071E0,7.300039637584E0,
-1.876968285162E1));
#3461=LINE('',#3460,#3459);
#3462=DIRECTION('',(6.059272673037E-4,-1.732852220698E-7,-9.999998164260E-1));
#3463=VECTOR('',#3462,3.887976426569E0);
#3464=CARTESIAN_POINT('',(2.576872715759E1,7.300039640812E0,-1.875105388088E1));
#3465=LINE('',#3464,#3463);
#3466=DIRECTION('',(9.999998164260E-1,1.058353702718E-10,6.059272825904E-4));
#3467=VECTOR('',#3466,8.503060715800E0);
#3468=CARTESIAN_POINT('',(1.726802383366E1,7.300038966184E0,-2.264418183019E1));
#3469=LINE('',#3468,#3467);
#3470=DIRECTION('',(-6.059272673036E-4,1.732870501845E-7,9.999998164260E-1));
#3471=VECTOR('',#3470,3.893128663988E0);
#3472=CARTESIAN_POINT('',(1.726802383366E1,7.300038966184E0,-2.264418183019E1));
#3473=LINE('',#3472,#3471);
#3474=DIRECTION('',(1.E0,0.E0,0.E0));
#3475=VECTOR('',#3474,8.503062276741E0);
#3476=CARTESIAN_POINT('',(1.726566488085E1,7.300039640812E0,-1.875105388088E1));
#3477=LINE('',#3476,#3475);
#3478=DIRECTION('',(9.999998164432E-1,1.049921985846E-10,6.058989313087E-4));
#3479=VECTOR('',#3478,3.887067535540E0);
#3480=CARTESIAN_POINT('',(4.113717374604E1,7.300041425707E0,-8.450832626946E0));
#3481=LINE('',#3480,#3479);
#3482=DIRECTION('',(-6.059272673786E-4,1.732869830294E-7,9.999998164260E-1));
#3483=VECTOR('',#3482,8.191452426730E0);
#3484=CARTESIAN_POINT('',(4.502920399247E1,7.300040006643E0,-1.663992837987E1));
#3485=LINE('',#3484,#3483);
#3486=CARTESIAN_POINT('',(3.904177399964E1,7.300040006011E0,-1.664355632763E1));
#3487=DIRECTION('',(1.899154509132E-13,-1.E0,1.732862493536E-7));
#3488=DIRECTION('',(6.059272673869E-4,-1.732862173545E-7,-9.999998164260E-1));
#3489=AXIS2_PLACEMENT_3D('',#3486,#3487,#3488);
#3491=DIRECTION('',(9.999998164260E-1,1.058384983260E-10,6.059272825457E-4));
#3492=VECTOR('',#3491,1.177432139570E1);
#3493=CARTESIAN_POINT('',(2.727108271316E1,7.300038967242E0,-2.263812070293E1));
#3494=LINE('',#3493,#3492);
#3495=DIRECTION('',(-6.059272673059E-4,1.732848997325E-7,9.999998164260E-1));
#3496=VECTOR('',#3495,3.887976426684E0);
#3497=CARTESIAN_POINT('',(2.727108271316E1,7.300038967242E0,-2.263812070293E1));
#3498=LINE('',#3497,#3496);
#3499=CARTESIAN_POINT('',(3.904177399964E1,7.300040006014E0,-1.664355632763E1));
#3500=DIRECTION('',(0.E0,-1.E0,1.732870212380E-7));
#3501=DIRECTION('',(6.059272674110E-4,-1.732869894138E-7,-9.999998164260E-1));
#3502=AXIS2_PLACEMENT_3D('',#3499,#3500,#3501);
#3504=DIRECTION('',(-6.059272673035E-4,1.732892746238E-7,9.999998164260E-1));
#3505=VECTOR('',#3504,3.893343960254E0);
#3506=CARTESIAN_POINT('',(6.909648093689E0,7.300038965087E0,-2.265045825366E1));
#3507=LINE('',#3506,#3505);
#3508=DIRECTION('',(1.E0,0.E0,0.E0));
#3509=VECTOR('',#3508,8.858379267668E0);
#3510=CARTESIAN_POINT('',(6.907289010422E0,7.300039639762E0,-1.875711500812E1));
#3511=LINE('',#3510,#3509);
#3512=DIRECTION('',(6.059272673037E-4,-1.732873728480E-7,-9.999998164260E-1));
#3513=VECTOR('',#3512,3.887976426713E0);
#3514=CARTESIAN_POINT('',(1.576566827809E1,7.300039639762E0,-1.875711500812E1));
#3515=LINE('',#3514,#3513);
#3516=DIRECTION('',(9.999998164261E-1,1.058354127057E-10,6.059272671939E-4));
#3517=VECTOR('',#3516,8.858377641500E0);
#3518=CARTESIAN_POINT('',(6.909648093689E0,7.300038965087E0,-2.265045825366E1));
#3519=LINE('',#3518,#3517);
#3520=DIRECTION('',(-9.999998164261E-1,-1.049993215663E-10,-6.059272674204E-4));
#3521=VECTOR('',#3520,5.304102566943E1);
#3522=CARTESIAN_POINT('',(4.399697000880E1,2.000041685938E0,-6.949098714456E0));
#3523=LINE('',#3522,#3521);
#3524=CARTESIAN_POINT('',(-8.430273156490E0,2.477903593864E0,
-6.980865899284E0));
#3525=DIRECTION('',(6.059272674204E-4,-1.732869894271E-7,-9.999998164260E-1));
#3526=DIRECTION('',(-7.890510598289E-1,-6.143274342708E-1,-4.780011853338E-4));
#3527=AXIS2_PLACEMENT_3D('',#3524,#3525,#3526);
#3529=DIRECTION('',(1.736481457889E-1,-9.848077529941E-1,1.053888201874E-4));
#3530=VECTOR('',#3529,5.033685381882E0);
#3531=CARTESIAN_POINT('',(-1.007040759207E1,7.300041680261E0,
-6.981860537257E0));
#3532=LINE('',#3531,#3530);
#3533=DIRECTION('',(0.E0,-1.E0,1.732870206493E-7));
#3534=VECTOR('',#3533,1.500016342020E0);
#3535=CARTESIAN_POINT('',(-6.183522548276E0,8.800058022689E0,
-6.979505627125E0));
#3536=LINE('',#3535,#3534);
#3537=DIRECTION('',(-9.999998164261E-1,-1.049993682002E-10,-6.059272674204E-4));
#3538=VECTOR('',#3537,4.731997786838E1);
#3539=CARTESIAN_POINT('',(4.113644663339E1,8.800058027657E0,-6.950833162241E0));
#3540=LINE('',#3539,#3538);
#3541=DIRECTION('',(0.E0,-1.E0,1.732870188730E-7));
#3542=VECTOR('',#3541,1.500016342020E0);
#3543=CARTESIAN_POINT('',(4.113644663339E1,8.800058027657E0,-6.950833162241E0));
#3544=LINE('',#3543,#3542);
#3545=DIRECTION('',(1.736481457888E-1,9.848077530306E-1,1.050475113849E-4));
#3546=VECTOR('',#3545,5.033685386330E0);
#3547=CARTESIAN_POINT('',(4.414924154337E1,2.342829291272E0,-6.949006508364E0));
#3548=LINE('',#3547,#3546);
#3549=CARTESIAN_POINT('',(4.338319724160E1,2.477903599304E0,-6.949470698987E0));
#3550=DIRECTION('',(6.059272674204E-4,-1.732869894271E-7,-9.999998164260E-1));
#3551=DIRECTION('',(9.848075722310E-1,-1.736481775416E-1,5.967519616948E-4));
#3552=AXIS2_PLACEMENT_3D('',#3549,#3550,#3551);
#3554=DIRECTION('',(-6.059272673064E-4,1.732869893267E-7,9.999998164260E-1));
#3555=VECTOR('',#3554,1.315252166230E1);
#3556=CARTESIAN_POINT('',(2.727046081252E1,2.000039145089E0,-2.161175811645E1));
#3557=LINE('',#3556,#3555);
#3558=DIRECTION('',(0.E0,-1.E0,1.732870200572E-7));
#3559=VECTOR('',#3558,1.500016342020E0);
#3560=CARTESIAN_POINT('',(2.726872688223E1,8.800055982990E0,-1.875014524991E1));
#3561=LINE('',#3560,#3559);
#3562=DIRECTION('',(1.052181653668E-4,9.848077229254E-1,-1.736483164203E-1));
#3563=VECTOR('',#3562,5.033685386295E0);
#3564=CARTESIAN_POINT('',(2.727055307802E1,2.342826724042E0,-2.176402971021E1));
#3565=LINE('',#3564,#3563);
#3566=CARTESIAN_POINT('',(2.727008891079E1,2.477901164878E0,-2.099798543206E1));
#3567=DIRECTION('',(-9.999998164260E-1,-1.049282876460E-10,-6.059272820254E-4));
#3568=DIRECTION('',(5.967218850888E-4,-1.736483483173E-1,-9.848075421369E-1));
#3569=AXIS2_PLACEMENT_3D('',#3566,#3567,#3568);
#3571=DIRECTION('',(-9.999998164261E-1,-1.049993976880E-10,-6.059272674204E-4));
#3572=VECTOR('',#3571,1.673539063086E1);
#3573=CARTESIAN_POINT('',(4.399787889970E1,2.000041426007E0,-8.449098439095E0));
#3574=LINE('',#3573,#3572);
#3575=CARTESIAN_POINT('',(4.338410613251E1,2.477903339373E0,-8.449470423626E0));
#3576=DIRECTION('',(-6.059272674204E-4,1.732869894271E-7,9.999998164260E-1));
#3577=DIRECTION('',(7.890510598289E-1,-6.143274341052E-1,4.782140952766E-4));
#3578=AXIS2_PLACEMENT_3D('',#3575,#3576,#3577);
#3580=DIRECTION('',(-1.736481457889E-1,-9.848077530306E-1,-1.050475113842E-4));
#3581=VECTOR('',#3580,5.033685381882E0);
#3582=CARTESIAN_POINT('',(4.502424056809E1,7.300041426115E0,-8.448477456881E0));
#3583=LINE('',#3582,#3581);
#3584=DIRECTION('',(0.E0,-1.E0,1.732870200572E-7));
#3585=VECTOR('',#3584,1.500016342020E0);
#3586=CARTESIAN_POINT('',(4.113717374604E1,8.800057767727E0,-8.450832886880E0));
#3587=LINE('',#3586,#3585);
#3588=DIRECTION('',(9.999998164209E-1,7.853905793188E-7,6.059352057980E-4));
#3589=VECTOR('',#3588,1.387468495213E1);
#3590=CARTESIAN_POINT('',(2.726249134101E1,8.800046870680E0,-8.459240046961E0));
#3591=LINE('',#3590,#3589);
#3592=DIRECTION('',(7.941353627315E-14,-1.E0,1.732870217751E-7));
#3593=VECTOR('',#3592,6.800005446430E0);
#3594=CARTESIAN_POINT('',(2.726249134101E1,8.800046870680E0,-8.459240046961E0));
#3595=LINE('',#3594,#3593);
#3596=DIRECTION('',(-6.059272674198E-4,1.732869892024E-7,9.999998164260E-1));
#3597=VECTOR('',#3596,1.5E0);
#3598=CARTESIAN_POINT('',(4.399787889970E1,2.000041426007E0,-8.449098439095E0));
#3599=LINE('',#3598,#3597);
#3600=DIRECTION('',(6.059272674274E-4,-1.732869889302E-7,-9.999998164260E-1));
#3601=VECTOR('',#3600,8.191452414320E0);
#3602=CARTESIAN_POINT('',(4.501412676194E1,7.300044318527E0,8.242971880913E0));
#3603=LINE('',#3602,#3601);
#3604=DIRECTION('',(-6.059272674062E-4,1.732869871028E-7,9.999998164260E-1));
#3605=VECTOR('',#3604,2.488290487631E1);
#3606=CARTESIAN_POINT('',(4.532895980467E1,9.000040006677E0,-1.663974706804E1));
#3607=LINE('',#3606,#3605);
#3608=DIRECTION('',(6.059277822222E-4,-1.703672154463E-7,-9.999998164257E-1));
#3609=VECTOR('',#3608,1.5E0);
#3610=CARTESIAN_POINT('',(4.414924154337E1,2.342829291272E0,-6.949006508364E0));
#3611=LINE('',#3610,#3609);
#3612=DIRECTION('',(6.059277822790E-4,-1.703672098211E-7,-9.999998164257E-1));
#3613=VECTOR('',#3612,1.5E0);
#3614=CARTESIAN_POINT('',(4.414500005250E1,2.342830504280E0,5.099219420792E-2));
#3615=LINE('',#3614,#3613);
#3616=DIRECTION('',(-9.999998164261E-1,-1.049993487791E-10,-6.059272674205E-4));
#3617=VECTOR('',#3616,1.191825253157E1);
#3618=CARTESIAN_POINT('',(4.399272851793E1,2.000042898947E0,5.089998811678E-2));
#3619=LINE('',#3618,#3617);
#3620=DIRECTION('',(7.627879141005E-14,1.E0,-1.732870217315E-7));
#3621=VECTOR('',#3620,6.800005447340E0);
#3622=CARTESIAN_POINT('',(3.207447817425E1,2.000042897695E0,4.367839392790E-2));
#3623=LINE('',#3622,#3621);
#3624=DIRECTION('',(0.E0,-1.E0,1.732870216346E-7));
#3625=VECTOR('',#3624,1.500016342020E0);
#3626=CARTESIAN_POINT('',(4.113165980799E1,8.800059240666E0,4.916520989864E-2));
#3627=LINE('',#3626,#3625);
#3628=DIRECTION('',(1.736481457889E-1,9.848077530306E-1,1.050475113840E-4));
#3629=VECTOR('',#3628,5.033685386330E0);
#3630=CARTESIAN_POINT('',(4.414500005250E1,2.342830504280E0,5.099219420792E-2));
#3631=LINE('',#3630,#3629);
#3632=CARTESIAN_POINT('',(4.337895575074E1,2.477904812313E0,5.052800358560E-2));
#3633=DIRECTION('',(6.059272674204E-4,-1.732869894271E-7,-9.999998164260E-1));
#3634=DIRECTION('',(9.848075722310E-1,-1.736481775416E-1,5.967519616949E-4));
#3635=AXIS2_PLACEMENT_3D('',#3632,#3633,#3634);
#3637=DIRECTION('',(-6.059272672974E-4,1.732869893992E-7,9.999998164260E-1));
#3638=VECTOR('',#3637,1.315252164911E1);
#3639=CARTESIAN_POINT('',(3.207447817425E1,2.000042897695E0,4.367839392790E-2));
#3640=LINE('',#3639,#3638);
#3641=CARTESIAN_POINT('',(3.206688060448E1,2.477906983928E0,1.258242477857E1));
#3642=DIRECTION('',(-9.999998164260E-1,-1.050433146978E-10,-6.059272818123E-4));
#3643=DIRECTION('',(-4.781076516358E-4,-6.143272974555E-1,7.890511662839E-1));
#3644=AXIS2_PLACEMENT_3D('',#3641,#3642,#3643);
#3646=DIRECTION('',(0.E0,-1.E0,1.732870188730E-7));
#3647=VECTOR('',#3646,1.500016342020E0);
#3648=CARTESIAN_POINT('',(3.206824230261E1,8.800061023090E0,1.033512773901E1));
#3649=LINE('',#3648,#3647);
#3650=DIRECTION('',(-6.059272673509E-4,1.231901416160E-6,9.999998164253E-1));
#3651=VECTOR('',#3650,1.029145241269E1);
#3652=CARTESIAN_POINT('',(3.207447817425E1,8.800048345035E0,4.367721557521E-2));
#3653=LINE('',#3652,#3651);
#3654=DIRECTION('',(-9.999998164260E-1,-1.049992685391E-10,-6.059272817787E-4));
#3655=VECTOR('',#3654,1.5E0);
#3656=CARTESIAN_POINT('',(3.206650870275E1,2.000045176856E0,1.319619762857E1));
#3657=LINE('',#3656,#3655);
#3658=DIRECTION('',(-6.059272672974E-4,1.732869893995E-7,9.999998164260E-1));
#3659=VECTOR('',#3658,1.315252164909E1);
#3660=CARTESIAN_POINT('',(3.057447844961E1,2.000042897538E0,4.276950302678E-2));
#3661=LINE('',#3660,#3659);
#3662=DIRECTION('',(0.E0,-1.E0,1.732870224256E-7));
#3663=VECTOR('',#3662,1.500016342020E0);
#3664=CARTESIAN_POINT('',(3.056824602741E1,8.800061021946E0,1.032852601671E1));
#3665=LINE('',#3664,#3663);
#3666=CARTESIAN_POINT('',(3.056688087984E1,2.477906983770E0,1.258151588765E1));
#3667=DIRECTION('',(9.999998164260E-1,1.050433146978E-10,6.059272818123E-4));
#3668=DIRECTION('',(-5.967218848833E-4,-1.736480070078E-1,9.848076023190E-1));
#3669=AXIS2_PLACEMENT_3D('',#3666,#3667,#3668);
#3671=DIRECTION('',(7.262158907500E-14,1.E0,-1.732870218266E-7));
#3672=VECTOR('',#3671,6.800005448012E0);
#3673=CARTESIAN_POINT('',(2.207923845131E1,2.000042896646E0,3.762200452358E-2));
#3674=LINE('',#3673,#3672);
#3675=DIRECTION('',(-7.889107878711E-14,-1.E0,1.732870218529E-7));
#3676=VECTOR('',#3675,6.800005447340E0);
#3677=CARTESIAN_POINT('',(3.057447844961E1,8.800048344878E0,4.276832467408E-2));
#3678=LINE('',#3677,#3676);
#3679=DIRECTION('',(-9.999998164261E-1,-1.049994117754E-10,-6.059272674204E-4));
#3680=VECTOR('',#3679,8.495241557800E0);
#3681=CARTESIAN_POINT('',(3.057447844961E1,2.000042897538E0,4.276950302678E-2));
#3682=LINE('',#3681,#3680);
#3683=DIRECTION('',(-6.059272673058E-4,1.732869894476E-7,9.999998164260E-1));
#3684=VECTOR('',#3683,1.151707732107E1);
#3685=CARTESIAN_POINT('',(2.207923845131E1,2.000042896646E0,3.762200452358E-2));
#3686=LINE('',#3685,#3684);
#3687=CARTESIAN_POINT('',(2.207289832411E1,3.700044709836E0,1.050113173490E1));
#3688=DIRECTION('',(9.999998164261E-1,1.049993317119E-10,6.059272674204E-4));
#3689=DIRECTION('',(-3.894825398696E-4,-7.660443317322E-1,6.427876244330E-1));
#3690=AXIS2_PLACEMENT_3D('',#3687,#3688,#3689);
#3692=DIRECTION('',(4.641672160491E-4,-6.427877424321E-1,-7.660441911064E-1));
#3693=VECTOR('',#3692,1.608296835411E0);
#3694=CARTESIAN_POINT('',(2.207137284037E1,3.201749538366E0,1.301873343210E1));
#3695=LINE('',#3694,#3693);
#3696=CARTESIAN_POINT('',(2.207215180545E1,4.733838201831E0,1.173315818324E1));
#3697=DIRECTION('',(9.999998164261E-1,1.049993291475E-10,6.059272674204E-4));
#3698=DIRECTION('',(-5.967218707177E-4,-1.736480070125E-1,9.848076023181E-1));
#3699=AXIS2_PLACEMENT_3D('',#3696,#3697,#3698);
#3701=DIRECTION('',(-1.052181657694E-4,9.848077831032E-1,1.736479751352E-1));
#3702=VECTOR('',#3701,2.958448558028E0);
#3703=CARTESIAN_POINT('',(2.207095836171E1,4.386542187806E0,1.370277338787E1));
#3704=LINE('',#3703,#3702);
#3705=DIRECTION('',(0.E0,-1.E0,1.732870200572E-7));
#3706=VECTOR('',#3705,1.500016342020E0);
#3707=CARTESIAN_POINT('',(2.207300291011E1,8.800061021946E0,1.032852601671E1));
#3708=LINE('',#3707,#3706);
#3709=DIRECTION('',(-6.059272673544E-4,1.231892246688E-6,9.999998164253E-1));
#3710=VECTOR('',#3709,1.029090707968E1);
#3711=CARTESIAN_POINT('',(2.207923845131E1,8.800048344658E0,3.762082617089E-2));
#3712=LINE('',#3711,#3710);
#3713=DIRECTION('',(-9.999998164261E-1,-1.049992685391E-10,-6.059272674222E-4));
#3714=VECTOR('',#3713,1.5E0);
#3715=CARTESIAN_POINT('',(2.207225994012E1,2.000044892406E0,1.155469721136E1));
#3716=LINE('',#3715,#3714);
#3717=DIRECTION('',(-6.059272672977E-4,1.732869895247E-7,9.999998164260E-1));
#3718=VECTOR('',#3717,1.151707732107E1);
#3719=CARTESIAN_POINT('',(2.057923872667E1,2.000042896488E0,3.671311362245E-2));
#3720=LINE('',#3719,#3718);
#3721=DIRECTION('',(6.059272673479E-4,-1.232356435137E-6,-9.999998164253E-1));
#3722=VECTOR('',#3721,1.028644537633E1);
#3723=CARTESIAN_POINT('',(2.057300588894E1,8.800061021016E0,1.032315542327E1));
#3724=LINE('',#3723,#3722);
#3725=DIRECTION('',(0.E0,-1.E0,1.732870200572E-7));
#3726=VECTOR('',#3725,1.500016342020E0);
#3727=CARTESIAN_POINT('',(2.057300588894E1,8.800061021016E0,1.032315542327E1));
#3728=LINE('',#3727,#3726);
#3729=CARTESIAN_POINT('',(2.057215208081E1,4.733838201673E0,1.173224929234E1));
#3730=DIRECTION('',(-9.999998164261E-1,-1.049993291475E-10,-6.059272674204E-4));
#3731=DIRECTION('',(-3.894825398696E-4,-7.660443317322E-1,6.427876244331E-1));
#3732=AXIS2_PLACEMENT_3D('',#3729,#3730,#3731);
#3734=DIRECTION('',(-4.641672160469E-4,6.427877424321E-1,7.660441911064E-1));
#3735=VECTOR('',#3734,1.608296835411E0);
#3736=CARTESIAN_POINT('',(2.057211963439E1,2.167956046214E0,1.178579809286E1));
#3737=LINE('',#3736,#3735);
#3738=CARTESIAN_POINT('',(2.057289859947E1,3.700044709679E0,1.050022284399E1));
#3739=DIRECTION('',(-9.999998164261E-1,-1.049993317119E-10,-6.059272674204E-4));
#3740=DIRECTION('',(-3.191919944481E-4,-8.499999087154E-1,5.267827382330E-1));
#3741=AXIS2_PLACEMENT_3D('',#3738,#3739,#3740);
#3743=DIRECTION('',(-7.575633392773E-14,-1.E0,1.732870213637E-7));
#3744=VECTOR('',#3743,6.800005447960E0);
#3745=CARTESIAN_POINT('',(2.057923872667E1,8.800048344448E0,3.671193526976E-2));
#3746=LINE('',#3745,#3744);
#3747=DIRECTION('',(-9.999998164261E-1,-1.049993134136E-10,-6.059272674204E-4));
#3748=VECTOR('',#3747,8.263429203199E0);
#3749=CARTESIAN_POINT('',(2.057923872667E1,2.000042896488E0,3.671311362245E-2));
#3750=LINE('',#3749,#3748);
#3751=DIRECTION('',(0.E0,1.E0,-1.732870216254E-7));
#3752=VECTOR('',#3751,6.800005447340E0);
#3753=CARTESIAN_POINT('',(1.231581104043E1,2.000042895621E0,3.170607654583E-2));
#3754=LINE('',#3753,#3752);
#3755=DIRECTION('',(-9.999998164261E-1,-1.800282733453E-10,-6.059272674205E-4));
#3756=VECTOR('',#3755,8.263429203200E0);
#3757=CARTESIAN_POINT('',(2.057923872667E1,8.800048344448E0,3.671193526976E-2));
#3758=LINE('',#3757,#3756);
#3759=DIRECTION('',(-6.059272674205E-4,1.732869894977E-7,9.999998164260E-1));
#3760=VECTOR('',#3759,1.315252164932E1);
#3761=CARTESIAN_POINT('',(1.231581104043E1,2.000042895621E0,3.170607654583E-2));
#3762=LINE('',#3761,#3760);
#3763=CARTESIAN_POINT('',(1.230821347066E1,2.477906981853E0,1.257045246141E1));
#3764=DIRECTION('',(-9.999998164260E-1,-1.049993337665E-10,-6.059272818952E-4));
#3765=DIRECTION('',(-4.781076517272E-4,-6.143272974555E-1,7.890511662840E-1));
#3766=AXIS2_PLACEMENT_3D('',#3763,#3764,#3765);
#3768=DIRECTION('',(0.E0,-1.E0,1.732870224256E-7));
#3769=VECTOR('',#3768,1.500016342020E0);
#3770=CARTESIAN_POINT('',(1.230957516879E1,8.800061021016E0,1.032315542327E1));
#3771=LINE('',#3770,#3769);
#3772=DIRECTION('',(-9.999998164260E-1,-1.049992685391E-10,-6.059272818959E-4));
#3773=VECTOR('',#3772,1.5E0);
#3774=CARTESIAN_POINT('',(1.230784156892E1,2.000045174782E0,1.318422531141E1));
#3775=LINE('',#3774,#3773);
#3776=DIRECTION('',(-6.059272674204E-4,1.732869894980E-7,9.999998164260E-1));
#3777=VECTOR('',#3776,1.315252164930E1);
#3778=CARTESIAN_POINT('',(1.081581131579E1,2.000042895463E0,3.079718564471E-2));
#3779=LINE('',#3778,#3777);
#3780=DIRECTION('',(0.E0,-1.E0,1.732870188730E-7));
#3781=VECTOR('',#3780,1.500016342020E0);
#3782=CARTESIAN_POINT('',(1.080957859265E1,8.800061019958E0,1.031705035628E1));
#3783=LINE('',#3782,#3781);
#3784=CARTESIAN_POINT('',(1.080821374602E1,2.477906981695E0,1.256954357048E1));
#3785=DIRECTION('',(9.999998164260E-1,1.049993337665E-10,6.059272818952E-4));
#3786=DIRECTION('',(-5.967218849724E-4,-1.736480070085E-1,9.848076023188E-1));
#3787=AXIS2_PLACEMENT_3D('',#3784,#3785,#3786);
#3789=DIRECTION('',(7.445019024454E-14,1.E0,-1.732870217498E-7));
#3790=VECTOR('',#3789,6.800005447483E0);
#3791=CARTESIAN_POINT('',(2.240508314688E0,2.000042894563E0,2.560117477610E-2));
#3792=LINE('',#3791,#3790);
#3793=DIRECTION('',(-9.999998164261E-1,-8.828521717957E-11,-6.059272674204E-4));
#3794=VECTOR('',#3793,8.575304575300E0);
#3795=CARTESIAN_POINT('',(1.081581131579E1,8.800048342803E0,3.079600729202E-2));
#3796=LINE('',#3795,#3794);
#3797=DIRECTION('',(0.E0,-1.E0,1.732870218070E-7));
#3798=VECTOR('',#3797,6.800005447340E0);
#3799=CARTESIAN_POINT('',(1.081581131579E1,8.800048342803E0,3.079600729202E-2));
#3800=LINE('',#3799,#3798);
#3801=DIRECTION('',(-9.999998164261E-1,-1.049993645363E-10,-6.059272674204E-4));
#3802=VECTOR('',#3801,8.575304575301E0);
#3803=CARTESIAN_POINT('',(1.081581131579E1,2.000042895463E0,3.079718564471E-2));
#3804=LINE('',#3803,#3802);
#3805=DIRECTION('',(-6.059272673065E-4,1.732869894963E-7,9.999998164260E-1));
#3806=VECTOR('',#3805,1.315252164943E1);
#3807=CARTESIAN_POINT('',(2.240508314688E0,2.000042894563E0,2.560117477610E-2));
#3808=LINE('',#3807,#3806);
#3809=CARTESIAN_POINT('',(2.232910744921E0,2.477906980795E0,1.256434755974E1));
#3810=DIRECTION('',(-9.999998164260E-1,-1.049993337581E-10,-6.059272818470E-4));
#3811=DIRECTION('',(-4.781076516888E-4,-6.143272974554E-1,7.890511662840E-1));
#3812=AXIS2_PLACEMENT_3D('',#3809,#3810,#3811);
#3814=DIRECTION('',(0.E0,-1.E0,1.732870188730E-7));
#3815=VECTOR('',#3814,1.500016342020E0);
#3816=CARTESIAN_POINT('',(2.234272443150E0,8.800061019958E0,1.031705035628E1));
#3817=LINE('',#3816,#3815);
#3818=DIRECTION('',(-9.999998164260E-1,-1.049992685391E-10,-6.059272818710E-4));
#3819=VECTOR('',#3818,1.5E0);
#3820=CARTESIAN_POINT('',(2.232538843186E0,2.000045173724E0,1.317812040974E1));
#3821=LINE('',#3820,#3819);
#3822=DIRECTION('',(-6.059272673064E-4,1.732869894966E-7,9.999998164260E-1));
#3823=VECTOR('',#3822,1.315252164940E1);
#3824=CARTESIAN_POINT('',(7.405085900485E-1,2.000042894405E0,
2.469228387496E-2));
#3825=LINE('',#3824,#3823);
#3826=DIRECTION('',(7.113585063537E-14,1.E0,-1.732870215467E-7));
#3827=VECTOR('',#3826,6.800005447445E0);
#3828=CARTESIAN_POINT('',(7.405085900485E-1,2.000042894405E0,
2.469228387496E-2));
#3829=LINE('',#3828,#3827);
#3830=DIRECTION('',(0.E0,-1.E0,1.732870200572E-7));
#3831=VECTOR('',#3830,1.500016342020E0);
#3832=CARTESIAN_POINT('',(7.342727184105E-1,8.800061019800E0,1.031614163060E1));
#3833=LINE('',#3832,#3831);
#3834=CARTESIAN_POINT('',(7.329110202815E-1,2.477906980638E0,1.256343866882E1));
#3835=DIRECTION('',(9.999998164260E-1,1.049993337581E-10,6.059272818470E-4));
#3836=DIRECTION('',(-5.967218849248E-4,-1.736480070097E-1,9.848076023186E-1));
#3837=AXIS2_PLACEMENT_3D('',#3834,#3835,#3836);
#3839=DIRECTION('',(-9.999998164261E-1,-1.049992572544E-10,-6.059272674203E-4));
#3840=VECTOR('',#3839,9.788797801565E0);
#3841=CARTESIAN_POINT('',(7.405085900485E-1,2.000042894405E0,
2.469228387496E-2));
#3842=LINE('',#3841,#3840);
#3843=CARTESIAN_POINT('',(-8.434514647355E0,2.477904806873E0,
1.913280328838E-2));
#3844=DIRECTION('',(6.059272674204E-4,-1.732869894271E-7,-9.999998164260E-1));
#3845=DIRECTION('',(-7.890510598288E-1,-6.143274342709E-1,-4.780011853342E-4));
#3846=AXIS2_PLACEMENT_3D('',#3843,#3844,#3845);
#3848=DIRECTION('',(1.736481457889E-1,-9.848077529941E-1,1.053888201881E-4));
#3849=VECTOR('',#3848,5.033685381882E0);
#3850=CARTESIAN_POINT('',(-1.007464908294E1,7.300042893270E0,
1.813816531524E-2));
#3851=LINE('',#3850,#3849);
#3852=DIRECTION('',(0.E0,-1.E0,1.732870200549E-7));
#3853=VECTOR('',#3852,1.500016342020E0);
#3854=CARTESIAN_POINT('',(-6.187218705366E0,8.800059235698E0,
2.049340588025E-2));
#3855=LINE('',#3854,#3853);
#3856=DIRECTION('',(-9.999998164248E-1,1.572499194944E-6,-6.059272676918E-4));
#3857=VECTOR('',#3856,6.927728567174E0);
#3858=CARTESIAN_POINT('',(7.405085900490E-1,8.800048341850E0,
2.469110552227E-2));
#3859=LINE('',#3858,#3857);
#3860=DIRECTION('',(6.059272674198E-4,-1.732869892024E-7,-9.999998164260E-1));
#3861=VECTOR('',#3860,1.5E0);
#3862=CARTESIAN_POINT('',(-9.048287414548E0,2.000042893378E0,
1.876098437173E-2));
#3863=LINE('',#3862,#3861);
#3864=DIRECTION('',(-9.999998164261E-1,-1.049993299389E-10,-6.059272674204E-4));
#3865=VECTOR('',#3864,5.304102566943E1);
#3866=CARTESIAN_POINT('',(4.399363740883E1,2.000042639016E0,-1.449099736522E0));
#3867=LINE('',#3866,#3865);
#3868=CARTESIAN_POINT('',(4.337986464164E1,2.477904552382E0,-1.449471721053E0));
#3869=DIRECTION('',(-6.059272674204E-4,1.732869894271E-7,9.999998164260E-1));
#3870=DIRECTION('',(7.890510598289E-1,-6.143274341051E-1,4.782140952766E-4));
#3871=AXIS2_PLACEMENT_3D('',#3868,#3869,#3870);
#3873=DIRECTION('',(-1.736481457889E-1,-9.848077530306E-1,-1.050475113830E-4));
#3874=VECTOR('',#3873,5.033685381882E0);
#3875=CARTESIAN_POINT('',(4.501999907722E1,7.300042639124E0,-1.448478754308E0));
#3876=LINE('',#3875,#3874);
#3877=DIRECTION('',(0.E0,-1.E0,1.732870207973E-7));
#3878=VECTOR('',#3877,1.500016342020E0);
#3879=CARTESIAN_POINT('',(4.113644663339E1,8.800058980736E0,-1.450832164994E0));
#3880=LINE('',#3879,#3878);
#3881=DIRECTION('',(9.999998164261E-1,1.049993306610E-10,6.059272674204E-4));
#3882=VECTOR('',#3881,4.731997786838E1);
#3883=CARTESIAN_POINT('',(-6.183522548276E0,8.800058975768E0,
-1.479504629878E0));
#3884=LINE('',#3883,#3882);
#3885=DIRECTION('',(0.E0,-1.E0,1.732870207973E-7));
#3886=VECTOR('',#3885,1.500016342020E0);
#3887=CARTESIAN_POINT('',(-6.183522548276E0,8.800058975768E0,
-1.479504629878E0));
#3888=LINE('',#3887,#3886);
#3889=DIRECTION('',(-1.736481457889E-1,9.848077529941E-1,-1.053888201880E-4));
#3890=VECTOR('',#3889,5.033685386330E0);
#3891=CARTESIAN_POINT('',(-9.199650058215E0,2.342830238749E0,
-1.481331065160E0));
#3892=LINE('',#3891,#3890);
#3893=CARTESIAN_POINT('',(-8.433605756454E0,2.477904546942E0,
-1.480866921351E0));
#3894=DIRECTION('',(-6.059272674204E-4,1.732869894271E-7,9.999998164260E-1));
#3895=DIRECTION('',(-9.848075722310E-1,-1.736481777486E-1,-5.966917797440E-4));
#3896=AXIS2_PLACEMENT_3D('',#3893,#3894,#3895);
#3898=DIRECTION('',(-6.059272674198E-4,1.732869894984E-7,9.999998164260E-1));
#3899=VECTOR('',#3898,1.5E0);
#3900=CARTESIAN_POINT('',(4.399363740883E1,2.000042639016E0,-1.449099736522E0));
#3901=LINE('',#3900,#3899);
#3902=CARTESIAN_POINT('',(3.904177399964E1,8.800056348034E0,-1.664355658757E1));
#3903=DIRECTION('',(0.E0,1.E0,-1.732870212380E-7));
#3904=DIRECTION('',(9.999998164261E-1,1.049994078612E-10,6.059272674075E-4));
#3905=AXIS2_PLACEMENT_3D('',#3902,#3903,#3904);
#3907=DIRECTION('',(6.059272674078E-4,-1.732869893623E-7,-9.999998164260E-1));
#3908=VECTOR('',#3907,2.488290482864E1);
#3909=CARTESIAN_POINT('',(4.327669598892E1,8.800060660364E0,8.241918864106E0));
#3910=LINE('',#3909,#3908);
#3911=CARTESIAN_POINT('',(3.902669676911E1,8.800060659918E0,8.239343673220E0));
#3912=DIRECTION('',(0.E0,1.E0,-1.732870212380E-7));
#3913=DIRECTION('',(-6.059272674292E-4,1.732869893591E-7,9.999998164260E-1));
#3914=AXIS2_PLACEMENT_3D('',#3911,#3912,#3913);
#3916=DIRECTION('',(9.999998164261E-1,1.049993642632E-10,6.059272674291E-4));
#3917=VECTOR('',#3916,4.311888719910E1);
#3918=CARTESIAN_POINT('',(-4.094757705370E0,8.800061391860E0,1.246321598354E1));
#3919=LINE('',#3918,#3917);
#3920=CARTESIAN_POINT('',(-4.092182514483E0,8.800060655391E0,8.213216763725E0));
#3921=DIRECTION('',(0.E0,1.E0,-1.732870212380E-7));
#3922=DIRECTION('',(-9.999998164261E-1,-1.049994078612E-10,-6.059272674109E-4));
#3923=AXIS2_PLACEMENT_3D('',#3920,#3921,#3922);
#3925=DIRECTION('',(-6.059272674151E-4,1.732869892909E-7,9.999998164260E-1));
#3926=VECTOR('',#3925,2.488290482864E1);
#3927=CARTESIAN_POINT('',(-8.327104503766E0,8.800056343061E0,
-1.667225868795E1));
#3928=LINE('',#3927,#3926);
#3929=CARTESIAN_POINT('',(-4.077105283955E0,8.800056343507E0,
-1.666968349706E1));
#3930=DIRECTION('',(0.E0,1.E0,-1.732870212380E-7));
#3931=DIRECTION('',(6.059272674205E-4,-1.732869893591E-7,-9.999998164260E-1));
#3932=AXIS2_PLACEMENT_3D('',#3929,#3930,#3931);
#3934=DIRECTION('',(-9.999998164261E-1,-1.049993642632E-10,-6.059272674210E-4));
#3935=VECTOR('',#3934,4.311888719910E1);
#3936=CARTESIAN_POINT('',(3.904434919053E1,8.800055611565E0,-2.089355580738E1));
#3937=LINE('',#3936,#3935);
#3938=CARTESIAN_POINT('',(3.904177399964E1,8.800056348034E0,-1.664355658757E1));
#3939=DIRECTION('',(0.E0,-1.E0,1.732870212380E-7));
#3940=DIRECTION('',(6.059272674110E-4,-1.732869898368E-7,-9.999998164260E-1));
#3941=AXIS2_PLACEMENT_3D('',#3938,#3939,#3940);
#3943=DIRECTION('',(6.059272673587E-4,8.854719615562E-7,-9.999998164257E-1));
#3944=VECTOR('',#3943,1.029090709209E1);
#3945=CARTESIAN_POINT('',(2.726249134101E1,8.800046870680E0,-8.459240046961E0));
#3946=LINE('',#3945,#3944);
#3947=DIRECTION('',(-6.059272673515E-4,-8.854685605384E-7,9.999998164257E-1));
#3948=VECTOR('',#3947,1.029090709209E1);
#3949=CARTESIAN_POINT('',(2.576872715759E1,8.800055982832E0,-1.875105414081E1));
#3950=LINE('',#3949,#3948);
#3951=DIRECTION('',(1.E0,0.E0,0.E0));
#3952=VECTOR('',#3951,8.503062276741E0);
#3953=CARTESIAN_POINT('',(1.726566488085E1,8.800055982832E0,-1.875105414081E1));
#3954=LINE('',#3953,#3952);
#3955=DIRECTION('',(6.059272673598E-4,8.859468881957E-7,-9.999998164257E-1));
#3956=VECTOR('',#3955,1.028575485480E1);
#3957=CARTESIAN_POINT('',(1.725943246152E1,8.800046870200E0,-8.465301174207E0));
#3958=LINE('',#3957,#3956);
#3959=DIRECTION('',(-9.999998164261E-1,-4.208074278585E-11,-6.059272674199E-4));
#3960=VECTOR('',#3959,8.503060715800E0);
#3961=CARTESIAN_POINT('',(2.576249161638E1,8.800046870558E0,-8.460148937863E0));
#3962=LINE('',#3961,#3960);
#3963=DIRECTION('',(-6.059272673608E-4,-8.853963289122E-7,9.999998164257E-1));
#3964=VECTOR('',#3963,1.029090709209E1);
#3965=CARTESIAN_POINT('',(1.576566827809E1,8.800055981782E0,-1.875711526806E1));
#3966=LINE('',#3965,#3964);
#3967=DIRECTION('',(1.E0,0.E0,0.E0));
#3968=VECTOR('',#3967,8.858379267668E0);
#3969=CARTESIAN_POINT('',(6.907289010422E0,8.800055981782E0,-1.875711526806E1));
#3970=LINE('',#3969,#3968);
#3971=DIRECTION('',(6.059272673542E-4,8.859622545020E-7,-9.999998164257E-1));
#3972=VECTOR('',#3971,1.028553955855E1);
#3973=CARTESIAN_POINT('',(6.901056721544E0,8.800046869182E0,-8.471577597666E0));
#3974=LINE('',#3973,#3972);
#3975=DIRECTION('',(-6.059272673546E-4,-8.853573973944E-7,9.999998164257E-1));
#3976=VECTOR('',#3975,1.029145241941E1);
#3977=CARTESIAN_POINT('',(5.407292868547E0,8.800055980600E0,-1.876393701873E1));
#3978=LINE('',#3977,#3976);
#3979=DIRECTION('',(9.999998164256E-1,1.049997665870E-10,6.059280400624E-4));
#3980=VECTOR('',#3979,9.483127444477E0);
#3981=CARTESIAN_POINT('',(-4.075832835071E0,8.800055979604E0,
-1.876968311156E1));
#3982=LINE('',#3981,#3980);
#3983=CARTESIAN_POINT('',(-4.077105283955E0,8.800056343507E0,
-1.666968349706E1));
#3984=DIRECTION('',(0.E0,-1.E0,1.732870212380E-7));
#3985=DIRECTION('',(-9.999998164261E-1,-1.049996068927E-10,-6.059272674127E-4));
#3986=AXIS2_PLACEMENT_3D('',#3983,#3984,#3985);
#3988=DIRECTION('',(6.059272674177E-4,-1.732869893182E-7,-9.999998164260E-1));
#3989=VECTOR('',#3988,8.191452426730E0);
#3990=CARTESIAN_POINT('',(-6.182068322835E0,8.800057762758E0,
-8.479505021331E0));
#3991=LINE('',#3990,#3989);
#3992=DIRECTION('',(0.E0,-1.732870214890E-7,-1.E0));
#3993=VECTOR('',#3992,5.500000997247E0);
#3994=CARTESIAN_POINT('',(-6.183522548276E0,8.800058975768E0,
-1.479504629878E0));
#3995=LINE('',#3994,#3993);
#3996=DIRECTION('',(0.E0,1.732870211660E-7,1.E0));
#3997=VECTOR('',#3996,5.500000997247E0);
#3998=CARTESIAN_POINT('',(4.113644663339E1,8.800058027657E0,-6.950833162241E0));
#3999=LINE('',#3998,#3997);
#4000=DIRECTION('',(-9.999998164259E-1,-1.049996600833E-10,-6.059275026718E-4));
#4001=VECTOR('',#4000,6.957183295906E0);
#4002=CARTESIAN_POINT('',(3.902542432136E1,8.800061023821E0,1.033934328771E1));
#4003=LINE('',#4002,#4001);
#4004=CARTESIAN_POINT('',(3.902669676911E1,8.800060659918E0,8.239343673220E0));
#4005=DIRECTION('',(0.E0,-1.E0,1.732870212380E-7));
#4006=DIRECTION('',(9.999998164261E-1,1.049996068927E-10,6.059272674253E-4));
#4007=AXIS2_PLACEMENT_3D('',#4004,#4005,#4006);
#4009=DIRECTION('',(-6.059272674222E-4,1.732869891470E-7,9.999998164260E-1));
#4010=VECTOR('',#4009,8.191452414320E0);
#4011=CARTESIAN_POINT('',(4.113165980799E1,8.800059240666E0,4.916520989864E-2));
#4012=LINE('',#4011,#4010);
#4013=DIRECTION('',(9.999998164253E-1,1.202982278065E-6,6.059272672122E-4));
#4014=VECTOR('',#4013,9.057183296407E0);
#4015=CARTESIAN_POINT('',(3.207447817425E1,8.800048345035E0,4.367721557521E-2));
#4016=LINE('',#4015,#4014);
#4017=DIRECTION('',(-1.E0,0.E0,0.E0));
#4018=VECTOR('',#4017,8.495243117305E0);
#4019=CARTESIAN_POINT('',(3.056824602741E1,8.800061021946E0,1.032852601671E1));
#4020=LINE('',#4019,#4018);
#4021=DIRECTION('',(-6.059272673525E-4,1.232487324656E-6,9.999998164253E-1));
#4022=VECTOR('',#4021,1.028575958024E1);
#4023=CARTESIAN_POINT('',(3.057447844961E1,8.800048344878E0,4.276832467408E-2));
#4024=LINE('',#4023,#4022);
#4025=DIRECTION('',(9.999998164261E-1,2.593637251471E-11,6.059272674204E-4));
#4026=VECTOR('',#4025,8.495241557800E0);
#4027=CARTESIAN_POINT('',(2.207923845131E1,8.800048344658E0,3.762082617089E-2));
#4028=LINE('',#4027,#4026);
#4029=DIRECTION('',(6.059272674187E-4,-1.231901416482E-6,-9.999998164253E-1));
#4030=VECTOR('',#4029,1.029145241433E1);
#4031=CARTESIAN_POINT('',(1.230957516879E1,8.800061021016E0,1.032315542327E1));
#4032=LINE('',#4031,#4030);
#4033=DIRECTION('',(-1.E0,0.E0,0.E0));
#4034=VECTOR('',#4033,8.263430720151E0);
#4035=CARTESIAN_POINT('',(2.057300588894E1,8.800061021016E0,1.032315542327E1));
#4036=LINE('',#4035,#4034);
#4037=DIRECTION('',(6.059272673553E-4,-1.231887506167E-6,-9.999998164253E-1));
#4038=VECTOR('',#4037,1.029145224911E1);
#4039=CARTESIAN_POINT('',(2.234272443150E0,8.800061019958E0,1.031705035628E1));
#4040=LINE('',#4039,#4038);
#4041=DIRECTION('',(-1.E0,0.E0,0.E0));
#4042=VECTOR('',#4041,8.575306149502E0);
#4043=CARTESIAN_POINT('',(1.080957859265E1,8.800061019958E0,1.031705035628E1));
#4044=LINE('',#4043,#4042);
#4045=DIRECTION('',(-6.059272674173E-4,1.232436182895E-6,9.999998164253E-1));
#4046=VECTOR('',#4045,1.028625623729E1);
#4047=CARTESIAN_POINT('',(1.081581131579E1,8.800048342803E0,3.079600729202E-2));
#4048=LINE('',#4047,#4046);
#4049=DIRECTION('',(6.059271739046E-4,-1.732869893598E-7,-9.999998164261E-1));
#4050=VECTOR('',#4049,8.191452414516E0);
#4051=CARTESIAN_POINT('',(-6.192182128978E0,8.800060655170E0,8.211944316660E0));
#4052=LINE('',#4051,#4050);
#4053=CARTESIAN_POINT('',(-4.092182514483E0,8.800060655391E0,8.213216763725E0));
#4054=DIRECTION('',(0.E0,-1.E0,1.732870212380E-7));
#4055=DIRECTION('',(-6.059272674228E-4,1.732869898368E-7,9.999998164260E-1));
#4056=AXIS2_PLACEMENT_3D('',#4053,#4054,#4055);
#4058=DIRECTION('',(-9.999998164261E-1,-1.049989678976E-10,-6.059272674229E-4));
#4059=VECTOR('',#4058,4.827728566400E0);
#4060=CARTESIAN_POINT('',(7.342727184105E-1,8.800061019800E0,1.031614163060E1));
#4061=LINE('',#4060,#4059);
#4062=DIRECTION('',(-6.059272673531E-4,1.231891213797E-6,9.999998164253E-1));
#4063=VECTOR('',#4062,1.029145241433E1);
#4064=CARTESIAN_POINT('',(7.405085900490E-1,8.800048341850E0,
2.469110552227E-2));
#4065=LINE('',#4064,#4063);
#4066=DIRECTION('',(0.E0,-1.E0,1.732870018671E-7));
#4067=VECTOR('',#4066,1.35E0);
#4068=CARTESIAN_POINT('',(4.329177321945E1,1.015005634848E1,-1.664098163062E1));
#4069=LINE('',#4068,#4067);
#4070=CARTESIAN_POINT('',(3.904177399964E1,1.015005634803E1,-1.664355682150E1));
#4071=DIRECTION('',(0.E0,1.E0,-1.732870212380E-7));
#4072=DIRECTION('',(9.999998164261E-1,1.049994078612E-10,6.059272674083E-4));
#4073=AXIS2_PLACEMENT_3D('',#4070,#4071,#4072);
#4075=DIRECTION('',(-4.284498679307E-4,-7.071066586541E-1,7.071067739159E-1));
#4076=VECTOR('',#4075,1.202081526913E0);
#4077=CARTESIAN_POINT('',(3.904486422220E1,1.100005546349E1,-2.174355603179E1));
#4078=LINE('',#4077,#4076);
#4079=DIRECTION('',(9.999998164261E-1,1.049821440331E-10,6.059272674208E-4));
#4080=VECTOR('',#4079,4.311888719910E1);
#4081=CARTESIAN_POINT('',(-4.074530093068E0,1.015005560704E1,
-2.091968295081E1));
#4082=LINE('',#4081,#4080);
#4083=DIRECTION('',(-4.284685339533E-4,-7.071066586541E-1,7.071067739046E-1));
#4084=VECTOR('',#4083,1.202081527165E0);
#4085=CARTESIAN_POINT('',(-4.074015038959E0,1.100005545914E1,
-2.176968294145E1));
#4086=LINE('',#4085,#4084);
#4087=DIRECTION('',(2.631639762074E-14,-1.E0,1.732870229203E-7));
#4088=VECTOR('',#4087,1.35E0);
#4089=CARTESIAN_POINT('',(3.904434919053E1,1.015005561156E1,-2.089355604132E1));
#4090=LINE('',#4089,#4088);
#4091=DIRECTION('',(2.302684791814E-14,-1.E0,1.732870229202E-7));
#4092=VECTOR('',#4091,1.350000000001E0);
#4093=CARTESIAN_POINT('',(-4.074530093068E0,1.015005560704E1,
-2.091968295081E1));
#4094=LINE('',#4093,#4092);
#4095=CARTESIAN_POINT('',(-4.077105283955E0,1.015005634351E1,
-1.666968373100E1));
#4096=DIRECTION('',(0.E0,1.E0,-1.732870212380E-7));
#4097=DIRECTION('',(6.059272674232E-4,-1.732869893591E-7,-9.999998164260E-1));
#4098=AXIS2_PLACEMENT_3D('',#4095,#4096,#4097);
#4100=DIRECTION('',(7.071066513835E-1,-7.071067811123E-1,4.285724004292E-4));
#4101=VECTOR('',#4100,1.202081526912E0);
#4102=CARTESIAN_POINT('',(-9.177104346950E0,1.100005634219E1,
-1.667277410085E1));
#4103=LINE('',#4102,#4101);
#4104=DIRECTION('',(6.059272674151E-4,-1.732869553813E-7,-9.999998164260E-1));
#4105=VECTOR('',#4104,2.488290482864E1);
#4106=CARTESIAN_POINT('',(-8.342181734294E0,1.015006065494E1,8.210641338901E0));
#4107=LINE('',#4106,#4105);
#4108=DIRECTION('',(7.071066513721E-1,-7.071067811123E-1,4.285910664665E-4));
#4109=VECTOR('',#4108,1.202081527166E0);
#4110=CARTESIAN_POINT('',(-9.192181577645E0,1.100006065425E1,8.210126137497E0));
#4111=LINE('',#4110,#4109);
#4112=DIRECTION('',(0.E0,-1.E0,1.732870702897E-7));
#4113=VECTOR('',#4112,1.350000000001E0);
#4114=CARTESIAN_POINT('',(-8.327104503766E0,1.015005634306E1,
-1.667225892189E1));
#4115=LINE('',#4114,#4113);
#4116=DIRECTION('',(0.E0,-1.E0,1.732870663423E-7));
#4117=VECTOR('',#4116,1.35E0);
#4118=CARTESIAN_POINT('',(-8.342181734294E0,1.015006065494E1,8.210641338901E0));
#4119=LINE('',#4118,#4117);
#4120=CARTESIAN_POINT('',(-4.092182514483E0,1.015006065539E1,8.213216529787E0));
#4121=DIRECTION('',(0.E0,1.E0,-1.732870212380E-7));
#4122=DIRECTION('',(-9.999998164261E-1,-1.049994078612E-10,-6.059272674142E-4));
#4123=AXIS2_PLACEMENT_3D('',#4120,#4121,#4122);
#4125=DIRECTION('',(4.284498679439E-4,-7.071069037189E-1,-7.071065288510E-1));
#4126=VECTOR('',#4125,1.202081526913E0);
#4127=CARTESIAN_POINT('',(-4.095272737041E0,1.100006153837E1,1.331321544549E1));
#4128=LINE('',#4127,#4126);
#4129=DIRECTION('',(-9.999998164261E-1,-1.050084687389E-10,-6.059272674291E-4));
#4130=VECTOR('',#4129,4.311888719910E1);
#4131=CARTESIAN_POINT('',(3.902412157823E1,1.015006139639E1,1.248934265909E1));
#4132=LINE('',#4131,#4130);
#4133=DIRECTION('',(4.284685339804E-4,-7.071069037189E-1,-7.071065288397E-1));
#4134=VECTOR('',#4133,1.202081527166E0);
#4135=CARTESIAN_POINT('',(3.902360652412E1,1.100006154308E1,1.333934235515E1));
#4136=LINE('',#4135,#4134);
#4137=DIRECTION('',(-1.644774851297E-14,-1.E0,1.732870242361E-7));
#4138=VECTOR('',#4137,1.35E0);
#4139=CARTESIAN_POINT('',(-4.094757705369E0,1.015006139186E1,1.246321574960E1));
#4140=LINE('',#4139,#4138);
#4141=DIRECTION('',(-2.631639762074E-14,-1.E0,1.732870242360E-7));
#4142=VECTOR('',#4141,1.35E0);
#4143=CARTESIAN_POINT('',(3.902412157823E1,1.015006139639E1,1.248934265909E1));
#4144=LINE('',#4143,#4142);
#4145=CARTESIAN_POINT('',(3.902669676911E1,1.015006065992E1,8.239343439282E0));
#4146=DIRECTION('',(0.E0,1.E0,-1.732870212380E-7));
#4147=DIRECTION('',(-6.059272674309E-4,1.732869893591E-7,9.999998164260E-1));
#4148=AXIS2_PLACEMENT_3D('',#4145,#4146,#4147);
#4150=DIRECTION('',(-7.071066513834E-1,-7.071067812608E-1,-4.283273355538E-4));
#4151=VECTOR('',#4150,1.202081526912E0);
#4152=CARTESIAN_POINT('',(4.412669583211E1,1.100006065967E1,8.242433514547E0));
#4153=LINE('',#4152,#4151);
#4154=DIRECTION('',(-6.059272674078E-4,1.732870019267E-7,9.999998164260E-1));
#4155=VECTOR('',#4154,2.488290482864E1);
#4156=CARTESIAN_POINT('',(4.329177321945E1,1.015005634848E1,-1.664098163062E1));
#4157=LINE('',#4156,#4155);
#4158=DIRECTION('',(-7.071066513721E-1,-7.071067812608E-1,-4.283460015796E-4));
#4159=VECTOR('',#4158,1.202081527166E0);
#4160=CARTESIAN_POINT('',(4.414177306280E1,1.100005634797E1,-1.664046672380E1));
#4161=LINE('',#4160,#4159);
#4162=DIRECTION('',(0.E0,-1.E0,1.732870084462E-7));
#4163=VECTOR('',#4162,1.35E0);
#4164=CARTESIAN_POINT('',(4.327669598892E1,1.015006066036E1,8.241918630169E0));
#4165=LINE('',#4164,#4163);
#4166=DIRECTION('',(-5.615448622926E-4,1.732869937569E-7,9.999998423337E-1));
#4167=VECTOR('',#4166,8.191452544942E0);
#4168=CARTESIAN_POINT('',(4.114177361414E1,8.800056348255E0,-1.664228414031E1));
#4169=LINE('',#4168,#4167);
#4170=DIRECTION('',(5.615448622926E-4,-1.732869938653E-7,-9.999998423337E-1));
#4171=VECTOR('',#4170,8.191452544942E0);
#4172=CARTESIAN_POINT('',(4.113717374604E1,7.300041425707E0,-8.450832626946E0));
#4173=LINE('',#4172,#4171);
#4174=DIRECTION('',(0.E0,-1.E0,1.732870224256E-7));
#4175=VECTOR('',#4174,1.500016342020E0);
#4176=CARTESIAN_POINT('',(4.114177361414E1,8.800056348255E0,-1.664228414031E1));
#4177=LINE('',#4176,#4175);
#4178=DIRECTION('',(0.E0,-1.E0,1.732870224256E-7));
#4179=VECTOR('',#4178,1.500016342020E0);
#4180=CARTESIAN_POINT('',(3.904304777773E1,8.800055983751E0,-1.874575255134E1));
#4181=LINE('',#4180,#4179);
#4182=DIRECTION('',(9.999999304077E-1,6.464908316423E-11,3.730744472458E-4));
#4183=VECTOR('',#4182,1.177432171490E1);
#4184=CARTESIAN_POINT('',(2.726872688223E1,8.800055982990E0,-1.875014524991E1));
#4185=LINE('',#4184,#4183);
#4186=DIRECTION('',(-9.999999304077E-1,-6.464893229721E-11,-3.730744472464E-4));
#4187=VECTOR('',#4186,1.177432171490E1);
#4188=CARTESIAN_POINT('',(3.904304777773E1,7.300039641731E0,-1.874575229141E1));
#4189=LINE('',#4188,#4187);
#4190=DIRECTION('',(-6.059272672981E-4,1.732869894277E-7,9.999998164260E-1));
#4191=VECTOR('',#4190,1.315252166232E1);
#4192=CARTESIAN_POINT('',(2.577046108789E1,2.000039144932E0,-2.161266700737E1));
#4193=LINE('',#4192,#4191);
#4194=CARTESIAN_POINT('',(2.577008918615E1,2.477901164721E0,-2.099889432298E1));
#4195=DIRECTION('',(9.999998164260E-1,1.049282876460E-10,6.059272820254E-4));
#4196=DIRECTION('',(4.781076517865E-4,-6.143275709202E-1,-7.890509533740E-1));
#4197=AXIS2_PLACEMENT_3D('',#4194,#4195,#4196);
#4199=DIRECTION('',(-1.052181661075E-4,-9.848077229300E-1,1.736483163940E-1));
#4200=VECTOR('',#4199,5.033685381823E0);
#4201=CARTESIAN_POINT('',(2.577108298852E1,7.300038967084E0,-2.263902959372E1));
#4202=LINE('',#4201,#4200);
#4203=DIRECTION('',(0.E0,-1.E0,1.732870176887E-7));
#4204=VECTOR('',#4203,1.500016342020E0);
#4205=CARTESIAN_POINT('',(2.576872715759E1,8.800055982832E0,-1.875105414081E1));
#4206=LINE('',#4205,#4204);
#4207=DIRECTION('',(9.999998164260E-1,1.049995645985E-10,6.059272819716E-4));
#4208=VECTOR('',#4207,1.5E0);
#4209=CARTESIAN_POINT('',(2.577046108789E1,2.000039144932E0,-2.161266700737E1));
#4210=LINE('',#4209,#4208);
#4211=DIRECTION('',(-6.059272672975E-4,1.732869893955E-7,9.999998164260E-1));
#4212=VECTOR('',#4211,1.315252166220E1);
#4213=CARTESIAN_POINT('',(1.726740193303E1,2.000039144039E0,-2.161781924359E1));
#4214=LINE('',#4213,#4212);
#4215=DIRECTION('',(0.E0,-1.E0,1.732870153203E-7));
#4216=VECTOR('',#4215,1.500016342020E0);
#4217=CARTESIAN_POINT('',(1.726566488085E1,8.800055982832E0,-1.875105414081E1));
#4218=LINE('',#4217,#4216);
#4219=DIRECTION('',(1.052181653701E-4,9.848077229243E-1,-1.736483164267E-1));
#4220=VECTOR('',#4219,5.033685386307E0);
#4221=CARTESIAN_POINT('',(1.726749419852E1,2.342826722977E0,-2.177009083743E1));
#4222=LINE('',#4221,#4220);
#4223=CARTESIAN_POINT('',(1.726703003129E1,2.477901163828E0,-2.100404655921E1));
#4224=DIRECTION('',(-9.999998164260E-1,-1.049925674985E-10,-6.059272820762E-4));
#4225=DIRECTION('',(5.967218851483E-4,-1.736483483170E-1,-9.848075421369E-1));
#4226=AXIS2_PLACEMENT_3D('',#4223,#4224,#4225);
#4228=DIRECTION('',(-7.523387646891E-14,1.E0,-1.732870222967E-7));
#4229=VECTOR('',#4228,6.800005446465E0);
#4230=CARTESIAN_POINT('',(2.576249161638E1,2.000041424093E0,-8.460147759510E0));
#4231=LINE('',#4230,#4229);
#4232=DIRECTION('',(8.620548344718E-14,-1.E0,1.732870220218E-7));
#4233=VECTOR('',#4232,6.800005447E0);
#4234=CARTESIAN_POINT('',(1.725943246152E1,8.800046870200E0,-8.465301174207E0));
#4235=LINE('',#4234,#4233);
#4236=DIRECTION('',(-9.999998164261E-1,-1.049993729504E-10,-6.059272674203E-4));
#4237=VECTOR('',#4236,8.503060715800E0);
#4238=CARTESIAN_POINT('',(2.576249161638E1,2.000041424093E0,-8.460147759510E0));
#4239=LINE('',#4238,#4237);
#4240=DIRECTION('',(9.999998164260E-1,1.049989724796E-10,6.059272820688E-4));
#4241=VECTOR('',#4240,1.5E0);
#4242=CARTESIAN_POINT('',(1.576740220839E1,2.000039143882E0,-2.161872813451E1));
#4243=LINE('',#4242,#4241);
#4244=DIRECTION('',(-6.059272672977E-4,1.732869893952E-7,9.999998164260E-1));
#4245=VECTOR('',#4244,1.315252166222E1);
#4246=CARTESIAN_POINT('',(1.576740220839E1,2.000039143882E0,-2.161872813451E1));
#4247=LINE('',#4246,#4245);
#4248=CARTESIAN_POINT('',(1.576703030665E1,2.477901163670E0,-2.100495545013E1));
#4249=DIRECTION('',(9.999998164260E-1,1.049925674985E-10,6.059272820762E-4));
#4250=DIRECTION('',(4.781076518665E-4,-6.143275709201E-1,-7.890509533741E-1));
#4251=AXIS2_PLACEMENT_3D('',#4248,#4249,#4250);
#4253=DIRECTION('',(-1.052181661449E-4,-9.848077229245E-1,1.736483164254E-1));
#4254=VECTOR('',#4253,5.033685381857E0);
#4255=CARTESIAN_POINT('',(1.576802410902E1,7.300038966025E0,-2.264509072110E1));
#4256=LINE('',#4255,#4254);
#4257=DIRECTION('',(0.E0,-1.E0,1.732870176887E-7));
#4258=VECTOR('',#4257,1.500016342020E0);
#4259=CARTESIAN_POINT('',(1.576566827809E1,8.800055981782E0,-1.875711526806E1));
#4260=LINE('',#4259,#4258);
#4261=DIRECTION('',(-6.059272672979E-4,1.732869893970E-7,9.999998164260E-1));
#4262=VECTOR('',#4261,1.315252166208E1);
#4263=CARTESIAN_POINT('',(6.909026193054E0,2.000039142951E0,-2.162409566694E1));
#4264=LINE('',#4263,#4262);
#4265=DIRECTION('',(0.E0,-1.E0,1.732870176887E-7));
#4266=VECTOR('',#4265,1.500016342020E0);
#4267=CARTESIAN_POINT('',(6.907289010422E0,8.800055981782E0,-1.875711526806E1));
#4268=LINE('',#4267,#4266);
#4269=DIRECTION('',(1.052181653762E-4,9.848077229230E-1,-1.736483164340E-1));
#4270=VECTOR('',#4269,5.033685386320E0);
#4271=CARTESIAN_POINT('',(6.909118458547E0,2.342826721875E0,-2.177636726087E1));
#4272=LINE('',#4271,#4270);
#4273=CARTESIAN_POINT('',(6.908654291319E0,2.477901162740E0,-2.101032298255E1));
#4274=DIRECTION('',(-9.999998164260E-1,-1.049993337996E-10,-6.059272820863E-4));
#4275=DIRECTION('',(5.967218851607E-4,-1.736483483165E-1,-9.848075421370E-1));
#4276=AXIS2_PLACEMENT_3D('',#4273,#4274,#4275);
#4278=DIRECTION('',(-8.698916965767E-14,1.E0,-1.732870214940E-7));
#4279=VECTOR('',#4278,6.800005447208E0);
#4280=CARTESIAN_POINT('',(1.575943273688E1,2.000041423042E0,-8.466208886755E0));
#4281=LINE('',#4280,#4279);
#4282=DIRECTION('',(9.999998164261E-1,1.206152626927E-10,6.059272674205E-4));
#4283=VECTOR('',#4282,8.858377641500E0);
#4284=CARTESIAN_POINT('',(6.901056721544E0,8.800046869182E0,-8.471577597666E0));
#4285=LINE('',#4284,#4283);
#4286=DIRECTION('',(8.058906558540E-14,-1.E0,1.732870217588E-7));
#4287=VECTOR('',#4286,6.800005447070E0);
#4288=CARTESIAN_POINT('',(6.901056721544E0,8.800046869182E0,-8.471577597666E0));
#4289=LINE('',#4288,#4287);
#4290=DIRECTION('',(-9.999998164261E-1,-1.049993092856E-10,-6.059272674203E-4));
#4291=VECTOR('',#4290,8.858377641500E0);
#4292=CARTESIAN_POINT('',(1.575943273688E1,2.000041423042E0,-8.466208886755E0));
#4293=LINE('',#4292,#4291);
#4294=DIRECTION('',(9.999998164260E-1,1.049995645985E-10,6.059272820854E-4));
#4295=VECTOR('',#4294,1.5E0);
#4296=CARTESIAN_POINT('',(5.409026468415E0,2.000039142794E0,-2.162500455786E1));
#4297=LINE('',#4296,#4295);
#4298=DIRECTION('',(-6.059272672978E-4,1.732869894305E-7,9.999998164260E-1));
#4299=VECTOR('',#4298,1.315252166211E1);
#4300=CARTESIAN_POINT('',(5.409026468415E0,2.000039142794E0,-2.162500455786E1));
#4301=LINE('',#4300,#4299);
#4302=CARTESIAN_POINT('',(5.408654566680E0,2.477901162583E0,-2.101123187348E1));
#4303=DIRECTION('',(9.999998164260E-1,1.049993337996E-10,6.059272820863E-4));
#4304=DIRECTION('',(4.781076518778E-4,-6.143275709201E-1,-7.890509533740E-1));
#4305=AXIS2_PLACEMENT_3D('',#4302,#4303,#4304);
#4307=DIRECTION('',(-1.052181661478E-4,-9.848077229232E-1,1.736483164327E-1));
#4308=VECTOR('',#4307,5.033685381870E0);
#4309=CARTESIAN_POINT('',(5.409648369050E0,7.300038964929E0,-2.265136714458E1));
#4310=LINE('',#4309,#4308);
#4311=DIRECTION('',(0.E0,-1.E0,1.732870224256E-7));
#4312=VECTOR('',#4311,1.500016342020E0);
#4313=CARTESIAN_POINT('',(5.407292868547E0,8.800055980600E0,-1.876393701873E1));
#4314=LINE('',#4313,#4312);
#4315=DIRECTION('',(8.045845121699E-14,-1.E0,1.732870209761E-7));
#4316=VECTOR('',#4315,6.800005447032E0);
#4317=CARTESIAN_POINT('',(5.401056996905E0,8.800046868986E0,-8.472486488567E0));
#4318=LINE('',#4317,#4316);
#4319=DIRECTION('',(0.E0,-1.E0,1.732870224256E-7));
#4320=VECTOR('',#4319,1.500016342020E0);
#4321=CARTESIAN_POINT('',(-4.075832835071E0,8.800055979604E0,
-1.876968311156E1));
#4322=LINE('',#4321,#4320);
#4323=DIRECTION('',(0.E0,-1.E0,1.732870200572E-7));
#4324=VECTOR('',#4323,1.500016342020E0);
#4325=CARTESIAN_POINT('',(-6.177104898450E0,8.800056343286E0,
-1.667095594432E1));
#4326=LINE('',#4325,#4324);
#4327=DIRECTION('',(-9.999998164261E-1,-1.049993194081E-10,-6.059272674204E-4));
#4328=VECTOR('',#4327,1.444419668127E1);
#4329=CARTESIAN_POINT('',(5.401056996906E0,2.000041421955E0,-8.472485310214E0));
#4330=LINE('',#4329,#4328);
#4331=DIRECTION('',(9.999998164256E-1,-9.404862516108E-7,6.059272675834E-4));
#4332=VECTOR('',#4331,1.158312744611E1);
#4333=CARTESIAN_POINT('',(-6.182068322835E0,8.800057762758E0,
-8.479505021331E0));
#4334=LINE('',#4333,#4332);
#4335=DIRECTION('',(0.E0,-1.E0,1.732870188730E-7));
#4336=VECTOR('',#4335,1.500016342020E0);
#4337=CARTESIAN_POINT('',(-6.182068322835E0,8.800057762758E0,
-8.479505021331E0));
#4338=LINE('',#4337,#4336);
#4339=DIRECTION('',(-1.736481457888E-1,9.848077529941E-1,-1.053888201875E-4));
#4340=VECTOR('',#4339,5.033685386330E0);
#4341=CARTESIAN_POINT('',(-9.195408567351E0,2.342829025740E0,
-8.481329767732E0));
#4342=LINE('',#4341,#4340);
#4343=CARTESIAN_POINT('',(-8.429364265589E0,2.477903333933E0,
-8.480865623923E0));
#4344=DIRECTION('',(-6.059272674204E-4,1.732869894271E-7,9.999998164260E-1));
#4345=DIRECTION('',(-9.848075722310E-1,-1.736481777486E-1,-5.966917797437E-4));
#4346=AXIS2_PLACEMENT_3D('',#4343,#4344,#4345);
#4348=DIRECTION('',(-6.059277822613E-4,1.762067650309E-7,9.999998164257E-1));
#4349=VECTOR('',#4348,1.5E0);
#4350=CARTESIAN_POINT('',(-9.199650058215E0,2.342830238749E0,
-1.481331065160E0));
#4351=LINE('',#4350,#4349);
#4352=DIRECTION('',(-6.059277822483E-4,1.762067694718E-7,9.999998164257E-1));
#4353=VECTOR('',#4352,1.5E0);
#4354=CARTESIAN_POINT('',(-9.195408567351E0,2.342829025740E0,
-8.481329767732E0));
#4355=LINE('',#4354,#4353);
#4356=DIRECTION('',(-6.059272673552E-4,1.732870009200E-7,9.999998164260E-1));
#4357=VECTOR('',#4356,8.191452426730E0);
#4358=CARTESIAN_POINT('',(-1.006453527679E1,7.300040000858E0,
-1.667331118489E1));
#4359=LINE('',#4358,#4357);
#4360=DIRECTION('',(1.736481457824E-1,-9.848077529930E-1,1.054095327623E-4));
#4361=VECTOR('',#4360,1.726225240210E0);
#4362=CARTESIAN_POINT('',(-1.036429108895E1,9.000040000829E0,
-1.667349314548E1));
#4363=LINE('',#4362,#4361);
#4364=DIRECTION('',(6.059272674121E-4,-1.732869896612E-7,-9.999998164260E-1));
#4365=VECTOR('',#4364,2.488290488823E1);
#4366=CARTESIAN_POINT('',(-1.037936831952E1,9.000044312712E0,8.209407174893E0));
#4367=LINE('',#4366,#4365);
#4368=DIRECTION('',(6.059272674435E-4,-1.732869892024E-7,-9.999998164260E-1));
#4369=VECTOR('',#4368,1.5E0);
#4370=CARTESIAN_POINT('',(-9.044045923683E0,2.000041680369E0,
-6.981237718201E0));
#4371=LINE('',#4370,#4369);
#4372=DIRECTION('',(-1.051974531926E-4,-9.848077229213E-1,1.736483164563E-1));
#4373=VECTOR('',#4372,1.726225240206E0);
#4374=CARTESIAN_POINT('',(-4.073295741695E0,9.000038911981E0,
-2.295686933685E1));
#4375=LINE('',#4374,#4373);
#4376=DIRECTION('',(1.736481458035E-1,-9.848077529930E-1,1.053750117909E-4));
#4377=VECTOR('',#4376,1.726225240210E0);
#4378=CARTESIAN_POINT('',(-1.037936831952E1,9.000044312712E0,8.209407174893E0));
#4379=LINE('',#4378,#4377);
#4380=DIRECTION('',(9.999998164261E-1,1.050016370148E-10,6.059272674198E-4));
#4381=VECTOR('',#4380,1.5E0);
#4382=CARTESIAN_POINT('',(2.057095863707E1,4.386542187648E0,1.370186449697E1));
#4383=LINE('',#4382,#4381);
#4384=DIRECTION('',(-1.052181657646E-4,9.848077831032E-1,1.736479751352E-1));
#4385=VECTOR('',#4384,2.958448558028E0);
#4386=CARTESIAN_POINT('',(2.057095863707E1,4.386542187648E0,1.370186449697E1));
#4387=LINE('',#4386,#4385);
#4388=DIRECTION('',(1.052181657980E-4,-9.848077830986E-1,-1.736479751611E-1));
#4389=VECTOR('',#4388,5.033685381926E0);
#4390=CARTESIAN_POINT('',(1.230721966829E1,7.300045352637E0,1.421058606154E1));
#4391=LINE('',#4390,#4389);
#4392=DIRECTION('',(9.999998164257E-1,3.025570016768E-9,6.059277916663E-4));
#4393=VECTOR('',#4392,1.499999999989E0);
#4394=CARTESIAN_POINT('',(1.080774957880E1,2.342832806308E0,1.333558789568E1));
#4395=LINE('',#4394,#4393);
#4396=DIRECTION('',(-1.052181680280E-4,9.848077830981E-1,1.736479751637E-1));
#4397=VECTOR('',#4396,5.033685386377E0);
#4398=CARTESIAN_POINT('',(1.080774957880E1,2.342832806308E0,1.333558789568E1));
#4399=LINE('',#4398,#4397);
#4400=DIRECTION('',(1.052181656735E-4,-9.848077831010E-1,-1.736479751473E-1));
#4401=VECTOR('',#4400,5.033685381907E0);
#4402=CARTESIAN_POINT('',(2.231916942551E0,7.300045351579E0,1.420448115977E1));
#4403=LINE('',#4402,#4401);
#4404=DIRECTION('',(9.999998164257E-1,3.025757718449E-9,6.059277939065E-4));
#4405=VECTOR('',#4404,1.500000000001E0);
#4406=CARTESIAN_POINT('',(7.324468530536E-1,2.342832805256E0,1.332948299398E1));
#4407=LINE('',#4406,#4405);
#4408=DIRECTION('',(-1.052181653894E-4,9.848077831005E-1,1.736479751506E-1));
#4409=VECTOR('',#4408,5.033685386359E0);
#4410=CARTESIAN_POINT('',(7.324468530536E-1,2.342832805256E0,1.332948299398E1));
#4411=LINE('',#4410,#4409);
#4412=DIRECTION('',(1.052319741826E-4,-9.848077831032E-1,-1.736479751265E-1));
#4413=VECTOR('',#4412,1.726225240206E0);
#4414=CARTESIAN_POINT('',(-4.095992116333E0,9.000045402859E0,1.450040253406E1));
#4415=LINE('',#4414,#4413);
#4416=DIRECTION('',(-9.999998164261E-1,-1.049991581345E-10,-6.059272674223E-4));
#4417=VECTOR('',#4416,4.311888725869E1);
#4418=CARTESIAN_POINT('',(3.902288722685E1,9.000045407386E0,1.452652944359E1));
#4419=LINE('',#4418,#4417);
#4420=DIRECTION('',(1.052181657051E-4,-9.848077830939E-1,-1.736479751876E-1));
#4421=VECTOR('',#4420,5.033685381961E0);
#4422=CARTESIAN_POINT('',(3.206588680211E1,7.300045354711E0,1.422255837892E1));
#4423=LINE('',#4422,#4421);
#4424=DIRECTION('',(9.999998164257E-1,3.025760679044E-9,6.059277938911E-4));
#4425=VECTOR('',#4424,1.500000000002E0);
#4426=CARTESIAN_POINT('',(3.056641671261E1,2.342832808371E0,1.334756021292E1));
#4427=LINE('',#4426,#4425);
#4428=DIRECTION('',(-1.052181654018E-4,9.848077830933E-1,1.736479751909E-1));
#4429=VECTOR('',#4428,5.033685386413E0);
#4430=CARTESIAN_POINT('',(3.056641671261E1,2.342832808371E0,1.334756021292E1));
#4431=LINE('',#4430,#4429);
#4432=DIRECTION('',(-9.999998164261E-1,-1.049992685391E-10,-6.059272674210E-4));
#4433=VECTOR('',#4432,1.5E0);
#4434=CARTESIAN_POINT('',(2.207211935903E1,2.167956046372E0,1.178670698376E1));
#4435=LINE('',#4434,#4433);
#4436=DIRECTION('',(9.999998164261E-1,1.049995645985E-10,6.059272674198E-4));
#4437=VECTOR('',#4436,1.5E0);
#4438=CARTESIAN_POINT('',(2.057137311573E1,3.201749538209E0,1.301782454120E1));
#4439=LINE('',#4438,#4437);
#4440=DIRECTION('',(1.736481457868E-1,9.848077530295E-1,1.050613197957E-4));
#4441=VECTOR('',#4440,1.726225240210E0);
#4442=CARTESIAN_POINT('',(4.501412676194E1,7.300044318527E0,8.242971880913E0));
#4443=LINE('',#4442,#4441);
#4444=DIRECTION('',(1.051974531793E-4,-9.848077831032E-1,-1.736479751475E-1));
#4445=VECTOR('',#4444,1.726225240206E0);
#4446=CARTESIAN_POINT('',(3.902288722685E1,9.000045407386E0,1.452652944359E1));
#4447=LINE('',#4446,#4445);
#4448=DIRECTION('',(0.E0,-1.E0,1.732870212414E-7));
#4449=VECTOR('',#4448,1.500016342020E0);
#4450=CARTESIAN_POINT('',(3.902542432136E1,8.800061023821E0,1.033934328771E1));
#4451=LINE('',#4450,#4449);
#4452=DIRECTION('',(0.E0,-1.E0,1.732870224256E-7));
#4453=VECTOR('',#4452,1.500016342020E0);
#4454=CARTESIAN_POINT('',(4.112669638361E1,8.800060660138E0,8.240616120482E0));
#4455=LINE('',#4454,#4453);
#4456=DIRECTION('',(0.E0,-1.E0,1.732870200572E-7));
#4457=VECTOR('',#4456,1.500016342020E0);
#4458=CARTESIAN_POINT('',(-6.192182128978E0,8.800060655170E0,8.211944316660E0));
#4459=LINE('',#4458,#4457);
#4460=DIRECTION('',(0.E0,-1.E0,1.732870188730E-7));
#4461=VECTOR('',#4460,1.500016342020E0);
#4462=CARTESIAN_POINT('',(-4.093454961745E0,8.800061019293E0,1.031321637822E1));
#4463=LINE('',#4462,#4461);
#4464=DIRECTION('',(1.E0,2.833036721646E-7,-4.910484571912E-14));
#4465=VECTOR('',#4464,1.827730603698E1);
#4466=CARTESIAN_POINT('',(-3.264487772739E1,1.070002498195E1,2.445271280377E0));
#4467=LINE('',#4466,#4465);
#4468=DIRECTION('',(1.228025883342E-10,1.E0,-1.732870212677E-7));
#4469=VECTOR('',#4468,1.699986846113E0);
#4470=CARTESIAN_POINT('',(-1.436757169062E1,9.000043313860E0,2.445271574962E0));
#4471=LINE('',#4470,#4469);
#4472=DIRECTION('',(-1.992048939238E-11,1.E0,-1.732870213999E-7));
#4473=VECTOR('',#4472,1.699981668085E0);
#4474=CARTESIAN_POINT('',(-3.264487772736E1,9.000043313860E0,2.445271574962E0));
#4475=LINE('',#4474,#4473);
#4476=CARTESIAN_POINT('',(-3.264487754860E1,1.070002502896E1,2.145271280377E0));
#4477=DIRECTION('',(1.E0,2.801564178226E-7,-4.855344173121E-14));
#4478=DIRECTION('',(-2.801564136234E-7,9.999999999999E-1,1.732870217689E-7));
#4479=AXIS2_PLACEMENT_3D('',#4476,#4477,#4478);
#4481=CARTESIAN_POINT('',(-1.436757151186E1,1.070002998357E1,2.145271280376E0));
#4482=DIRECTION('',(9.999999999999E-1,6.195341710284E-14,3.575190840044E-7));
#4483=DIRECTION('',(-1.243449787580E-13,1.E0,1.732870365719E-7));
#4484=AXIS2_PLACEMENT_3D('',#4481,#4482,#4483);
#4486=CARTESIAN_POINT('',(-1.386757169062E1,1.070003020290E1,2.645271059237E0));
#4487=DIRECTION('',(0.E0,-1.732870203395E-7,1.E0));
#4488=DIRECTION('',(-2.801564254658E-7,9.999999999999E-1,1.732870202886E-7));
#4489=AXIS2_PLACEMENT_3D('',#4486,#4487,#4488);
#4491=CARTESIAN_POINT('',(-1.386757169062E1,1.070002932344E1,8.145271059237E0));
#4492=DIRECTION('',(4.422776692104E-7,1.732870212380E-7,9.999999999999E-1));
#4493=DIRECTION('',(-2.801568044220E-7,9.999999999999E-1,-1.732868959436E-7));
#4494=AXIS2_PLACEMENT_3D('',#4491,#4492,#4493);
#4496=CARTESIAN_POINT('',(-1.436757151186E1,1.070002902310E1,8.645271280376E0));
#4497=DIRECTION('',(-1.E0,-2.801564178226E-7,4.857725411068E-14));
#4498=DIRECTION('',(-2.801564195446E-7,9.999999999999E-1,1.732870202886E-7));
#4499=AXIS2_PLACEMENT_3D('',#4496,#4497,#4498);
#4501=CARTESIAN_POINT('',(-3.264487754860E1,1.070002401277E1,8.645271280377E0));
#4502=DIRECTION('',(-9.999999999999E-1,6.195353264103E-14,3.575197507488E-7));
#4503=DIRECTION('',(1.184237892934E-13,1.E0,1.732869433132E-7));
#4504=AXIS2_PLACEMENT_3D('',#4501,#4502,#4503);
#4506=CARTESIAN_POINT('',(-3.314487772736E1,1.070002384916E1,8.145271059238E0));
#4507=DIRECTION('',(0.E0,1.732870203395E-7,-1.E0));
#4508=DIRECTION('',(-2.801564373082E-7,9.999999999999E-1,1.732870202886E-7));
#4509=AXIS2_PLACEMENT_3D('',#4506,#4507,#4508);
#4511=CARTESIAN_POINT('',(-3.314487772735E1,1.070002471961E1,2.645271059238E0));
#4512=DIRECTION('',(4.422779217861E-7,-1.732870212379E-7,-9.999999999999E-1));
#4513=DIRECTION('',(-2.801560820368E-7,9.999999999999E-1,-1.732871446336E-7));
#4514=AXIS2_PLACEMENT_3D('',#4511,#4512,#4513);
#4516=CARTESIAN_POINT('',(-3.264487772736E1,1.070002471961E1,2.645271280377E0));
#4517=DIRECTION('',(0.E0,-1.E0,1.732870212379E-7));
#4518=DIRECTION('',(-1.E0,0.E0,0.E0));
#4519=AXIS2_PLACEMENT_3D('',#4516,#4517,#4518);
#4521=CARTESIAN_POINT('',(-3.264487772736E1,9.000043348518E0,2.645271574962E0));
#4522=DIRECTION('',(0.E0,1.E0,-1.732870212379E-7));
#4523=DIRECTION('',(-7.105427357601E-14,-1.732870202886E-7,-1.E0));
#4524=AXIS2_PLACEMENT_3D('',#4521,#4522,#4523);
#4526=DIRECTION('',(0.E0,1.660326437809E-7,-1.E0));
#4527=VECTOR('',#4526,5.500000000471E0);
#4528=CARTESIAN_POINT('',(-3.284487772736E1,1.070002386840E1,8.145271280639E0));
#4529=LINE('',#4528,#4527);
#4530=DIRECTION('',(0.E0,1.E0,-1.734098266541E-7));
#4531=VECTOR('',#4530,1.699981433061E0);
#4532=CARTESIAN_POINT('',(-3.284487772736E1,9.000043348518E0,2.645271574962E0));
#4533=LINE('',#4532,#4531);
#4534=DIRECTION('',(0.E0,1.E0,-1.731327567827E-7));
#4535=VECTOR('',#4534,1.699979566803E0);
#4536=CARTESIAN_POINT('',(-3.284487772736E1,9.000044301597E0,8.145271574962E0));
#4537=LINE('',#4536,#4535);
#4538=CARTESIAN_POINT('',(-3.264487772736E1,1.070002392613E1,8.145271280377E0));
#4539=DIRECTION('',(0.E0,-1.E0,1.732870212380E-7));
#4540=DIRECTION('',(0.E0,1.732870202886E-7,1.E0));
#4541=AXIS2_PLACEMENT_3D('',#4538,#4539,#4540);
#4543=DIRECTION('',(-1.405637633554E-11,1.E0,-1.732870210486E-7));
#4544=VECTOR('',#4543,1.699979541896E0);
#4545=CARTESIAN_POINT('',(-3.264487772735E1,9.000044336254E0,8.345271574961E0));
#4546=LINE('',#4545,#4544);
#4547=DIRECTION('',(-1.E0,-2.839426091577E-7,4.937211603217E-14));
#4548=VECTOR('',#4547,1.827730603702E1);
#4549=CARTESIAN_POINT('',(-1.436757169036E1,1.070002906786E1,8.345271280376E0));
#4550=LINE('',#4549,#4548);
#4551=DIRECTION('',(1.543103698161E-10,1.E0,-1.732870197259E-7));
#4552=VECTOR('',#4551,1.699984731602E0);
#4553=CARTESIAN_POINT('',(-1.436757169062E1,9.000044336254E0,8.345271574961E0));
#4554=LINE('',#4553,#4552);
#4555=CARTESIAN_POINT('',(-1.436757169062E1,1.070002932344E1,8.145271280376E0));
#4556=DIRECTION('',(0.E0,-1.E0,1.732870212380E-7));
#4557=DIRECTION('',(1.E0,0.E0,0.E0));
#4558=AXIS2_PLACEMENT_3D('',#4555,#4556,#4557);
#4560=DIRECTION('',(0.E0,1.E0,-1.732729697403E-7));
#4561=VECTOR('',#4560,1.699984966626E0);
#4562=CARTESIAN_POINT('',(-1.416757169062E1,9.000044301597E0,8.145271574961E0));
#4563=LINE('',#4562,#4561);
#4564=DIRECTION('',(0.E0,-1.639093625255E-7,1.E0));
#4565=VECTOR('',#4564,5.500000000058E0);
#4566=CARTESIAN_POINT('',(-1.416757169062E1,1.070003016972E1,2.645271280342E0));
#4567=LINE('',#4566,#4565);
#4568=DIRECTION('',(0.E0,1.E0,-1.733069439743E-7));
#4569=VECTOR('',#4568,1.699986821206E0);
#4570=CARTESIAN_POINT('',(-1.416757169062E1,9.000043348518E0,2.645271574962E0));
#4571=LINE('',#4570,#4569);
#4572=CARTESIAN_POINT('',(-1.436757169062E1,1.070003007021E1,2.645271280376E0));
#4573=DIRECTION('',(0.E0,-1.E0,1.732870212379E-7));
#4574=DIRECTION('',(0.E0,-1.732870202886E-7,-1.E0));
#4575=AXIS2_PLACEMENT_3D('',#4572,#4573,#4574);
#4577=CARTESIAN_POINT('',(-1.436757169062E1,9.000043348518E0,2.645271574962E0));
#4578=DIRECTION('',(0.E0,1.E0,-1.732870212379E-7));
#4579=DIRECTION('',(1.E0,0.E0,0.E0));
#4580=AXIS2_PLACEMENT_3D('',#4577,#4578,#4579);
#4582=CARTESIAN_POINT('',(5.309695727738E1,1.700038524405E0,-2.519358809367E1));
#4583=CARTESIAN_POINT('',(4.999695781346E1,1.700038524079E0,-2.519546646822E1));
#4584=VERTEX_POINT('',#4582);
#4585=VERTEX_POINT('',#4583);
#4586=CARTESIAN_POINT('',(5.309695727809E1,2.200038524405E0,-2.519358818032E1));
#4587=VERTEX_POINT('',#4586);
#4588=CARTESIAN_POINT('',(5.309695727738E1,9.000038524405E0,-2.519358935867E1));
#4589=VERTEX_POINT('',#4588);
#4590=CARTESIAN_POINT('',(4.999695782299E1,9.000038524079E0,-2.519546773321E1));
#4591=VERTEX_POINT('',#4590);
#4592=CARTESIAN_POINT('',(4.499998840066E1,1.700037657119E0,-3.019849518667E1));
#4593=VERTEX_POINT('',#4592);
#4594=CARTESIAN_POINT('',(4.500180618247E1,1.700037137258E0,-3.319849463595E1));
#4595=VERTEX_POINT('',#4594);
#4596=CARTESIAN_POINT('',(5.010180525046E1,1.700037137794E0,-3.319540440688E1));
#4597=VERTEX_POINT('',#4596);
#4598=CARTESIAN_POINT('',(5.309998691372E1,1.700037657970E0,-3.019358718218E1));
#4599=VERTEX_POINT('',#4598);
#4600=CARTESIAN_POINT('',(4.499998840066E1,9.000037657119E0,-3.019849645166E1));
#4601=VERTEX_POINT('',#4600);
#4602=CARTESIAN_POINT('',(4.500180618247E1,9.000037137258E0,-3.319849590244E1));
#4603=VERTEX_POINT('',#4602);
#4604=CARTESIAN_POINT('',(4.500180618247E1,2.200037137258E0,-3.319849473388E1));
#4605=VERTEX_POINT('',#4604);
#4606=CARTESIAN_POINT('',(5.010180526183E1,2.200037137794E0,-3.319540449578E1));
#4607=VERTEX_POINT('',#4606);
#4608=CARTESIAN_POINT('',(5.309998691372E1,2.200037657970E0,-3.019358726883E1));
#4609=VERTEX_POINT('',#4608);
#4610=CARTESIAN_POINT('',(5.308983763199E1,2.200040560527E0,-1.344359033712E1));
#4611=CARTESIAN_POINT('',(5.418983743006E1,2.200040560642E0,-1.344292381753E1));
#4612=VERTEX_POINT('',#4610);
#4613=VERTEX_POINT('',#4611);
#4614=CARTESIAN_POINT('',(-3.999817823501E1,2.200037128333E0,
-3.324999854033E1));
#4615=CARTESIAN_POINT('',(-3.489817914997E1,2.200037128869E0,
-3.324690831197E1));
#4616=VERTEX_POINT('',#4614);
#4617=VERTEX_POINT('',#4615);
#4618=CARTESIAN_POINT('',(-4.299999544483E1,2.200037647879E0,
-3.025181687704E1));
#4619=VERTEX_POINT('',#4618);
#4620=CARTESIAN_POINT('',(-4.300302508631E1,2.200038514314E0,
-2.525181779072E1));
#4621=VERTEX_POINT('',#4620);
#4622=CARTESIAN_POINT('',(-4.302786809087E1,2.200045619078E0,1.574816105681E1));
#4623=CARTESIAN_POINT('',(-4.302483845523E1,2.200044752644E0,1.074816195124E1));
#4624=VERTEX_POINT('',#4622);
#4625=VERTEX_POINT('',#4623);
#4626=CARTESIAN_POINT('',(-4.002968642758E1,2.200046139254E0,1.874997826445E1));
#4627=VERTEX_POINT('',#4626);
#4628=CARTESIAN_POINT('',(-3.492968736308E1,2.200046139791E0,1.875307421196E1));
#4629=VERTEX_POINT('',#4628);
#4630=CARTESIAN_POINT('',(5.007029705835E1,2.200046148715E0,1.880457382786E1));
#4631=CARTESIAN_POINT('',(4.497029796964E1,2.200046148180E0,1.880148734360E1));
#4632=VERTEX_POINT('',#4630);
#4633=VERTEX_POINT('',#4631);
#4634=CARTESIAN_POINT('',(5.307211425938E1,2.200045629171E0,1.580640429315E1));
#4635=VERTEX_POINT('',#4634);
#4636=CARTESIAN_POINT('',(5.307514390567E1,2.200044762734E0,1.080639156164E1));
#4637=VERTEX_POINT('',#4636);
#4638=CARTESIAN_POINT('',(5.418226333545E1,2.200042726730E0,
-9.429261119929E-1));
#4639=CARTESIAN_POINT('',(5.308226354114E1,2.200042726614E0,
-9.435926317400E-1));
#4640=VERTEX_POINT('',#4638);
#4641=VERTEX_POINT('',#4639);
#4642=CARTESIAN_POINT('',(-4.409999524287E1,2.200037647764E0,
-3.025248339284E1));
#4643=CARTESIAN_POINT('',(-3.999751169595E1,2.200036937718E0,
-3.434999833840E1));
#4644=VERTEX_POINT('',#4642);
#4645=VERTEX_POINT('',#4643);
#4646=CARTESIAN_POINT('',(5.010247178956E1,2.200036947178E0,-3.429540429158E1));
#4647=VERTEX_POINT('',#4646);
#4648=CARTESIAN_POINT('',(5.419998671175E1,2.200037658085E0,-3.019292074587E1));
#4649=VERTEX_POINT('',#4648);
#4650=CARTESIAN_POINT('',(5.308983763199E1,8.217197849131E0,-1.344359138001E1));
#4651=CARTESIAN_POINT('',(5.480699463349E1,8.217197835834E0,-1.344255089181E1));
#4652=VERTEX_POINT('',#4650);
#4653=VERTEX_POINT('',#4651);
#4654=CARTESIAN_POINT('',(5.418983743006E1,1.877858018345E0,-1.344292376148E1));
#4655=VERTEX_POINT('',#4654);
#4656=CARTESIAN_POINT('',(5.480699460549E1,1.877858020027E0,-1.344254980905E1));
#4657=VERTEX_POINT('',#4656);
#4658=CARTESIAN_POINT('',(5.308966624987E1,8.500040609544E0,-1.316074876847E1));
#4659=VERTEX_POINT('',#4658);
#4660=CARTESIAN_POINT('',(5.480682330625E1,8.500040546703E0,-1.315970829599E1));
#4661=VERTEX_POINT('',#4660);
#4662=CARTESIAN_POINT('',(5.479959192757E1,8.500042662027E0,-1.225396005523E0));
#4663=VERTEX_POINT('',#4662);
#4664=CARTESIAN_POINT('',(5.308243492326E1,8.500042677603E0,-1.226436384242E0));
#4665=VERTEX_POINT('',#4664);
#4666=CARTESIAN_POINT('',(5.308226354114E1,8.217200014144E0,
-9.435936746755E-1));
#4667=VERTEX_POINT('',#4666);
#4668=CARTESIAN_POINT('',(5.307514390424E1,9.000044762734E0,1.080639038329E1));
#4669=VERTEX_POINT('',#4668);
#4670=CARTESIAN_POINT('',(4.997514446870E1,9.000044762408E0,1.080451200876E1));
#4671=VERTEX_POINT('',#4670);
#4672=CARTESIAN_POINT('',(4.497211575463E1,9.000045628318E0,1.580148145456E1));
#4673=VERTEX_POINT('',#4672);
#4674=CARTESIAN_POINT('',(4.497029796802E1,9.000046148181E0,1.880148884322E1));
#4675=VERTEX_POINT('',#4674);
#4676=CARTESIAN_POINT('',(-3.492786957781E1,9.000045619929E0,1.575306786589E1));
#4677=CARTESIAN_POINT('',(-3.492968736506E1,9.000046139791E0,1.875307631388E1));
#4678=VERTEX_POINT('',#4676);
#4679=VERTEX_POINT('',#4677);
#4680=CARTESIAN_POINT('',(-3.992483901930E1,9.000044752969E0,1.075003914742E1));
#4681=VERTEX_POINT('',#4680);
#4682=CARTESIAN_POINT('',(-4.302483845452E1,9.000044752643E0,1.074816077289E1));
#4683=VERTEX_POINT('',#4682);
#4684=CARTESIAN_POINT('',(-3.990302564594E1,9.000038514640E0,
-2.524994059454E1));
#4685=CARTESIAN_POINT('',(-4.300302508185E1,9.000038514314E0,
-2.525181896907E1));
#4686=VERTEX_POINT('',#4684);
#4687=VERTEX_POINT('',#4685);
#4688=CARTESIAN_POINT('',(-3.489999693178E1,9.000037648730E0,
-3.024691004033E1));
#4689=VERTEX_POINT('',#4688);
#4690=CARTESIAN_POINT('',(-3.489817914997E1,9.000037128869E0,
-3.324690948961E1));
#4691=VERTEX_POINT('',#4690);
#4692=CARTESIAN_POINT('',(4.532895786213E1,9.000028990111E0,-1.663974704538E1));
#4693=CARTESIAN_POINT('',(3.904558357648E1,9.000027899967E0,-2.293074048471E1));
#4694=VERTEX_POINT('',#4692);
#4695=VERTEX_POINT('',#4693);
#4696=CARTESIAN_POINT('',(-4.073295741695E0,9.000038911981E0,
-2.295686933685E1));
#4697=VERTEX_POINT('',#4696);
#4698=CARTESIAN_POINT('',(-1.036428914645E1,9.000028984266E0,
-1.667349310855E1));
#4699=VERTEX_POINT('',#4698);
#4700=CARTESIAN_POINT('',(-1.037936831952E1,9.000044312712E0,8.209407174893E0));
#4701=VERTEX_POINT('',#4700);
#4702=CARTESIAN_POINT('',(-4.095992091320E0,9.000034386298E0,1.450040059156E1));
#4703=VERTEX_POINT('',#4702);
#4704=CARTESIAN_POINT('',(3.902288722685E1,9.000045407386E0,1.452652944359E1));
#4705=VERTEX_POINT('',#4704);
#4706=CARTESIAN_POINT('',(4.531388063161E1,9.000033301996E0,8.243153215404E0));
#4707=VERTEX_POINT('',#4706);
#4708=CARTESIAN_POINT('',(-3.489817914997E1,1.700037128869E0,
-3.324690822461E1));
#4709=CARTESIAN_POINT('',(-3.489999693179E1,1.700037648730E0,
-3.024690874674E1));
#4710=VERTEX_POINT('',#4708);
#4711=VERTEX_POINT('',#4709);
#4712=CARTESIAN_POINT('',(-4.300302508117E1,1.700038514314E0,
-2.525181770407E1));
#4713=CARTESIAN_POINT('',(-3.990302561736E1,1.700038514640E0,
-2.524993932952E1));
#4714=VERTEX_POINT('',#4712);
#4715=VERTEX_POINT('',#4713);
#4716=CARTESIAN_POINT('',(-4.299999544482E1,1.700037647879E0,
-3.025181679223E1));
#4717=VERTEX_POINT('',#4716);
#4718=CARTESIAN_POINT('',(-3.999817821795E1,1.700037128333E0,
-3.324999845368E1));
#4719=VERTEX_POINT('',#4718);
#4720=CARTESIAN_POINT('',(-4.302483845462E1,1.700044752644E0,1.074816203789E1));
#4721=VERTEX_POINT('',#4720);
#4722=CARTESIAN_POINT('',(-3.992483899070E1,1.700044752969E0,1.075004041244E1));
#4723=VERTEX_POINT('',#4722);
#4724=CARTESIAN_POINT('',(-3.492786957781E1,1.700045619929E0,1.575306913088E1));
#4725=VERTEX_POINT('',#4724);
#4726=CARTESIAN_POINT('',(-3.492968735961E1,1.700046139790E0,1.875306858016E1));
#4727=VERTEX_POINT('',#4726);
#4728=CARTESIAN_POINT('',(-4.002968642760E1,1.700046139254E0,1.874997835110E1));
#4729=VERTEX_POINT('',#4728);
#4730=CARTESIAN_POINT('',(-4.302786809086E1,1.700045619078E0,1.574816112639E1));
#4731=VERTEX_POINT('',#4730);
#4732=CARTESIAN_POINT('',(4.497029797231E1,1.700046148180E0,1.880148302201E1));
#4733=VERTEX_POINT('',#4732);
#4734=CARTESIAN_POINT('',(4.497211575465E1,1.700045628318E0,1.580148269095E1));
#4735=VERTEX_POINT('',#4734);
#4736=CARTESIAN_POINT('',(5.307514390402E1,1.700044762734E0,1.080639164829E1));
#4737=CARTESIAN_POINT('',(4.997514444964E1,1.700044762408E0,1.080451327374E1));
#4738=VERTEX_POINT('',#4736);
#4739=VERTEX_POINT('',#4737);
#4740=CARTESIAN_POINT('',(5.307211426629E1,1.700045629169E0,1.580639302272E1));
#4741=VERTEX_POINT('',#4740);
#4742=CARTESIAN_POINT('',(5.007029704080E1,1.700046148715E0,1.880457239790E1));
#4743=VERTEX_POINT('',#4742);
#4744=CARTESIAN_POINT('',(4.707211536067E1,4.200045628541E0,1.580276837158E1));
#4745=CARTESIAN_POINT('',(4.707211536088E1,1.071720274704E1,1.580276724818E1));
#4746=VERTEX_POINT('',#4744);
#4747=VERTEX_POINT('',#4745);
#4748=CARTESIAN_POINT('',(5.307211425898E1,1.071720274767E1,1.580640284348E1));
#4749=CARTESIAN_POINT('',(5.307211425921E1,4.200045629171E0,1.580640394658E1));
#4750=VERTEX_POINT('',#4748);
#4751=VERTEX_POINT('',#4749);
#4752=CARTESIAN_POINT('',(5.007393254024E1,1.071720172436E1,1.280458565662E1));
#4753=VERTEX_POINT('',#4752);
#4754=CARTESIAN_POINT('',(4.678928420073E1,1.100004498657E1,1.580259592756E1));
#4755=CARTESIAN_POINT('',(5.335494541902E1,1.100004498726E1,1.580657424145E1));
#4756=VERTEX_POINT('',#4754);
#4757=VERTEX_POINT('',#4755);
#4758=CARTESIAN_POINT('',(5.479848133073E1,4.299538936802E-5,
6.074479371312E-1));
#4759=CARTESIAN_POINT('',(5.418132415195E1,4.299532456747E-5,
6.070739847012E-1));
#4760=VERTEX_POINT('',#4758);
#4761=VERTEX_POINT('',#4759);
#4762=CARTESIAN_POINT('',(5.508115260459E1,4.304443203323E-5,
8.904619797893E-1));
#4763=VERTEX_POINT('',#4762);
#4764=CARTESIAN_POINT('',(5.508115263373E1,1.312175331916E0,8.904599210043E-1));
#4765=VERTEX_POINT('',#4764);
#4766=CARTESIAN_POINT('',(5.508149545291E1,1.877858901050E0,3.247763333342E-1));
#4767=VERTEX_POINT('',#4766);
#4768=CARTESIAN_POINT('',(5.508209179188E1,1.877860235157E0,
-6.595380911575E-1));
#4769=VERTEX_POINT('',#4768);
#4770=CARTESIAN_POINT('',(5.508209182100E1,8.217200316471E0,
-6.595409912256E-1));
#4771=VERTEX_POINT('',#4770);
#4772=CARTESIAN_POINT('',(5.508243464018E1,8.782883885605E0,-1.225224578677E0));
#4773=VERTEX_POINT('',#4772);
#4774=CARTESIAN_POINT('',(5.508966591077E1,8.782883029361E0,-1.315953699918E1));
#4775=VERTEX_POINT('',#4774);
#4776=CARTESIAN_POINT('',(5.509000873046E1,8.217197799244E0,-1.372522124933E1));
#4777=VERTEX_POINT('',#4776);
#4778=CARTESIAN_POINT('',(5.509000864693E1,1.877857941122E0,-1.372522108749E1));
#4779=VERTEX_POINT('',#4778);
#4780=CARTESIAN_POINT('',(5.509060509815E1,1.877855969048E0,-1.470953573495E1));
#4781=VERTEX_POINT('',#4780);
#4782=CARTESIAN_POINT('',(5.509094791737E1,1.312172277499E0,-1.527521920020E1));
#4783=VERTEX_POINT('',#4782);
#4784=CARTESIAN_POINT('',(5.509094783421E1,4.024312907139E-5,
-1.527522047593E1));
#4785=VERTEX_POINT('',#4784);
#4786=CARTESIAN_POINT('',(5.480793379153E1,4.029211233735E-5,
-1.499254919911E1));
#4787=VERTEX_POINT('',#4786);
#4788=CARTESIAN_POINT('',(5.419077661732E1,4.029204753160E-5,
-1.499292315155E1));
#4789=VERTEX_POINT('',#4788);
#4790=CARTESIAN_POINT('',(5.419998671177E1,3.765808528928E-5,
-3.019292036464E1));
#4791=VERTEX_POINT('',#4790);
#4792=CARTESIAN_POINT('',(5.010247176623E1,3.694717813910E-5,
-3.429540391036E1));
#4793=VERTEX_POINT('',#4792);
#4794=CARTESIAN_POINT('',(-3.999751169595E1,3.693771769906E-5,
-3.434999795716E1));
#4795=VERTEX_POINT('',#4794);
#4796=CARTESIAN_POINT('',(-4.409999524287E1,3.764776385430E-5,
-3.025248301161E1));
#4797=VERTEX_POINT('',#4796);
#4798=CARTESIAN_POINT('',(5.419000881217E1,1.595015258475E0,-1.372576637302E1));
#4799=VERTEX_POINT('',#4798);
#4800=CARTESIAN_POINT('',(5.419077661732E1,1.312172326424E0,-1.499292337892E1));
#4801=VERTEX_POINT('',#4800);
#4802=CARTESIAN_POINT('',(5.419060523521E1,1.595015087915E0,-1.471008076739E1));
#4803=VERTEX_POINT('',#4802);
#4804=CARTESIAN_POINT('',(5.480776244927E1,1.595015072221E0,-1.470970691065E1));
#4805=VERTEX_POINT('',#4804);
#4806=CARTESIAN_POINT('',(5.480716598903E1,1.595015258541E0,-1.372539242059E1));
#4807=VERTEX_POINT('',#4806);
#4808=CARTESIAN_POINT('',(5.480793387559E1,1.312172331333E0,-1.499254936342E1));
#4809=VERTEX_POINT('',#4808);
#4810=CARTESIAN_POINT('',(5.479942053487E1,8.217200014304E0,
-9.425532022486E-1));
#4811=VERTEX_POINT('',#4810);
#4812=CARTESIAN_POINT('',(5.479942051873E1,1.877860186115E0,
-9.425521037320E-1));
#4813=VERTEX_POINT('',#4812);
#4814=CARTESIAN_POINT('',(5.418226333880E1,1.877860186050E0,
-9.429260561624E-1));
#4815=VERTEX_POINT('',#4814);
#4816=CARTESIAN_POINT('',(5.418209195710E1,1.595017522588E0,
-6.600833466002E-1));
#4817=VERTEX_POINT('',#4816);
#4818=CARTESIAN_POINT('',(5.418149553406E1,1.595017693163E0,3.242310477620E-1));
#4819=VERTEX_POINT('',#4818);
#4820=CARTESIAN_POINT('',(5.418132415195E1,1.312175029705E0,6.070737573303E-1));
#4821=VERTEX_POINT('',#4820);
#4822=CARTESIAN_POINT('',(5.479848136333E1,1.312175125488E0,6.074476940226E-1));
#4823=VERTEX_POINT('',#4822);
#4824=CARTESIAN_POINT('',(5.479865279236E1,1.595017630209E0,3.246050050862E-1));
#4825=VERTEX_POINT('',#4824);
#4826=CARTESIAN_POINT('',(5.479924913252E1,1.595017522654E0,
-6.597093941706E-1));
#4827=VERTEX_POINT('',#4826);
#4828=CARTESIAN_POINT('',(2.727055307802E1,2.342826724042E0,-2.176402971021E1));
#4829=CARTESIAN_POINT('',(2.577055335338E1,2.342826728264E0,-2.176493860190E1));
#4830=VERTEX_POINT('',#4828);
#4831=VERTEX_POINT('',#4829);
#4832=CARTESIAN_POINT('',(-9.195408567351E0,2.342829025740E0,
-8.481329767732E0));
#4833=CARTESIAN_POINT('',(-9.196317459024E0,2.342829290050E0,
-6.981330043093E0));
#4834=VERTEX_POINT('',#4832);
#4835=VERTEX_POINT('',#4833);
#4836=CARTESIAN_POINT('',(6.909118458547E0,2.342826721875E0,-2.177636726087E1));
#4837=CARTESIAN_POINT('',(5.409118733905E0,2.342826726097E0,-2.177727615256E1));
#4838=VERTEX_POINT('',#4836);
#4839=VERTEX_POINT('',#4837);
#4840=CARTESIAN_POINT('',(1.726749419852E1,2.342826722977E0,-2.177009083743E1));
#4841=CARTESIAN_POINT('',(1.576749447388E1,2.342826727200E0,-2.177099972913E1));
#4842=VERTEX_POINT('',#4840);
#4843=VERTEX_POINT('',#4841);
#4844=CARTESIAN_POINT('',(2.576249161638E1,8.800046870558E0,-8.460148937863E0));
#4845=CARTESIAN_POINT('',(1.725943246152E1,8.800046870200E0,-8.465301174207E0));
#4846=VERTEX_POINT('',#4844);
#4847=VERTEX_POINT('',#4845);
#4848=CARTESIAN_POINT('',(6.901056721544E0,8.800046869182E0,-8.471577597666E0));
#4849=CARTESIAN_POINT('',(1.575943273688E1,8.800046870251E0,-8.466210065108E0));
#4850=VERTEX_POINT('',#4848);
#4851=VERTEX_POINT('',#4849);
#4852=CARTESIAN_POINT('',(-9.199650058215E0,2.342830238749E0,
-1.481331065160E0));
#4853=CARTESIAN_POINT('',(-9.200558949888E0,2.342830503059E0,
1.866865947883E-2));
#4854=VERTEX_POINT('',#4852);
#4855=VERTEX_POINT('',#4853);
#4856=CARTESIAN_POINT('',(4.414500005250E1,2.342830504280E0,5.099219420792E-2));
#4857=CARTESIAN_POINT('',(4.414590894417E1,2.342830248730E0,-1.449007530431E0));
#4858=VERTEX_POINT('',#4856);
#4859=VERTEX_POINT('',#4857);
#4860=CARTESIAN_POINT('',(3.056641671261E1,2.342832808371E0,1.334756021292E1));
#4861=CARTESIAN_POINT('',(3.206641643725E1,2.342832812910E0,1.334846910461E1));
#4862=VERTEX_POINT('',#4860);
#4863=VERTEX_POINT('',#4861);
#4864=CARTESIAN_POINT('',(2.207923845131E1,8.800048344658E0,3.762082617089E-2));
#4865=CARTESIAN_POINT('',(3.057447844961E1,8.800048344878E0,4.276832467408E-2));
#4866=VERTEX_POINT('',#4864);
#4867=VERTEX_POINT('',#4865);
#4868=CARTESIAN_POINT('',(4.414924154337E1,2.342829291272E0,-6.949006508364E0));
#4869=CARTESIAN_POINT('',(4.415015043504E1,2.342829035721E0,-8.449006233003E0));
#4870=VERTEX_POINT('',#4868);
#4871=VERTEX_POINT('',#4869);
#4872=CARTESIAN_POINT('',(1.081581131579E1,8.800048342803E0,3.079600729202E-2));
#4873=CARTESIAN_POINT('',(2.240508314688E0,8.800048342046E0,2.559999642341E-2));
#4874=VERTEX_POINT('',#4872);
#4875=VERTEX_POINT('',#4873);
#4876=CARTESIAN_POINT('',(2.057923872667E1,8.800048344448E0,3.671193526976E-2));
#4877=CARTESIAN_POINT('',(1.231581104043E1,8.800048342961E0,3.170489819314E-2));
#4878=VERTEX_POINT('',#4876);
#4879=VERTEX_POINT('',#4877);
#4880=CARTESIAN_POINT('',(7.324468530536E-1,2.342832805256E0,1.332948299398E1));
#4881=CARTESIAN_POINT('',(2.232446577694E0,2.342832809795E0,1.333039188567E1));
#4882=VERTEX_POINT('',#4880);
#4883=VERTEX_POINT('',#4881);
#4884=CARTESIAN_POINT('',(1.080774957880E1,2.342832806308E0,1.333558789568E1));
#4885=CARTESIAN_POINT('',(1.230774930343E1,2.342832810847E0,1.333649678737E1));
#4886=VERTEX_POINT('',#4884);
#4887=VERTEX_POINT('',#4885);
#4888=CARTESIAN_POINT('',(-3.674503804228E1,1.100002145258E1,1.575198019467E1));
#4889=CARTESIAN_POINT('',(-4.331069925714E1,1.100002145189E1,1.574800188078E1));
#4890=VERTEX_POINT('',#4888);
#4891=VERTEX_POINT('',#4889);
#4892=CARTESIAN_POINT('',(-3.702786927092E1,1.071717701191E1,1.575180887157E1));
#4893=VERTEX_POINT('',#4892);
#4894=CARTESIAN_POINT('',(-4.002968639715E1,1.071717765830E1,1.874999043795E1));
#4895=VERTEX_POINT('',#4894);
#4896=CARTESIAN_POINT('',(-4.302786809896E1,1.071717713812E1,1.574817325830E1));
#4897=VERTEX_POINT('',#4896);
#4898=CARTESIAN_POINT('',(-4.002605090215E1,1.071717661857E1,1.274999153935E1));
#4899=VERTEX_POINT('',#4898);
#4900=CARTESIAN_POINT('',(-4.302786809893E1,4.200045619081E0,1.574817433618E1));
#4901=VERTEX_POINT('',#4900);
#4902=CARTESIAN_POINT('',(-3.702786920038E1,4.200045619711E0,1.575180991118E1));
#4903=VERTEX_POINT('',#4902);
#4904=CARTESIAN_POINT('',(-3.671716538798E1,1.100002943159E1,
-3.024801135866E1));
#4905=CARTESIAN_POINT('',(-4.328282660284E1,1.100002943090E1,
-3.025198967255E1));
#4906=VERTEX_POINT('',#4904);
#4907=VERTEX_POINT('',#4905);
#4908=CARTESIAN_POINT('',(-3.699999661662E1,1.071718499092E1,
-3.024818268175E1));
#4909=VERTEX_POINT('',#4908);
#4910=CARTESIAN_POINT('',(-4.000181374285E1,1.071718563731E1,
-2.725000111538E1));
#4911=VERTEX_POINT('',#4910);
#4912=CARTESIAN_POINT('',(-4.299999544466E1,1.071718511713E1,
-3.025181829502E1));
#4913=VERTEX_POINT('',#4912);
#4914=CARTESIAN_POINT('',(-3.999817826500E1,1.071718459758E1,
-3.325000001398E1));
#4915=VERTEX_POINT('',#4914);
#4916=CARTESIAN_POINT('',(-4.299999544463E1,4.200037647879E0,
-3.025181721714E1));
#4917=VERTEX_POINT('',#4916);
#4918=CARTESIAN_POINT('',(-3.699999654608E1,4.200037648509E0,
-3.024818164214E1));
#4919=VERTEX_POINT('',#4918);
#4920=CARTESIAN_POINT('',(5.338281807161E1,1.100005466422E1,-3.019341731188E1));
#4921=CARTESIAN_POINT('',(4.681715685675E1,1.100005466353E1,-3.019739562577E1));
#4922=VERTEX_POINT('',#4920);
#4923=VERTEX_POINT('',#4921);
#4924=CARTESIAN_POINT('',(5.309998684296E1,1.071721022355E1,-3.019358863496E1));
#4925=VERTEX_POINT('',#4924);
#4926=CARTESIAN_POINT('',(5.009816971674E1,1.071721086994E1,-2.719540706859E1));
#4927=VERTEX_POINT('',#4926);
#4928=CARTESIAN_POINT('',(4.709998801494E1,1.071721034976E1,-3.019722426538E1));
#4929=VERTEX_POINT('',#4928);
#4930=CARTESIAN_POINT('',(5.010180519458E1,1.071720983021E1,-3.319540596719E1));
#4931=VERTEX_POINT('',#4930);
#4932=CARTESIAN_POINT('',(4.709998801497E1,4.200037657340E0,-3.019722318744E1));
#4933=VERTEX_POINT('',#4932);
#4934=CARTESIAN_POINT('',(5.309998691351E1,4.200037657970E0,-3.019358760674E1));
#4935=VERTEX_POINT('',#4934);
#4936=CARTESIAN_POINT('',(5.007029706244E1,1.071720289093E1,1.880458448474E1));
#4937=VERTEX_POINT('',#4936);
#4938=CARTESIAN_POINT('',(2.669998746424E1,1.000037273966E0,-3.240958394083E1));
#4939=CARTESIAN_POINT('',(2.549998746424E1,1.000037273840E0,-3.241031105368E1));
#4940=VERTEX_POINT('',#4938);
#4941=VERTEX_POINT('',#4939);
#4942=CARTESIAN_POINT('',(-1.540001253576E1,1.000037273840E0,
-3.241031105368E1));
#4943=CARTESIAN_POINT('',(-1.660001253576E1,1.000037273966E0,
-3.240958394083E1));
#4944=VERTEX_POINT('',#4942);
#4945=VERTEX_POINT('',#4943);
#4946=CARTESIAN_POINT('',(2.249998746424E1,1.000046012672E0,1.801950138563E1));
#4947=CARTESIAN_POINT('',(2.369998746424E1,1.000046012546E0,1.801877427278E1));
#4948=VERTEX_POINT('',#4946);
#4949=VERTEX_POINT('',#4947);
#4950=CARTESIAN_POINT('',(-1.660001253576E1,1.000046012546E0,1.801877427278E1));
#4951=CARTESIAN_POINT('',(-1.540001253576E1,1.000046012672E0,1.801950138563E1));
#4952=VERTEX_POINT('',#4950);
#4953=VERTEX_POINT('',#4951);
#4954=CARTESIAN_POINT('',(2.669998746424E1,9.000037135337E0,-3.320958547398E1));
#4955=CARTESIAN_POINT('',(2.669998746424E1,9.000037273966E0,-3.240958532712E1));
#4956=VERTEX_POINT('',#4954);
#4957=VERTEX_POINT('',#4955);
#4958=CARTESIAN_POINT('',(2.549998746424E1,9.000037273840E0,-3.241031243998E1));
#4959=VERTEX_POINT('',#4958);
#4960=CARTESIAN_POINT('',(2.549998746424E1,9.000037135211E0,-3.321031258684E1));
#4961=VERTEX_POINT('',#4960);
#4962=CARTESIAN_POINT('',(-1.540001253576E1,9.000037130916E0,
-3.323509501662E1));
#4963=CARTESIAN_POINT('',(-1.540001253576E1,9.000037273840E0,
-3.241031243998E1));
#4964=VERTEX_POINT('',#4962);
#4965=VERTEX_POINT('',#4963);
#4966=CARTESIAN_POINT('',(-1.660001253576E1,9.000037273966E0,
-3.240958532712E1));
#4967=VERTEX_POINT('',#4966);
#4968=CARTESIAN_POINT('',(-1.660001253576E1,9.000037130790E0,
-3.323582212948E1));
#4969=VERTEX_POINT('',#4968);
#4970=CARTESIAN_POINT('',(2.249998746424E1,9.000046145822E0,1.878787917687E1));
#4971=CARTESIAN_POINT('',(2.249998746424E1,9.000046012672E0,1.801949999934E1));
#4972=VERTEX_POINT('',#4970);
#4973=VERTEX_POINT('',#4971);
#4974=CARTESIAN_POINT('',(2.369998746424E1,9.000046012546E0,1.801877288648E1));
#4975=VERTEX_POINT('',#4974);
#4976=CARTESIAN_POINT('',(2.369998746424E1,9.000046145948E0,1.878860628973E1));
#4977=VERTEX_POINT('',#4976);
#4978=CARTESIAN_POINT('',(-1.660001253576E1,9.000046141717E0,1.876418741637E1));
#4979=CARTESIAN_POINT('',(-1.660001253576E1,9.000046012546E0,1.801877288648E1));
#4980=VERTEX_POINT('',#4978);
#4981=VERTEX_POINT('',#4979);
#4982=CARTESIAN_POINT('',(-1.540001253576E1,9.000046012672E0,1.801949999934E1));
#4983=VERTEX_POINT('',#4982);
#4984=CARTESIAN_POINT('',(-1.540001253576E1,9.000046141843E0,1.876491452922E1));
#4985=VERTEX_POINT('',#4984);
#4986=CARTESIAN_POINT('',(2.669998746424E1,2.200037135337E0,-3.320958429563E1));
#4987=VERTEX_POINT('',#4986);
#4988=CARTESIAN_POINT('',(2.549998746424E1,2.200037135211E0,-3.321031140849E1));
#4989=VERTEX_POINT('',#4988);
#4990=CARTESIAN_POINT('',(-1.540001253576E1,2.200037130916E0,
-3.323509383827E1));
#4991=VERTEX_POINT('',#4990);
#4992=CARTESIAN_POINT('',(-1.660001253576E1,2.200037130790E0,
-3.323582095113E1));
#4993=VERTEX_POINT('',#4992);
#4994=CARTESIAN_POINT('',(2.249998746424E1,2.200046145822E0,1.878788035522E1));
#4995=VERTEX_POINT('',#4994);
#4996=CARTESIAN_POINT('',(2.369998746424E1,2.200046145948E0,1.878860746808E1));
#4997=VERTEX_POINT('',#4996);
#4998=CARTESIAN_POINT('',(-1.660001253576E1,2.200046141717E0,1.876418859472E1));
#4999=VERTEX_POINT('',#4998);
#5000=CARTESIAN_POINT('',(-1.540001253576E1,2.200046141843E0,1.876491570757E1));
#5001=VERTEX_POINT('',#5000);
#5002=CARTESIAN_POINT('',(4.449987354092E0,2.200037133E0,-3.322306617987E1));
#5003=VERTEX_POINT('',#5002);
#5004=CARTESIAN_POINT('',(5.649987574381E0,2.200037133126E0,-3.322233906689E1));
#5005=VERTEX_POINT('',#5004);
#5006=CARTESIAN_POINT('',(5.649987574381E0,2.200046144053E0,1.877767047896E1));
#5007=VERTEX_POINT('',#5006);
#5008=CARTESIAN_POINT('',(4.449987354092E0,2.200046143927E0,1.877694336597E1));
#5009=VERTEX_POINT('',#5008);
#5010=CARTESIAN_POINT('',(4.449987354092E0,9.000046143927E0,1.877694218762E1));
#5011=VERTEX_POINT('',#5010);
#5012=CARTESIAN_POINT('',(5.649987574381E0,9.000046144053E0,1.877766930061E1));
#5013=VERTEX_POINT('',#5012);
#5014=CARTESIAN_POINT('',(5.649987574381E0,9.000037133126E0,-3.322234024524E1));
#5015=VERTEX_POINT('',#5014);
#5016=CARTESIAN_POINT('',(4.449987354092E0,9.000037133E0,-3.322306735822E1));
#5017=VERTEX_POINT('',#5016);
#5018=CARTESIAN_POINT('',(5.649987574381E0,1.000037273966E0,-3.240958394083E1));
#5019=CARTESIAN_POINT('',(4.449987354092E0,1.000037273966E0,-3.240958394083E1));
#5020=VERTEX_POINT('',#5018);
#5021=VERTEX_POINT('',#5019);
#5022=CARTESIAN_POINT('',(4.449987354092E0,1.000046012546E0,1.801877427278E1));
#5023=CARTESIAN_POINT('',(5.649987574381E0,1.000046012546E0,1.801877427278E1));
#5024=VERTEX_POINT('',#5022);
#5025=VERTEX_POINT('',#5023);
#5026=CARTESIAN_POINT('',(5.649987574381E0,9.000037273966E0,-3.240958532712E1));
#5027=CARTESIAN_POINT('',(4.449987354092E0,9.000037273966E0,-3.240958532712E1));
#5028=VERTEX_POINT('',#5026);
#5029=VERTEX_POINT('',#5027);
#5030=CARTESIAN_POINT('',(5.649987574381E0,9.000046012546E0,1.801877288648E1));
#5031=VERTEX_POINT('',#5030);
#5032=CARTESIAN_POINT('',(4.449987354092E0,9.000046012546E0,1.801877288648E1));
#5033=VERTEX_POINT('',#5032);
#5034=CARTESIAN_POINT('',(2.669998746424E1,2.200037169994E0,-3.300958414877E1));
#5035=VERTEX_POINT('',#5034);
#5036=CARTESIAN_POINT('',(2.549998746424E1,2.200037169994E0,-3.300958414877E1));
#5037=VERTEX_POINT('',#5036);
#5038=CARTESIAN_POINT('',(-1.660001253576E1,2.200037169994E0,
-3.300958414877E1));
#5039=CARTESIAN_POINT('',(-1.540001253576E1,2.200037169994E0,
-3.300958414877E1));
#5040=VERTEX_POINT('',#5038);
#5041=VERTEX_POINT('',#5039);
#5042=CARTESIAN_POINT('',(2.369998746424E1,2.200046116518E0,1.861877406483E1));
#5043=CARTESIAN_POINT('',(2.249998746424E1,2.200046116518E0,1.861877406483E1));
#5044=VERTEX_POINT('',#5042);
#5045=VERTEX_POINT('',#5043);
#5046=CARTESIAN_POINT('',(-1.660001253576E1,2.200046116518E0,1.861877406483E1));
#5047=VERTEX_POINT('',#5046);
#5048=CARTESIAN_POINT('',(-1.540001253576E1,2.200046116518E0,1.861877406483E1));
#5049=VERTEX_POINT('',#5048);
#5050=CARTESIAN_POINT('',(4.449987354092E0,2.200037169994E0,-3.300958414877E1));
#5051=VERTEX_POINT('',#5050);
#5052=CARTESIAN_POINT('',(5.649987574381E0,2.200037169994E0,-3.300958414877E1));
#5053=VERTEX_POINT('',#5052);
#5054=CARTESIAN_POINT('',(5.649987574381E0,2.200046116518E0,1.861877406483E1));
#5055=VERTEX_POINT('',#5054);
#5056=CARTESIAN_POINT('',(4.449987354092E0,2.200046116518E0,1.861877406483E1));
#5057=VERTEX_POINT('',#5056);
#5058=CARTESIAN_POINT('',(2.669998746424E1,1.000037204651E0,-3.280958394083E1));
#5059=CARTESIAN_POINT('',(2.669998746424E1,1.500037169994E0,-3.300958402747E1));
#5060=VERTEX_POINT('',#5058);
#5061=VERTEX_POINT('',#5059);
#5062=CARTESIAN_POINT('',(2.549998746424E1,1.500037169994E0,-3.300958402747E1));
#5063=VERTEX_POINT('',#5062);
#5064=CARTESIAN_POINT('',(2.549998746424E1,1.000037204651E0,-3.280958394083E1));
#5065=VERTEX_POINT('',#5064);
#5066=CARTESIAN_POINT('',(5.649987574381E0,1.000037204651E0,-3.280958394083E1));
#5067=CARTESIAN_POINT('',(5.649987574381E0,1.500037169994E0,-3.300958402747E1));
#5068=VERTEX_POINT('',#5066);
#5069=VERTEX_POINT('',#5067);
#5070=CARTESIAN_POINT('',(4.449987354092E0,1.500037169994E0,-3.300958402747E1));
#5071=VERTEX_POINT('',#5070);
#5072=CARTESIAN_POINT('',(4.449987354092E0,1.000037204651E0,-3.280958394083E1));
#5073=VERTEX_POINT('',#5072);
#5074=CARTESIAN_POINT('',(-1.540001253576E1,1.000037204651E0,
-3.280958394083E1));
#5075=CARTESIAN_POINT('',(-1.540001253576E1,1.500037169994E0,
-3.300958402747E1));
#5076=VERTEX_POINT('',#5074);
#5077=VERTEX_POINT('',#5075);
#5078=CARTESIAN_POINT('',(-1.660001253576E1,1.500037169994E0,
-3.300958402747E1));
#5079=VERTEX_POINT('',#5078);
#5080=CARTESIAN_POINT('',(-1.660001253576E1,1.000037204651E0,
-3.280958394083E1));
#5081=VERTEX_POINT('',#5080);
#5082=CARTESIAN_POINT('',(-1.660001253576E1,1.000046081861E0,1.841877427278E1));
#5083=CARTESIAN_POINT('',(-1.660001253576E1,1.500046116518E0,1.861877418613E1));
#5084=VERTEX_POINT('',#5082);
#5085=VERTEX_POINT('',#5083);
#5086=CARTESIAN_POINT('',(-1.540001253576E1,1.500046116518E0,1.861877418613E1));
#5087=VERTEX_POINT('',#5086);
#5088=CARTESIAN_POINT('',(-1.540001253576E1,1.000046081861E0,1.841877427278E1));
#5089=VERTEX_POINT('',#5088);
#5090=CARTESIAN_POINT('',(4.449987354092E0,1.000046081861E0,1.841877427278E1));
#5091=CARTESIAN_POINT('',(4.449987354092E0,1.500046116518E0,1.861877418613E1));
#5092=VERTEX_POINT('',#5090);
#5093=VERTEX_POINT('',#5091);
#5094=CARTESIAN_POINT('',(5.649987574381E0,1.500046116518E0,1.861877418613E1));
#5095=VERTEX_POINT('',#5094);
#5096=CARTESIAN_POINT('',(5.649987574381E0,1.000046081861E0,1.841877427278E1));
#5097=VERTEX_POINT('',#5096);
#5098=CARTESIAN_POINT('',(2.249998746424E1,1.000046081861E0,1.841877427278E1));
#5099=CARTESIAN_POINT('',(2.249998746424E1,1.500046116518E0,1.861877418613E1));
#5100=VERTEX_POINT('',#5098);
#5101=VERTEX_POINT('',#5099);
#5102=CARTESIAN_POINT('',(2.369998746424E1,1.500046116518E0,1.861877418613E1));
#5103=VERTEX_POINT('',#5102);
#5104=CARTESIAN_POINT('',(2.369998746424E1,1.000046081861E0,1.841877427278E1));
#5105=VERTEX_POINT('',#5104);
#5106=CARTESIAN_POINT('',(-4.003035405309E1,2.200046330188E0,1.985180949337E1));
#5107=CARTESIAN_POINT('',(-4.412786899864E1,2.200045619280E0,1.574932594423E1));
#5108=VERTEX_POINT('',#5106);
#5109=VERTEX_POINT('',#5107);
#5110=CARTESIAN_POINT('',(-4.412786899864E1,4.561928036972E-5,
1.574932632546E1));
#5111=VERTEX_POINT('',#5110);
#5112=CARTESIAN_POINT('',(-4.003035405309E1,4.633018752331E-5,
1.985180987460E1));
#5113=VERTEX_POINT('',#5112);
#5114=CARTESIAN_POINT('',(5.417211295604E1,2.200045629602E0,1.580888859461E1));
#5115=CARTESIAN_POINT('',(5.006962940690E1,2.200046339648E0,1.990640354016E1));
#5116=VERTEX_POINT('',#5114);
#5117=VERTEX_POINT('',#5115);
#5118=CARTESIAN_POINT('',(5.006962940690E1,4.633964796685E-5,1.990640392140E1));
#5119=VERTEX_POINT('',#5118);
#5120=CARTESIAN_POINT('',(5.417211295604E1,4.562960180765E-5,1.580888897585E1));
#5121=VERTEX_POINT('',#5120);
#5122=CARTESIAN_POINT('',(-3.284487772736E1,9.000038989584E0,
-2.250914319587E1));
#5123=CARTESIAN_POINT('',(-3.264487772735E1,9.000038954927E0,
-2.270914319587E1));
#5124=VERTEX_POINT('',#5122);
#5125=VERTEX_POINT('',#5123);
#5126=CARTESIAN_POINT('',(-1.436757169062E1,9.000038954927E0,
-2.270914319587E1));
#5127=VERTEX_POINT('',#5126);
#5128=CARTESIAN_POINT('',(-1.416757169062E1,9.000038989584E0,
-2.250914319587E1));
#5129=VERTEX_POINT('',#5128);
#5130=CARTESIAN_POINT('',(-1.416757169062E1,9.000044301597E0,8.145271574961E0));
#5131=CARTESIAN_POINT('',(-1.436757169062E1,9.000044336254E0,8.345271574961E0));
#5132=VERTEX_POINT('',#5130);
#5133=VERTEX_POINT('',#5131);
#5134=CARTESIAN_POINT('',(-3.264487772735E1,9.000044336254E0,8.345271574961E0));
#5135=VERTEX_POINT('',#5134);
#5136=CARTESIAN_POINT('',(-3.284487772736E1,9.000044301597E0,8.145271574962E0));
#5137=VERTEX_POINT('',#5136);
#5138=CARTESIAN_POINT('',(-1.416757169062E1,9.000039942663E0,
-1.700914319587E1));
#5139=VERTEX_POINT('',#5138);
#5140=CARTESIAN_POINT('',(-1.436757169062E1,9.000039977320E0,
-1.680914319587E1));
#5141=CARTESIAN_POINT('',(-3.264487772736E1,9.000039977320E0,
-1.680914319587E1));
#5142=VERTEX_POINT('',#5140);
#5143=VERTEX_POINT('',#5141);
#5144=CARTESIAN_POINT('',(-3.284487772736E1,9.000039942663E0,
-1.700914319587E1));
#5145=VERTEX_POINT('',#5144);
#5146=CARTESIAN_POINT('',(-1.416757169062E1,9.000043348518E0,2.645271574962E0));
#5147=VERTEX_POINT('',#5146);
#5148=CARTESIAN_POINT('',(-3.284487772736E1,9.000043348518E0,2.645271574962E0));
#5149=VERTEX_POINT('',#5148);
#5150=CARTESIAN_POINT('',(-3.264487772736E1,9.000043313860E0,2.445271574962E0));
#5151=CARTESIAN_POINT('',(-1.436757169062E1,9.000043313860E0,2.445271574962E0));
#5152=VERTEX_POINT('',#5150);
#5153=VERTEX_POINT('',#5151);
#5154=CARTESIAN_POINT('',(2.207211935903E1,2.167956046372E0,1.178670698376E1));
#5155=CARTESIAN_POINT('',(2.057211963439E1,2.167956046214E0,1.178579809286E1));
#5156=VERTEX_POINT('',#5154);
#5157=VERTEX_POINT('',#5155);
#5158=CARTESIAN_POINT('',(2.207095836171E1,4.386542187806E0,1.370277338787E1));
#5159=CARTESIAN_POINT('',(2.207137284037E1,3.201749538366E0,1.301873343210E1));
#5160=VERTEX_POINT('',#5158);
#5161=VERTEX_POINT('',#5159);
#5162=CARTESIAN_POINT('',(2.057137311573E1,3.201749538209E0,1.301782454120E1));
#5163=VERTEX_POINT('',#5162);
#5164=CARTESIAN_POINT('',(2.057095863707E1,4.386542187648E0,1.370186449697E1));
#5165=VERTEX_POINT('',#5164);
#5166=CARTESIAN_POINT('',(-4.500917922823E1,1.600040274212E0,
-1.509584828820E1));
#5167=CARTESIAN_POINT('',(-4.501863169456E1,1.600042977489E0,
5.041504322627E-1));
#5168=VERTEX_POINT('',#5166);
#5169=VERTEX_POINT('',#5167);
#5170=CARTESIAN_POINT('',(-4.500917922823E1,4.027421198882E-5,
-1.509584801094E1));
#5171=VERTEX_POINT('',#5170);
#5172=CARTESIAN_POINT('',(-4.501863169456E1,4.297748929840E-5,
5.041507095219E-1));
#5173=VERTEX_POINT('',#5172);
#5174=CARTESIAN_POINT('',(-4.410917963921E1,4.027437677397E-5,
-1.509489707248E1));
#5175=VERTEX_POINT('',#5174);
#5176=CARTESIAN_POINT('',(-4.411863210554E1,4.297765408354E-5,
5.051016479780E-1));
#5177=VERTEX_POINT('',#5176);
#5178=CARTESIAN_POINT('',(-4.410917963921E1,1.600040274377E0,
-1.509489734974E1));
#5179=CARTESIAN_POINT('',(-4.411863210554E1,1.600042977654E0,
5.051013707188E-1));
#5180=VERTEX_POINT('',#5178);
#5181=VERTEX_POINT('',#5179);
#5182=CARTESIAN_POINT('',(5.229356503809E1,1.000039494497E0,-1.959540483402E1));
#5183=CARTESIAN_POINT('',(5.229429215094E1,1.000039286553E0,-2.079540483402E1));
#5184=VERTEX_POINT('',#5182);
#5185=VERTEX_POINT('',#5183);
#5186=CARTESIAN_POINT('',(5.229429215094E1,1.000043999960E0,6.404595165975E0));
#5187=CARTESIAN_POINT('',(5.229356503809E1,1.000043792015E0,5.204595165975E0));
#5188=VERTEX_POINT('',#5186);
#5189=VERTEX_POINT('',#5187);
#5190=CARTESIAN_POINT('',(-4.219431722247E1,1.000039286553E0,
-2.079540483402E1));
#5191=CARTESIAN_POINT('',(-4.219359010961E1,1.000039494497E0,
-1.959540483402E1));
#5192=VERTEX_POINT('',#5190);
#5193=VERTEX_POINT('',#5191);
#5194=CARTESIAN_POINT('',(-4.219359010961E1,1.000043792015E0,5.204595165975E0));
#5195=CARTESIAN_POINT('',(-4.219431722247E1,1.000043999960E0,6.404595165975E0));
#5196=VERTEX_POINT('',#5194);
#5197=VERTEX_POINT('',#5195);
#5198=CARTESIAN_POINT('',(5.309356518494E1,2.200039494497E0,-1.959540504197E1));
#5199=CARTESIAN_POINT('',(5.309356518494E1,9.000039494497E0,-1.959540622032E1));
#5200=VERTEX_POINT('',#5198);
#5201=VERTEX_POINT('',#5199);
#5202=CARTESIAN_POINT('',(5.309429229780E1,2.200039286553E0,-2.079540504197E1));
#5203=CARTESIAN_POINT('',(5.309429229780E1,9.000039286553E0,-2.079540622032E1));
#5204=VERTEX_POINT('',#5202);
#5205=VERTEX_POINT('',#5203);
#5206=CARTESIAN_POINT('',(5.307781107310E1,2.200043999960E0,6.404594958031E0));
#5207=CARTESIAN_POINT('',(5.307781107310E1,9.000043999960E0,6.404593779679E0));
#5208=VERTEX_POINT('',#5206);
#5209=VERTEX_POINT('',#5207);
#5210=CARTESIAN_POINT('',(5.307853818595E1,2.200043792015E0,5.204594958031E0));
#5211=CARTESIAN_POINT('',(5.307853818595E1,9.000043792015E0,5.204593779679E0));
#5212=VERTEX_POINT('',#5210);
#5213=VERTEX_POINT('',#5211);
#5214=CARTESIAN_POINT('',(5.229356503809E1,9.000039494497E0,-1.959540622032E1));
#5215=VERTEX_POINT('',#5214);
#5216=CARTESIAN_POINT('',(5.229429215094E1,9.000039286553E0,-2.079540622032E1));
#5217=VERTEX_POINT('',#5216);
#5218=CARTESIAN_POINT('',(5.229429215094E1,9.000043999960E0,6.404593779679E0));
#5219=VERTEX_POINT('',#5218);
#5220=CARTESIAN_POINT('',(5.229356503809E1,9.000043792015E0,5.204593779679E0));
#5221=VERTEX_POINT('',#5220);
#5222=CARTESIAN_POINT('',(-4.300572534366E1,9.000039286553E0,
-2.079540622032E1));
#5223=CARTESIAN_POINT('',(-4.219431722247E1,9.000039286553E0,
-2.079540622032E1));
#5224=VERTEX_POINT('',#5222);
#5225=VERTEX_POINT('',#5223);
#5226=CARTESIAN_POINT('',(-4.219359010961E1,9.000039494497E0,
-1.959540622032E1));
#5227=VERTEX_POINT('',#5226);
#5228=CARTESIAN_POINT('',(-4.300645245651E1,9.000039494497E0,
-1.959540622032E1));
#5229=VERTEX_POINT('',#5228);
#5230=CARTESIAN_POINT('',(-4.302147945551E1,9.000043792015E0,5.204593779679E0));
#5231=CARTESIAN_POINT('',(-4.219359010961E1,9.000043792015E0,5.204593779679E0));
#5232=VERTEX_POINT('',#5230);
#5233=VERTEX_POINT('',#5231);
#5234=CARTESIAN_POINT('',(-4.219431722247E1,9.000043999960E0,6.404593779679E0));
#5235=VERTEX_POINT('',#5234);
#5236=CARTESIAN_POINT('',(-4.302220656836E1,9.000043999960E0,6.404593779679E0));
#5237=VERTEX_POINT('',#5236);
#5238=CARTESIAN_POINT('',(-4.300572534366E1,2.200039286553E0,
-2.079540504197E1));
#5239=VERTEX_POINT('',#5238);
#5240=CARTESIAN_POINT('',(-4.300645245651E1,2.200039494497E0,
-1.959540504197E1));
#5241=VERTEX_POINT('',#5240);
#5242=CARTESIAN_POINT('',(-4.302147945551E1,2.200043792015E0,5.204594958031E0));
#5243=VERTEX_POINT('',#5242);
#5244=CARTESIAN_POINT('',(-4.302220656836E1,2.200043999960E0,6.404594958031E0));
#5245=VERTEX_POINT('',#5244);
#5246=CARTESIAN_POINT('',(5.289356503809E1,2.200039286553E0,-2.079540504197E1));
#5247=CARTESIAN_POINT('',(5.289356503809E1,2.200039494497E0,-1.959540504197E1));
#5248=VERTEX_POINT('',#5246);
#5249=VERTEX_POINT('',#5247);
#5250=CARTESIAN_POINT('',(5.289356503809E1,2.200043999960E0,6.404594958031E0));
#5251=VERTEX_POINT('',#5250);
#5252=CARTESIAN_POINT('',(5.289356503809E1,2.200043792015E0,5.204594958031E0));
#5253=VERTEX_POINT('',#5252);
#5254=CARTESIAN_POINT('',(-4.279359010961E1,2.200039286553E0,
-2.079540504197E1));
#5255=VERTEX_POINT('',#5254);
#5256=CARTESIAN_POINT('',(-4.279359010961E1,2.200039494497E0,
-1.959540504197E1));
#5257=VERTEX_POINT('',#5256);
#5258=CARTESIAN_POINT('',(-4.279359010961E1,2.200043999960E0,6.404594958031E0));
#5259=CARTESIAN_POINT('',(-4.279359010961E1,2.200043792015E0,5.204594958031E0));
#5260=VERTEX_POINT('',#5258);
#5261=VERTEX_POINT('',#5259);
#5262=CARTESIAN_POINT('',(-4.259359010961E1,1.000043792015E0,5.204595165975E0));
#5263=CARTESIAN_POINT('',(-4.279359010961E1,1.500043792015E0,5.204595079331E0));
#5264=VERTEX_POINT('',#5262);
#5265=VERTEX_POINT('',#5263);
#5266=CARTESIAN_POINT('',(-4.279359010961E1,1.500043999960E0,6.404595079331E0));
#5267=VERTEX_POINT('',#5266);
#5268=CARTESIAN_POINT('',(-4.259359010961E1,1.000043999960E0,6.404595165975E0));
#5269=VERTEX_POINT('',#5268);
#5270=CARTESIAN_POINT('',(-4.259359010961E1,1.000039286553E0,
-2.079540483402E1));
#5271=CARTESIAN_POINT('',(-4.279359010961E1,1.500039286553E0,
-2.079540492067E1));
#5272=VERTEX_POINT('',#5270);
#5273=VERTEX_POINT('',#5271);
#5274=CARTESIAN_POINT('',(-4.279359010961E1,1.500039494497E0,
-1.959540492067E1));
#5275=VERTEX_POINT('',#5274);
#5276=CARTESIAN_POINT('',(-4.259359010961E1,1.000039494497E0,
-1.959540483402E1));
#5277=VERTEX_POINT('',#5276);
#5278=CARTESIAN_POINT('',(5.269356503809E1,1.000043999960E0,6.404595165975E0));
#5279=CARTESIAN_POINT('',(5.289356503809E1,1.500043999960E0,6.404595079331E0));
#5280=VERTEX_POINT('',#5278);
#5281=VERTEX_POINT('',#5279);
#5282=CARTESIAN_POINT('',(5.289356503809E1,1.500043792015E0,5.204595079331E0));
#5283=VERTEX_POINT('',#5282);
#5284=CARTESIAN_POINT('',(5.269356503809E1,1.000043792015E0,5.204595165975E0));
#5285=VERTEX_POINT('',#5284);
#5286=CARTESIAN_POINT('',(5.269356503809E1,1.000039494497E0,-1.959540483402E1));
#5287=CARTESIAN_POINT('',(5.289356503809E1,1.500039494497E0,-1.959540492067E1));
#5288=VERTEX_POINT('',#5286);
#5289=VERTEX_POINT('',#5287);
#5290=CARTESIAN_POINT('',(5.289356503809E1,1.500039286553E0,-2.079540492067E1));
#5291=VERTEX_POINT('',#5290);
#5292=CARTESIAN_POINT('',(5.269356503809E1,1.000039286553E0,-2.079540483402E1));
#5293=VERTEX_POINT('',#5292);
#5294=CARTESIAN_POINT('',(-1.436757177467E1,1.100003439821E1,
-2.300914341765E1));
#5295=CARTESIAN_POINT('',(-1.386757181542E1,1.100003448486E1,
-2.250914343846E1));
#5296=VERTEX_POINT('',#5294);
#5297=VERTEX_POINT('',#5295);
#5298=CARTESIAN_POINT('',(-1.436757169062E1,1.070003445020E1,
-2.270914349046E1));
#5299=CARTESIAN_POINT('',(-1.416757169062E1,1.070003448486E1,
-2.250914349046E1));
#5300=VERTEX_POINT('',#5298);
#5301=VERTEX_POINT('',#5299);
#5302=CARTESIAN_POINT('',(-1.386757177529E1,1.100004119494E1,
-1.700914343750E1));
#5303=VERTEX_POINT('',#5302);
#5304=CARTESIAN_POINT('',(-1.416757169062E1,1.070003362941E1,
-1.700914349025E1));
#5305=VERTEX_POINT('',#5304);
#5306=CARTESIAN_POINT('',(-1.436757177467E1,1.100003377802E1,
-1.650914352922E1));
#5307=VERTEX_POINT('',#5306);
#5308=CARTESIAN_POINT('',(-1.436757169062E1,1.070003372603E1,
-1.680914349046E1));
#5309=VERTEX_POINT('',#5308);
#5310=CARTESIAN_POINT('',(-3.264487781237E1,1.100003768676E1,
-1.650914343909E1));
#5311=VERTEX_POINT('',#5310);
#5312=CARTESIAN_POINT('',(-3.264487772756E1,1.070002825101E1,
-1.680914349046E1));
#5313=VERTEX_POINT('',#5312);
#5314=CARTESIAN_POINT('',(-3.314487785215E1,1.100002834078E1,
-1.700914343846E1));
#5315=VERTEX_POINT('',#5314);
#5316=CARTESIAN_POINT('',(-3.284487772736E1,1.070002834078E1,
-1.700914349046E1));
#5317=VERTEX_POINT('',#5316);
#5318=CARTESIAN_POINT('',(-3.314487781140E1,1.100003786011E1,
-2.250914343863E1));
#5319=VERTEX_POINT('',#5318);
#5320=CARTESIAN_POINT('',(-3.284487772736E1,1.070002914276E1,
-2.250914349048E1));
#5321=VERTEX_POINT('',#5320);
#5322=CARTESIAN_POINT('',(-3.264487781141E1,1.100002900090E1,
-2.300914352922E1));
#5323=VERTEX_POINT('',#5322);
#5324=CARTESIAN_POINT('',(-3.264487772736E1,1.070002905289E1,
-2.270914349046E1));
#5325=VERTEX_POINT('',#5324);
#5326=CARTESIAN_POINT('',(-1.436757177468E1,1.100002998357E1,2.145271353187E0));
#5327=CARTESIAN_POINT('',(-1.386757181542E1,1.100003007021E1,2.645271332372E0));
#5328=VERTEX_POINT('',#5326);
#5329=VERTEX_POINT('',#5327);
#5330=CARTESIAN_POINT('',(-1.436757169062E1,1.070003003555E1,2.445271280376E0));
#5331=CARTESIAN_POINT('',(-1.416757169062E1,1.070003007021E1,2.645271280376E0));
#5332=VERTEX_POINT('',#5330);
#5333=VERTEX_POINT('',#5331);
#5334=CARTESIAN_POINT('',(-1.386757177468E1,1.100003973896E1,8.145271332524E0));
#5335=VERTEX_POINT('',#5334);
#5336=CARTESIAN_POINT('',(-1.416757169062E1,1.070002926822E1,8.145271280400E0));
#5337=VERTEX_POINT('',#5336);
#5338=CARTESIAN_POINT('',(-1.436757177468E1,1.100002941008E1,8.645271241614E0));
#5339=VERTEX_POINT('',#5338);
#5340=CARTESIAN_POINT('',(-1.436757169062E1,1.070002935810E1,8.345271280376E0));
#5341=VERTEX_POINT('',#5340);
#5342=CARTESIAN_POINT('',(-3.264487781157E1,1.100003621521E1,8.645271332361E0));
#5343=VERTEX_POINT('',#5342);
#5344=CARTESIAN_POINT('',(-3.264487772738E1,1.070002387815E1,8.345271280377E0));
#5345=VERTEX_POINT('',#5344);
#5346=CARTESIAN_POINT('',(-3.314487785215E1,1.100002392613E1,8.145271332376E0));
#5347=VERTEX_POINT('',#5346);
#5348=CARTESIAN_POINT('',(-3.284487772736E1,1.070002392613E1,8.145271280377E0));
#5349=VERTEX_POINT('',#5348);
#5350=CARTESIAN_POINT('',(-3.314487781078E1,1.100003640413E1,2.645271331394E0));
#5351=VERTEX_POINT('',#5350);
#5352=CARTESIAN_POINT('',(-3.284487772736E1,1.070002478158E1,2.645271280168E0));
#5353=VERTEX_POINT('',#5352);
#5354=CARTESIAN_POINT('',(-3.264487781141E1,1.100002463297E1,2.145271241617E0));
#5355=VERTEX_POINT('',#5354);
#5356=CARTESIAN_POINT('',(-3.264487772736E1,1.070002468495E1,2.445271280377E0));
#5357=VERTEX_POINT('',#5356);
#5358=CARTESIAN_POINT('',(5.010301713102E1,3.231907500267E-5,
-3.519545363996E1));
#5359=CARTESIAN_POINT('',(5.509998657681E1,4.610373822574E-5,
-3.019242492151E1));
#5360=VERTEX_POINT('',#5358);
#5361=VERTEX_POINT('',#5359);
#5362=CARTESIAN_POINT('',(-4.499999504745E1,4.609322778926E-5,
-3.025307824098E1));
#5363=CARTESIAN_POINT('',(-3.999696632898E1,3.230961455958E-5,
-3.525004768675E1));
#5364=VERTEX_POINT('',#5362);
#5365=VERTEX_POINT('',#5363);
#5366=CARTESIAN_POINT('',(5.507211386205E1,5.407495701875E-5,1.580766639651E1));
#5367=CARTESIAN_POINT('',(5.006908514358E1,4.202316371189E-5,2.080463584228E1));
#5368=VERTEX_POINT('',#5366);
#5369=VERTEX_POINT('',#5367);
#5370=CARTESIAN_POINT('',(-4.003089831640E1,4.201370326879E-5,
2.075004179549E1));
#5371=CARTESIAN_POINT('',(-4.502786776220E1,5.406444658191E-5,
1.574701307704E1));
#5372=VERTEX_POINT('',#5370);
#5373=VERTEX_POINT('',#5371);
#5374=CARTESIAN_POINT('',(3.152318270843E1,3.678926032951E-5,
-3.520671167034E1));
#5375=VERTEX_POINT('',#5374);
#5376=CARTESIAN_POINT('',(3.152318270843E1,3.684124644657E-5,
-3.490671161527E1));
#5377=CARTESIAN_POINT('',(2.902318316737E1,3.684098394815E-5,
-3.490822643343E1));
#5378=VERTEX_POINT('',#5376);
#5379=VERTEX_POINT('',#5377);
#5380=CARTESIAN_POINT('',(2.902318316737E1,3.678899783138E-5,
-3.520822648851E1));
#5381=CARTESIAN_POINT('',(2.300337774306E1,3.678836575597E-5,
-3.521187405343E1));
#5382=VERTEX_POINT('',#5380);
#5383=VERTEX_POINT('',#5381);
#5384=CARTESIAN_POINT('',(2.300337774306E1,3.684035187244E-5,
-3.491187399836E1));
#5385=CARTESIAN_POINT('',(2.050337820200E1,3.684008937432E-5,
-3.491338881652E1));
#5386=VERTEX_POINT('',#5384);
#5387=VERTEX_POINT('',#5385);
#5388=CARTESIAN_POINT('',(2.050337820200E1,3.678810325755E-5,
-3.521338887160E1));
#5389=CARTESIAN_POINT('',(1.448357277769E1,3.678747118185E-5,
-3.521703643652E1));
#5390=VERTEX_POINT('',#5388);
#5391=VERTEX_POINT('',#5389);
#5392=CARTESIAN_POINT('',(1.448357277769E1,3.683945729832E-5,
-3.491703638144E1));
#5393=CARTESIAN_POINT('',(1.198357323663E1,3.683919480078E-5,
-3.491855119961E1));
#5394=VERTEX_POINT('',#5392);
#5395=VERTEX_POINT('',#5393);
#5396=CARTESIAN_POINT('',(1.198357323663E1,3.678720868313E-5,
-3.521855125469E1));
#5397=CARTESIAN_POINT('',(-1.959564708378E1,3.678389288594E-5,
-3.523768596887E1));
#5398=VERTEX_POINT('',#5396);
#5399=VERTEX_POINT('',#5397);
#5400=CARTESIAN_POINT('',(-1.959564708378E1,3.683587900241E-5,
-3.493768591380E1));
#5401=CARTESIAN_POINT('',(-2.209564662485E1,3.683561650458E-5,
-3.493920073197E1));
#5402=VERTEX_POINT('',#5400);
#5403=VERTEX_POINT('',#5401);
#5404=CARTESIAN_POINT('',(-2.209564662485E1,3.678363038752E-5,
-3.523920078704E1));
#5405=CARTESIAN_POINT('',(-2.811545204915E1,3.678299831182E-5,
-3.524284835196E1));
#5406=VERTEX_POINT('',#5404);
#5407=VERTEX_POINT('',#5405);
#5408=CARTESIAN_POINT('',(-2.811545204915E1,3.683498442858E-5,
-3.494284829689E1));
#5409=CARTESIAN_POINT('',(-3.061545159022E1,3.683472193016E-5,
-3.494436311506E1));
#5410=VERTEX_POINT('',#5408);
#5411=VERTEX_POINT('',#5409);
#5412=CARTESIAN_POINT('',(-3.061545159022E1,3.678273581310E-5,
-3.524436317013E1));
#5413=VERTEX_POINT('',#5412);
#5414=CARTESIAN_POINT('',(-2.811545203193E1,1.100005321166E1,
-3.474287729355E1));
#5415=CARTESIAN_POINT('',(-2.209564660763E1,1.100005321229E1,
-3.473922972863E1));
#5416=VERTEX_POINT('',#5414);
#5417=VERTEX_POINT('',#5415);
#5418=CARTESIAN_POINT('',(-2.811545203271E1,1.050005183324E1,
-3.524287729869E1));
#5419=CARTESIAN_POINT('',(-2.209564660841E1,1.050005183388E1,
-3.523922973377E1));
#5420=VERTEX_POINT('',#5418);
#5421=VERTEX_POINT('',#5419);
#5422=VERTEX_POINT('',#2802);
#5423=VERTEX_POINT('',#2806);
#5424=CARTESIAN_POINT('',(-1.959564706656E1,1.100005321255E1,
-3.473771491046E1));
#5425=VERTEX_POINT('',#5424);
#5426=CARTESIAN_POINT('',(-1.959564706735E1,1.050005183414E1,
-3.523771491560E1));
#5427=VERTEX_POINT('',#5426);
#5428=VERTEX_POINT('',#2830);
#5429=VERTEX_POINT('',#2834);
#5430=CARTESIAN_POINT('',(1.448357279491E1,1.100005321613E1,-3.471706537810E1));
#5431=VERTEX_POINT('',#5430);
#5432=VERTEX_POINT('',#2820);
#5433=VERTEX_POINT('',#2852);
#5434=VERTEX_POINT('',#2856);
#5435=CARTESIAN_POINT('',(2.902318318380E1,1.050005183924E1,-3.520825543523E1));
#5436=VERTEX_POINT('',#5435);
#5437=VERTEX_POINT('',#2862);
#5438=CARTESIAN_POINT('',(-3.999726927618E1,1.100004921019E1,
-3.475007681193E1));
#5439=CARTESIAN_POINT('',(-3.061545157300E1,1.100005321139E1,
-3.474439211172E1));
#5440=VERTEX_POINT('',#5438);
#5441=VERTEX_POINT('',#5439);
#5442=CARTESIAN_POINT('',(-3.999696631246E1,1.050004883183E1,
-3.525007663349E1));
#5443=CARTESIAN_POINT('',(-3.061545157378E1,1.050005183298E1,
-3.524439211686E1));
#5444=VERTEX_POINT('',#5442);
#5445=VERTEX_POINT('',#5443);
#5446=CARTESIAN_POINT('',(-4.499999503101E1,1.050005361496E1,
-3.025310718769E1));
#5447=VERTEX_POINT('',#5446);
#5448=CARTESIAN_POINT('',(-4.449999427833E1,1.100005361501E1,
-3.025280431018E1));
#5449=VERTEX_POINT('',#5448);
#5450=CARTESIAN_POINT('',(-4.502786777863E1,1.050006486588E1,1.574703838464E1));
#5451=VERTEX_POINT('',#5450);
#5452=CARTESIAN_POINT('',(-4.452786787042E1,1.100006583425E1,1.574734126171E1));
#5453=VERTEX_POINT('',#5452);
#5454=CARTESIAN_POINT('',(-4.003089833284E1,1.050006153005E1,2.075006710319E1));
#5455=VERTEX_POINT('',#5454);
#5456=CARTESIAN_POINT('',(-4.003059536948E1,1.100006273518E1,2.025006755564E1));
#5457=VERTEX_POINT('',#5456);
#5458=CARTESIAN_POINT('',(5.006908512706E1,1.050005855314E1,2.080466114998E1));
#5459=VERTEX_POINT('',#5458);
#5460=CARTESIAN_POINT('',(5.006938809078E1,1.100005876079E1,2.030466115513E1));
#5461=VERTEX_POINT('',#5460);
#5462=CARTESIAN_POINT('',(5.507211384561E1,1.050006162768E1,1.580769170418E1));
#5463=VERTEX_POINT('',#5462);
#5464=CARTESIAN_POINT('',(5.457211309293E1,1.100006162763E1,1.580738865339E1));
#5465=VERTEX_POINT('',#5464);
#5466=CARTESIAN_POINT('',(5.509998659325E1,1.050005690540E1,-3.019245386814E1));
#5467=VERTEX_POINT('',#5466);
#5468=CARTESIAN_POINT('',(5.459998668503E1,1.100005787375E1,-3.019275691851E1));
#5469=VERTEX_POINT('',#5468);
#5470=CARTESIAN_POINT('',(5.010301714745E1,1.050005183637E1,-3.519548258670E1));
#5471=VERTEX_POINT('',#5470);
#5472=CARTESIAN_POINT('',(5.010271418409E1,1.100005321479E1,-3.469548321243E1));
#5473=VERTEX_POINT('',#5472);
#5474=VERTEX_POINT('',#2884);
#5475=VERTEX_POINT('',#2888);
#5476=CARTESIAN_POINT('',(-3.061545157300E1,1.100005326338E1,
-3.444439334842E1));
#5477=CARTESIAN_POINT('',(-2.811545203193E1,1.100005326364E1,
-3.444287853025E1));
#5478=VERTEX_POINT('',#5476);
#5479=VERTEX_POINT('',#5477);
#5480=CARTESIAN_POINT('',(-3.061545157456E1,1.000005317674E1,
-3.494439068338E1));
#5481=CARTESIAN_POINT('',(-2.811545203350E1,1.000005317700E1,
-3.494287586521E1));
#5482=VERTEX_POINT('',#5480);
#5483=VERTEX_POINT('',#5481);
#5484=CARTESIAN_POINT('',(-2.209564660763E1,1.100005326427E1,
-3.443923096533E1));
#5485=CARTESIAN_POINT('',(-1.959564706656E1,1.100005326454E1,
-3.443771614716E1));
#5486=VERTEX_POINT('',#5484);
#5487=VERTEX_POINT('',#5485);
#5488=CARTESIAN_POINT('',(-2.209564660919E1,1.000005317764E1,
-3.493922830029E1));
#5489=CARTESIAN_POINT('',(-1.959564706813E1,1.000005317790E1,
-3.493771348212E1));
#5490=VERTEX_POINT('',#5488);
#5491=VERTEX_POINT('',#5489);
#5492=CARTESIAN_POINT('',(1.198357325385E1,1.100005326785E1,-3.441858143297E1));
#5493=CARTESIAN_POINT('',(1.448357279491E1,1.100005326812E1,-3.441706661480E1));
#5494=VERTEX_POINT('',#5492);
#5495=VERTEX_POINT('',#5493);
#5496=CARTESIAN_POINT('',(1.198357325228E1,1.000005318121E1,-3.491857876793E1));
#5497=CARTESIAN_POINT('',(1.448357279335E1,1.000005318148E1,-3.491706394976E1));
#5498=VERTEX_POINT('',#5496);
#5499=VERTEX_POINT('',#5497);
#5500=CARTESIAN_POINT('',(2.050337821922E1,1.100005326875E1,-3.441341904988E1));
#5501=CARTESIAN_POINT('',(2.300337776028E1,1.100005326901E1,-3.441190423171E1));
#5502=VERTEX_POINT('',#5500);
#5503=VERTEX_POINT('',#5501);
#5504=CARTESIAN_POINT('',(2.050337821765E1,1.000005318211E1,-3.491341638484E1));
#5505=CARTESIAN_POINT('',(2.300337775872E1,1.000005318237E1,-3.491190156667E1));
#5506=VERTEX_POINT('',#5504);
#5507=VERTEX_POINT('',#5505);
#5508=CARTESIAN_POINT('',(2.902318318459E1,1.100005326964E1,-3.440825666679E1));
#5509=CARTESIAN_POINT('',(3.152318272565E1,1.100005326990E1,-3.440674184862E1));
#5510=VERTEX_POINT('',#5508);
#5511=VERTEX_POINT('',#5509);
#5512=CARTESIAN_POINT('',(2.902318318302E1,1.000005318300E1,-3.490825400175E1));
#5513=CARTESIAN_POINT('',(3.152318272409E1,1.000005318327E1,-3.490673918358E1));
#5514=VERTEX_POINT('',#5512);
#5515=VERTEX_POINT('',#5513);
#5516=CARTESIAN_POINT('',(3.840022043522E1,4.635995839691E-5,2.002361077017E1));
#5517=CARTESIAN_POINT('',(3.840022043522E1,-1.184953640042E0,2.002361097551E1));
#5518=VERTEX_POINT('',#5516);
#5519=VERTEX_POINT('',#5517);
#5520=CARTESIAN_POINT('',(3.873019370523E1,-1.184953661543E0,1.989953325219E1));
#5521=VERTEX_POINT('',#5520);
#5522=CARTESIAN_POINT('',(3.873019370523E1,4.633845733790E-5,1.989953304685E1));
#5523=VERTEX_POINT('',#5522);
#5524=CARTESIAN_POINT('',(2.883325470118E1,4.633741816693E-5,1.989353622054E1));
#5525=CARTESIAN_POINT('',(2.883325470118E1,-1.184953662582E0,1.989353642588E1));
#5526=VERTEX_POINT('',#5524);
#5527=VERTEX_POINT('',#5525);
#5528=CARTESIAN_POINT('',(2.916307736477E1,-1.184953641011E0,2.001801393763E1));
#5529=VERTEX_POINT('',#5528);
#5530=CARTESIAN_POINT('',(2.916307736477E1,4.635898850394E-5,2.001801373228E1));
#5531=VERTEX_POINT('',#5530);
#5532=CARTESIAN_POINT('',(2.825650426237E1,-1.179855692279E-1,
2.079143628408E1));
#5533=CARTESIAN_POINT('',(2.825650107579E1,-1.184953507042E0,2.079143352849E1));
#5534=VERTEX_POINT('',#5532);
#5535=VERTEX_POINT('',#5533);
#5536=CARTESIAN_POINT('',(2.872745846566E1,-1.179874666486E-1,
2.095934052034E1));
#5537=CARTESIAN_POINT('',(2.872745257399E1,-1.184953477901E0,2.095934133110E1));
#5538=VERTEX_POINT('',#5536);
#5539=VERTEX_POINT('',#5537);
#5540=VERTEX_POINT('',#2431);
#5541=VERTEX_POINT('',#2352);
#5542=VERTEX_POINT('',#2453);
#5543=VERTEX_POINT('',#2345);
#5544=VERTEX_POINT('',#2487);
#5545=VERTEX_POINT('',#2330);
#5546=CARTESIAN_POINT('',(3.708376654432E1,1.000046555203E0,2.115032400470E1));
#5547=VERTEX_POINT('',#5546);
#5548=CARTESIAN_POINT('',(3.708398077168E1,1.353600341240E0,2.079677107445E1));
#5549=VERTEX_POINT('',#5548);
#5550=VERTEX_POINT('',#2502);
#5551=VERTEX_POINT('',#2311);
#5552=VERTEX_POINT('',#2465);
#5553=VERTEX_POINT('',#2304);
#5554=VERTEX_POINT('',#2442);
#5555=VERTEX_POINT('',#2293);
#5556=CARTESIAN_POINT('',(3.883470415445E1,-1.184953476839E0,2.096546559156E1));
#5557=VERTEX_POINT('',#5556);
#5558=CARTESIAN_POINT('',(3.930585878663E1,-1.184953505882E0,2.079812863685E1));
#5559=VERTEX_POINT('',#5558);
#5560=CARTESIAN_POINT('',(4.064142724298E1,4.649431000286E-5,2.079892336626E1));
#5561=CARTESIAN_POINT('',(4.064197150629E1,4.633865806935E-5,1.990069144536E1));
#5562=VERTEX_POINT('',#5560);
#5563=VERTEX_POINT('',#5561);
#5564=CARTESIAN_POINT('',(2.692093263680E1,4.649286935586E-5,2.079060974293E1));
#5565=CARTESIAN_POINT('',(2.692147690012E1,4.633721742220E-5,1.989237782203E1));
#5566=VERTEX_POINT('',#5564);
#5567=VERTEX_POINT('',#5565);
#5568=CARTESIAN_POINT('',(4.064197150629E1,-6.849536613419E-1,
1.990069156406E1));
#5569=CARTESIAN_POINT('',(4.014197159808E1,-1.184953661394E0,1.990038868707E1));
#5570=VERTEX_POINT('',#5568);
#5571=VERTEX_POINT('',#5569);
#5572=CARTESIAN_POINT('',(4.014142733662E1,-1.184953505743E0,2.079861754647E1));
#5573=VERTEX_POINT('',#5572);
#5574=CARTESIAN_POINT('',(4.064142724457E1,-6.849535056904E-1,
2.079892085721E1));
#5575=VERTEX_POINT('',#5574);
#5576=CARTESIAN_POINT('',(2.692093263840E1,-6.849535071311E-1,
2.079060723388E1));
#5577=CARTESIAN_POINT('',(2.742093254661E1,-1.184953507079E0,2.079091028416E1));
#5578=VERTEX_POINT('',#5576);
#5579=VERTEX_POINT('',#5577);
#5580=CARTESIAN_POINT('',(2.742147680833E1,-1.184953662730E0,1.989268099101E1));
#5581=VERTEX_POINT('',#5580);
#5582=CARTESIAN_POINT('',(2.692147690012E1,-6.849536627826E-1,
1.989237794073E1));
#5583=VERTEX_POINT('',#5582);
#5584=CARTESIAN_POINT('',(3.902360652412E1,1.100006154308E1,1.333934235515E1));
#5585=CARTESIAN_POINT('',(-4.095272737041E0,1.100006153837E1,1.331321544549E1));
#5586=VERTEX_POINT('',#5584);
#5587=VERTEX_POINT('',#5585);
#5588=CARTESIAN_POINT('',(-9.192181578256E0,1.100006065485E1,8.210126153429E0));
#5589=VERTEX_POINT('',#5588);
#5590=CARTESIAN_POINT('',(-9.177104346950E0,1.100005634219E1,
-1.667277410085E1));
#5591=VERTEX_POINT('',#5590);
#5592=CARTESIAN_POINT('',(-4.074015054891E0,1.100005545974E1,
-2.176968294207E1));
#5593=VERTEX_POINT('',#5592);
#5594=CARTESIAN_POINT('',(3.904486422220E1,1.100005546349E1,-2.174355603179E1));
#5595=VERTEX_POINT('',#5594);
#5596=CARTESIAN_POINT('',(4.414177306341E1,1.100005634857E1,-1.664046673973E1));
#5597=VERTEX_POINT('',#5596);
#5598=CARTESIAN_POINT('',(4.412669583211E1,1.100006065967E1,8.242433514547E0));
#5599=VERTEX_POINT('',#5598);
#5600=CARTESIAN_POINT('',(-4.073477336194E0,7.300038963925E0,
-2.265711323006E1));
#5601=CARTESIAN_POINT('',(5.409648369050E0,7.300038964929E0,-2.265136714458E1));
#5602=VERTEX_POINT('',#5600);
#5603=VERTEX_POINT('',#5601);
#5604=CARTESIAN_POINT('',(3.904540194740E1,7.300038968488E0,-2.263098632036E1));
#5605=VERTEX_POINT('',#5604);
#5606=CARTESIAN_POINT('',(2.727108271316E1,7.300038967242E0,-2.263812070293E1));
#5607=VERTEX_POINT('',#5606);
#5608=CARTESIAN_POINT('',(1.726802383366E1,7.300038966184E0,-2.264418183019E1));
#5609=CARTESIAN_POINT('',(2.577108298852E1,7.300038967084E0,-2.263902959372E1));
#5610=VERTEX_POINT('',#5608);
#5611=VERTEX_POINT('',#5609);
#5612=CARTESIAN_POINT('',(6.909648093689E0,7.300038965087E0,-2.265045825366E1));
#5613=CARTESIAN_POINT('',(1.576802410902E1,7.300038966025E0,-2.264509072110E1));
#5614=VERTEX_POINT('',#5612);
#5615=VERTEX_POINT('',#5613);
#5616=CARTESIAN_POINT('',(-1.006453527679E1,7.300040000858E0,
-1.667331118489E1));
#5617=CARTESIAN_POINT('',(-1.006949870117E1,7.300041420330E0,
-8.481860261896E0));
#5618=VERTEX_POINT('',#5616);
#5619=VERTEX_POINT('',#5617);
#5620=CARTESIAN_POINT('',(-1.007374019204E1,7.300042633339E0,
-1.481861559324E0));
#5621=CARTESIAN_POINT('',(-1.007040759207E1,7.300041680261E0,
-6.981860537257E0));
#5622=VERTEX_POINT('',#5620);
#5623=VERTEX_POINT('',#5621);
#5624=CARTESIAN_POINT('',(-1.007961250731E1,7.300044312742E0,8.209589075898E0));
#5625=CARTESIAN_POINT('',(-1.007464908294E1,7.300042893270E0,
1.813816531524E-2));
#5626=VERTEX_POINT('',#5624);
#5627=VERTEX_POINT('',#5625);
#5628=CARTESIAN_POINT('',(-4.095810462243E0,7.300045350915E0,1.420064701649E1));
#5629=VERTEX_POINT('',#5628);
#5630=CARTESIAN_POINT('',(3.056588707747E1,7.300045354554E0,1.422164948802E1));
#5631=CARTESIAN_POINT('',(2.207064707918E1,7.300045353662E0,1.421650198952E1));
#5632=VERTEX_POINT('',#5630);
#5633=VERTEX_POINT('',#5631);
#5634=CARTESIAN_POINT('',(3.902306882135E1,7.300045355442E0,1.422677392598E1));
#5635=CARTESIAN_POINT('',(3.206588680211E1,7.300045354711E0,1.422255837892E1));
#5636=VERTEX_POINT('',#5634);
#5637=VERTEX_POINT('',#5635);
#5638=CARTESIAN_POINT('',(7.319172179121E-1,7.300045351421E0,1.420357226887E1));
#5639=VERTEX_POINT('',#5638);
#5640=CARTESIAN_POINT('',(1.080721994365E1,7.300045352479E0,1.420967717064E1));
#5641=CARTESIAN_POINT('',(2.231916942551E0,7.300045351579E0,1.420448115977E1));
#5642=VERTEX_POINT('',#5640);
#5643=VERTEX_POINT('',#5641);
#5644=CARTESIAN_POINT('',(2.057064735454E1,7.300045353504E0,1.421559309861E1));
#5645=CARTESIAN_POINT('',(1.230721966829E1,7.300045352637E0,1.421058606154E1));
#5646=VERTEX_POINT('',#5644);
#5647=VERTEX_POINT('',#5645);
#5648=CARTESIAN_POINT('',(4.501412676194E1,7.300044318527E0,8.242971880913E0));
#5649=CARTESIAN_POINT('',(4.501909018632E1,7.300042899055E0,5.152097033085E-2));
#5650=VERTEX_POINT('',#5648);
#5651=VERTEX_POINT('',#5649);
#5652=CARTESIAN_POINT('',(4.502920399247E1,7.300040006643E0,-1.663992837987E1));
#5653=CARTESIAN_POINT('',(4.502424056809E1,7.300041426115E0,-8.448477456881E0));
#5654=VERTEX_POINT('',#5652);
#5655=VERTEX_POINT('',#5653);
#5656=CARTESIAN_POINT('',(4.502333167719E1,7.300041686046E0,-6.948477732241E0));
#5657=CARTESIAN_POINT('',(4.501999907722E1,7.300042639124E0,-1.448478754308E0));
#5658=VERTEX_POINT('',#5656);
#5659=VERTEX_POINT('',#5657);
#5660=CARTESIAN_POINT('',(3.904304644690E1,8.800055984132E0,-1.874355620206E1));
#5661=CARTESIAN_POINT('',(4.114177361414E1,8.800056348255E0,-1.664228414031E1));
#5662=VERTEX_POINT('',#5660);
#5663=VERTEX_POINT('',#5661);
#5664=CARTESIAN_POINT('',(4.112669638361E1,8.800060660138E0,8.240616120482E0));
#5665=CARTESIAN_POINT('',(3.902542432136E1,8.800061023821E0,1.033934328771E1));
#5666=VERTEX_POINT('',#5664);
#5667=VERTEX_POINT('',#5665);
#5668=CARTESIAN_POINT('',(-4.093454961745E0,8.800061019293E0,1.031321637822E1));
#5669=CARTESIAN_POINT('',(-6.192182128978E0,8.800060655170E0,8.211944316660E0));
#5670=VERTEX_POINT('',#5668);
#5671=VERTEX_POINT('',#5669);
#5672=CARTESIAN_POINT('',(-6.177104898450E0,8.800056343286E0,
-1.667095594432E1));
#5673=CARTESIAN_POINT('',(-4.075832835071E0,8.800055979604E0,
-1.876968311156E1));
#5674=VERTEX_POINT('',#5672);
#5675=VERTEX_POINT('',#5673);
#5676=CARTESIAN_POINT('',(3.904304644690E1,7.300039642112E0,-1.874355594213E1));
#5677=CARTESIAN_POINT('',(4.114177361414E1,7.300040006235E0,-1.664228388037E1));
#5678=VERTEX_POINT('',#5676);
#5679=VERTEX_POINT('',#5677);
#5680=CARTESIAN_POINT('',(4.112669638361E1,7.300044318119E0,8.240616380415E0));
#5681=CARTESIAN_POINT('',(3.902542432136E1,7.300044681801E0,1.033934354765E1));
#5682=VERTEX_POINT('',#5680);
#5683=VERTEX_POINT('',#5681);
#5684=CARTESIAN_POINT('',(-4.093454961745E0,7.300044677273E0,1.031321663815E1));
#5685=CARTESIAN_POINT('',(-6.192182128978E0,7.300044313150E0,8.211944576593E0));
#5686=VERTEX_POINT('',#5684);
#5687=VERTEX_POINT('',#5685);
#5688=CARTESIAN_POINT('',(-6.177104898450E0,7.300040001266E0,
-1.667095568439E1));
#5689=CARTESIAN_POINT('',(-4.075832835071E0,7.300039637584E0,
-1.876968285162E1));
#5690=VERTEX_POINT('',#5688);
#5691=VERTEX_POINT('',#5689);
#5692=CARTESIAN_POINT('',(2.726872688223E1,8.800055982990E0,-1.875014524991E1));
#5693=CARTESIAN_POINT('',(2.726872688223E1,7.300039640970E0,-1.875014498998E1));
#5694=VERTEX_POINT('',#5692);
#5695=VERTEX_POINT('',#5693);
#5696=CARTESIAN_POINT('',(2.576872715759E1,8.800055982832E0,-1.875105414081E1));
#5697=CARTESIAN_POINT('',(2.576872715759E1,7.300039640812E0,-1.875105388088E1));
#5698=VERTEX_POINT('',#5696);
#5699=VERTEX_POINT('',#5697);
#5700=CARTESIAN_POINT('',(1.576566827809E1,8.800055981782E0,-1.875711526806E1));
#5701=CARTESIAN_POINT('',(1.576566827809E1,7.300039639762E0,-1.875711500812E1));
#5702=VERTEX_POINT('',#5700);
#5703=VERTEX_POINT('',#5701);
#5704=CARTESIAN_POINT('',(1.726566488085E1,8.800055982832E0,-1.875105414081E1));
#5705=CARTESIAN_POINT('',(1.726566488085E1,7.300039640812E0,-1.875105388088E1));
#5706=VERTEX_POINT('',#5704);
#5707=VERTEX_POINT('',#5705);
#5708=CARTESIAN_POINT('',(-6.183522548276E0,8.800058022689E0,
-6.979505627125E0));
#5709=CARTESIAN_POINT('',(-6.183522548276E0,7.300041680669E0,
-6.979505367191E0));
#5710=VERTEX_POINT('',#5708);
#5711=VERTEX_POINT('',#5709);
#5712=CARTESIAN_POINT('',(4.113644663339E1,8.800058027657E0,-6.950833162241E0));
#5713=CARTESIAN_POINT('',(4.113644663339E1,7.300041685638E0,-6.950832902307E0));
#5714=VERTEX_POINT('',#5712);
#5715=VERTEX_POINT('',#5713);
#5716=CARTESIAN_POINT('',(-6.182068322835E0,8.800057762758E0,
-8.479505021331E0));
#5717=CARTESIAN_POINT('',(-6.182068322835E0,7.300041420739E0,
-8.479504761397E0));
#5718=VERTEX_POINT('',#5716);
#5719=VERTEX_POINT('',#5717);
#5720=CARTESIAN_POINT('',(5.407292868547E0,8.800055980600E0,-1.876393701873E1));
#5721=CARTESIAN_POINT('',(5.407292868547E0,7.300039638580E0,-1.876393675880E1));
#5722=VERTEX_POINT('',#5720);
#5723=VERTEX_POINT('',#5721);
#5724=CARTESIAN_POINT('',(6.907289010422E0,8.800055981782E0,-1.875711526806E1));
#5725=CARTESIAN_POINT('',(6.907289010422E0,7.300039639762E0,-1.875711500812E1));
#5726=VERTEX_POINT('',#5724);
#5727=VERTEX_POINT('',#5725);
#5728=CARTESIAN_POINT('',(2.207300291011E1,8.800061021946E0,1.032852601671E1));
#5729=CARTESIAN_POINT('',(2.207300291011E1,7.300044679926E0,1.032852627664E1));
#5730=VERTEX_POINT('',#5728);
#5731=VERTEX_POINT('',#5729);
#5732=CARTESIAN_POINT('',(2.057300588894E1,8.800061021016E0,1.032315542327E1));
#5733=CARTESIAN_POINT('',(2.057300588894E1,7.300044678996E0,1.032315568320E1));
#5734=VERTEX_POINT('',#5732);
#5735=VERTEX_POINT('',#5733);
#5736=CARTESIAN_POINT('',(3.056824602741E1,8.800061021946E0,1.032852601671E1));
#5737=CARTESIAN_POINT('',(3.056824602741E1,7.300044679926E0,1.032852627664E1));
#5738=VERTEX_POINT('',#5736);
#5739=VERTEX_POINT('',#5737);
#5740=CARTESIAN_POINT('',(3.206824230261E1,8.800061023090E0,1.033512773901E1));
#5741=CARTESIAN_POINT('',(3.206824230261E1,7.300044681070E0,1.033512799895E1));
#5742=VERTEX_POINT('',#5740);
#5743=VERTEX_POINT('',#5741);
#5744=CARTESIAN_POINT('',(4.113717374604E1,8.800057767727E0,-8.450832886880E0));
#5745=CARTESIAN_POINT('',(4.113717374604E1,7.300041425707E0,-8.450832626946E0));
#5746=VERTEX_POINT('',#5744);
#5747=VERTEX_POINT('',#5745);
#5748=CARTESIAN_POINT('',(4.113165980799E1,8.800059240666E0,4.916520989864E-2));
#5749=CARTESIAN_POINT('',(4.113165980799E1,7.300042898646E0,4.916546983201E-2));
#5750=VERTEX_POINT('',#5748);
#5751=VERTEX_POINT('',#5749);
#5752=CARTESIAN_POINT('',(-6.183522548276E0,8.800058975768E0,
-1.479504629878E0));
#5753=CARTESIAN_POINT('',(-6.183522548276E0,7.300042633748E0,
-1.479504369945E0));
#5754=VERTEX_POINT('',#5752);
#5755=VERTEX_POINT('',#5753);
#5756=CARTESIAN_POINT('',(4.113644663339E1,8.800058980736E0,-1.450832164994E0));
#5757=CARTESIAN_POINT('',(4.113644663339E1,7.300042638716E0,-1.450831905060E0));
#5758=VERTEX_POINT('',#5756);
#5759=VERTEX_POINT('',#5757);
#5760=CARTESIAN_POINT('',(-6.187218705366E0,8.800059235698E0,
2.049340588025E-2));
#5761=CARTESIAN_POINT('',(-6.187218705366E0,7.300042893678E0,
2.049366581362E-2));
#5762=VERTEX_POINT('',#5760);
#5763=VERTEX_POINT('',#5761);
#5764=CARTESIAN_POINT('',(7.342727184105E-1,8.800061019800E0,1.031614163060E1));
#5765=CARTESIAN_POINT('',(7.342727184105E-1,7.300044677780E0,1.031614189053E1));
#5766=VERTEX_POINT('',#5764);
#5767=VERTEX_POINT('',#5765);
#5768=CARTESIAN_POINT('',(2.234272443150E0,8.800061019958E0,1.031705035628E1));
#5769=CARTESIAN_POINT('',(2.234272443150E0,7.300044677938E0,1.031705061622E1));
#5770=VERTEX_POINT('',#5768);
#5771=VERTEX_POINT('',#5769);
#5772=CARTESIAN_POINT('',(1.080957859265E1,8.800061019958E0,1.031705035628E1));
#5773=CARTESIAN_POINT('',(1.080957859265E1,7.300044677938E0,1.031705061622E1));
#5774=VERTEX_POINT('',#5772);
#5775=VERTEX_POINT('',#5773);
#5776=CARTESIAN_POINT('',(1.230957516879E1,8.800061021016E0,1.032315542327E1));
#5777=CARTESIAN_POINT('',(1.230957516879E1,7.300044678996E0,1.032315568320E1));
#5778=VERTEX_POINT('',#5776);
#5779=VERTEX_POINT('',#5777);
#5780=CARTESIAN_POINT('',(2.726249134101E1,8.800046870680E0,-8.459240046961E0));
#5781=VERTEX_POINT('',#5780);
#5782=CARTESIAN_POINT('',(5.401056996905E0,8.800046868986E0,-8.472486488567E0));
#5783=VERTEX_POINT('',#5782);
#5784=CARTESIAN_POINT('',(3.207447817425E1,8.800048345035E0,4.367721557521E-2));
#5785=VERTEX_POINT('',#5784);
#5786=CARTESIAN_POINT('',(7.405085900490E-1,8.800048341850E0,
2.469110552227E-2));
#5787=VERTEX_POINT('',#5786);
#5788=CARTESIAN_POINT('',(5.157211480994E1,1.700045628856E0,1.580458659799E1));
#5789=CARTESIAN_POINT('',(4.857211480994E1,1.700045628856E0,1.580458659799E1));
#5790=VERTEX_POINT('',#5788);
#5791=VERTEX_POINT('',#5789);
#5792=CARTESIAN_POINT('',(5.159998746424E1,1.700037657655E0,-3.019540495533E1));
#5793=CARTESIAN_POINT('',(4.859998746424E1,1.700037657655E0,-3.019540495533E1));
#5794=VERTEX_POINT('',#5792);
#5795=VERTEX_POINT('',#5793);
#5796=CARTESIAN_POINT('',(-3.852786864965E1,1.700045619396E0,1.574999255120E1));
#5797=CARTESIAN_POINT('',(-4.152786864965E1,1.700045619396E0,1.574999255120E1));
#5798=VERTEX_POINT('',#5796);
#5799=VERTEX_POINT('',#5797);
#5800=CARTESIAN_POINT('',(-3.849999599535E1,1.700037648194E0,
-3.024999900212E1));
#5801=CARTESIAN_POINT('',(-4.149999599535E1,1.700037648194E0,
-3.024999900212E1));
#5802=VERTEX_POINT('',#5800);
#5803=VERTEX_POINT('',#5801);
#5804=CARTESIAN_POINT('',(5.157211480994E1,4.200045628856E0,1.580458616477E1));
#5805=CARTESIAN_POINT('',(4.857211480994E1,4.200045628856E0,1.580458616477E1));
#5806=VERTEX_POINT('',#5804);
#5807=VERTEX_POINT('',#5805);
#5808=CARTESIAN_POINT('',(5.159998746424E1,4.200037657655E0,-3.019540538854E1));
#5809=CARTESIAN_POINT('',(4.859998746424E1,4.200037657655E0,-3.019540538854E1));
#5810=VERTEX_POINT('',#5808);
#5811=VERTEX_POINT('',#5809);
#5812=CARTESIAN_POINT('',(-3.852786864965E1,4.200045619396E0,1.574999211798E1));
#5813=CARTESIAN_POINT('',(-4.152786864965E1,4.200045619396E0,1.574999211798E1));
#5814=VERTEX_POINT('',#5812);
#5815=VERTEX_POINT('',#5813);
#5816=CARTESIAN_POINT('',(-3.849999599535E1,4.200037648194E0,
-3.024999943534E1));
#5817=CARTESIAN_POINT('',(-4.149999599535E1,4.200037648194E0,
-3.024999943534E1));
#5818=VERTEX_POINT('',#5816);
#5819=VERTEX_POINT('',#5817);
#5820=CARTESIAN_POINT('',(4.329177321945E1,8.800056348481E0,-1.664098139668E1));
#5821=CARTESIAN_POINT('',(3.904434919053E1,8.800055611565E0,-2.089355580738E1));
#5822=VERTEX_POINT('',#5820);
#5823=VERTEX_POINT('',#5821);
#5824=CARTESIAN_POINT('',(-4.074530093068E0,8.800055607037E0,
-2.091968271687E1));
#5825=VERTEX_POINT('',#5824);
#5826=CARTESIAN_POINT('',(-8.327104503766E0,8.800056343061E0,
-1.667225868795E1));
#5827=VERTEX_POINT('',#5826);
#5828=CARTESIAN_POINT('',(-8.342181734294E0,8.800060654944E0,8.210641572838E0));
#5829=VERTEX_POINT('',#5828);
#5830=CARTESIAN_POINT('',(-4.094757705370E0,8.800061391860E0,1.246321598354E1));
#5831=VERTEX_POINT('',#5830);
#5832=CARTESIAN_POINT('',(3.902412157823E1,8.800061396388E0,1.248934289303E1));
#5833=VERTEX_POINT('',#5832);
#5834=CARTESIAN_POINT('',(4.327669598892E1,8.800060660364E0,8.241918864106E0));
#5835=VERTEX_POINT('',#5834);
#5836=CARTESIAN_POINT('',(3.902412157823E1,1.015006139639E1,1.248934265909E1));
#5837=CARTESIAN_POINT('',(4.327669598892E1,1.015006066036E1,8.241918630169E0));
#5838=VERTEX_POINT('',#5836);
#5839=VERTEX_POINT('',#5837);
#5840=CARTESIAN_POINT('',(4.329177321945E1,1.015005634848E1,-1.664098163062E1));
#5841=VERTEX_POINT('',#5840);
#5842=CARTESIAN_POINT('',(3.904434919053E1,1.015005561156E1,-2.089355604132E1));
#5843=VERTEX_POINT('',#5842);
#5844=CARTESIAN_POINT('',(-4.074530093068E0,1.015005560704E1,
-2.091968295081E1));
#5845=VERTEX_POINT('',#5844);
#5846=CARTESIAN_POINT('',(-8.327104503766E0,1.015005634306E1,
-1.667225892189E1));
#5847=VERTEX_POINT('',#5846);
#5848=CARTESIAN_POINT('',(-8.342181734294E0,1.015006065494E1,8.210641338901E0));
#5849=VERTEX_POINT('',#5848);
#5850=CARTESIAN_POINT('',(-4.094757705370E0,1.015006139186E1,1.246321574960E1));
#5851=VERTEX_POINT('',#5850);
#5852=CARTESIAN_POINT('',(2.727046081252E1,2.000039145089E0,-2.161175811645E1));
#5853=CARTESIAN_POINT('',(2.726249134102E1,2.000041424250E0,-8.459238868609E0));
#5854=VERTEX_POINT('',#5852);
#5855=VERTEX_POINT('',#5853);
#5856=CARTESIAN_POINT('',(2.577046108789E1,2.000039144932E0,-2.161266700737E1));
#5857=VERTEX_POINT('',#5856);
#5858=CARTESIAN_POINT('',(-9.044045923683E0,2.000041680369E0,
-6.981237718201E0));
#5859=CARTESIAN_POINT('',(-9.043137032782E0,2.000041420438E0,
-8.481237442840E0));
#5860=VERTEX_POINT('',#5858);
#5861=VERTEX_POINT('',#5859);
#5862=CARTESIAN_POINT('',(5.401056996906E0,2.000041421955E0,-8.472485310214E0));
#5863=VERTEX_POINT('',#5862);
#5864=CARTESIAN_POINT('',(5.409026468415E0,2.000039142794E0,-2.162500455786E1));
#5865=VERTEX_POINT('',#5864);
#5866=CARTESIAN_POINT('',(6.909026193054E0,2.000039142951E0,-2.162409566694E1));
#5867=VERTEX_POINT('',#5866);
#5868=CARTESIAN_POINT('',(6.901056721545E0,2.000041422112E0,-8.471576419313E0));
#5869=VERTEX_POINT('',#5868);
#5870=CARTESIAN_POINT('',(1.575943273688E1,2.000041423042E0,-8.466208886755E0));
#5871=VERTEX_POINT('',#5870);
#5872=CARTESIAN_POINT('',(1.576740220839E1,2.000039143882E0,-2.161872813451E1));
#5873=VERTEX_POINT('',#5872);
#5874=CARTESIAN_POINT('',(1.726740193303E1,2.000039144039E0,-2.161781924359E1));
#5875=VERTEX_POINT('',#5874);
#5876=CARTESIAN_POINT('',(1.725943246152E1,2.000041423200E0,-8.465299995854E0));
#5877=VERTEX_POINT('',#5876);
#5878=CARTESIAN_POINT('',(2.576249161638E1,2.000041424093E0,-8.460147759510E0));
#5879=VERTEX_POINT('',#5878);
#5880=CARTESIAN_POINT('',(4.399697000880E1,2.000041685938E0,-6.949098714456E0));
#5881=VERTEX_POINT('',#5880);
#5882=CARTESIAN_POINT('',(2.207923845131E1,2.000042896646E0,3.762200452358E-2));
#5883=CARTESIAN_POINT('',(2.207225994012E1,2.000044892406E0,1.155469721136E1));
#5884=VERTEX_POINT('',#5882);
#5885=VERTEX_POINT('',#5883);
#5886=CARTESIAN_POINT('',(2.057923872667E1,2.000042896488E0,3.671311362245E-2));
#5887=CARTESIAN_POINT('',(2.057226021549E1,2.000044892248E0,1.155378832046E1));
#5888=VERTEX_POINT('',#5886);
#5889=VERTEX_POINT('',#5887);
#5890=CARTESIAN_POINT('',(-9.048287414548E0,2.000042893378E0,
1.876098437173E-2));
#5891=CARTESIAN_POINT('',(-9.047378523647E0,2.000042633447E0,
-1.481238740267E0));
#5892=VERTEX_POINT('',#5890);
#5893=VERTEX_POINT('',#5891);
#5894=CARTESIAN_POINT('',(4.399363740883E1,2.000042639016E0,-1.449099736522E0));
#5895=VERTEX_POINT('',#5894);
#5896=CARTESIAN_POINT('',(4.399272851793E1,2.000042898947E0,5.089998811678E-2));
#5897=VERTEX_POINT('',#5896);
#5898=CARTESIAN_POINT('',(3.207447817425E1,2.000042897695E0,4.367839392790E-2));
#5899=VERTEX_POINT('',#5898);
#5900=CARTESIAN_POINT('',(3.206650870275E1,2.000045176856E0,1.319619762857E1));
#5901=VERTEX_POINT('',#5900);
#5902=CARTESIAN_POINT('',(3.056650897811E1,2.000045176699E0,1.319528873765E1));
#5903=VERTEX_POINT('',#5902);
#5904=CARTESIAN_POINT('',(3.057447844961E1,2.000042897538E0,4.276950302678E-2));
#5905=VERTEX_POINT('',#5904);
#5906=CARTESIAN_POINT('',(4.399787889970E1,2.000041426007E0,-8.449098439095E0));
#5907=VERTEX_POINT('',#5906);
#5908=CARTESIAN_POINT('',(7.405085900485E-1,2.000042894405E0,
2.469228387496E-2));
#5909=VERTEX_POINT('',#5908);
#5910=CARTESIAN_POINT('',(7.325391185473E-1,2.000045173566E0,1.317721151882E1));
#5911=VERTEX_POINT('',#5910);
#5912=CARTESIAN_POINT('',(2.232538843186E0,2.000045173724E0,1.317812040974E1));
#5913=VERTEX_POINT('',#5912);
#5914=CARTESIAN_POINT('',(2.240508314688E0,2.000042894563E0,2.560117477610E-2));
#5915=VERTEX_POINT('',#5914);
#5916=CARTESIAN_POINT('',(1.081581131579E1,2.000042895463E0,3.079718564471E-2));
#5917=CARTESIAN_POINT('',(1.080784184428E1,2.000045174624E0,1.318331642048E1));
#5918=VERTEX_POINT('',#5916);
#5919=VERTEX_POINT('',#5917);
#5920=CARTESIAN_POINT('',(1.230784156892E1,2.000045174782E0,1.318422531141E1));
#5921=VERTEX_POINT('',#5920);
#5922=CARTESIAN_POINT('',(1.231581104043E1,2.000042895621E0,3.170607654583E-2));
#5923=VERTEX_POINT('',#5922);
#5924=CARTESIAN_POINT('',(5.154695755987E1,5.350038524242E0,-2.519452791344E1));
#5925=DIRECTION('',(-6.059272674204E-4,1.732869894271E-7,9.999998164260E-1));
#5926=DIRECTION('',(9.999998164261E-1,1.049993312582E-10,6.059272674204E-4));
#5927=AXIS2_PLACEMENT_3D('',#5924,#5925,#5926);
#5928=PLANE('',#5927);
#5930=ORIENTED_EDGE('',*,*,#5929,.T.);
#5932=ORIENTED_EDGE('',*,*,#5931,.T.);
#5934=ORIENTED_EDGE('',*,*,#5933,.T.);
#5936=ORIENTED_EDGE('',*,*,#5935,.T.);
#5938=ORIENTED_EDGE('',*,*,#5937,.T.);
#5939=EDGE_LOOP('',(#5930,#5932,#5934,#5936,#5938));
#5940=FACE_OUTER_BOUND('',#5939,.F.);
#5941=ADVANCED_FACE('',(#5940),#5928,.T.);
#5942=CARTESIAN_POINT('',(4.904938172992E1,1.700037830832E0,-2.919604136481E1));
#5943=DIRECTION('',(0.E0,-1.E0,1.732870212380E-7));
#5944=DIRECTION('',(-6.059272674204E-4,1.732869894271E-7,9.999998164260E-1));
#5945=AXIS2_PLACEMENT_3D('',#5942,#5943,#5944);
#5946=PLANE('',#5945);
#5948=ORIENTED_EDGE('',*,*,#5947,.T.);
#5950=ORIENTED_EDGE('',*,*,#5949,.F.);
#5952=ORIENTED_EDGE('',*,*,#5951,.F.);
#5954=ORIENTED_EDGE('',*,*,#5953,.T.);
#5956=ORIENTED_EDGE('',*,*,#5955,.F.);
#5958=ORIENTED_EDGE('',*,*,#5957,.T.);
#5959=EDGE_LOOP('',(#5948,#5950,#5952,#5954,#5956,#5958));
#5960=FACE_OUTER_BOUND('',#5959,.F.);
#5962=ORIENTED_EDGE('',*,*,#5961,.F.);
#5964=ORIENTED_EDGE('',*,*,#5963,.F.);
#5965=EDGE_LOOP('',(#5962,#5964));
#5966=FACE_BOUND('',#5965,.F.);
#5967=ADVANCED_FACE('',(#5960,#5966),#5946,.T.);
#5968=CARTESIAN_POINT('',(4.904938172992E1,1.700037830832E0,-2.919604136481E1));
#5969=DIRECTION('',(0.E0,-1.E0,1.732870212380E-7));
#5970=DIRECTION('',(-6.059272674204E-4,1.732869894271E-7,9.999998164260E-1));
#5971=AXIS2_PLACEMENT_3D('',#5968,#5969,#5970);
#5972=PLANE('',#5971);
#5974=ORIENTED_EDGE('',*,*,#5973,.F.);
#5976=ORIENTED_EDGE('',*,*,#5975,.F.);
#5978=ORIENTED_EDGE('',*,*,#5977,.T.);
#5980=ORIENTED_EDGE('',*,*,#5979,.F.);
#5982=ORIENTED_EDGE('',*,*,#5981,.T.);
#5984=ORIENTED_EDGE('',*,*,#5983,.T.);
#5985=EDGE_LOOP('',(#5974,#5976,#5978,#5980,#5982,#5984));
#5986=FACE_OUTER_BOUND('',#5985,.F.);
#5988=ORIENTED_EDGE('',*,*,#5987,.F.);
#5990=ORIENTED_EDGE('',*,*,#5989,.F.);
#5991=EDGE_LOOP('',(#5988,#5990));
#5992=FACE_BOUND('',#5991,.F.);
#5993=ADVANCED_FACE('',(#5986,#5992),#5972,.T.);
#5994=CARTESIAN_POINT('',(4.904938172992E1,1.700037830832E0,-2.919604136481E1));
#5995=DIRECTION('',(0.E0,-1.E0,1.732870212380E-7));
#5996=DIRECTION('',(-6.059272674204E-4,1.732869894271E-7,9.999998164260E-1));
#5997=AXIS2_PLACEMENT_3D('',#5994,#5995,#5996);
#5998=PLANE('',#5997);
#6000=ORIENTED_EDGE('',*,*,#5999,.T.);
#6002=ORIENTED_EDGE('',*,*,#6001,.F.);
#6004=ORIENTED_EDGE('',*,*,#6003,.F.);
#6006=ORIENTED_EDGE('',*,*,#6005,.T.);
#6008=ORIENTED_EDGE('',*,*,#6007,.F.);
#6010=ORIENTED_EDGE('',*,*,#6009,.T.);
#6011=EDGE_LOOP('',(#6000,#6002,#6004,#6006,#6008,#6010));
#6012=FACE_OUTER_BOUND('',#6011,.F.);
#6014=ORIENTED_EDGE('',*,*,#6013,.F.);
#6016=ORIENTED_EDGE('',*,*,#6015,.F.);
#6017=EDGE_LOOP('',(#6014,#6016));
#6018=FACE_BOUND('',#6017,.F.);
#6019=ADVANCED_FACE('',(#6012,#6018),#5998,.T.);
#6020=CARTESIAN_POINT('',(4.904938172992E1,1.700037830832E0,-2.919604136481E1));
#6021=DIRECTION('',(0.E0,-1.E0,1.732870212380E-7));
#6022=DIRECTION('',(-6.059272674204E-4,1.732869894271E-7,9.999998164260E-1));
#6023=AXIS2_PLACEMENT_3D('',#6020,#6021,#6022);
#6024=PLANE('',#6023);
#6026=ORIENTED_EDGE('',*,*,#6025,.F.);
#6027=ORIENTED_EDGE('',*,*,#5929,.F.);
#6029=ORIENTED_EDGE('',*,*,#6028,.T.);
#6031=ORIENTED_EDGE('',*,*,#6030,.F.);
#6033=ORIENTED_EDGE('',*,*,#6032,.T.);
#6035=ORIENTED_EDGE('',*,*,#6034,.T.);
#6036=EDGE_LOOP('',(#6026,#6027,#6029,#6031,#6033,#6035));
#6037=FACE_OUTER_BOUND('',#6036,.F.);
#6039=ORIENTED_EDGE('',*,*,#6038,.F.);
#6041=ORIENTED_EDGE('',*,*,#6040,.F.);
#6042=EDGE_LOOP('',(#6039,#6041));
#6043=FACE_BOUND('',#6042,.F.);
#6044=ADVANCED_FACE('',(#6037,#6043),#6024,.T.);
#6045=CARTESIAN_POINT('',(-4.145302536458E1,5.350038514477E0,
-2.525087914930E1));
#6046=DIRECTION('',(-6.059272674204E-4,1.732869894271E-7,9.999998164260E-1));
#6047=DIRECTION('',(9.999998164261E-1,1.049993312582E-10,6.059272674204E-4));
#6048=AXIS2_PLACEMENT_3D('',#6045,#6046,#6047);
#6049=PLANE('',#6048);
#6050=ORIENTED_EDGE('',*,*,#5947,.F.);
#6052=ORIENTED_EDGE('',*,*,#6051,.T.);
#6054=ORIENTED_EDGE('',*,*,#6053,.T.);
#6056=ORIENTED_EDGE('',*,*,#6055,.F.);
#6058=ORIENTED_EDGE('',*,*,#6057,.T.);
#6059=EDGE_LOOP('',(#6050,#6052,#6054,#6056,#6058));
#6060=FACE_OUTER_BOUND('',#6059,.F.);
#6061=ADVANCED_FACE('',(#6060),#6049,.T.);
#6062=CARTESIAN_POINT('',(-4.300151026299E1,1.950038081097E0,
-2.775181729165E1));
#6063=DIRECTION('',(9.999998164261E-1,1.049993312582E-10,6.059272674204E-4));
#6064=DIRECTION('',(0.E0,-1.E0,1.732870212380E-7));
#6065=AXIS2_PLACEMENT_3D('',#6062,#6063,#6064);
#6066=PLANE('',#6065);
#6067=ORIENTED_EDGE('',*,*,#5957,.F.);
#6069=ORIENTED_EDGE('',*,*,#6068,.T.);
#6071=ORIENTED_EDGE('',*,*,#6070,.F.);
#6072=ORIENTED_EDGE('',*,*,#6051,.F.);
#6073=EDGE_LOOP('',(#6067,#6069,#6071,#6072));
#6074=FACE_OUTER_BOUND('',#6073,.F.);
#6075=ADVANCED_FACE('',(#6074),#6066,.F.);
#6076=CARTESIAN_POINT('',(-3.999999599555E1,1.950037648194E0,
-3.024999904772E1));
#6077=DIRECTION('',(0.E0,1.E0,-1.732870212380E-7));
#6078=DIRECTION('',(6.059258673293E-4,-1.732869894272E-7,-9.999998164269E-1));
#6079=AXIS2_PLACEMENT_3D('',#6076,#6077,#6078);
#6080=CYLINDRICAL_SURFACE('',#6079,3.E0);
#6082=ORIENTED_EDGE('',*,*,#6081,.T.);
#6083=ORIENTED_EDGE('',*,*,#6068,.F.);
#6084=ORIENTED_EDGE('',*,*,#5955,.T.);
#6086=ORIENTED_EDGE('',*,*,#6085,.T.);
#6087=EDGE_LOOP('',(#6082,#6083,#6084,#6086));
#6088=FACE_OUTER_BOUND('',#6087,.F.);
#6089=ADVANCED_FACE('',(#6088),#6080,.T.);
#6090=CARTESIAN_POINT('',(5.036059409493E0,2.200041638525E0,-7.222706289844E0));
#6091=DIRECTION('',(0.E0,-1.E0,1.732870212380E-7));
#6092=DIRECTION('',(-9.999998164266E-1,-1.049991755238E-10,-6.059263687126E-4));
#6093=AXIS2_PLACEMENT_3D('',#6090,#6091,#6092);
#6094=PLANE('',#6093);
#6096=ORIENTED_EDGE('',*,*,#6095,.F.);
#6098=ORIENTED_EDGE('',*,*,#6097,.F.);
#6100=ORIENTED_EDGE('',*,*,#6099,.F.);
#6102=ORIENTED_EDGE('',*,*,#6101,.F.);
#6104=ORIENTED_EDGE('',*,*,#6103,.T.);
#6106=ORIENTED_EDGE('',*,*,#6105,.T.);
#6108=ORIENTED_EDGE('',*,*,#6107,.T.);
#6110=ORIENTED_EDGE('',*,*,#6109,.T.);
#6112=ORIENTED_EDGE('',*,*,#6111,.T.);
#6114=ORIENTED_EDGE('',*,*,#6113,.T.);
#6116=ORIENTED_EDGE('',*,*,#6115,.T.);
#6118=ORIENTED_EDGE('',*,*,#6117,.F.);
#6120=ORIENTED_EDGE('',*,*,#6119,.T.);
#6122=ORIENTED_EDGE('',*,*,#6121,.T.);
#6124=ORIENTED_EDGE('',*,*,#6123,.T.);
#6126=ORIENTED_EDGE('',*,*,#6125,.T.);
#6128=ORIENTED_EDGE('',*,*,#6127,.T.);
#6130=ORIENTED_EDGE('',*,*,#6129,.T.);
#6132=ORIENTED_EDGE('',*,*,#6131,.T.);
#6134=ORIENTED_EDGE('',*,*,#6133,.T.);
#6136=ORIENTED_EDGE('',*,*,#6135,.T.);
#6138=ORIENTED_EDGE('',*,*,#6137,.T.);
#6140=ORIENTED_EDGE('',*,*,#6139,.T.);
#6142=ORIENTED_EDGE('',*,*,#6141,.T.);
#6144=ORIENTED_EDGE('',*,*,#6143,.T.);
#6146=ORIENTED_EDGE('',*,*,#6145,.T.);
#6148=ORIENTED_EDGE('',*,*,#6147,.T.);
#6150=ORIENTED_EDGE('',*,*,#6149,.F.);
#6152=ORIENTED_EDGE('',*,*,#6151,.T.);
#6154=ORIENTED_EDGE('',*,*,#6153,.T.);
#6156=ORIENTED_EDGE('',*,*,#6155,.T.);
#6158=ORIENTED_EDGE('',*,*,#6157,.T.);
#6160=ORIENTED_EDGE('',*,*,#6159,.T.);
#6162=ORIENTED_EDGE('',*,*,#6161,.T.);
#6164=ORIENTED_EDGE('',*,*,#6163,.T.);
#6166=ORIENTED_EDGE('',*,*,#6165,.T.);
#6168=ORIENTED_EDGE('',*,*,#6167,.T.);
#6170=ORIENTED_EDGE('',*,*,#6169,.T.);
#6171=ORIENTED_EDGE('',*,*,#6070,.T.);
#6172=ORIENTED_EDGE('',*,*,#6081,.F.);
#6174=ORIENTED_EDGE('',*,*,#6173,.T.);
#6176=ORIENTED_EDGE('',*,*,#6175,.T.);
#6178=ORIENTED_EDGE('',*,*,#6177,.T.);
#6180=ORIENTED_EDGE('',*,*,#6179,.T.);
#6182=ORIENTED_EDGE('',*,*,#6181,.T.);
#6184=ORIENTED_EDGE('',*,*,#6183,.T.);
#6186=ORIENTED_EDGE('',*,*,#6185,.T.);
#6188=ORIENTED_EDGE('',*,*,#6187,.T.);
#6190=ORIENTED_EDGE('',*,*,#6189,.T.);
#6192=ORIENTED_EDGE('',*,*,#6191,.T.);
#6194=ORIENTED_EDGE('',*,*,#6193,.T.);
#6196=ORIENTED_EDGE('',*,*,#6195,.T.);
#6198=ORIENTED_EDGE('',*,*,#6197,.T.);
#6200=ORIENTED_EDGE('',*,*,#6199,.T.);
#6202=ORIENTED_EDGE('',*,*,#6201,.F.);
#6204=ORIENTED_EDGE('',*,*,#6203,.F.);
#6206=ORIENTED_EDGE('',*,*,#6205,.T.);
#6208=ORIENTED_EDGE('',*,*,#6207,.T.);
#6210=ORIENTED_EDGE('',*,*,#6209,.T.);
#6212=ORIENTED_EDGE('',*,*,#6211,.T.);
#6214=ORIENTED_EDGE('',*,*,#6213,.T.);
#6216=ORIENTED_EDGE('',*,*,#6215,.T.);
#6218=ORIENTED_EDGE('',*,*,#6217,.T.);
#6220=ORIENTED_EDGE('',*,*,#6219,.T.);
#6222=ORIENTED_EDGE('',*,*,#6221,.F.);
#6224=ORIENTED_EDGE('',*,*,#6223,.T.);
#6226=ORIENTED_EDGE('',*,*,#6225,.F.);
#6228=ORIENTED_EDGE('',*,*,#6227,.F.);
#6229=EDGE_LOOP('',(#6096,#6098,#6100,#6102,#6104,#6106,#6108,#6110,#6112,#6114,
#6116,#6118,#6120,#6122,#6124,#6126,#6128,#6130,#6132,#6134,#6136,#6138,#6140,
#6142,#6144,#6146,#6148,#6150,#6152,#6154,#6156,#6158,#6160,#6162,#6164,#6166,
#6168,#6170,#6171,#6172,#6174,#6176,#6178,#6180,#6182,#6184,#6186,#6188,#6190,
#6192,#6194,#6196,#6198,#6200,#6202,#6204,#6206,#6208,#6210,#6212,#6214,#6216,
#6218,#6220,#6222,#6224,#6226,#6228));
#6230=FACE_OUTER_BOUND('',#6229,.F.);
#6231=ADVANCED_FACE('',(#6230),#6094,.T.);
#6232=CARTESIAN_POINT('',(-4.002786975129E1,2.769884431001E1,1.575180582741E1));
#6233=DIRECTION('',(0.E0,-1.E0,1.732870212602E-7));
#6234=DIRECTION('',(-6.059272674216E-4,1.732869894492E-7,9.999998164260E-1));
#6235=AXIS2_PLACEMENT_3D('',#6232,#6233,#6234);
#6236=CYLINDRICAL_SURFACE('',#6235,4.1E0);
#6237=ORIENTED_EDGE('',*,*,#6095,.T.);
#6239=ORIENTED_EDGE('',*,*,#6238,.T.);
#6241=ORIENTED_EDGE('',*,*,#6240,.T.);
#6243=ORIENTED_EDGE('',*,*,#6242,.F.);
#6244=EDGE_LOOP('',(#6237,#6239,#6241,#6243));
#6245=FACE_OUTER_BOUND('',#6244,.F.);
#6246=ADVANCED_FACE('',(#6245),#6236,.F.);
#6247=CARTESIAN_POINT('',(-4.411393157005E1,1.100041633365E0,
-7.252487423286E0));
#6248=DIRECTION('',(9.999998164261E-1,1.049993312582E-10,6.059272674204E-4));
#6249=DIRECTION('',(0.E0,1.E0,-1.732870212380E-7));
#6250=AXIS2_PLACEMENT_3D('',#6247,#6248,#6249);
#6251=PLANE('',#6250);
#6253=ORIENTED_EDGE('',*,*,#6252,.T.);
#6255=ORIENTED_EDGE('',*,*,#6254,.F.);
#6257=ORIENTED_EDGE('',*,*,#6256,.T.);
#6258=ORIENTED_EDGE('',*,*,#6238,.F.);
#6259=ORIENTED_EDGE('',*,*,#6227,.T.);
#6261=ORIENTED_EDGE('',*,*,#6260,.T.);
#6263=ORIENTED_EDGE('',*,*,#6262,.T.);
#6265=ORIENTED_EDGE('',*,*,#6264,.T.);
#6266=EDGE_LOOP('',(#6253,#6255,#6257,#6258,#6259,#6261,#6263,#6265));
#6267=FACE_OUTER_BOUND('',#6266,.F.);
#6268=ADVANCED_FACE('',(#6267),#6251,.T.);
#6269=CARTESIAN_POINT('',(0.E0,1.600042890127E0,-2.772666662579E-7));
#6270=DIRECTION('',(0.E0,-1.E0,1.732870212380E-7));
#6271=DIRECTION('',(1.E0,0.E0,0.E0));
#6272=AXIS2_PLACEMENT_3D('',#6269,#6270,#6271);
#6273=PLANE('',#6272);
#6275=ORIENTED_EDGE('',*,*,#6274,.T.);
#6277=ORIENTED_EDGE('',*,*,#6276,.F.);
#6278=ORIENTED_EDGE('',*,*,#6252,.F.);
#6280=ORIENTED_EDGE('',*,*,#6279,.F.);
#6281=EDGE_LOOP('',(#6275,#6277,#6278,#6280));
#6282=FACE_OUTER_BOUND('',#6281,.F.);
#6283=ADVANCED_FACE('',(#6282),#6273,.T.);
#6284=CARTESIAN_POINT('',(-4.501393140817E1,5.000040576121E0,
-7.253027919171E0));
#6285=DIRECTION('',(9.999998164261E-1,1.049993312582E-10,6.059272674204E-4));
#6286=DIRECTION('',(0.E0,1.E0,-1.732870212380E-7));
#6287=AXIS2_PLACEMENT_3D('',#6284,#6285,#6286);
#6288=PLANE('',#6287);
#6290=ORIENTED_EDGE('',*,*,#6289,.F.);
#6292=ORIENTED_EDGE('',*,*,#6291,.T.);
#6294=ORIENTED_EDGE('',*,*,#6293,.T.);
#6296=ORIENTED_EDGE('',*,*,#6295,.T.);
#6297=ORIENTED_EDGE('',*,*,#6274,.F.);
#6299=ORIENTED_EDGE('',*,*,#6298,.F.);
#6301=ORIENTED_EDGE('',*,*,#6300,.T.);
#6303=ORIENTED_EDGE('',*,*,#6302,.F.);
#6304=EDGE_LOOP('',(#6290,#6292,#6294,#6296,#6297,#6299,#6301,#6303));
#6305=FACE_OUTER_BOUND('',#6304,.F.);
#6306=ADVANCED_FACE('',(#6305),#6288,.F.);
#6307=CARTESIAN_POINT('',(-4.452796268670E1,1.050006198807E1,1.590382261139E1));
#6308=DIRECTION('',(6.059272674205E-4,-1.732869894144E-7,-9.999998164260E-1));
#6309=DIRECTION('',(-9.999998164261E-1,-1.049969000630E-10,-6.059272674205E-4));
#6310=AXIS2_PLACEMENT_3D('',#6307,#6308,#6309);
#6311=CYLINDRICAL_SURFACE('',#6310,5.E-1);
#6312=ORIENTED_EDGE('',*,*,#6289,.T.);
#6314=ORIENTED_EDGE('',*,*,#6313,.T.);
#6316=ORIENTED_EDGE('',*,*,#6315,.F.);
#6318=ORIENTED_EDGE('',*,*,#6317,.F.);
#6319=EDGE_LOOP('',(#6312,#6314,#6316,#6318));
#6320=FACE_OUTER_BOUND('',#6319,.F.);
#6321=ADVANCED_FACE('',(#6320),#6311,.T.);
#6322=CARTESIAN_POINT('',(-3.999999594888E1,1.050005361548E1,
-3.025007755135E1));
#6323=DIRECTION('',(-1.565437674457E-9,-9.999999999962E-1,2.756827202863E-6));
#6324=DIRECTION('',(-9.994997856542E-1,8.875096489823E-8,3.162559844738E-2));
#6325=AXIS2_PLACEMENT_3D('',#6322,#6323,#6324);
#6326=TOROIDAL_SURFACE('',#6325,4.5E0,5.E-1);
#6328=ORIENTED_EDGE('',*,*,#6327,.T.);
#6330=ORIENTED_EDGE('',*,*,#6329,.T.);
#6332=ORIENTED_EDGE('',*,*,#6331,.F.);
#6333=ORIENTED_EDGE('',*,*,#6313,.F.);
#6334=EDGE_LOOP('',(#6328,#6330,#6332,#6333));
#6335=FACE_OUTER_BOUND('',#6334,.F.);
#6336=ADVANCED_FACE('',(#6335),#6326,.T.);
#6337=CARTESIAN_POINT('',(-3.999999590601E1,3.788649098357E1,
-3.025015305102E1));
#6338=DIRECTION('',(-1.565437674457E-9,-9.999999999962E-1,2.756827202863E-6));
#6339=DIRECTION('',(-9.999998164261E-1,-1.049993866992E-10,-6.059272674207E-4));
#6340=AXIS2_PLACEMENT_3D('',#6337,#6338,#6339);
#6341=CYLINDRICAL_SURFACE('',#6340,5.E0);
#6342=ORIENTED_EDGE('',*,*,#6327,.F.);
#6343=ORIENTED_EDGE('',*,*,#6302,.T.);
#6345=ORIENTED_EDGE('',*,*,#6344,.T.);
#6347=ORIENTED_EDGE('',*,*,#6346,.F.);
#6348=EDGE_LOOP('',(#6342,#6343,#6345,#6347));
#6349=FACE_OUTER_BOUND('',#6348,.F.);
#6350=ADVANCED_FACE('',(#6349),#6341,.T.);
#6351=CARTESIAN_POINT('',(5.036059339875E0,4.163852533168E-5,
-7.222705908655E0));
#6352=DIRECTION('',(0.E0,-1.E0,1.732870212380E-7));
#6353=DIRECTION('',(9.999998164261E-1,1.049993312582E-10,6.059272674204E-4));
#6354=AXIS2_PLACEMENT_3D('',#6351,#6352,#6353);
#6355=PLANE('',#6354);
#6357=ORIENTED_EDGE('',*,*,#6356,.F.);
#6359=ORIENTED_EDGE('',*,*,#6358,.F.);
#6361=ORIENTED_EDGE('',*,*,#6360,.T.);
#6363=ORIENTED_EDGE('',*,*,#6362,.F.);
#6364=ORIENTED_EDGE('',*,*,#6240,.F.);
#6365=ORIENTED_EDGE('',*,*,#6256,.F.);
#6367=ORIENTED_EDGE('',*,*,#6366,.F.);
#6368=ORIENTED_EDGE('',*,*,#6293,.F.);
#6369=EDGE_LOOP('',(#6357,#6359,#6361,#6363,#6364,#6365,#6367,#6368));
#6370=FACE_OUTER_BOUND('',#6369,.F.);
#6371=ADVANCED_FACE('',(#6370),#6355,.T.);
#6372=CARTESIAN_POINT('',(5.036059339875E0,4.163852533168E-5,
-7.222705908655E0));
#6373=DIRECTION('',(0.E0,-1.E0,1.732870212380E-7));
#6374=DIRECTION('',(9.999998164261E-1,1.049993312582E-10,6.059272674204E-4));
#6375=AXIS2_PLACEMENT_3D('',#6372,#6373,#6374);
#6376=PLANE('',#6375);
#6378=ORIENTED_EDGE('',*,*,#6377,.T.);
#6380=ORIENTED_EDGE('',*,*,#6379,.T.);
#6382=ORIENTED_EDGE('',*,*,#6381,.T.);
#6384=ORIENTED_EDGE('',*,*,#6383,.F.);
#6386=ORIENTED_EDGE('',*,*,#6385,.T.);
#6388=ORIENTED_EDGE('',*,*,#6387,.T.);
#6390=ORIENTED_EDGE('',*,*,#6389,.T.);
#6392=ORIENTED_EDGE('',*,*,#6391,.F.);
#6394=ORIENTED_EDGE('',*,*,#6393,.T.);
#6396=ORIENTED_EDGE('',*,*,#6395,.T.);
#6398=ORIENTED_EDGE('',*,*,#6397,.T.);
#6400=ORIENTED_EDGE('',*,*,#6399,.T.);
#6402=ORIENTED_EDGE('',*,*,#6401,.T.);
#6404=ORIENTED_EDGE('',*,*,#6403,.T.);
#6406=ORIENTED_EDGE('',*,*,#6405,.T.);
#6408=ORIENTED_EDGE('',*,*,#6407,.F.);
#6410=ORIENTED_EDGE('',*,*,#6409,.T.);
#6412=ORIENTED_EDGE('',*,*,#6411,.T.);
#6414=ORIENTED_EDGE('',*,*,#6413,.T.);
#6416=ORIENTED_EDGE('',*,*,#6415,.F.);
#6418=ORIENTED_EDGE('',*,*,#6417,.T.);
#6419=ORIENTED_EDGE('',*,*,#6344,.F.);
#6420=ORIENTED_EDGE('',*,*,#6300,.F.);
#6422=ORIENTED_EDGE('',*,*,#6421,.T.);
#6423=ORIENTED_EDGE('',*,*,#6262,.F.);
#6425=ORIENTED_EDGE('',*,*,#6424,.F.);
#6427=ORIENTED_EDGE('',*,*,#6426,.T.);
#6429=ORIENTED_EDGE('',*,*,#6428,.F.);
#6431=ORIENTED_EDGE('',*,*,#6430,.T.);
#6433=ORIENTED_EDGE('',*,*,#6432,.T.);
#6435=ORIENTED_EDGE('',*,*,#6434,.F.);
#6437=ORIENTED_EDGE('',*,*,#6436,.F.);
#6439=ORIENTED_EDGE('',*,*,#6438,.F.);
#6440=EDGE_LOOP('',(#6378,#6380,#6382,#6384,#6386,#6388,#6390,#6392,#6394,#6396,
#6398,#6400,#6402,#6404,#6406,#6408,#6410,#6412,#6414,#6416,#6418,#6419,#6420,
#6422,#6423,#6425,#6427,#6429,#6431,#6433,#6435,#6437,#6439));
#6441=FACE_OUTER_BOUND('',#6440,.F.);
#6442=ADVANCED_FACE('',(#6441),#6376,.T.);
#6443=CARTESIAN_POINT('',(-4.002786873938E1,3.788649098357E1,1.575013402928E1));
#6444=DIRECTION('',(1.565437770419E-9,-9.999999999971E-1,-2.410253155916E-6));
#6445=DIRECTION('',(-6.059272674179E-4,-2.410253661998E-6,9.999998164232E-1));
#6446=AXIS2_PLACEMENT_3D('',#6443,#6444,#6445);
#6447=CYLINDRICAL_SURFACE('',#6446,5.E0);
#6449=ORIENTED_EDGE('',*,*,#6448,.F.);
#6451=ORIENTED_EDGE('',*,*,#6450,.T.);
#6452=ORIENTED_EDGE('',*,*,#6356,.T.);
#6453=ORIENTED_EDGE('',*,*,#6291,.F.);
#6454=EDGE_LOOP('',(#6449,#6451,#6452,#6453));
#6455=FACE_OUTER_BOUND('',#6454,.F.);
#6456=ADVANCED_FACE('',(#6455),#6447,.T.);
#6457=CARTESIAN_POINT('',(-4.002786869650E1,1.050007358132E1,1.575006802108E1));
#6458=DIRECTION('',(1.565437770419E-9,-9.999999999971E-1,-2.410253155916E-6));
#6459=DIRECTION('',(3.162559844751E-2,-2.408998002955E-6,9.994997856513E-1));
#6460=AXIS2_PLACEMENT_3D('',#6457,#6458,#6459);
#6461=TOROIDAL_SURFACE('',#6460,4.5E0,5.E-1);
#6462=ORIENTED_EDGE('',*,*,#6448,.T.);
#6463=ORIENTED_EDGE('',*,*,#6317,.T.);
#6465=ORIENTED_EDGE('',*,*,#6464,.F.);
#6467=ORIENTED_EDGE('',*,*,#6466,.F.);
#6468=EDGE_LOOP('',(#6462,#6463,#6465,#6467));
#6469=FACE_OUTER_BOUND('',#6468,.F.);
#6470=ADVANCED_FACE('',(#6469),#6461,.T.);
#6471=CARTESIAN_POINT('',(-3.808874407032E0,1.100005397371E1,
-3.034524336509E1));
#6472=DIRECTION('',(0.E0,-1.E0,1.732870212380E-7));
#6473=DIRECTION('',(-6.059272674204E-4,1.732869894271E-7,9.999998164260E-1));
#6474=AXIS2_PLACEMENT_3D('',#6471,#6472,#6473);
#6475=PLANE('',#6474);
#6477=ORIENTED_EDGE('',*,*,#6476,.T.);
#6479=ORIENTED_EDGE('',*,*,#6478,.F.);
#6481=ORIENTED_EDGE('',*,*,#6480,.T.);
#6483=ORIENTED_EDGE('',*,*,#6482,.F.);
#6485=ORIENTED_EDGE('',*,*,#6484,.T.);
#6487=ORIENTED_EDGE('',*,*,#6486,.F.);
#6489=ORIENTED_EDGE('',*,*,#6488,.T.);
#6491=ORIENTED_EDGE('',*,*,#6490,.F.);
#6493=ORIENTED_EDGE('',*,*,#6492,.T.);
#6495=ORIENTED_EDGE('',*,*,#6494,.F.);
#6497=ORIENTED_EDGE('',*,*,#6496,.T.);
#6499=ORIENTED_EDGE('',*,*,#6498,.F.);
#6501=ORIENTED_EDGE('',*,*,#6500,.T.);
#6503=ORIENTED_EDGE('',*,*,#6502,.F.);
#6505=ORIENTED_EDGE('',*,*,#6504,.T.);
#6507=ORIENTED_EDGE('',*,*,#6506,.F.);
#6509=ORIENTED_EDGE('',*,*,#6508,.T.);
#6511=ORIENTED_EDGE('',*,*,#6510,.T.);
#6513=ORIENTED_EDGE('',*,*,#6512,.T.);
#6515=ORIENTED_EDGE('',*,*,#6514,.T.);
#6517=ORIENTED_EDGE('',*,*,#6516,.T.);
#6518=ORIENTED_EDGE('',*,*,#6464,.T.);
#6519=ORIENTED_EDGE('',*,*,#6315,.T.);
#6520=ORIENTED_EDGE('',*,*,#6331,.T.);
#6522=ORIENTED_EDGE('',*,*,#6521,.T.);
#6524=ORIENTED_EDGE('',*,*,#6523,.F.);
#6526=ORIENTED_EDGE('',*,*,#6525,.T.);
#6528=ORIENTED_EDGE('',*,*,#6527,.F.);
#6529=EDGE_LOOP('',(#6477,#6479,#6481,#6483,#6485,#6487,#6489,#6491,#6493,#6495,
#6497,#6499,#6501,#6503,#6505,#6507,#6509,#6511,#6513,#6515,#6517,#6518,#6519,
#6520,#6522,#6524,#6526,#6528));
#6530=FACE_OUTER_BOUND('',#6529,.F.);
#6532=ORIENTED_EDGE('',*,*,#6531,.F.);
#6534=ORIENTED_EDGE('',*,*,#6533,.F.);
#6535=EDGE_LOOP('',(#6532,#6534));
#6536=FACE_BOUND('',#6535,.F.);
#6538=ORIENTED_EDGE('',*,*,#6537,.F.);
#6540=ORIENTED_EDGE('',*,*,#6539,.F.);
#6541=EDGE_LOOP('',(#6538,#6540));
#6542=FACE_BOUND('',#6541,.F.);
#6544=ORIENTED_EDGE('',*,*,#6543,.F.);
#6546=ORIENTED_EDGE('',*,*,#6545,.F.);
#6547=EDGE_LOOP('',(#6544,#6546));
#6548=FACE_BOUND('',#6547,.F.);
#6550=ORIENTED_EDGE('',*,*,#6549,.F.);
#6552=ORIENTED_EDGE('',*,*,#6551,.F.);
#6554=ORIENTED_EDGE('',*,*,#6553,.F.);
#6556=ORIENTED_EDGE('',*,*,#6555,.F.);
#6558=ORIENTED_EDGE('',*,*,#6557,.F.);
#6560=ORIENTED_EDGE('',*,*,#6559,.F.);
#6562=ORIENTED_EDGE('',*,*,#6561,.F.);
#6564=ORIENTED_EDGE('',*,*,#6563,.F.);
#6565=EDGE_LOOP('',(#6550,#6552,#6554,#6556,#6558,#6560,#6562,#6564));
#6566=FACE_BOUND('',#6565,.F.);
#6568=ORIENTED_EDGE('',*,*,#6567,.F.);
#6570=ORIENTED_EDGE('',*,*,#6569,.F.);
#6572=ORIENTED_EDGE('',*,*,#6571,.F.);
#6574=ORIENTED_EDGE('',*,*,#6573,.F.);
#6576=ORIENTED_EDGE('',*,*,#6575,.F.);
#6578=ORIENTED_EDGE('',*,*,#6577,.F.);
#6580=ORIENTED_EDGE('',*,*,#6579,.F.);
#6582=ORIENTED_EDGE('',*,*,#6581,.F.);
#6583=EDGE_LOOP('',(#6568,#6570,#6572,#6574,#6576,#6578,#6580,#6582));
#6584=FACE_BOUND('',#6583,.F.);
#6586=ORIENTED_EDGE('',*,*,#6585,.F.);
#6588=ORIENTED_EDGE('',*,*,#6587,.F.);
#6589=EDGE_LOOP('',(#6586,#6588));
#6590=FACE_BOUND('',#6589,.F.);
#6592=ORIENTED_EDGE('',*,*,#6591,.F.);
#6594=ORIENTED_EDGE('',*,*,#6593,.F.);
#6596=ORIENTED_EDGE('',*,*,#6595,.F.);
#6598=ORIENTED_EDGE('',*,*,#6597,.F.);
#6600=ORIENTED_EDGE('',*,*,#6599,.F.);
#6602=ORIENTED_EDGE('',*,*,#6601,.F.);
#6604=ORIENTED_EDGE('',*,*,#6603,.F.);
#6606=ORIENTED_EDGE('',*,*,#6605,.F.);
#6607=EDGE_LOOP('',(#6592,#6594,#6596,#6598,#6600,#6602,#6604,#6606));
#6608=FACE_BOUND('',#6607,.F.);
#6609=ADVANCED_FACE('',(#6530,#6536,#6542,#6548,#6566,#6584,#6590,#6608),#6475,
.F.);
#6610=CARTESIAN_POINT('',(-4.002786864965E1,1.071717877046E1,1.574999098865E1));
#6611=DIRECTION('',(0.E0,-1.E0,1.732870212380E-7));
#6612=DIRECTION('',(-9.999998164261E-1,-1.049993312717E-10,-6.059272674985E-4));
#6613=AXIS2_PLACEMENT_3D('',#6610,#6611,#6612);
#6614=TOROIDAL_SURFACE('',#6613,3.282842751627E0,2.828426820156E-1);
#6615=ORIENTED_EDGE('',*,*,#6585,.T.);
#6617=ORIENTED_EDGE('',*,*,#6616,.T.);
#6619=ORIENTED_EDGE('',*,*,#6618,.T.);
#6621=ORIENTED_EDGE('',*,*,#6620,.T.);
#6623=ORIENTED_EDGE('',*,*,#6622,.T.);
#6624=EDGE_LOOP('',(#6615,#6617,#6619,#6621,#6623));
#6625=FACE_OUTER_BOUND('',#6624,.F.);
#6626=ADVANCED_FACE('',(#6625),#6614,.T.);
#6627=CARTESIAN_POINT('',(-4.002786864965E1,1.071717701160E1,1.574999098865E1));
#6628=DIRECTION('',(0.E0,-1.E0,1.732870212380E-7));
#6629=DIRECTION('',(9.999998164080E-1,1.050045081724E-10,6.059571422151E-4));
#6630=AXIS2_PLACEMENT_3D('',#6627,#6628,#6629);
#6631=TOROIDAL_SURFACE('',#6630,3.282842672445E0,2.828427429338E-1);
#6632=ORIENTED_EDGE('',*,*,#6587,.T.);
#6633=ORIENTED_EDGE('',*,*,#6622,.F.);
#6635=ORIENTED_EDGE('',*,*,#6634,.T.);
#6637=ORIENTED_EDGE('',*,*,#6636,.T.);
#6638=ORIENTED_EDGE('',*,*,#6616,.F.);
#6639=EDGE_LOOP('',(#6632,#6633,#6635,#6637,#6638));
#6640=FACE_OUTER_BOUND('',#6639,.F.);
#6641=ADVANCED_FACE('',(#6640),#6631,.T.);
#6642=CARTESIAN_POINT('',(-4.002786864965E1,7.458611378916E0,1.574999155331E1));
#6643=DIRECTION('',(0.E0,1.E0,-1.732870212380E-7));
#6644=DIRECTION('',(9.999998164226E-1,1.050003133333E-10,6.059329347526E-4));
#6645=AXIS2_PLACEMENT_3D('',#6642,#6643,#6644);
#6646=CYLINDRICAL_SURFACE('',#6645,3.E0);
#6648=ORIENTED_EDGE('',*,*,#6647,.T.);
#6649=ORIENTED_EDGE('',*,*,#6636,.F.);
#6650=ORIENTED_EDGE('',*,*,#6634,.F.);
#6652=ORIENTED_EDGE('',*,*,#6651,.T.);
#6654=ORIENTED_EDGE('',*,*,#6653,.F.);
#6655=EDGE_LOOP('',(#6648,#6649,#6650,#6652,#6654));
#6656=FACE_OUTER_BOUND('',#6655,.F.);
#6657=ADVANCED_FACE('',(#6656),#6646,.F.);
#6658=CARTESIAN_POINT('',(-4.002786864965E1,7.458611378916E0,1.574999155331E1));
#6659=DIRECTION('',(0.E0,1.E0,-1.732870212380E-7));
#6660=DIRECTION('',(-9.999998164261E-1,-1.049993312587E-10,-6.059272674233E-4));
#6661=AXIS2_PLACEMENT_3D('',#6658,#6659,#6660);
#6662=CYLINDRICAL_SURFACE('',#6661,3.E0);
#6663=ORIENTED_EDGE('',*,*,#6651,.F.);
#6664=ORIENTED_EDGE('',*,*,#6620,.F.);
#6665=ORIENTED_EDGE('',*,*,#6618,.F.);
#6666=ORIENTED_EDGE('',*,*,#6647,.F.);
#6668=ORIENTED_EDGE('',*,*,#6667,.F.);
#6669=EDGE_LOOP('',(#6663,#6664,#6665,#6666,#6668));
#6670=FACE_OUTER_BOUND('',#6669,.F.);
#6671=ADVANCED_FACE('',(#6670),#6662,.F.);
#6672=CARTESIAN_POINT('',(5.007211480994E1,4.200045628856E0,1.580458616477E1));
#6673=DIRECTION('',(0.E0,-1.E0,1.732870212380E-7));
#6674=DIRECTION('',(-6.059272674204E-4,1.732869894271E-7,9.999998164260E-1));
#6675=AXIS2_PLACEMENT_3D('',#6672,#6673,#6674);
#6676=PLANE('',#6675);
#6677=ORIENTED_EDGE('',*,*,#6653,.T.);
#6678=ORIENTED_EDGE('',*,*,#6667,.T.);
#6679=EDGE_LOOP('',(#6677,#6678));
#6680=FACE_OUTER_BOUND('',#6679,.F.);
#6682=ORIENTED_EDGE('',*,*,#6681,.T.);
#6684=ORIENTED_EDGE('',*,*,#6683,.T.);
#6685=EDGE_LOOP('',(#6682,#6684));
#6686=FACE_BOUND('',#6685,.F.);
#6687=ADVANCED_FACE('',(#6680,#6686),#6676,.F.);
#6688=CARTESIAN_POINT('',(5.007211480994E1,4.200045628856E0,1.580458616477E1));
#6689=DIRECTION('',(0.E0,-1.E0,1.732870212380E-7));
#6690=DIRECTION('',(-6.059272674204E-4,1.732869894271E-7,9.999998164260E-1));
#6691=AXIS2_PLACEMENT_3D('',#6688,#6689,#6690);
#6692=PLANE('',#6691);
#6694=ORIENTED_EDGE('',*,*,#6693,.T.);
#6696=ORIENTED_EDGE('',*,*,#6695,.T.);
#6697=EDGE_LOOP('',(#6694,#6696));
#6698=FACE_OUTER_BOUND('',#6697,.F.);
#6700=ORIENTED_EDGE('',*,*,#6699,.T.);
#6702=ORIENTED_EDGE('',*,*,#6701,.T.);
#6703=EDGE_LOOP('',(#6700,#6702));
#6704=FACE_BOUND('',#6703,.F.);
#6705=ADVANCED_FACE('',(#6698,#6704),#6692,.F.);
#6706=CARTESIAN_POINT('',(5.007211480994E1,4.200045628856E0,1.580458616477E1));
#6707=DIRECTION('',(0.E0,-1.E0,1.732870212380E-7));
#6708=DIRECTION('',(-6.059272674204E-4,1.732869894271E-7,9.999998164260E-1));
#6709=AXIS2_PLACEMENT_3D('',#6706,#6707,#6708);
#6710=PLANE('',#6709);
#6712=ORIENTED_EDGE('',*,*,#6711,.T.);
#6714=ORIENTED_EDGE('',*,*,#6713,.T.);
#6715=EDGE_LOOP('',(#6712,#6714));
#6716=FACE_OUTER_BOUND('',#6715,.F.);
#6718=ORIENTED_EDGE('',*,*,#6717,.T.);
#6720=ORIENTED_EDGE('',*,*,#6719,.T.);
#6721=EDGE_LOOP('',(#6718,#6720));
#6722=FACE_BOUND('',#6721,.F.);
#6723=ADVANCED_FACE('',(#6716,#6722),#6710,.F.);
#6724=CARTESIAN_POINT('',(5.007211480994E1,4.200045628856E0,1.580458616477E1));
#6725=DIRECTION('',(0.E0,-1.E0,1.732870212380E-7));
#6726=DIRECTION('',(-6.059272674204E-4,1.732869894271E-7,9.999998164260E-1));
#6727=AXIS2_PLACEMENT_3D('',#6724,#6725,#6726);
#6728=PLANE('',#6727);
#6730=ORIENTED_EDGE('',*,*,#6729,.T.);
#6732=ORIENTED_EDGE('',*,*,#6731,.T.);
#6733=EDGE_LOOP('',(#6730,#6732));
#6734=FACE_OUTER_BOUND('',#6733,.F.);
#6736=ORIENTED_EDGE('',*,*,#6735,.T.);
#6738=ORIENTED_EDGE('',*,*,#6737,.T.);
#6739=EDGE_LOOP('',(#6736,#6738));
#6740=FACE_BOUND('',#6739,.F.);
#6741=ADVANCED_FACE('',(#6734,#6740),#6728,.F.);
#6742=CARTESIAN_POINT('',(-3.999999599535E1,7.458611382819E0,
-3.025000000001E1));
#6743=DIRECTION('',(0.E0,1.E0,-1.732870212380E-7));
#6744=DIRECTION('',(9.999998164226E-1,1.050003132164E-10,6.059329340782E-4));
#6745=AXIS2_PLACEMENT_3D('',#6742,#6743,#6744);
#6746=CYLINDRICAL_SURFACE('',#6745,3.E0);
#6748=ORIENTED_EDGE('',*,*,#6747,.T.);
#6750=ORIENTED_EDGE('',*,*,#6749,.F.);
#6752=ORIENTED_EDGE('',*,*,#6751,.F.);
#6754=ORIENTED_EDGE('',*,*,#6753,.T.);
#6755=ORIENTED_EDGE('',*,*,#6693,.F.);
#6756=EDGE_LOOP('',(#6748,#6750,#6752,#6754,#6755));
#6757=FACE_OUTER_BOUND('',#6756,.F.);
#6758=ADVANCED_FACE('',(#6757),#6746,.F.);
#6759=CARTESIAN_POINT('',(-3.999999599535E1,7.458611382819E0,
-3.025000000001E1));
#6760=DIRECTION('',(0.E0,1.E0,-1.732870212380E-7));
#6761=DIRECTION('',(-9.999998164261E-1,-1.049993312578E-10,-6.059272674180E-4));
#6762=AXIS2_PLACEMENT_3D('',#6759,#6760,#6761);
#6763=CYLINDRICAL_SURFACE('',#6762,3.E0);
#6764=ORIENTED_EDGE('',*,*,#6753,.F.);
#6766=ORIENTED_EDGE('',*,*,#6765,.F.);
#6768=ORIENTED_EDGE('',*,*,#6767,.F.);
#6769=ORIENTED_EDGE('',*,*,#6747,.F.);
#6770=ORIENTED_EDGE('',*,*,#6695,.F.);
#6771=EDGE_LOOP('',(#6764,#6766,#6768,#6769,#6770));
#6772=FACE_OUTER_BOUND('',#6771,.F.);
#6773=ADVANCED_FACE('',(#6772),#6763,.F.);
#6774=CARTESIAN_POINT('',(-3.999999599535E1,1.071718674946E1,
-3.025000056467E1));
#6775=DIRECTION('',(0.E0,-1.E0,1.732870212380E-7));
#6776=DIRECTION('',(-9.999998164261E-1,-1.049993312721E-10,-6.059272675009E-4));
#6777=AXIS2_PLACEMENT_3D('',#6774,#6775,#6776);
#6778=TOROIDAL_SURFACE('',#6777,3.282842751627E0,2.828426820156E-1);
#6779=ORIENTED_EDGE('',*,*,#6531,.T.);
#6781=ORIENTED_EDGE('',*,*,#6780,.T.);
#6782=ORIENTED_EDGE('',*,*,#6767,.T.);
#6783=ORIENTED_EDGE('',*,*,#6765,.T.);
#6785=ORIENTED_EDGE('',*,*,#6784,.T.);
#6786=EDGE_LOOP('',(#6779,#6781,#6782,#6783,#6785));
#6787=FACE_OUTER_BOUND('',#6786,.F.);
#6788=ADVANCED_FACE('',(#6787),#6778,.T.);
#6789=CARTESIAN_POINT('',(-3.999999599535E1,1.071718499060E1,
-3.025000056467E1));
#6790=DIRECTION('',(0.E0,-1.E0,1.732870212380E-7));
#6791=DIRECTION('',(9.999998164080E-1,1.050045079574E-10,6.059571409746E-4));
#6792=AXIS2_PLACEMENT_3D('',#6789,#6790,#6791);
#6793=TOROIDAL_SURFACE('',#6792,3.282842672445E0,2.828427429338E-1);
#6794=ORIENTED_EDGE('',*,*,#6533,.T.);
#6795=ORIENTED_EDGE('',*,*,#6784,.F.);
#6796=ORIENTED_EDGE('',*,*,#6751,.T.);
#6797=ORIENTED_EDGE('',*,*,#6749,.T.);
#6798=ORIENTED_EDGE('',*,*,#6780,.F.);
#6799=EDGE_LOOP('',(#6794,#6795,#6796,#6797,#6798));
#6800=FACE_OUTER_BOUND('',#6799,.F.);
#6801=ADVANCED_FACE('',(#6800),#6793,.T.);
#6802=CARTESIAN_POINT('',(5.009998746424E1,7.458624003865E0,-3.019540595321E1));
#6803=DIRECTION('',(0.E0,1.E0,-1.732870212380E-7));
#6804=DIRECTION('',(-9.999998164209E-1,-1.050008041976E-10,-6.059357674189E-4));
#6805=AXIS2_PLACEMENT_3D('',#6802,#6803,#6804);
#6806=CYLINDRICAL_SURFACE('',#6805,3.E0);
#6808=ORIENTED_EDGE('',*,*,#6807,.F.);
#6810=ORIENTED_EDGE('',*,*,#6809,.F.);
#6812=ORIENTED_EDGE('',*,*,#6811,.F.);
#6814=ORIENTED_EDGE('',*,*,#6813,.F.);
#6815=ORIENTED_EDGE('',*,*,#6711,.F.);
#6816=EDGE_LOOP('',(#6808,#6810,#6812,#6814,#6815));
#6817=FACE_OUTER_BOUND('',#6816,.F.);
#6818=ADVANCED_FACE('',(#6817),#6806,.F.);
#6819=CARTESIAN_POINT('',(5.009998746424E1,7.458624003865E0,-3.019540595321E1));
#6820=DIRECTION('',(0.E0,1.E0,-1.732870212380E-7));
#6821=DIRECTION('',(9.999998164261E-1,1.049993312578E-10,6.059272674180E-4));
#6822=AXIS2_PLACEMENT_3D('',#6819,#6820,#6821);
#6823=CYLINDRICAL_SURFACE('',#6822,3.E0);
#6824=ORIENTED_EDGE('',*,*,#6813,.T.);
#6826=ORIENTED_EDGE('',*,*,#6825,.F.);
#6828=ORIENTED_EDGE('',*,*,#6827,.F.);
#6829=ORIENTED_EDGE('',*,*,#6807,.T.);
#6830=ORIENTED_EDGE('',*,*,#6713,.F.);
#6831=EDGE_LOOP('',(#6824,#6826,#6828,#6829,#6830));
#6832=FACE_OUTER_BOUND('',#6831,.F.);
#6833=ADVANCED_FACE('',(#6832),#6823,.F.);
#6834=CARTESIAN_POINT('',(5.009998746424E1,1.071721022323E1,-3.019540651788E1));
#6835=DIRECTION('',(0.E0,-1.E0,1.732870212380E-7));
#6836=DIRECTION('',(9.999998164080E-1,1.050045079595E-10,6.059571409865E-4));
#6837=AXIS2_PLACEMENT_3D('',#6834,#6835,#6836);
#6838=TOROIDAL_SURFACE('',#6837,3.282842672445E0,2.828427429337E-1);
#6839=ORIENTED_EDGE('',*,*,#6539,.T.);
#6841=ORIENTED_EDGE('',*,*,#6840,.F.);
#6842=ORIENTED_EDGE('',*,*,#6827,.T.);
#6843=ORIENTED_EDGE('',*,*,#6825,.T.);
#6845=ORIENTED_EDGE('',*,*,#6844,.F.);
#6846=EDGE_LOOP('',(#6839,#6841,#6842,#6843,#6845));
#6847=FACE_OUTER_BOUND('',#6846,.F.);
#6848=ADVANCED_FACE('',(#6847),#6838,.T.);
#6849=CARTESIAN_POINT('',(5.009998746424E1,1.071721198209E1,-3.019540651788E1));
#6850=DIRECTION('',(0.E0,-1.E0,1.732870212380E-7));
#6851=DIRECTION('',(-9.999998164261E-1,-1.049993312611E-10,-6.059272674370E-4));
#6852=AXIS2_PLACEMENT_3D('',#6849,#6850,#6851);
#6853=TOROIDAL_SURFACE('',#6852,3.282842751627E0,2.828426820154E-1);
#6854=ORIENTED_EDGE('',*,*,#6537,.T.);
#6855=ORIENTED_EDGE('',*,*,#6844,.T.);
#6856=ORIENTED_EDGE('',*,*,#6811,.T.);
#6857=ORIENTED_EDGE('',*,*,#6809,.T.);
#6858=ORIENTED_EDGE('',*,*,#6840,.T.);
#6859=EDGE_LOOP('',(#6854,#6855,#6856,#6857,#6858));
#6860=FACE_OUTER_BOUND('',#6859,.F.);
#6861=ADVANCED_FACE('',(#6860),#6853,.T.);
#6862=CARTESIAN_POINT('',(5.009998746424E1,1.700037657655E0,-3.019540495533E1));
#6863=DIRECTION('',(0.E0,-1.E0,1.732870212380E-7));
#6864=DIRECTION('',(1.E0,0.E0,0.E0));
#6865=AXIS2_PLACEMENT_3D('',#6862,#6863,#6864);
#6866=CYLINDRICAL_SURFACE('',#6865,1.5E0);
#6867=ORIENTED_EDGE('',*,*,#6038,.T.);
#6869=ORIENTED_EDGE('',*,*,#6868,.T.);
#6870=ORIENTED_EDGE('',*,*,#6717,.F.);
#6872=ORIENTED_EDGE('',*,*,#6871,.F.);
#6873=EDGE_LOOP('',(#6867,#6869,#6870,#6872));
#6874=FACE_OUTER_BOUND('',#6873,.F.);
#6875=ADVANCED_FACE('',(#6874),#6866,.F.);
#6876=CARTESIAN_POINT('',(5.009998746424E1,1.700037657655E0,-3.019540495533E1));
#6877=DIRECTION('',(0.E0,-1.E0,1.732870212380E-7));
#6878=DIRECTION('',(1.E0,0.E0,0.E0));
#6879=AXIS2_PLACEMENT_3D('',#6876,#6877,#6878);
#6880=CYLINDRICAL_SURFACE('',#6879,1.5E0);
#6881=ORIENTED_EDGE('',*,*,#6040,.T.);
#6882=ORIENTED_EDGE('',*,*,#6871,.T.);
#6883=ORIENTED_EDGE('',*,*,#6719,.F.);
#6884=ORIENTED_EDGE('',*,*,#6868,.F.);
#6885=EDGE_LOOP('',(#6881,#6882,#6883,#6884));
#6886=FACE_OUTER_BOUND('',#6885,.F.);
#6887=ADVANCED_FACE('',(#6886),#6880,.F.);
#6888=CARTESIAN_POINT('',(-3.999999599535E1,1.700037648194E0,
-3.024999900212E1));
#6889=DIRECTION('',(0.E0,-1.E0,1.732870212380E-7));
#6890=DIRECTION('',(1.E0,0.E0,0.E0));
#6891=AXIS2_PLACEMENT_3D('',#6888,#6889,#6890);
#6892=CYLINDRICAL_SURFACE('',#6891,1.5E0);
#6893=ORIENTED_EDGE('',*,*,#5961,.T.);
#6895=ORIENTED_EDGE('',*,*,#6894,.T.);
#6896=ORIENTED_EDGE('',*,*,#6699,.F.);
#6898=ORIENTED_EDGE('',*,*,#6897,.F.);
#6899=EDGE_LOOP('',(#6893,#6895,#6896,#6898));
#6900=FACE_OUTER_BOUND('',#6899,.F.);
#6901=ADVANCED_FACE('',(#6900),#6892,.F.);
#6902=CARTESIAN_POINT('',(-3.999999599535E1,1.700037648194E0,
-3.024999900212E1));
#6903=DIRECTION('',(0.E0,-1.E0,1.732870212380E-7));
#6904=DIRECTION('',(1.E0,0.E0,0.E0));
#6905=AXIS2_PLACEMENT_3D('',#6902,#6903,#6904);
#6906=CYLINDRICAL_SURFACE('',#6905,1.5E0);
#6907=ORIENTED_EDGE('',*,*,#5963,.T.);
#6908=ORIENTED_EDGE('',*,*,#6897,.T.);
#6909=ORIENTED_EDGE('',*,*,#6701,.F.);
#6910=ORIENTED_EDGE('',*,*,#6894,.F.);
#6911=EDGE_LOOP('',(#6907,#6908,#6909,#6910));
#6912=FACE_OUTER_BOUND('',#6911,.F.);
#6913=ADVANCED_FACE('',(#6912),#6906,.F.);
#6914=CARTESIAN_POINT('',(-4.002786864965E1,1.700045619396E0,1.574999255120E1));
#6915=DIRECTION('',(0.E0,-1.E0,1.732870212380E-7));
#6916=DIRECTION('',(1.E0,0.E0,0.E0));
#6917=AXIS2_PLACEMENT_3D('',#6914,#6915,#6916);
#6918=CYLINDRICAL_SURFACE('',#6917,1.5E0);
#6919=ORIENTED_EDGE('',*,*,#5987,.T.);
#6921=ORIENTED_EDGE('',*,*,#6920,.T.);
#6922=ORIENTED_EDGE('',*,*,#6681,.F.);
#6924=ORIENTED_EDGE('',*,*,#6923,.F.);
#6925=EDGE_LOOP('',(#6919,#6921,#6922,#6924));
#6926=FACE_OUTER_BOUND('',#6925,.F.);
#6927=ADVANCED_FACE('',(#6926),#6918,.F.);
#6928=CARTESIAN_POINT('',(-4.002786864965E1,1.700045619396E0,1.574999255120E1));
#6929=DIRECTION('',(0.E0,-1.E0,1.732870212380E-7));
#6930=DIRECTION('',(1.E0,0.E0,0.E0));
#6931=AXIS2_PLACEMENT_3D('',#6928,#6929,#6930);
#6932=CYLINDRICAL_SURFACE('',#6931,1.5E0);
#6933=ORIENTED_EDGE('',*,*,#5989,.T.);
#6934=ORIENTED_EDGE('',*,*,#6923,.T.);
#6935=ORIENTED_EDGE('',*,*,#6683,.F.);
#6936=ORIENTED_EDGE('',*,*,#6920,.F.);
#6937=EDGE_LOOP('',(#6933,#6934,#6935,#6936));
#6938=FACE_OUTER_BOUND('',#6937,.F.);
#6939=ADVANCED_FACE('',(#6938),#6932,.F.);
#6940=CARTESIAN_POINT('',(5.007211480994E1,1.700045628856E0,1.580458659799E1));
#6941=DIRECTION('',(0.E0,-1.E0,1.732870212380E-7));
#6942=DIRECTION('',(1.E0,0.E0,0.E0));
#6943=AXIS2_PLACEMENT_3D('',#6940,#6941,#6942);
#6944=CYLINDRICAL_SURFACE('',#6943,1.5E0);
#6945=ORIENTED_EDGE('',*,*,#6013,.T.);
#6947=ORIENTED_EDGE('',*,*,#6946,.T.);
#6948=ORIENTED_EDGE('',*,*,#6735,.F.);
#6950=ORIENTED_EDGE('',*,*,#6949,.F.);
#6951=EDGE_LOOP('',(#6945,#6947,#6948,#6950));
#6952=FACE_OUTER_BOUND('',#6951,.F.);
#6953=ADVANCED_FACE('',(#6952),#6944,.F.);
#6954=CARTESIAN_POINT('',(5.007211480994E1,1.700045628856E0,1.580458659799E1));
#6955=DIRECTION('',(0.E0,-1.E0,1.732870212380E-7));
#6956=DIRECTION('',(1.E0,0.E0,0.E0));
#6957=AXIS2_PLACEMENT_3D('',#6954,#6955,#6956);
#6958=CYLINDRICAL_SURFACE('',#6957,1.5E0);
#6959=ORIENTED_EDGE('',*,*,#6015,.T.);
#6960=ORIENTED_EDGE('',*,*,#6949,.T.);
#6961=ORIENTED_EDGE('',*,*,#6737,.F.);
#6962=ORIENTED_EDGE('',*,*,#6946,.F.);
#6963=EDGE_LOOP('',(#6959,#6960,#6961,#6962));
#6964=FACE_OUTER_BOUND('',#6963,.F.);
#6965=ADVANCED_FACE('',(#6964),#6958,.F.);
#6966=CARTESIAN_POINT('',(5.007211480994E1,7.458623999961E0,1.580458560011E1));
#6967=DIRECTION('',(0.E0,1.E0,-1.732870212380E-7));
#6968=DIRECTION('',(-9.999998164226E-1,-1.050003133338E-10,-6.059329347556E-4));
#6969=AXIS2_PLACEMENT_3D('',#6966,#6967,#6968);
#6970=CYLINDRICAL_SURFACE('',#6969,3.E0);
#6972=ORIENTED_EDGE('',*,*,#6971,.F.);
#6974=ORIENTED_EDGE('',*,*,#6973,.F.);
#6976=ORIENTED_EDGE('',*,*,#6975,.F.);
#6978=ORIENTED_EDGE('',*,*,#6977,.F.);
#6979=ORIENTED_EDGE('',*,*,#6729,.F.);
#6980=EDGE_LOOP('',(#6972,#6974,#6976,#6978,#6979));
#6981=FACE_OUTER_BOUND('',#6980,.F.);
#6982=ADVANCED_FACE('',(#6981),#6970,.F.);
#6983=CARTESIAN_POINT('',(5.007211480994E1,7.458623999961E0,1.580458560011E1));
#6984=DIRECTION('',(0.E0,1.E0,-1.732870212380E-7));
#6985=DIRECTION('',(9.999998164261E-1,1.049993312581E-10,6.059272674198E-4));
#6986=AXIS2_PLACEMENT_3D('',#6983,#6984,#6985);
#6987=CYLINDRICAL_SURFACE('',#6986,3.E0);
#6988=ORIENTED_EDGE('',*,*,#6977,.T.);
#6990=ORIENTED_EDGE('',*,*,#6989,.T.);
#6992=ORIENTED_EDGE('',*,*,#6991,.T.);
#6993=ORIENTED_EDGE('',*,*,#6971,.T.);
#6994=ORIENTED_EDGE('',*,*,#6731,.F.);
#6995=EDGE_LOOP('',(#6988,#6990,#6992,#6993,#6994));
#6996=FACE_OUTER_BOUND('',#6995,.F.);
#6997=ADVANCED_FACE('',(#6996),#6987,.F.);
#6998=CARTESIAN_POINT('',(5.007211480994E1,1.071720224422E1,1.580458503544E1));
#6999=DIRECTION('',(0.E0,-1.E0,1.732870212380E-7));
#7000=DIRECTION('',(9.999998164080E-1,1.050045081758E-10,6.059571422347E-4));
#7001=AXIS2_PLACEMENT_3D('',#6998,#6999,#7000);
#7002=TOROIDAL_SURFACE('',#7001,3.282842672445E0,2.828427429337E-1);
#7003=ORIENTED_EDGE('',*,*,#6545,.T.);
#7005=ORIENTED_EDGE('',*,*,#7004,.T.);
#7006=ORIENTED_EDGE('',*,*,#6991,.F.);
#7007=ORIENTED_EDGE('',*,*,#6989,.F.);
#7009=ORIENTED_EDGE('',*,*,#7008,.T.);
#7010=EDGE_LOOP('',(#7003,#7005,#7006,#7007,#7009));
#7011=FACE_OUTER_BOUND('',#7010,.F.);
#7012=ADVANCED_FACE('',(#7011),#7002,.T.);
#7013=CARTESIAN_POINT('',(5.007211480994E1,1.071720400309E1,1.580458503544E1));
#7014=DIRECTION('',(0.E0,-1.E0,1.732870212380E-7));
#7015=DIRECTION('',(-9.999998164261E-1,-1.049993312607E-10,-6.059272674352E-4));
#7016=AXIS2_PLACEMENT_3D('',#7013,#7014,#7015);
#7017=TOROIDAL_SURFACE('',#7016,3.282842751627E0,2.828426820153E-1);
#7018=ORIENTED_EDGE('',*,*,#6543,.T.);
#7019=ORIENTED_EDGE('',*,*,#7008,.F.);
#7020=ORIENTED_EDGE('',*,*,#6975,.T.);
#7021=ORIENTED_EDGE('',*,*,#6973,.T.);
#7022=ORIENTED_EDGE('',*,*,#7004,.F.);
#7023=EDGE_LOOP('',(#7018,#7019,#7020,#7021,#7022));
#7024=FACE_OUTER_BOUND('',#7023,.F.);
#7025=ADVANCED_FACE('',(#7024),#7017,.T.);
#7026=CARTESIAN_POINT('',(-1.436757169062E1,1.070003448486E1,
-2.250914349046E1));
#7027=DIRECTION('',(0.E0,-1.E0,1.732870212380E-7));
#7028=DIRECTION('',(-5.678121384671E-1,-1.426426301521E-7,-8.231581715621E-1));
#7029=AXIS2_PLACEMENT_3D('',#7026,#7027,#7028);
#7030=TOROIDAL_SURFACE('',#7029,5.E-1,3.E-1);
#7031=ORIENTED_EDGE('',*,*,#6549,.T.);
#7033=ORIENTED_EDGE('',*,*,#7032,.T.);
#7035=ORIENTED_EDGE('',*,*,#7034,.F.);
#7037=ORIENTED_EDGE('',*,*,#7036,.F.);
#7038=EDGE_LOOP('',(#7031,#7033,#7035,#7037));
#7039=FACE_OUTER_BOUND('',#7038,.F.);
#7040=ADVANCED_FACE('',(#7039),#7030,.T.);
#7041=CARTESIAN_POINT('',(-1.386757169062E1,1.070003458848E1,
-2.266291149046E1));
#7042=DIRECTION('',(0.E0,-1.732870206420E-7,1.E0));
#7043=DIRECTION('',(-2.801564254658E-7,9.999999999999E-1,1.732870206420E-7));
#7044=AXIS2_PLACEMENT_3D('',#7041,#7042,#7043);
#7045=CYLINDRICAL_SURFACE('',#7044,3.E-1);
#7046=ORIENTED_EDGE('',*,*,#6563,.T.);
#7048=ORIENTED_EDGE('',*,*,#7047,.T.);
#7050=ORIENTED_EDGE('',*,*,#7049,.F.);
#7051=ORIENTED_EDGE('',*,*,#7032,.F.);
#7052=EDGE_LOOP('',(#7046,#7048,#7050,#7051));
#7053=FACE_OUTER_BOUND('',#7052,.F.);
#7054=ADVANCED_FACE('',(#7053),#7045,.T.);
#7055=CARTESIAN_POINT('',(-1.436757169062E1,1.070003369137E1,
-1.700914349046E1));
#7056=DIRECTION('',(0.E0,1.E0,-1.732870212439E-7));
#7057=DIRECTION('',(6.541060415376E-1,-1.310747776984E-7,-7.564028598729E-1));
#7058=AXIS2_PLACEMENT_3D('',#7055,#7056,#7057);
#7059=TOROIDAL_SURFACE('',#7058,5.E-1,3.E-1);
#7060=ORIENTED_EDGE('',*,*,#6561,.T.);
#7062=ORIENTED_EDGE('',*,*,#7061,.T.);
#7064=ORIENTED_EDGE('',*,*,#7063,.F.);
#7065=ORIENTED_EDGE('',*,*,#7047,.F.);
#7066=EDGE_LOOP('',(#7060,#7062,#7064,#7065));
#7067=FACE_OUTER_BOUND('',#7066,.F.);
#7068=ADVANCED_FACE('',(#7067),#7059,.T.);
#7069=CARTESIAN_POINT('',(-1.421380369062E1,1.070003342511E1,
-1.650914349046E1));
#7070=DIRECTION('',(-1.E0,-2.801564178226E-7,4.857725411068E-14));
#7071=DIRECTION('',(-2.801564178226E-7,9.999999999999E-1,1.732870202886E-7));
#7072=AXIS2_PLACEMENT_3D('',#7069,#7070,#7071);
#7073=CYLINDRICAL_SURFACE('',#7072,3.E-1);
#7074=ORIENTED_EDGE('',*,*,#6559,.T.);
#7076=ORIENTED_EDGE('',*,*,#7075,.T.);
#7078=ORIENTED_EDGE('',*,*,#7077,.F.);
#7079=ORIENTED_EDGE('',*,*,#7061,.F.);
#7080=EDGE_LOOP('',(#7074,#7076,#7078,#7079));
#7081=FACE_OUTER_BOUND('',#7080,.F.);
#7082=ADVANCED_FACE('',(#7081),#7073,.T.);
#7083=CARTESIAN_POINT('',(-3.264487772736E1,1.070002834078E1,
-1.700914349046E1));
#7084=DIRECTION('',(0.E0,1.E0,-1.732870212439E-7));
#7085=DIRECTION('',(7.564028598729E-1,1.133480935778E-7,6.541060415376E-1));
#7086=AXIS2_PLACEMENT_3D('',#7083,#7084,#7085);
#7087=TOROIDAL_SURFACE('',#7086,5.E-1,3.E-1);
#7088=ORIENTED_EDGE('',*,*,#6557,.T.);
#7090=ORIENTED_EDGE('',*,*,#7089,.T.);
#7092=ORIENTED_EDGE('',*,*,#7091,.F.);
#7093=ORIENTED_EDGE('',*,*,#7075,.F.);
#7094=EDGE_LOOP('',(#7088,#7090,#7092,#7093));
#7095=FACE_OUTER_BOUND('',#7094,.F.);
#7096=ADVANCED_FACE('',(#7095),#7087,.T.);
#7097=CARTESIAN_POINT('',(-3.314487772736E1,1.070002818144E1,
-1.685537549046E1));
#7098=DIRECTION('',(0.E0,1.732870206420E-7,-1.E0));
#7099=DIRECTION('',(-2.801564373082E-7,9.999999999999E-1,1.732870206420E-7));
#7100=AXIS2_PLACEMENT_3D('',#7097,#7098,#7099);
#7101=CYLINDRICAL_SURFACE('',#7100,3.E-1);
#7102=ORIENTED_EDGE('',*,*,#6555,.T.);
#7104=ORIENTED_EDGE('',*,*,#7103,.T.);
#7106=ORIENTED_EDGE('',*,*,#7105,.F.);
#7107=ORIENTED_EDGE('',*,*,#7089,.F.);
#7108=EDGE_LOOP('',(#7102,#7104,#7106,#7107));
#7109=FACE_OUTER_BOUND('',#7108,.F.);
#7110=ADVANCED_FACE('',(#7109),#7101,.T.);
#7111=CARTESIAN_POINT('',(-3.264487772736E1,1.070002908755E1,
-2.250914349046E1));
#7112=DIRECTION('',(0.E0,-1.E0,1.732870212380E-7));
#7113=DIRECTION('',(-8.231581715623E-1,9.839447301374E-8,5.678121384668E-1));
#7114=AXIS2_PLACEMENT_3D('',#7111,#7112,#7113);
#7115=TOROIDAL_SURFACE('',#7114,5.E-1,3.E-1);
#7116=ORIENTED_EDGE('',*,*,#6553,.T.);
#7118=ORIENTED_EDGE('',*,*,#7117,.T.);
#7120=ORIENTED_EDGE('',*,*,#7119,.F.);
#7121=ORIENTED_EDGE('',*,*,#7103,.F.);
#7122=EDGE_LOOP('',(#7116,#7118,#7120,#7121));
#7123=FACE_OUTER_BOUND('',#7122,.F.);
#7124=ADVANCED_FACE('',(#7123),#7115,.T.);
#7125=CARTESIAN_POINT('',(-3.279864572736E1,1.070002934481E1,
-2.300914349046E1));
#7126=DIRECTION('',(1.E0,2.801564178226E-7,-4.857725411068E-14));
#7127=DIRECTION('',(-2.801564178226E-7,9.999999999999E-1,1.732870202886E-7));
#7128=AXIS2_PLACEMENT_3D('',#7125,#7126,#7127);
#7129=CYLINDRICAL_SURFACE('',#7128,3.E-1);
#7130=ORIENTED_EDGE('',*,*,#6551,.T.);
#7131=ORIENTED_EDGE('',*,*,#7036,.T.);
#7133=ORIENTED_EDGE('',*,*,#7132,.F.);
#7134=ORIENTED_EDGE('',*,*,#7117,.F.);
#7135=EDGE_LOOP('',(#7130,#7131,#7133,#7134));
#7136=FACE_OUTER_BOUND('',#7135,.F.);
#7137=ADVANCED_FACE('',(#7136),#7129,.T.);
#7138=CARTESIAN_POINT('',(-3.264487772735E1,9.000038954927E0,
-2.270914319587E1));
#7139=DIRECTION('',(0.E0,-1.732870212380E-7,-1.E0));
#7140=DIRECTION('',(1.E0,0.E0,0.E0));
#7141=AXIS2_PLACEMENT_3D('',#7138,#7139,#7140);
#7142=PLANE('',#7141);
#7143=ORIENTED_EDGE('',*,*,#7132,.T.);
#7145=ORIENTED_EDGE('',*,*,#7144,.F.);
#7147=ORIENTED_EDGE('',*,*,#7146,.F.);
#7149=ORIENTED_EDGE('',*,*,#7148,.T.);
#7150=EDGE_LOOP('',(#7143,#7145,#7147,#7149));
#7151=FACE_OUTER_BOUND('',#7150,.F.);
#7152=ADVANCED_FACE('',(#7151),#7142,.F.);
#7153=CARTESIAN_POINT('',(-1.436757169062E1,9.000038989584E0,
-2.250914319587E1));
#7154=DIRECTION('',(0.E0,-1.E0,1.732870212380E-7));
#7155=DIRECTION('',(0.E0,1.732870212380E-7,1.E0));
#7156=AXIS2_PLACEMENT_3D('',#7153,#7154,#7155);
#7157=CYLINDRICAL_SURFACE('',#7156,2.E-1);
#7158=ORIENTED_EDGE('',*,*,#7034,.T.);
#7160=ORIENTED_EDGE('',*,*,#7159,.F.);
#7162=ORIENTED_EDGE('',*,*,#7161,.F.);
#7163=ORIENTED_EDGE('',*,*,#7144,.T.);
#7164=EDGE_LOOP('',(#7158,#7160,#7162,#7163));
#7165=FACE_OUTER_BOUND('',#7164,.F.);
#7166=ADVANCED_FACE('',(#7165),#7157,.F.);
#7167=CARTESIAN_POINT('',(-1.416757169062E1,9.000038989584E0,
-2.250914319587E1));
#7168=DIRECTION('',(1.E0,0.E0,0.E0));
#7169=DIRECTION('',(0.E0,1.732870212380E-7,1.E0));
#7170=AXIS2_PLACEMENT_3D('',#7167,#7168,#7169);
#7171=PLANE('',#7170);
#7172=ORIENTED_EDGE('',*,*,#7049,.T.);
#7174=ORIENTED_EDGE('',*,*,#7173,.F.);
#7176=ORIENTED_EDGE('',*,*,#7175,.F.);
#7177=ORIENTED_EDGE('',*,*,#7159,.T.);
#7178=EDGE_LOOP('',(#7172,#7174,#7176,#7177));
#7179=FACE_OUTER_BOUND('',#7178,.F.);
#7180=ADVANCED_FACE('',(#7179),#7171,.F.);
#7181=CARTESIAN_POINT('',(-1.436757169062E1,-3.553286056371E1,
-1.700913547890E1));
#7182=DIRECTION('',(0.E0,1.E0,-1.732870212439E-7));
#7183=DIRECTION('',(0.E0,1.732870212439E-7,1.E0));
#7184=AXIS2_PLACEMENT_3D('',#7181,#7182,#7183);
#7185=CYLINDRICAL_SURFACE('',#7184,2.E-1);
#7186=ORIENTED_EDGE('',*,*,#7063,.T.);
#7188=ORIENTED_EDGE('',*,*,#7187,.F.);
#7190=ORIENTED_EDGE('',*,*,#7189,.T.);
#7191=ORIENTED_EDGE('',*,*,#7173,.T.);
#7192=EDGE_LOOP('',(#7186,#7188,#7190,#7191));
#7193=FACE_OUTER_BOUND('',#7192,.F.);
#7194=ADVANCED_FACE('',(#7193),#7185,.F.);
#7195=CARTESIAN_POINT('',(-1.416757169062E1,9.000039977320E0,
-1.680914319587E1));
#7196=DIRECTION('',(0.E0,1.732870212380E-7,1.E0));
#7197=DIRECTION('',(-1.E0,0.E0,0.E0));
#7198=AXIS2_PLACEMENT_3D('',#7195,#7196,#7197);
#7199=PLANE('',#7198);
#7200=ORIENTED_EDGE('',*,*,#7077,.T.);
#7202=ORIENTED_EDGE('',*,*,#7201,.F.);
#7204=ORIENTED_EDGE('',*,*,#7203,.F.);
#7205=ORIENTED_EDGE('',*,*,#7187,.T.);
#7206=EDGE_LOOP('',(#7200,#7202,#7204,#7205));
#7207=FACE_OUTER_BOUND('',#7206,.F.);
#7208=ADVANCED_FACE('',(#7207),#7199,.F.);
#7209=CARTESIAN_POINT('',(-3.264487772736E1,-3.553286056371E1,
-1.700913547890E1));
#7210=DIRECTION('',(0.E0,1.E0,-1.732870212439E-7));
#7211=DIRECTION('',(-1.E0,0.E0,0.E0));
#7212=AXIS2_PLACEMENT_3D('',#7209,#7210,#7211);
#7213=CYLINDRICAL_SURFACE('',#7212,2.E-1);
#7214=ORIENTED_EDGE('',*,*,#7091,.T.);
#7216=ORIENTED_EDGE('',*,*,#7215,.F.);
#7218=ORIENTED_EDGE('',*,*,#7217,.T.);
#7219=ORIENTED_EDGE('',*,*,#7201,.T.);
#7220=EDGE_LOOP('',(#7214,#7216,#7218,#7219));
#7221=FACE_OUTER_BOUND('',#7220,.F.);
#7222=ADVANCED_FACE('',(#7221),#7213,.F.);
#7223=CARTESIAN_POINT('',(-3.284487772736E1,9.000039977320E0,
-1.680914319587E1));
#7224=DIRECTION('',(-1.E0,0.E0,0.E0));
#7225=DIRECTION('',(0.E0,-1.732870212380E-7,-1.E0));
#7226=AXIS2_PLACEMENT_3D('',#7223,#7224,#7225);
#7227=PLANE('',#7226);
#7228=ORIENTED_EDGE('',*,*,#7105,.T.);
#7230=ORIENTED_EDGE('',*,*,#7229,.F.);
#7232=ORIENTED_EDGE('',*,*,#7231,.F.);
#7233=ORIENTED_EDGE('',*,*,#7215,.T.);
#7234=EDGE_LOOP('',(#7228,#7230,#7232,#7233));
#7235=FACE_OUTER_BOUND('',#7234,.F.);
#7236=ADVANCED_FACE('',(#7235),#7227,.F.);
#7237=CARTESIAN_POINT('',(-3.264487772736E1,9.000038989584E0,
-2.250914319587E1));
#7238=DIRECTION('',(0.E0,-1.E0,1.732870212380E-7));
#7239=DIRECTION('',(0.E0,1.732870212380E-7,1.E0));
#7240=AXIS2_PLACEMENT_3D('',#7237,#7238,#7239);
#7241=CYLINDRICAL_SURFACE('',#7240,2.E-1);
#7242=ORIENTED_EDGE('',*,*,#7119,.T.);
#7243=ORIENTED_EDGE('',*,*,#7148,.F.);
#7245=ORIENTED_EDGE('',*,*,#7244,.F.);
#7246=ORIENTED_EDGE('',*,*,#7229,.T.);
#7247=EDGE_LOOP('',(#7242,#7243,#7245,#7246));
#7248=FACE_OUTER_BOUND('',#7247,.F.);
#7249=ADVANCED_FACE('',(#7248),#7241,.F.);
#7250=CARTESIAN_POINT('',(5.036059409402E0,9.000041638525E0,-7.222710948790E0));
#7251=DIRECTION('',(0.E0,-1.E0,1.732870212380E-7));
#7252=DIRECTION('',(9.999998164261E-1,1.049993312582E-10,6.059272674204E-4));
#7253=AXIS2_PLACEMENT_3D('',#7250,#7251,#7252);
#7254=PLANE('',#7253);
#7256=ORIENTED_EDGE('',*,*,#7255,.T.);
#7258=ORIENTED_EDGE('',*,*,#7257,.T.);
#7260=ORIENTED_EDGE('',*,*,#7259,.F.);
#7262=ORIENTED_EDGE('',*,*,#7261,.T.);
#7264=ORIENTED_EDGE('',*,*,#7263,.T.);
#7266=ORIENTED_EDGE('',*,*,#7265,.T.);
#7268=ORIENTED_EDGE('',*,*,#7267,.F.);
#7270=ORIENTED_EDGE('',*,*,#7269,.T.);
#7272=ORIENTED_EDGE('',*,*,#7271,.T.);
#7274=ORIENTED_EDGE('',*,*,#7273,.T.);
#7276=ORIENTED_EDGE('',*,*,#7275,.F.);
#7278=ORIENTED_EDGE('',*,*,#7277,.T.);
#7280=ORIENTED_EDGE('',*,*,#7279,.T.);
#7282=ORIENTED_EDGE('',*,*,#7281,.F.);
#7283=ORIENTED_EDGE('',*,*,#6055,.T.);
#7285=ORIENTED_EDGE('',*,*,#7284,.T.);
#7287=ORIENTED_EDGE('',*,*,#7286,.T.);
#7289=ORIENTED_EDGE('',*,*,#7288,.T.);
#7291=ORIENTED_EDGE('',*,*,#7290,.F.);
#7293=ORIENTED_EDGE('',*,*,#7292,.T.);
#7295=ORIENTED_EDGE('',*,*,#7294,.T.);
#7297=ORIENTED_EDGE('',*,*,#7296,.T.);
#7299=ORIENTED_EDGE('',*,*,#7298,.F.);
#7301=ORIENTED_EDGE('',*,*,#7300,.T.);
#7303=ORIENTED_EDGE('',*,*,#7302,.T.);
#7305=ORIENTED_EDGE('',*,*,#7304,.F.);
#7307=ORIENTED_EDGE('',*,*,#7306,.T.);
#7309=ORIENTED_EDGE('',*,*,#7308,.T.);
#7311=ORIENTED_EDGE('',*,*,#7310,.T.);
#7313=ORIENTED_EDGE('',*,*,#7312,.T.);
#7315=ORIENTED_EDGE('',*,*,#7314,.F.);
#7317=ORIENTED_EDGE('',*,*,#7316,.T.);
#7319=ORIENTED_EDGE('',*,*,#7318,.T.);
#7321=ORIENTED_EDGE('',*,*,#7320,.T.);
#7323=ORIENTED_EDGE('',*,*,#7322,.F.);
#7325=ORIENTED_EDGE('',*,*,#7324,.T.);
#7327=ORIENTED_EDGE('',*,*,#7326,.T.);
#7329=ORIENTED_EDGE('',*,*,#7328,.T.);
#7331=ORIENTED_EDGE('',*,*,#7330,.F.);
#7333=ORIENTED_EDGE('',*,*,#7332,.T.);
#7335=ORIENTED_EDGE('',*,*,#7334,.T.);
#7337=ORIENTED_EDGE('',*,*,#7336,.F.);
#7339=ORIENTED_EDGE('',*,*,#7338,.T.);
#7341=ORIENTED_EDGE('',*,*,#7340,.F.);
#7343=ORIENTED_EDGE('',*,*,#7342,.T.);
#7345=ORIENTED_EDGE('',*,*,#7344,.T.);
#7347=ORIENTED_EDGE('',*,*,#7346,.F.);
#7349=ORIENTED_EDGE('',*,*,#7348,.F.);
#7351=ORIENTED_EDGE('',*,*,#7350,.T.);
#7353=ORIENTED_EDGE('',*,*,#7352,.T.);
#7355=ORIENTED_EDGE('',*,*,#7354,.F.);
#7357=ORIENTED_EDGE('',*,*,#7356,.F.);
#7358=ORIENTED_EDGE('',*,*,#5933,.F.);
#7360=ORIENTED_EDGE('',*,*,#7359,.F.);
#7362=ORIENTED_EDGE('',*,*,#7361,.F.);
#7364=ORIENTED_EDGE('',*,*,#7363,.T.);
#7365=EDGE_LOOP('',(#7256,#7258,#7260,#7262,#7264,#7266,#7268,#7270,#7272,#7274,
#7276,#7278,#7280,#7282,#7283,#7285,#7287,#7289,#7291,#7293,#7295,#7297,#7299,
#7301,#7303,#7305,#7307,#7309,#7311,#7313,#7315,#7317,#7319,#7321,#7323,#7325,
#7327,#7329,#7331,#7333,#7335,#7337,#7339,#7341,#7343,#7345,#7347,#7349,#7351,
#7353,#7355,#7357,#7358,#7360,#7362,#7364));
#7366=FACE_OUTER_BOUND('',#7365,.F.);
#7368=ORIENTED_EDGE('',*,*,#7367,.F.);
#7370=ORIENTED_EDGE('',*,*,#7369,.T.);
#7372=ORIENTED_EDGE('',*,*,#7371,.F.);
#7374=ORIENTED_EDGE('',*,*,#7373,.T.);
#7376=ORIENTED_EDGE('',*,*,#7375,.F.);
#7378=ORIENTED_EDGE('',*,*,#7377,.T.);
#7380=ORIENTED_EDGE('',*,*,#7379,.F.);
#7382=ORIENTED_EDGE('',*,*,#7381,.T.);
#7383=EDGE_LOOP('',(#7368,#7370,#7372,#7374,#7376,#7378,#7380,#7382));
#7384=FACE_BOUND('',#7383,.F.);
#7385=ORIENTED_EDGE('',*,*,#7175,.T.);
#7386=ORIENTED_EDGE('',*,*,#7189,.F.);
#7387=ORIENTED_EDGE('',*,*,#7203,.T.);
#7388=ORIENTED_EDGE('',*,*,#7217,.F.);
#7389=ORIENTED_EDGE('',*,*,#7231,.T.);
#7390=ORIENTED_EDGE('',*,*,#7244,.T.);
#7391=ORIENTED_EDGE('',*,*,#7146,.T.);
#7392=ORIENTED_EDGE('',*,*,#7161,.T.);
#7393=EDGE_LOOP('',(#7385,#7386,#7387,#7388,#7389,#7390,#7391,#7392));
#7394=FACE_BOUND('',#7393,.F.);
#7396=ORIENTED_EDGE('',*,*,#7395,.T.);
#7398=ORIENTED_EDGE('',*,*,#7397,.F.);
#7400=ORIENTED_EDGE('',*,*,#7399,.T.);
#7402=ORIENTED_EDGE('',*,*,#7401,.T.);
#7404=ORIENTED_EDGE('',*,*,#7403,.T.);
#7406=ORIENTED_EDGE('',*,*,#7405,.T.);
#7408=ORIENTED_EDGE('',*,*,#7407,.T.);
#7410=ORIENTED_EDGE('',*,*,#7409,.F.);
#7411=EDGE_LOOP('',(#7396,#7398,#7400,#7402,#7404,#7406,#7408,#7410));
#7412=FACE_BOUND('',#7411,.F.);
#7413=ADVANCED_FACE('',(#7366,#7384,#7394,#7412),#7254,.T.);
#7414=CARTESIAN_POINT('',(2.669998746424E1,1.000037066022E0,-3.360958394083E1));
#7415=DIRECTION('',(1.E0,0.E0,0.E0));
#7416=DIRECTION('',(0.E0,1.732870212380E-7,1.E0));
#7417=AXIS2_PLACEMENT_3D('',#7414,#7415,#7416);
#7418=PLANE('',#7417);
#7420=ORIENTED_EDGE('',*,*,#7419,.F.);
#7422=ORIENTED_EDGE('',*,*,#7421,.T.);
#7424=ORIENTED_EDGE('',*,*,#7423,.T.);
#7425=ORIENTED_EDGE('',*,*,#7255,.F.);
#7427=ORIENTED_EDGE('',*,*,#7426,.F.);
#7428=ORIENTED_EDGE('',*,*,#6197,.F.);
#7430=ORIENTED_EDGE('',*,*,#7429,.F.);
#7431=EDGE_LOOP('',(#7420,#7422,#7424,#7425,#7427,#7428,#7430));
#7432=FACE_OUTER_BOUND('',#7431,.F.);
#7433=ADVANCED_FACE('',(#7432),#7418,.T.);
#7434=CARTESIAN_POINT('',(2.609998746424E1,1.250037187323E0,-3.290958398415E1));
#7435=DIRECTION('',(0.E0,-3.713908372471E-1,-9.284766265281E-1));
#7436=DIRECTION('',(0.E0,9.284766265281E-1,-3.713908372471E-1));
#7437=AXIS2_PLACEMENT_3D('',#7434,#7435,#7436);
#7438=PLANE('',#7437);
#7439=ORIENTED_EDGE('',*,*,#7419,.T.);
#7441=ORIENTED_EDGE('',*,*,#7440,.F.);
#7443=ORIENTED_EDGE('',*,*,#7442,.T.);
#7445=ORIENTED_EDGE('',*,*,#7444,.T.);
#7446=EDGE_LOOP('',(#7439,#7441,#7443,#7445));
#7447=FACE_OUTER_BOUND('',#7446,.F.);
#7448=ADVANCED_FACE('',(#7447),#7438,.T.);
#7449=CARTESIAN_POINT('',(2.549998746424E1,1.000037169994E0,-3.300958394083E1));
#7450=DIRECTION('',(0.E0,-1.732870212380E-7,-1.E0));
#7451=DIRECTION('',(1.E0,0.E0,0.E0));
#7452=AXIS2_PLACEMENT_3D('',#7449,#7450,#7451);
#7453=PLANE('',#7452);
#7454=ORIENTED_EDGE('',*,*,#7440,.T.);
#7455=ORIENTED_EDGE('',*,*,#7429,.T.);
#7456=ORIENTED_EDGE('',*,*,#6195,.F.);
#7458=ORIENTED_EDGE('',*,*,#7457,.F.);
#7459=EDGE_LOOP('',(#7454,#7455,#7456,#7458));
#7460=FACE_OUTER_BOUND('',#7459,.F.);
#7461=ADVANCED_FACE('',(#7460),#7453,.T.);
#7462=CARTESIAN_POINT('',(2.549998746424E1,1.000037273840E0,-3.241031105368E1));
#7463=DIRECTION('',(-1.E0,0.E0,0.E0));
#7464=DIRECTION('',(0.E0,-1.732870212380E-7,-1.E0));
#7465=AXIS2_PLACEMENT_3D('',#7462,#7463,#7464);
#7466=PLANE('',#7465);
#7467=ORIENTED_EDGE('',*,*,#7442,.F.);
#7468=ORIENTED_EDGE('',*,*,#7457,.T.);
#7469=ORIENTED_EDGE('',*,*,#6193,.F.);
#7471=ORIENTED_EDGE('',*,*,#7470,.T.);
#7472=ORIENTED_EDGE('',*,*,#7259,.T.);
#7474=ORIENTED_EDGE('',*,*,#7473,.F.);
#7476=ORIENTED_EDGE('',*,*,#7475,.T.);
#7477=EDGE_LOOP('',(#7467,#7468,#7469,#7471,#7472,#7474,#7476));
#7478=FACE_OUTER_BOUND('',#7477,.F.);
#7479=ADVANCED_FACE('',(#7478),#7466,.T.);
#7480=CARTESIAN_POINT('',(5.051813516246E0,5.600037133064E0,-3.322270210610E1));
#7481=DIRECTION('',(-6.059272674204E-4,1.732869894271E-7,9.999998164260E-1));
#7482=DIRECTION('',(9.999998164261E-1,1.049993312582E-10,6.059272674204E-4));
#7483=AXIS2_PLACEMENT_3D('',#7480,#7481,#7482);
#7484=PLANE('',#7483);
#7485=ORIENTED_EDGE('',*,*,#7426,.T.);
#7486=ORIENTED_EDGE('',*,*,#7363,.F.);
#7488=ORIENTED_EDGE('',*,*,#7487,.F.);
#7489=ORIENTED_EDGE('',*,*,#6199,.F.);
#7490=EDGE_LOOP('',(#7485,#7486,#7488,#7489));
#7491=FACE_OUTER_BOUND('',#7490,.F.);
#7492=ADVANCED_FACE('',(#7491),#7484,.T.);
#7493=CARTESIAN_POINT('',(5.051813516246E0,5.600037133064E0,-3.322270210610E1));
#7494=DIRECTION('',(-6.059272674204E-4,1.732869894271E-7,9.999998164260E-1));
#7495=DIRECTION('',(9.999998164261E-1,1.049993312582E-10,6.059272674204E-4));
#7496=AXIS2_PLACEMENT_3D('',#7493,#7494,#7495);
#7497=PLANE('',#7496);
#7498=ORIENTED_EDGE('',*,*,#7470,.F.);
#7499=ORIENTED_EDGE('',*,*,#6191,.F.);
#7501=ORIENTED_EDGE('',*,*,#7500,.T.);
#7502=ORIENTED_EDGE('',*,*,#7261,.F.);
#7503=EDGE_LOOP('',(#7498,#7499,#7501,#7502));
#7504=FACE_OUTER_BOUND('',#7503,.F.);
#7505=ADVANCED_FACE('',(#7504),#7497,.T.);
#7506=CARTESIAN_POINT('',(5.051813516246E0,5.600037133064E0,-3.322270210610E1));
#7507=DIRECTION('',(-6.059272674204E-4,1.732869894271E-7,9.999998164260E-1));
#7508=DIRECTION('',(9.999998164261E-1,1.049993312582E-10,6.059272674204E-4));
#7509=AXIS2_PLACEMENT_3D('',#7506,#7507,#7508);
#7510=PLANE('',#7509);
#7512=ORIENTED_EDGE('',*,*,#7511,.T.);
#7513=ORIENTED_EDGE('',*,*,#7269,.F.);
#7515=ORIENTED_EDGE('',*,*,#7514,.F.);
#7516=ORIENTED_EDGE('',*,*,#6183,.F.);
#7517=EDGE_LOOP('',(#7512,#7513,#7515,#7516));
#7518=FACE_OUTER_BOUND('',#7517,.F.);
#7519=ADVANCED_FACE('',(#7518),#7510,.T.);
#7520=CARTESIAN_POINT('',(5.051813516246E0,5.600037133064E0,-3.322270210610E1));
#7521=DIRECTION('',(-6.059272674204E-4,1.732869894271E-7,9.999998164260E-1));
#7522=DIRECTION('',(9.999998164261E-1,1.049993312582E-10,6.059272674204E-4));
#7523=AXIS2_PLACEMENT_3D('',#7520,#7521,#7522);
#7524=PLANE('',#7523);
#7526=ORIENTED_EDGE('',*,*,#7525,.F.);
#7527=ORIENTED_EDGE('',*,*,#6175,.F.);
#7529=ORIENTED_EDGE('',*,*,#7528,.T.);
#7530=ORIENTED_EDGE('',*,*,#7277,.F.);
#7531=EDGE_LOOP('',(#7526,#7527,#7529,#7530));
#7532=FACE_OUTER_BOUND('',#7531,.F.);
#7533=ADVANCED_FACE('',(#7532),#7524,.T.);
#7534=CARTESIAN_POINT('',(4.500089729157E1,5.350037397189E0,-3.169849554605E1));
#7535=DIRECTION('',(9.999998164261E-1,1.049993312582E-10,6.059272674204E-4));
#7536=DIRECTION('',(0.E0,-1.E0,1.732870212380E-7));
#7537=AXIS2_PLACEMENT_3D('',#7534,#7535,#7536);
#7538=PLANE('',#7537);
#7540=ORIENTED_EDGE('',*,*,#7539,.F.);
#7541=ORIENTED_EDGE('',*,*,#6034,.F.);
#7543=ORIENTED_EDGE('',*,*,#7542,.T.);
#7544=ORIENTED_EDGE('',*,*,#7487,.T.);
#7545=ORIENTED_EDGE('',*,*,#7361,.T.);
#7546=EDGE_LOOP('',(#7540,#7541,#7543,#7544,#7545));
#7547=FACE_OUTER_BOUND('',#7546,.F.);
#7548=ADVANCED_FACE('',(#7547),#7538,.F.);
#7549=CARTESIAN_POINT('',(4.999998748280E1,5.350037657644E0,-3.019546618283E1));
#7550=DIRECTION('',(0.E0,1.E0,-1.732870212380E-7));
#7551=DIRECTION('',(-9.999998164261E-1,-1.049993312606E-10,-6.059272674346E-4));
#7552=AXIS2_PLACEMENT_3D('',#7549,#7550,#7551);
#7553=CYLINDRICAL_SURFACE('',#7552,5.E0);
#7554=ORIENTED_EDGE('',*,*,#6025,.T.);
#7555=ORIENTED_EDGE('',*,*,#7539,.T.);
#7556=ORIENTED_EDGE('',*,*,#7359,.T.);
#7557=ORIENTED_EDGE('',*,*,#5931,.F.);
#7558=EDGE_LOOP('',(#7554,#7555,#7556,#7557));
#7559=FACE_OUTER_BOUND('',#7558,.F.);
#7560=ADVANCED_FACE('',(#7559),#7553,.T.);
#7561=CARTESIAN_POINT('',(4.755180571645E1,1.950037137526E0,-3.319694956474E1));
#7562=DIRECTION('',(-6.059272674204E-4,1.732869894271E-7,9.999998164260E-1));
#7563=DIRECTION('',(0.E0,-1.E0,1.732870212380E-7));
#7564=AXIS2_PLACEMENT_3D('',#7561,#7562,#7563);
#7565=PLANE('',#7564);
#7566=ORIENTED_EDGE('',*,*,#6032,.F.);
#7568=ORIENTED_EDGE('',*,*,#7567,.T.);
#7569=ORIENTED_EDGE('',*,*,#6201,.T.);
#7570=ORIENTED_EDGE('',*,*,#7542,.F.);
#7571=EDGE_LOOP('',(#7566,#7568,#7569,#7570));
#7572=FACE_OUTER_BOUND('',#7571,.F.);
#7573=ADVANCED_FACE('',(#7572),#7565,.F.);
#7574=CARTESIAN_POINT('',(5.009998746444E1,1.950037657655E0,-3.019540500093E1));
#7575=DIRECTION('',(0.E0,1.E0,-1.732870212380E-7));
#7576=DIRECTION('',(9.999998164273E-1,1.049989627526E-10,6.059251408587E-4));
#7577=AXIS2_PLACEMENT_3D('',#7574,#7575,#7576);
#7578=CYLINDRICAL_SURFACE('',#7577,3.E0);
#7579=ORIENTED_EDGE('',*,*,#6203,.T.);
#7580=ORIENTED_EDGE('',*,*,#7567,.F.);
#7581=ORIENTED_EDGE('',*,*,#6030,.T.);
#7583=ORIENTED_EDGE('',*,*,#7582,.T.);
#7584=EDGE_LOOP('',(#7579,#7580,#7581,#7583));
#7585=FACE_OUTER_BOUND('',#7584,.F.);
#7586=ADVANCED_FACE('',(#7585),#7578,.T.);
#7587=CARTESIAN_POINT('',(5.309847209555E1,1.950038091187E0,-2.769358768125E1));
#7588=DIRECTION('',(9.999998164261E-1,1.049993312582E-10,6.059272674204E-4));
#7589=DIRECTION('',(6.059272674204E-4,-1.732869894271E-7,-9.999998164260E-1));
#7590=AXIS2_PLACEMENT_3D('',#7587,#7588,#7589);
#7591=PLANE('',#7590);
#7592=ORIENTED_EDGE('',*,*,#6205,.F.);
#7593=ORIENTED_EDGE('',*,*,#7582,.F.);
#7594=ORIENTED_EDGE('',*,*,#6028,.F.);
#7595=ORIENTED_EDGE('',*,*,#5937,.F.);
#7596=EDGE_LOOP('',(#7592,#7593,#7594,#7595));
#7597=FACE_OUTER_BOUND('',#7596,.F.);
#7598=ADVANCED_FACE('',(#7597),#7591,.T.);
#7599=CARTESIAN_POINT('',(5.649987574381E0,1.000037066022E0,-3.360958394083E1));
#7600=DIRECTION('',(1.E0,0.E0,0.E0));
#7601=DIRECTION('',(0.E0,1.732870212380E-7,1.E0));
#7602=AXIS2_PLACEMENT_3D('',#7599,#7600,#7601);
#7603=PLANE('',#7602);
#7605=ORIENTED_EDGE('',*,*,#7604,.F.);
#7607=ORIENTED_EDGE('',*,*,#7606,.T.);
#7609=ORIENTED_EDGE('',*,*,#7608,.T.);
#7610=ORIENTED_EDGE('',*,*,#7263,.F.);
#7611=ORIENTED_EDGE('',*,*,#7500,.F.);
#7612=ORIENTED_EDGE('',*,*,#6189,.F.);
#7614=ORIENTED_EDGE('',*,*,#7613,.F.);
#7615=EDGE_LOOP('',(#7605,#7607,#7609,#7610,#7611,#7612,#7614));
#7616=FACE_OUTER_BOUND('',#7615,.F.);
#7617=ADVANCED_FACE('',(#7616),#7603,.T.);
#7618=CARTESIAN_POINT('',(5.049987464236E0,1.250037187323E0,-3.290958398415E1));
#7619=DIRECTION('',(0.E0,-3.713908372471E-1,-9.284766265281E-1));
#7620=DIRECTION('',(0.E0,9.284766265281E-1,-3.713908372471E-1));
#7621=AXIS2_PLACEMENT_3D('',#7618,#7619,#7620);
#7622=PLANE('',#7621);
#7623=ORIENTED_EDGE('',*,*,#7604,.T.);
#7625=ORIENTED_EDGE('',*,*,#7624,.F.);
#7627=ORIENTED_EDGE('',*,*,#7626,.T.);
#7629=ORIENTED_EDGE('',*,*,#7628,.T.);
#7630=EDGE_LOOP('',(#7623,#7625,#7627,#7629));
#7631=FACE_OUTER_BOUND('',#7630,.F.);
#7632=ADVANCED_FACE('',(#7631),#7622,.T.);
#7633=CARTESIAN_POINT('',(4.449987354092E0,1.000037169994E0,-3.300958394083E1));
#7634=DIRECTION('',(0.E0,-1.732870212380E-7,-1.E0));
#7635=DIRECTION('',(1.E0,0.E0,0.E0));
#7636=AXIS2_PLACEMENT_3D('',#7633,#7634,#7635);
#7637=PLANE('',#7636);
#7638=ORIENTED_EDGE('',*,*,#7624,.T.);
#7639=ORIENTED_EDGE('',*,*,#7613,.T.);
#7640=ORIENTED_EDGE('',*,*,#6187,.F.);
#7642=ORIENTED_EDGE('',*,*,#7641,.F.);
#7643=EDGE_LOOP('',(#7638,#7639,#7640,#7642));
#7644=FACE_OUTER_BOUND('',#7643,.F.);
#7645=ADVANCED_FACE('',(#7644),#7637,.T.);
#7646=CARTESIAN_POINT('',(4.449987354092E0,1.000037273966E0,-3.240958394083E1));
#7647=DIRECTION('',(-1.E0,0.E0,0.E0));
#7648=DIRECTION('',(0.E0,-1.732870212380E-7,-1.E0));
#7649=AXIS2_PLACEMENT_3D('',#7646,#7647,#7648);
#7650=PLANE('',#7649);
#7651=ORIENTED_EDGE('',*,*,#7626,.F.);
#7652=ORIENTED_EDGE('',*,*,#7641,.T.);
#7653=ORIENTED_EDGE('',*,*,#6185,.F.);
#7654=ORIENTED_EDGE('',*,*,#7514,.T.);
#7655=ORIENTED_EDGE('',*,*,#7267,.T.);
#7657=ORIENTED_EDGE('',*,*,#7656,.F.);
#7659=ORIENTED_EDGE('',*,*,#7658,.T.);
#7660=EDGE_LOOP('',(#7651,#7652,#7653,#7654,#7655,#7657,#7659));
#7661=FACE_OUTER_BOUND('',#7660,.F.);
#7662=ADVANCED_FACE('',(#7661),#7650,.T.);
#7663=CARTESIAN_POINT('',(5.649987574381E0,1.000037273966E0,-3.240958394083E1));
#7664=DIRECTION('',(0.E0,1.732870212380E-7,1.E0));
#7665=DIRECTION('',(-1.E0,0.E0,0.E0));
#7666=AXIS2_PLACEMENT_3D('',#7663,#7664,#7665);
#7667=PLANE('',#7666);
#7668=ORIENTED_EDGE('',*,*,#7265,.F.);
#7669=ORIENTED_EDGE('',*,*,#7608,.F.);
#7671=ORIENTED_EDGE('',*,*,#7670,.T.);
#7672=ORIENTED_EDGE('',*,*,#7656,.T.);
#7673=EDGE_LOOP('',(#7668,#7669,#7671,#7672));
#7674=FACE_OUTER_BOUND('',#7673,.F.);
#7675=ADVANCED_FACE('',(#7674),#7667,.T.);
#7676=CARTESIAN_POINT('',(5.0341E0,1.000042890127E0,-1.732944532027E-7));
#7677=DIRECTION('',(0.E0,-1.E0,1.732870212380E-7));
#7678=DIRECTION('',(-1.E0,0.E0,0.E0));
#7679=AXIS2_PLACEMENT_3D('',#7676,#7677,#7678);
#7680=PLANE('',#7679);
#7681=ORIENTED_EDGE('',*,*,#7444,.F.);
#7682=ORIENTED_EDGE('',*,*,#7475,.F.);
#7684=ORIENTED_EDGE('',*,*,#7683,.F.);
#7685=ORIENTED_EDGE('',*,*,#7421,.F.);
#7686=EDGE_LOOP('',(#7681,#7682,#7684,#7685));
#7687=FACE_OUTER_BOUND('',#7686,.F.);
#7688=ADVANCED_FACE('',(#7687),#7680,.T.);
#7689=CARTESIAN_POINT('',(5.0341E0,1.000042890127E0,-1.732944532027E-7));
#7690=DIRECTION('',(0.E0,-1.E0,1.732870212380E-7));
#7691=DIRECTION('',(-1.E0,0.E0,0.E0));
#7692=AXIS2_PLACEMENT_3D('',#7689,#7690,#7691);
#7693=PLANE('',#7692);
#7694=ORIENTED_EDGE('',*,*,#7628,.F.);
#7695=ORIENTED_EDGE('',*,*,#7658,.F.);
#7696=ORIENTED_EDGE('',*,*,#7670,.F.);
#7697=ORIENTED_EDGE('',*,*,#7606,.F.);
#7698=EDGE_LOOP('',(#7694,#7695,#7696,#7697));
#7699=FACE_OUTER_BOUND('',#7698,.F.);
#7700=ADVANCED_FACE('',(#7699),#7693,.T.);
#7701=CARTESIAN_POINT('',(5.0341E0,1.000042890127E0,-1.732944532027E-7));
#7702=DIRECTION('',(0.E0,-1.E0,1.732870212380E-7));
#7703=DIRECTION('',(-1.E0,0.E0,0.E0));
#7704=AXIS2_PLACEMENT_3D('',#7701,#7702,#7703);
#7705=PLANE('',#7704);
#7707=ORIENTED_EDGE('',*,*,#7706,.F.);
#7709=ORIENTED_EDGE('',*,*,#7708,.F.);
#7711=ORIENTED_EDGE('',*,*,#7710,.F.);
#7713=ORIENTED_EDGE('',*,*,#7712,.F.);
#7714=EDGE_LOOP('',(#7707,#7709,#7711,#7713));
#7715=FACE_OUTER_BOUND('',#7714,.F.);
#7716=ADVANCED_FACE('',(#7715),#7705,.T.);
#7717=CARTESIAN_POINT('',(5.0341E0,1.000042890127E0,-1.732944532027E-7));
#7718=DIRECTION('',(0.E0,-1.E0,1.732870212380E-7));
#7719=DIRECTION('',(-1.E0,0.E0,0.E0));
#7720=AXIS2_PLACEMENT_3D('',#7717,#7718,#7719);
#7721=PLANE('',#7720);
#7723=ORIENTED_EDGE('',*,*,#7722,.F.);
#7725=ORIENTED_EDGE('',*,*,#7724,.F.);
#7727=ORIENTED_EDGE('',*,*,#7726,.F.);
#7729=ORIENTED_EDGE('',*,*,#7728,.F.);
#7730=EDGE_LOOP('',(#7723,#7725,#7727,#7729));
#7731=FACE_OUTER_BOUND('',#7730,.F.);
#7732=ADVANCED_FACE('',(#7731),#7721,.T.);
#7733=CARTESIAN_POINT('',(5.0341E0,1.000042890127E0,-1.732944532027E-7));
#7734=DIRECTION('',(0.E0,-1.E0,1.732870212380E-7));
#7735=DIRECTION('',(-1.E0,0.E0,0.E0));
#7736=AXIS2_PLACEMENT_3D('',#7733,#7734,#7735);
#7737=PLANE('',#7736);
#7739=ORIENTED_EDGE('',*,*,#7738,.F.);
#7741=ORIENTED_EDGE('',*,*,#7740,.F.);
#7743=ORIENTED_EDGE('',*,*,#7742,.F.);
#7745=ORIENTED_EDGE('',*,*,#7744,.F.);
#7746=EDGE_LOOP('',(#7739,#7741,#7743,#7745));
#7747=FACE_OUTER_BOUND('',#7746,.F.);
#7748=ADVANCED_FACE('',(#7747),#7737,.T.);
#7749=CARTESIAN_POINT('',(5.0341E0,1.000042890127E0,-1.732944532027E-7));
#7750=DIRECTION('',(0.E0,-1.E0,1.732870212380E-7));
#7751=DIRECTION('',(-1.E0,0.E0,0.E0));
#7752=AXIS2_PLACEMENT_3D('',#7749,#7750,#7751);
#7753=PLANE('',#7752);
#7755=ORIENTED_EDGE('',*,*,#7754,.F.);
#7757=ORIENTED_EDGE('',*,*,#7756,.F.);
#7759=ORIENTED_EDGE('',*,*,#7758,.F.);
#7761=ORIENTED_EDGE('',*,*,#7760,.F.);
#7762=EDGE_LOOP('',(#7755,#7757,#7759,#7761));
#7763=FACE_OUTER_BOUND('',#7762,.F.);
#7764=ADVANCED_FACE('',(#7763),#7753,.T.);
#7765=CARTESIAN_POINT('',(5.0341E0,1.000042890127E0,-1.732944532027E-7));
#7766=DIRECTION('',(0.E0,-1.E0,1.732870212380E-7));
#7767=DIRECTION('',(-1.E0,0.E0,0.E0));
#7768=AXIS2_PLACEMENT_3D('',#7765,#7766,#7767);
#7769=PLANE('',#7768);
#7771=ORIENTED_EDGE('',*,*,#7770,.F.);
#7773=ORIENTED_EDGE('',*,*,#7772,.F.);
#7775=ORIENTED_EDGE('',*,*,#7774,.F.);
#7777=ORIENTED_EDGE('',*,*,#7776,.F.);
#7778=EDGE_LOOP('',(#7771,#7773,#7775,#7777));
#7779=FACE_OUTER_BOUND('',#7778,.F.);
#7780=ADVANCED_FACE('',(#7779),#7769,.T.);
#7781=CARTESIAN_POINT('',(5.0341E0,1.000042890127E0,-1.732944532027E-7));
#7782=DIRECTION('',(0.E0,-1.E0,1.732870212380E-7));
#7783=DIRECTION('',(-1.E0,0.E0,0.E0));
#7784=AXIS2_PLACEMENT_3D('',#7781,#7782,#7783);
#7785=PLANE('',#7784);
#7787=ORIENTED_EDGE('',*,*,#7786,.F.);
#7789=ORIENTED_EDGE('',*,*,#7788,.F.);
#7791=ORIENTED_EDGE('',*,*,#7790,.F.);
#7793=ORIENTED_EDGE('',*,*,#7792,.F.);
#7794=EDGE_LOOP('',(#7787,#7789,#7791,#7793));
#7795=FACE_OUTER_BOUND('',#7794,.F.);
#7796=ADVANCED_FACE('',(#7795),#7785,.T.);
#7797=CARTESIAN_POINT('',(5.0341E0,1.000042890127E0,-1.732944532027E-7));
#7798=DIRECTION('',(0.E0,-1.E0,1.732870212380E-7));
#7799=DIRECTION('',(-1.E0,0.E0,0.E0));
#7800=AXIS2_PLACEMENT_3D('',#7797,#7798,#7799);
#7801=PLANE('',#7800);
#7803=ORIENTED_EDGE('',*,*,#7802,.F.);
#7805=ORIENTED_EDGE('',*,*,#7804,.F.);
#7807=ORIENTED_EDGE('',*,*,#7806,.F.);
#7809=ORIENTED_EDGE('',*,*,#7808,.F.);
#7810=EDGE_LOOP('',(#7803,#7805,#7807,#7809));
#7811=FACE_OUTER_BOUND('',#7810,.F.);
#7812=ADVANCED_FACE('',(#7811),#7801,.T.);
#7813=CARTESIAN_POINT('',(5.0341E0,1.000042890127E0,-1.732944532027E-7));
#7814=DIRECTION('',(0.E0,-1.E0,1.732870212380E-7));
#7815=DIRECTION('',(-1.E0,0.E0,0.E0));
#7816=AXIS2_PLACEMENT_3D('',#7813,#7814,#7815);
#7817=PLANE('',#7816);
#7819=ORIENTED_EDGE('',*,*,#7818,.F.);
#7821=ORIENTED_EDGE('',*,*,#7820,.F.);
#7823=ORIENTED_EDGE('',*,*,#7822,.F.);
#7825=ORIENTED_EDGE('',*,*,#7824,.F.);
#7826=EDGE_LOOP('',(#7819,#7821,#7823,#7825));
#7827=FACE_OUTER_BOUND('',#7826,.F.);
#7828=ADVANCED_FACE('',(#7827),#7817,.T.);
#7829=CARTESIAN_POINT('',(2.669998746424E1,1.000037273966E0,-3.240958394083E1));
#7830=DIRECTION('',(-6.059272674216E-4,1.732869894271E-7,9.999998164260E-1));
#7831=DIRECTION('',(-9.999998164261E-1,-1.049993312584E-10,-6.059272674216E-4));
#7832=AXIS2_PLACEMENT_3D('',#7829,#7830,#7831);
#7833=PLANE('',#7832);
#7834=ORIENTED_EDGE('',*,*,#7257,.F.);
#7835=ORIENTED_EDGE('',*,*,#7423,.F.);
#7836=ORIENTED_EDGE('',*,*,#7683,.T.);
#7837=ORIENTED_EDGE('',*,*,#7473,.T.);
#7838=EDGE_LOOP('',(#7834,#7835,#7836,#7837));
#7839=FACE_OUTER_BOUND('',#7838,.F.);
#7840=ADVANCED_FACE('',(#7839),#7833,.T.);
#7841=CARTESIAN_POINT('',(-1.600001253576E1,1.250037187323E0,
-3.290958398415E1));
#7842=DIRECTION('',(0.E0,-3.713908372471E-1,-9.284766265281E-1));
#7843=DIRECTION('',(0.E0,9.284766265281E-1,-3.713908372471E-1));
#7844=AXIS2_PLACEMENT_3D('',#7841,#7842,#7843);
#7845=PLANE('',#7844);
#7847=ORIENTED_EDGE('',*,*,#7846,.T.);
#7849=ORIENTED_EDGE('',*,*,#7848,.F.);
#7851=ORIENTED_EDGE('',*,*,#7850,.T.);
#7852=ORIENTED_EDGE('',*,*,#7706,.T.);
#7853=EDGE_LOOP('',(#7847,#7849,#7851,#7852));
#7854=FACE_OUTER_BOUND('',#7853,.F.);
#7855=ADVANCED_FACE('',(#7854),#7845,.T.);
#7856=CARTESIAN_POINT('',(-1.540001253576E1,1.000037066022E0,
-3.360958394083E1));
#7857=DIRECTION('',(1.E0,0.E0,0.E0));
#7858=DIRECTION('',(0.E0,1.732870212380E-7,1.E0));
#7859=AXIS2_PLACEMENT_3D('',#7856,#7857,#7858);
#7860=PLANE('',#7859);
#7861=ORIENTED_EDGE('',*,*,#7846,.F.);
#7862=ORIENTED_EDGE('',*,*,#7712,.T.);
#7864=ORIENTED_EDGE('',*,*,#7863,.T.);
#7865=ORIENTED_EDGE('',*,*,#7271,.F.);
#7866=ORIENTED_EDGE('',*,*,#7511,.F.);
#7867=ORIENTED_EDGE('',*,*,#6181,.F.);
#7869=ORIENTED_EDGE('',*,*,#7868,.F.);
#7870=EDGE_LOOP('',(#7861,#7862,#7864,#7865,#7866,#7867,#7869));
#7871=FACE_OUTER_BOUND('',#7870,.F.);
#7872=ADVANCED_FACE('',(#7871),#7860,.T.);
#7873=CARTESIAN_POINT('',(-1.540001253576E1,1.000037273840E0,
-3.241031105368E1));
#7874=DIRECTION('',(6.059272674216E-4,1.732869894271E-7,9.999998164260E-1));
#7875=DIRECTION('',(-9.999998164261E-1,1.049993312584E-10,6.059272674216E-4));
#7876=AXIS2_PLACEMENT_3D('',#7873,#7874,#7875);
#7877=PLANE('',#7876);
#7878=ORIENTED_EDGE('',*,*,#7273,.F.);
#7879=ORIENTED_EDGE('',*,*,#7863,.F.);
#7880=ORIENTED_EDGE('',*,*,#7710,.T.);
#7882=ORIENTED_EDGE('',*,*,#7881,.T.);
#7883=EDGE_LOOP('',(#7878,#7879,#7880,#7882));
#7884=FACE_OUTER_BOUND('',#7883,.F.);
#7885=ADVANCED_FACE('',(#7884),#7877,.T.);
#7886=CARTESIAN_POINT('',(-1.660001253576E1,1.000037273966E0,
-3.240958394083E1));
#7887=DIRECTION('',(-1.E0,0.E0,0.E0));
#7888=DIRECTION('',(0.E0,-1.732870212380E-7,-1.E0));
#7889=AXIS2_PLACEMENT_3D('',#7886,#7887,#7888);
#7890=PLANE('',#7889);
#7891=ORIENTED_EDGE('',*,*,#7850,.F.);
#7893=ORIENTED_EDGE('',*,*,#7892,.T.);
#7894=ORIENTED_EDGE('',*,*,#6177,.F.);
#7895=ORIENTED_EDGE('',*,*,#7525,.T.);
#7896=ORIENTED_EDGE('',*,*,#7275,.T.);
#7897=ORIENTED_EDGE('',*,*,#7881,.F.);
#7898=ORIENTED_EDGE('',*,*,#7708,.T.);
#7899=EDGE_LOOP('',(#7891,#7893,#7894,#7895,#7896,#7897,#7898));
#7900=FACE_OUTER_BOUND('',#7899,.F.);
#7901=ADVANCED_FACE('',(#7900),#7890,.T.);
#7902=CARTESIAN_POINT('',(-1.660001253576E1,1.000037169994E0,
-3.300958394083E1));
#7903=DIRECTION('',(0.E0,-1.732870212380E-7,-1.E0));
#7904=DIRECTION('',(1.E0,0.E0,0.E0));
#7905=AXIS2_PLACEMENT_3D('',#7902,#7903,#7904);
#7906=PLANE('',#7905);
#7907=ORIENTED_EDGE('',*,*,#7848,.T.);
#7908=ORIENTED_EDGE('',*,*,#7868,.T.);
#7909=ORIENTED_EDGE('',*,*,#6179,.F.);
#7910=ORIENTED_EDGE('',*,*,#7892,.F.);
#7911=EDGE_LOOP('',(#7907,#7908,#7909,#7910));
#7912=FACE_OUTER_BOUND('',#7911,.F.);
#7913=ADVANCED_FACE('',(#7912),#7906,.T.);
#7914=CARTESIAN_POINT('',(-1.600001253576E1,1.250046099190E0,1.851877422946E1));
#7915=DIRECTION('',(0.E0,-3.713905154611E-1,9.284767552424E-1));
#7916=DIRECTION('',(0.E0,9.284767552424E-1,3.713905154611E-1));
#7917=AXIS2_PLACEMENT_3D('',#7914,#7915,#7916);
#7918=PLANE('',#7917);
#7920=ORIENTED_EDGE('',*,*,#7919,.T.);
#7922=ORIENTED_EDGE('',*,*,#7921,.F.);
#7924=ORIENTED_EDGE('',*,*,#7923,.T.);
#7925=ORIENTED_EDGE('',*,*,#7722,.T.);
#7926=EDGE_LOOP('',(#7920,#7922,#7924,#7925));
#7927=FACE_OUTER_BOUND('',#7926,.F.);
#7928=ADVANCED_FACE('',(#7927),#7918,.T.);
#7929=CARTESIAN_POINT('',(-1.660001253576E1,1.000046220491E0,1.921877427278E1));
#7930=DIRECTION('',(-1.E0,0.E0,0.E0));
#7931=DIRECTION('',(0.E0,-1.732870212380E-7,-1.E0));
#7932=AXIS2_PLACEMENT_3D('',#7929,#7930,#7931);
#7933=PLANE('',#7932);
#7934=ORIENTED_EDGE('',*,*,#7919,.F.);
#7935=ORIENTED_EDGE('',*,*,#7728,.T.);
#7937=ORIENTED_EDGE('',*,*,#7936,.T.);
#7938=ORIENTED_EDGE('',*,*,#7310,.F.);
#7940=ORIENTED_EDGE('',*,*,#7939,.F.);
#7941=ORIENTED_EDGE('',*,*,#6143,.F.);
#7943=ORIENTED_EDGE('',*,*,#7942,.F.);
#7944=EDGE_LOOP('',(#7934,#7935,#7937,#7938,#7940,#7941,#7943));
#7945=FACE_OUTER_BOUND('',#7944,.F.);
#7946=ADVANCED_FACE('',(#7945),#7933,.T.);
#7947=CARTESIAN_POINT('',(-1.660001253576E1,1.000046012546E0,1.801877427278E1));
#7948=DIRECTION('',(6.059272674216E-4,-1.732869894271E-7,-9.999998164260E-1));
#7949=DIRECTION('',(9.999998164261E-1,1.049993312584E-10,6.059272674216E-4));
#7950=AXIS2_PLACEMENT_3D('',#7947,#7948,#7949);
#7951=PLANE('',#7950);
#7952=ORIENTED_EDGE('',*,*,#7312,.F.);
#7953=ORIENTED_EDGE('',*,*,#7936,.F.);
#7954=ORIENTED_EDGE('',*,*,#7726,.T.);
#7956=ORIENTED_EDGE('',*,*,#7955,.T.);
#7957=EDGE_LOOP('',(#7952,#7953,#7954,#7956));
#7958=FACE_OUTER_BOUND('',#7957,.F.);
#7959=ADVANCED_FACE('',(#7958),#7951,.T.);
#7960=CARTESIAN_POINT('',(-1.540001253576E1,1.000046012672E0,1.801950138563E1));
#7961=DIRECTION('',(1.E0,0.E0,0.E0));
#7962=DIRECTION('',(0.E0,1.732870212380E-7,1.E0));
#7963=AXIS2_PLACEMENT_3D('',#7960,#7961,#7962);
#7964=PLANE('',#7963);
#7965=ORIENTED_EDGE('',*,*,#7923,.F.);
#7967=ORIENTED_EDGE('',*,*,#7966,.T.);
#7968=ORIENTED_EDGE('',*,*,#6139,.F.);
#7970=ORIENTED_EDGE('',*,*,#7969,.T.);
#7971=ORIENTED_EDGE('',*,*,#7314,.T.);
#7972=ORIENTED_EDGE('',*,*,#7955,.F.);
#7973=ORIENTED_EDGE('',*,*,#7724,.T.);
#7974=EDGE_LOOP('',(#7965,#7967,#7968,#7970,#7971,#7972,#7973));
#7975=FACE_OUTER_BOUND('',#7974,.F.);
#7976=ADVANCED_FACE('',(#7975),#7964,.T.);
#7977=CARTESIAN_POINT('',(-1.540001253576E1,1.000046116518E0,1.861877427278E1));
#7978=DIRECTION('',(0.E0,1.732870212380E-7,1.E0));
#7979=DIRECTION('',(-1.E0,0.E0,0.E0));
#7980=AXIS2_PLACEMENT_3D('',#7977,#7978,#7979);
#7981=PLANE('',#7980);
#7982=ORIENTED_EDGE('',*,*,#7921,.T.);
#7983=ORIENTED_EDGE('',*,*,#7942,.T.);
#7984=ORIENTED_EDGE('',*,*,#6141,.F.);
#7985=ORIENTED_EDGE('',*,*,#7966,.F.);
#7986=EDGE_LOOP('',(#7982,#7983,#7984,#7985));
#7987=FACE_OUTER_BOUND('',#7986,.F.);
#7988=ADVANCED_FACE('',(#7987),#7981,.T.);
#7989=CARTESIAN_POINT('',(5.020305298340E0,5.600046143987E0,1.877728834805E1));
#7990=DIRECTION('',(-6.059272674204E-4,1.732869894271E-7,9.999998164260E-1));
#7991=DIRECTION('',(9.999998164261E-1,1.049993312582E-10,6.059272674204E-4));
#7992=AXIS2_PLACEMENT_3D('',#7989,#7990,#7991);
#7993=PLANE('',#7992);
#7995=ORIENTED_EDGE('',*,*,#7994,.T.);
#7996=ORIENTED_EDGE('',*,*,#7324,.F.);
#7998=ORIENTED_EDGE('',*,*,#7997,.F.);
#7999=ORIENTED_EDGE('',*,*,#6129,.F.);
#8000=EDGE_LOOP('',(#7995,#7996,#7998,#7999));
#8001=FACE_OUTER_BOUND('',#8000,.F.);
#8002=ADVANCED_FACE('',(#8001),#7993,.F.);
#8003=CARTESIAN_POINT('',(5.020305298340E0,5.600046143987E0,1.877728834805E1));
#8004=DIRECTION('',(-6.059272674204E-4,1.732869894271E-7,9.999998164260E-1));
#8005=DIRECTION('',(9.999998164261E-1,1.049993312582E-10,6.059272674204E-4));
#8006=AXIS2_PLACEMENT_3D('',#8003,#8004,#8005);
#8007=PLANE('',#8006);
#8009=ORIENTED_EDGE('',*,*,#8008,.F.);
#8010=ORIENTED_EDGE('',*,*,#6121,.F.);
#8012=ORIENTED_EDGE('',*,*,#8011,.T.);
#8013=ORIENTED_EDGE('',*,*,#7332,.F.);
#8014=EDGE_LOOP('',(#8009,#8010,#8012,#8013));
#8015=FACE_OUTER_BOUND('',#8014,.F.);
#8016=ADVANCED_FACE('',(#8015),#8007,.F.);
#8017=CARTESIAN_POINT('',(5.020305298340E0,5.600046143987E0,1.877728834805E1));
#8018=DIRECTION('',(-6.059272674204E-4,1.732869894271E-7,9.999998164260E-1));
#8019=DIRECTION('',(9.999998164261E-1,1.049993312582E-10,6.059272674204E-4));
#8020=AXIS2_PLACEMENT_3D('',#8017,#8018,#8019);
#8021=PLANE('',#8020);
#8022=ORIENTED_EDGE('',*,*,#7939,.T.);
#8023=ORIENTED_EDGE('',*,*,#7308,.F.);
#8025=ORIENTED_EDGE('',*,*,#8024,.F.);
#8026=ORIENTED_EDGE('',*,*,#6145,.F.);
#8027=EDGE_LOOP('',(#8022,#8023,#8025,#8026));
#8028=FACE_OUTER_BOUND('',#8027,.F.);
#8029=ADVANCED_FACE('',(#8028),#8021,.F.);
#8030=CARTESIAN_POINT('',(5.020305298340E0,5.600046143987E0,1.877728834805E1));
#8031=DIRECTION('',(-6.059272674204E-4,1.732869894271E-7,9.999998164260E-1));
#8032=DIRECTION('',(9.999998164261E-1,1.049993312582E-10,6.059272674204E-4));
#8033=AXIS2_PLACEMENT_3D('',#8030,#8031,#8032);
#8034=PLANE('',#8033);
#8035=ORIENTED_EDGE('',*,*,#7969,.F.);
#8036=ORIENTED_EDGE('',*,*,#6137,.F.);
#8038=ORIENTED_EDGE('',*,*,#8037,.T.);
#8039=ORIENTED_EDGE('',*,*,#7316,.F.);
#8040=EDGE_LOOP('',(#8035,#8036,#8038,#8039));
#8041=FACE_OUTER_BOUND('',#8040,.F.);
#8042=ADVANCED_FACE('',(#8041),#8034,.F.);
#8043=CARTESIAN_POINT('',(2.249998746424E1,1.000046220491E0,1.921877427278E1));
#8044=DIRECTION('',(-1.E0,0.E0,0.E0));
#8045=DIRECTION('',(0.E0,-1.732870212380E-7,-1.E0));
#8046=AXIS2_PLACEMENT_3D('',#8043,#8044,#8045);
#8047=PLANE('',#8046);
#8049=ORIENTED_EDGE('',*,*,#8048,.F.);
#8050=ORIENTED_EDGE('',*,*,#7760,.T.);
#8052=ORIENTED_EDGE('',*,*,#8051,.T.);
#8053=ORIENTED_EDGE('',*,*,#7326,.F.);
#8054=ORIENTED_EDGE('',*,*,#7994,.F.);
#8055=ORIENTED_EDGE('',*,*,#6127,.F.);
#8057=ORIENTED_EDGE('',*,*,#8056,.F.);
#8058=EDGE_LOOP('',(#8049,#8050,#8052,#8053,#8054,#8055,#8057));
#8059=FACE_OUTER_BOUND('',#8058,.F.);
#8060=ADVANCED_FACE('',(#8059),#8047,.T.);
#8061=CARTESIAN_POINT('',(2.309998746424E1,1.250046099190E0,1.851877422946E1));
#8062=DIRECTION('',(0.E0,-3.713905154611E-1,9.284767552424E-1));
#8063=DIRECTION('',(0.E0,9.284767552424E-1,3.713905154611E-1));
#8064=AXIS2_PLACEMENT_3D('',#8061,#8062,#8063);
#8065=PLANE('',#8064);
#8066=ORIENTED_EDGE('',*,*,#8048,.T.);
#8068=ORIENTED_EDGE('',*,*,#8067,.F.);
#8070=ORIENTED_EDGE('',*,*,#8069,.T.);
#8071=ORIENTED_EDGE('',*,*,#7754,.T.);
#8072=EDGE_LOOP('',(#8066,#8068,#8070,#8071));
#8073=FACE_OUTER_BOUND('',#8072,.F.);
#8074=ADVANCED_FACE('',(#8073),#8065,.T.);
#8075=CARTESIAN_POINT('',(2.369998746424E1,1.000046116518E0,1.861877427278E1));
#8076=DIRECTION('',(0.E0,1.732870212380E-7,1.E0));
#8077=DIRECTION('',(-1.E0,0.E0,0.E0));
#8078=AXIS2_PLACEMENT_3D('',#8075,#8076,#8077);
#8079=PLANE('',#8078);
#8080=ORIENTED_EDGE('',*,*,#8067,.T.);
#8081=ORIENTED_EDGE('',*,*,#8056,.T.);
#8082=ORIENTED_EDGE('',*,*,#6125,.F.);
#8084=ORIENTED_EDGE('',*,*,#8083,.F.);
#8085=EDGE_LOOP('',(#8080,#8081,#8082,#8084));
#8086=FACE_OUTER_BOUND('',#8085,.F.);
#8087=ADVANCED_FACE('',(#8086),#8079,.T.);
#8088=CARTESIAN_POINT('',(2.369998746424E1,1.000046012546E0,1.801877427278E1));
#8089=DIRECTION('',(1.E0,0.E0,0.E0));
#8090=DIRECTION('',(0.E0,1.732870212380E-7,1.E0));
#8091=AXIS2_PLACEMENT_3D('',#8088,#8089,#8090);
#8092=PLANE('',#8091);
#8093=ORIENTED_EDGE('',*,*,#8069,.F.);
#8094=ORIENTED_EDGE('',*,*,#8083,.T.);
#8095=ORIENTED_EDGE('',*,*,#6123,.F.);
#8096=ORIENTED_EDGE('',*,*,#8008,.T.);
#8097=ORIENTED_EDGE('',*,*,#7330,.T.);
#8099=ORIENTED_EDGE('',*,*,#8098,.F.);
#8100=ORIENTED_EDGE('',*,*,#7756,.T.);
#8101=EDGE_LOOP('',(#8093,#8094,#8095,#8096,#8097,#8099,#8100));
#8102=FACE_OUTER_BOUND('',#8101,.F.);
#8103=ADVANCED_FACE('',(#8102),#8092,.T.);
#8104=CARTESIAN_POINT('',(2.249998746424E1,1.000046012672E0,1.801950138563E1));
#8105=DIRECTION('',(-6.059272674216E-4,-1.732869894271E-7,-9.999998164260E-1));
#8106=DIRECTION('',(9.999998164261E-1,-1.049993312584E-10,-6.059272674216E-4));
#8107=AXIS2_PLACEMENT_3D('',#8104,#8105,#8106);
#8108=PLANE('',#8107);
#8109=ORIENTED_EDGE('',*,*,#7328,.F.);
#8110=ORIENTED_EDGE('',*,*,#8051,.F.);
#8111=ORIENTED_EDGE('',*,*,#7758,.T.);
#8112=ORIENTED_EDGE('',*,*,#8098,.T.);
#8113=EDGE_LOOP('',(#8109,#8110,#8111,#8112));
#8114=FACE_OUTER_BOUND('',#8113,.F.);
#8115=ADVANCED_FACE('',(#8114),#8108,.T.);
#8116=CARTESIAN_POINT('',(5.649987574381E0,1.000046012546E0,1.801877427278E1));
#8117=DIRECTION('',(1.E0,0.E0,0.E0));
#8118=DIRECTION('',(0.E0,1.732870212380E-7,1.E0));
#8119=AXIS2_PLACEMENT_3D('',#8116,#8117,#8118);
#8120=PLANE('',#8119);
#8122=ORIENTED_EDGE('',*,*,#8121,.F.);
#8124=ORIENTED_EDGE('',*,*,#8123,.T.);
#8125=ORIENTED_EDGE('',*,*,#6131,.F.);
#8126=ORIENTED_EDGE('',*,*,#7997,.T.);
#8127=ORIENTED_EDGE('',*,*,#7322,.T.);
#8129=ORIENTED_EDGE('',*,*,#8128,.F.);
#8130=ORIENTED_EDGE('',*,*,#7740,.T.);
#8131=EDGE_LOOP('',(#8122,#8124,#8125,#8126,#8127,#8129,#8130));
#8132=FACE_OUTER_BOUND('',#8131,.F.);
#8133=ADVANCED_FACE('',(#8132),#8120,.T.);
#8134=CARTESIAN_POINT('',(5.049987464236E0,1.250046099190E0,1.851877422946E1));
#8135=DIRECTION('',(0.E0,-3.713905154611E-1,9.284767552424E-1));
#8136=DIRECTION('',(0.E0,9.284767552424E-1,3.713905154611E-1));
#8137=AXIS2_PLACEMENT_3D('',#8134,#8135,#8136);
#8138=PLANE('',#8137);
#8140=ORIENTED_EDGE('',*,*,#8139,.T.);
#8142=ORIENTED_EDGE('',*,*,#8141,.F.);
#8143=ORIENTED_EDGE('',*,*,#8121,.T.);
#8144=ORIENTED_EDGE('',*,*,#7738,.T.);
#8145=EDGE_LOOP('',(#8140,#8142,#8143,#8144));
#8146=FACE_OUTER_BOUND('',#8145,.F.);
#8147=ADVANCED_FACE('',(#8146),#8138,.T.);
#8148=CARTESIAN_POINT('',(4.449987354092E0,1.000046220491E0,1.921877427278E1));
#8149=DIRECTION('',(-1.E0,0.E0,0.E0));
#8150=DIRECTION('',(0.E0,-1.732870212380E-7,-1.E0));
#8151=AXIS2_PLACEMENT_3D('',#8148,#8149,#8150);
#8152=PLANE('',#8151);
#8153=ORIENTED_EDGE('',*,*,#8139,.F.);
#8154=ORIENTED_EDGE('',*,*,#7744,.T.);
#8156=ORIENTED_EDGE('',*,*,#8155,.T.);
#8157=ORIENTED_EDGE('',*,*,#7318,.F.);
#8158=ORIENTED_EDGE('',*,*,#8037,.F.);
#8159=ORIENTED_EDGE('',*,*,#6135,.F.);
#8161=ORIENTED_EDGE('',*,*,#8160,.F.);
#8162=EDGE_LOOP('',(#8153,#8154,#8156,#8157,#8158,#8159,#8161));
#8163=FACE_OUTER_BOUND('',#8162,.F.);
#8164=ADVANCED_FACE('',(#8163),#8152,.T.);
#8165=CARTESIAN_POINT('',(4.449987354092E0,1.000046012546E0,1.801877427278E1));
#8166=DIRECTION('',(0.E0,-1.732870212380E-7,-1.E0));
#8167=DIRECTION('',(1.E0,0.E0,0.E0));
#8168=AXIS2_PLACEMENT_3D('',#8165,#8166,#8167);
#8169=PLANE('',#8168);
#8170=ORIENTED_EDGE('',*,*,#7320,.F.);
#8171=ORIENTED_EDGE('',*,*,#8155,.F.);
#8172=ORIENTED_EDGE('',*,*,#7742,.T.);
#8173=ORIENTED_EDGE('',*,*,#8128,.T.);
#8174=EDGE_LOOP('',(#8170,#8171,#8172,#8173));
#8175=FACE_OUTER_BOUND('',#8174,.F.);
#8176=ADVANCED_FACE('',(#8175),#8169,.T.);
#8177=CARTESIAN_POINT('',(5.649987574381E0,1.000046116518E0,1.861877427278E1));
#8178=DIRECTION('',(0.E0,1.732870212380E-7,1.E0));
#8179=DIRECTION('',(-1.E0,0.E0,0.E0));
#8180=AXIS2_PLACEMENT_3D('',#8177,#8178,#8179);
#8181=PLANE('',#8180);
#8182=ORIENTED_EDGE('',*,*,#8141,.T.);
#8183=ORIENTED_EDGE('',*,*,#8160,.T.);
#8184=ORIENTED_EDGE('',*,*,#6133,.F.);
#8185=ORIENTED_EDGE('',*,*,#8123,.F.);
#8186=EDGE_LOOP('',(#8182,#8183,#8184,#8185));
#8187=FACE_OUTER_BOUND('',#8186,.F.);
#8188=ADVANCED_FACE('',(#8187),#8181,.T.);
#8189=CARTESIAN_POINT('',(4.497120686227E1,5.350045888249E0,1.730148422891E1));
#8190=DIRECTION('',(9.999998164261E-1,1.049993312582E-10,6.059272674204E-4));
#8191=DIRECTION('',(0.E0,-1.E0,1.732870212380E-7));
#8192=AXIS2_PLACEMENT_3D('',#8189,#8190,#8191);
#8193=PLANE('',#8192);
#8195=ORIENTED_EDGE('',*,*,#8194,.T.);
#8196=ORIENTED_EDGE('',*,*,#6003,.T.);
#8198=ORIENTED_EDGE('',*,*,#8197,.T.);
#8199=ORIENTED_EDGE('',*,*,#7334,.F.);
#8200=ORIENTED_EDGE('',*,*,#8011,.F.);
#8201=EDGE_LOOP('',(#8195,#8196,#8198,#8199,#8200));
#8202=FACE_OUTER_BOUND('',#8201,.F.);
#8203=ADVANCED_FACE('',(#8202),#8193,.F.);
#8204=CARTESIAN_POINT('',(4.752029750752E1,1.950046148447E0,1.880302724004E1));
#8205=DIRECTION('',(-6.059272674204E-4,1.732869894271E-7,9.999998164260E-1));
#8206=DIRECTION('',(9.999998164261E-1,1.049993312582E-10,6.059272674204E-4));
#8207=AXIS2_PLACEMENT_3D('',#8204,#8205,#8206);
#8208=PLANE('',#8207);
#8209=ORIENTED_EDGE('',*,*,#6119,.F.);
#8211=ORIENTED_EDGE('',*,*,#8210,.F.);
#8212=ORIENTED_EDGE('',*,*,#6005,.F.);
#8213=ORIENTED_EDGE('',*,*,#8194,.F.);
#8214=EDGE_LOOP('',(#8209,#8211,#8212,#8213));
#8215=FACE_OUTER_BOUND('',#8214,.F.);
#8216=ADVANCED_FACE('',(#8215),#8208,.T.);
#8217=CARTESIAN_POINT('',(5.007211481841E1,1.950045628854E0,1.580457290529E1));
#8218=DIRECTION('',(0.E0,1.E0,-1.732870212380E-7));
#8219=DIRECTION('',(-6.059256340061E-4,1.732869894272E-7,9.999998164270E-1));
#8220=AXIS2_PLACEMENT_3D('',#8217,#8218,#8219);
#8221=CYLINDRICAL_SURFACE('',#8220,3.E0);
#8222=ORIENTED_EDGE('',*,*,#6117,.T.);
#8224=ORIENTED_EDGE('',*,*,#8223,.F.);
#8225=ORIENTED_EDGE('',*,*,#6007,.T.);
#8226=ORIENTED_EDGE('',*,*,#8210,.T.);
#8227=EDGE_LOOP('',(#8222,#8224,#8225,#8226));
#8228=FACE_OUTER_BOUND('',#8227,.F.);
#8229=ADVANCED_FACE('',(#8228),#8221,.T.);
#8230=CARTESIAN_POINT('',(5.307362908172E1,1.950045195953E0,1.330639797072E1));
#8231=DIRECTION('',(9.999998164261E-1,1.049993312582E-10,6.059272674204E-4));
#8232=DIRECTION('',(6.059272674204E-4,-1.732869894271E-7,-9.999998164260E-1));
#8233=AXIS2_PLACEMENT_3D('',#8230,#8231,#8232);
#8234=PLANE('',#8233);
#8235=ORIENTED_EDGE('',*,*,#6115,.F.);
#8237=ORIENTED_EDGE('',*,*,#8236,.F.);
#8238=ORIENTED_EDGE('',*,*,#6009,.F.);
#8239=ORIENTED_EDGE('',*,*,#8223,.T.);
#8240=EDGE_LOOP('',(#8235,#8237,#8238,#8239));
#8241=FACE_OUTER_BOUND('',#8240,.F.);
#8242=ADVANCED_FACE('',(#8241),#8234,.T.);
#8243=CARTESIAN_POINT('',(5.152514418669E1,5.350044762571E0,1.080545182852E1));
#8244=DIRECTION('',(-6.059272674204E-4,1.732869894271E-7,9.999998164260E-1));
#8245=DIRECTION('',(0.E0,-1.E0,1.732870212380E-7));
#8246=AXIS2_PLACEMENT_3D('',#8243,#8244,#8245);
#8247=PLANE('',#8246);
#8249=ORIENTED_EDGE('',*,*,#8248,.T.);
#8250=ORIENTED_EDGE('',*,*,#5999,.F.);
#8251=ORIENTED_EDGE('',*,*,#8236,.T.);
#8253=ORIENTED_EDGE('',*,*,#8252,.F.);
#8254=ORIENTED_EDGE('',*,*,#7338,.F.);
#8255=EDGE_LOOP('',(#8249,#8250,#8251,#8253,#8254));
#8256=FACE_OUTER_BOUND('',#8255,.F.);
#8257=ADVANCED_FACE('',(#8256),#8247,.F.);
#8258=CARTESIAN_POINT('',(4.997211483676E1,5.350045628843E0,1.580451172339E1));
#8259=DIRECTION('',(0.E0,1.E0,-1.732870212380E-7));
#8260=DIRECTION('',(6.059263874958E-4,-1.732869894271E-7,-9.999998164266E-1));
#8261=AXIS2_PLACEMENT_3D('',#8258,#8259,#8260);
#8262=CYLINDRICAL_SURFACE('',#8261,5.E0);
#8263=ORIENTED_EDGE('',*,*,#6001,.T.);
#8264=ORIENTED_EDGE('',*,*,#8248,.F.);
#8265=ORIENTED_EDGE('',*,*,#7336,.T.);
#8266=ORIENTED_EDGE('',*,*,#8197,.F.);
#8267=EDGE_LOOP('',(#8263,#8264,#8265,#8266));
#8268=FACE_OUTER_BOUND('',#8267,.F.);
#8269=ADVANCED_FACE('',(#8268),#8262,.T.);
#8270=CARTESIAN_POINT('',(5.308605059070E1,5.600041643569E0,-7.193598898512E0));
#8271=DIRECTION('',(9.999998164261E-1,1.049993312582E-10,6.059272674204E-4));
#8272=DIRECTION('',(6.059272674204E-4,-1.732869894271E-7,-9.999998164260E-1));
#8273=AXIS2_PLACEMENT_3D('',#8270,#8271,#8272);
#8274=PLANE('',#8273);
#8276=ORIENTED_EDGE('',*,*,#8275,.T.);
#8277=ORIENTED_EDGE('',*,*,#7348,.T.);
#8279=ORIENTED_EDGE('',*,*,#8278,.F.);
#8280=ORIENTED_EDGE('',*,*,#6105,.F.);
#8282=ORIENTED_EDGE('',*,*,#8281,.T.);
#8284=ORIENTED_EDGE('',*,*,#8283,.F.);
#8286=ORIENTED_EDGE('',*,*,#8285,.F.);
#8288=ORIENTED_EDGE('',*,*,#8287,.F.);
#8290=ORIENTED_EDGE('',*,*,#8289,.F.);
#8291=ORIENTED_EDGE('',*,*,#6215,.F.);
#8292=EDGE_LOOP('',(#8276,#8277,#8279,#8280,#8282,#8284,#8286,#8288,#8290,
#8291));
#8293=FACE_OUTER_BOUND('',#8292,.F.);
#8294=ADVANCED_FACE('',(#8293),#8274,.F.);
#8295=CARTESIAN_POINT('',(5.308605059070E1,5.600041643569E0,-7.193598898512E0));
#8296=DIRECTION('',(9.999998164261E-1,1.049993312582E-10,6.059272674204E-4));
#8297=DIRECTION('',(6.059272674204E-4,-1.732869894271E-7,-9.999998164260E-1));
#8298=AXIS2_PLACEMENT_3D('',#8295,#8296,#8297);
#8299=PLANE('',#8298);
#8301=ORIENTED_EDGE('',*,*,#8300,.F.);
#8302=ORIENTED_EDGE('',*,*,#6207,.F.);
#8303=ORIENTED_EDGE('',*,*,#5935,.F.);
#8304=ORIENTED_EDGE('',*,*,#7356,.T.);
#8305=EDGE_LOOP('',(#8301,#8302,#8303,#8304));
#8306=FACE_OUTER_BOUND('',#8305,.F.);
#8307=ADVANCED_FACE('',(#8306),#8299,.F.);
#8308=CARTESIAN_POINT('',(5.308605059070E1,5.600041643569E0,-7.193598898512E0));
#8309=DIRECTION('',(9.999998164261E-1,1.049993312582E-10,6.059272674204E-4));
#8310=DIRECTION('',(6.059272674204E-4,-1.732869894271E-7,-9.999998164260E-1));
#8311=AXIS2_PLACEMENT_3D('',#8308,#8309,#8310);
#8312=PLANE('',#8311);
#8314=ORIENTED_EDGE('',*,*,#8313,.T.);
#8315=ORIENTED_EDGE('',*,*,#7340,.T.);
#8316=ORIENTED_EDGE('',*,*,#8252,.T.);
#8317=ORIENTED_EDGE('',*,*,#6113,.F.);
#8318=EDGE_LOOP('',(#8314,#8315,#8316,#8317));
#8319=FACE_OUTER_BOUND('',#8318,.F.);
#8320=ADVANCED_FACE('',(#8319),#8312,.F.);
#8321=CARTESIAN_POINT('',(5.349356503809E1,1.000039494497E0,-1.959540483402E1));
#8322=DIRECTION('',(0.E0,1.732870212380E-7,1.E0));
#8323=DIRECTION('',(-1.E0,0.E0,0.E0));
#8324=AXIS2_PLACEMENT_3D('',#8321,#8322,#8323);
#8325=PLANE('',#8324);
#8327=ORIENTED_EDGE('',*,*,#8326,.F.);
#8328=ORIENTED_EDGE('',*,*,#7824,.T.);
#8330=ORIENTED_EDGE('',*,*,#8329,.T.);
#8331=ORIENTED_EDGE('',*,*,#7350,.F.);
#8332=ORIENTED_EDGE('',*,*,#8275,.F.);
#8333=ORIENTED_EDGE('',*,*,#6213,.F.);
#8335=ORIENTED_EDGE('',*,*,#8334,.F.);
#8336=EDGE_LOOP('',(#8327,#8328,#8330,#8331,#8332,#8333,#8335));
#8337=FACE_OUTER_BOUND('',#8336,.F.);
#8338=ADVANCED_FACE('',(#8337),#8325,.T.);
#8339=CARTESIAN_POINT('',(5.279356503809E1,1.250039390525E0,-2.019540487735E1));
#8340=DIRECTION('',(9.284766908853E-1,-3.713906763541E-1,6.435718402111E-8));
#8341=DIRECTION('',(3.713906763541E-1,9.284766908852E-1,-1.608929600528E-7));
#8342=AXIS2_PLACEMENT_3D('',#8339,#8340,#8341);
#8343=PLANE('',#8342);
#8344=ORIENTED_EDGE('',*,*,#8326,.T.);
#8346=ORIENTED_EDGE('',*,*,#8345,.F.);
#8348=ORIENTED_EDGE('',*,*,#8347,.T.);
#8349=ORIENTED_EDGE('',*,*,#7818,.T.);
#8350=EDGE_LOOP('',(#8344,#8346,#8348,#8349));
#8351=FACE_OUTER_BOUND('',#8350,.F.);
#8352=ADVANCED_FACE('',(#8351),#8343,.T.);
#8353=CARTESIAN_POINT('',(5.289356503809E1,1.000039286553E0,-2.079540483402E1));
#8354=DIRECTION('',(1.E0,0.E0,0.E0));
#8355=DIRECTION('',(0.E0,1.732870212380E-7,1.E0));
#8356=AXIS2_PLACEMENT_3D('',#8353,#8354,#8355);
#8357=PLANE('',#8356);
#8358=ORIENTED_EDGE('',*,*,#8345,.T.);
#8359=ORIENTED_EDGE('',*,*,#8334,.T.);
#8360=ORIENTED_EDGE('',*,*,#6211,.F.);
#8362=ORIENTED_EDGE('',*,*,#8361,.F.);
#8363=EDGE_LOOP('',(#8358,#8359,#8360,#8362));
#8364=FACE_OUTER_BOUND('',#8363,.F.);
#8365=ADVANCED_FACE('',(#8364),#8357,.T.);
#8366=CARTESIAN_POINT('',(5.229429215094E1,1.000039286553E0,-2.079540483402E1));
#8367=DIRECTION('',(0.E0,-1.732870212380E-7,-1.E0));
#8368=DIRECTION('',(1.E0,0.E0,0.E0));
#8369=AXIS2_PLACEMENT_3D('',#8366,#8367,#8368);
#8370=PLANE('',#8369);
#8371=ORIENTED_EDGE('',*,*,#8347,.F.);
#8372=ORIENTED_EDGE('',*,*,#8361,.T.);
#8373=ORIENTED_EDGE('',*,*,#6209,.F.);
#8374=ORIENTED_EDGE('',*,*,#8300,.T.);
#8375=ORIENTED_EDGE('',*,*,#7354,.T.);
#8377=ORIENTED_EDGE('',*,*,#8376,.F.);
#8378=ORIENTED_EDGE('',*,*,#7820,.T.);
#8379=EDGE_LOOP('',(#8371,#8372,#8373,#8374,#8375,#8377,#8378));
#8380=FACE_OUTER_BOUND('',#8379,.F.);
#8381=ADVANCED_FACE('',(#8380),#8370,.T.);
#8382=CARTESIAN_POINT('',(5.229356503809E1,1.000039494497E0,-1.959540483402E1));
#8383=DIRECTION('',(-9.999998164261E-1,-1.049993312594E-10,-6.059272674275E-4));
#8384=DIRECTION('',(6.059272674275E-4,-1.732869894271E-7,-9.999998164260E-1));
#8385=AXIS2_PLACEMENT_3D('',#8382,#8383,#8384);
#8386=PLANE('',#8385);
#8387=ORIENTED_EDGE('',*,*,#7352,.F.);
#8388=ORIENTED_EDGE('',*,*,#8329,.F.);
#8389=ORIENTED_EDGE('',*,*,#7822,.T.);
#8390=ORIENTED_EDGE('',*,*,#8376,.T.);
#8391=EDGE_LOOP('',(#8387,#8388,#8389,#8390));
#8392=FACE_OUTER_BOUND('',#8391,.F.);
#8393=ADVANCED_FACE('',(#8392),#8386,.T.);
#8394=CARTESIAN_POINT('',(5.229356503809E1,1.000043792015E0,5.204595165975E0));
#8395=DIRECTION('',(0.E0,-1.732870212380E-7,-1.E0));
#8396=DIRECTION('',(1.E0,0.E0,0.E0));
#8397=AXIS2_PLACEMENT_3D('',#8394,#8395,#8396);
#8398=PLANE('',#8397);
#8400=ORIENTED_EDGE('',*,*,#8399,.F.);
#8402=ORIENTED_EDGE('',*,*,#8401,.T.);
#8403=ORIENTED_EDGE('',*,*,#6107,.F.);
#8404=ORIENTED_EDGE('',*,*,#8278,.T.);
#8405=ORIENTED_EDGE('',*,*,#7346,.T.);
#8407=ORIENTED_EDGE('',*,*,#8406,.F.);
#8408=ORIENTED_EDGE('',*,*,#7804,.T.);
#8409=EDGE_LOOP('',(#8400,#8402,#8403,#8404,#8405,#8407,#8408));
#8410=FACE_OUTER_BOUND('',#8409,.F.);
#8411=ADVANCED_FACE('',(#8410),#8398,.T.);
#8412=CARTESIAN_POINT('',(5.279356503809E1,1.250043895988E0,5.804595122653E0));
#8413=DIRECTION('',(9.284766908853E-1,-3.713906763541E-1,6.435718402111E-8));
#8414=DIRECTION('',(3.713906763541E-1,9.284766908852E-1,-1.608929600528E-7));
#8415=AXIS2_PLACEMENT_3D('',#8412,#8413,#8414);
#8416=PLANE('',#8415);
#8418=ORIENTED_EDGE('',*,*,#8417,.T.);
#8420=ORIENTED_EDGE('',*,*,#8419,.F.);
#8421=ORIENTED_EDGE('',*,*,#8399,.T.);
#8422=ORIENTED_EDGE('',*,*,#7802,.T.);
#8423=EDGE_LOOP('',(#8418,#8420,#8421,#8422));
#8424=FACE_OUTER_BOUND('',#8423,.F.);
#8425=ADVANCED_FACE('',(#8424),#8416,.T.);
#8426=CARTESIAN_POINT('',(5.349356503809E1,1.000043999960E0,6.404595165975E0));
#8427=DIRECTION('',(0.E0,1.732870212380E-7,1.E0));
#8428=DIRECTION('',(-1.E0,0.E0,0.E0));
#8429=AXIS2_PLACEMENT_3D('',#8426,#8427,#8428);
#8430=PLANE('',#8429);
#8431=ORIENTED_EDGE('',*,*,#8417,.F.);
#8432=ORIENTED_EDGE('',*,*,#7808,.T.);
#8434=ORIENTED_EDGE('',*,*,#8433,.T.);
#8435=ORIENTED_EDGE('',*,*,#7342,.F.);
#8436=ORIENTED_EDGE('',*,*,#8313,.F.);
#8437=ORIENTED_EDGE('',*,*,#6111,.F.);
#8439=ORIENTED_EDGE('',*,*,#8438,.F.);
#8440=EDGE_LOOP('',(#8431,#8432,#8434,#8435,#8436,#8437,#8439));
#8441=FACE_OUTER_BOUND('',#8440,.F.);
#8442=ADVANCED_FACE('',(#8441),#8430,.T.);
#8443=CARTESIAN_POINT('',(5.229429215094E1,1.000043999960E0,6.404595165975E0));
#8444=DIRECTION('',(-9.999998164261E-1,1.049993312594E-10,6.059272674275E-4));
#8445=DIRECTION('',(-6.059272674275E-4,-1.732869894271E-7,-9.999998164260E-1));
#8446=AXIS2_PLACEMENT_3D('',#8443,#8444,#8445);
#8447=PLANE('',#8446);
#8448=ORIENTED_EDGE('',*,*,#7344,.F.);
#8449=ORIENTED_EDGE('',*,*,#8433,.F.);
#8450=ORIENTED_EDGE('',*,*,#7806,.T.);
#8451=ORIENTED_EDGE('',*,*,#8406,.T.);
#8452=EDGE_LOOP('',(#8448,#8449,#8450,#8451));
#8453=FACE_OUTER_BOUND('',#8452,.F.);
#8454=ADVANCED_FACE('',(#8453),#8447,.T.);
#8455=CARTESIAN_POINT('',(5.289356503809E1,1.000043792015E0,5.204595165975E0));
#8456=DIRECTION('',(1.E0,0.E0,0.E0));
#8457=DIRECTION('',(0.E0,1.732870212380E-7,1.E0));
#8458=AXIS2_PLACEMENT_3D('',#8455,#8456,#8457);
#8459=PLANE('',#8458);
#8460=ORIENTED_EDGE('',*,*,#8419,.T.);
#8461=ORIENTED_EDGE('',*,*,#8438,.T.);
#8462=ORIENTED_EDGE('',*,*,#6109,.F.);
#8463=ORIENTED_EDGE('',*,*,#8401,.F.);
#8464=EDGE_LOOP('',(#8460,#8461,#8462,#8463));
#8465=FACE_OUTER_BOUND('',#8464,.F.);
#8466=ADVANCED_FACE('',(#8465),#8459,.T.);
#8467=CARTESIAN_POINT('',(5.394084203778E1,5.047530100129E0,
-9.430728891996E-1));
#8468=DIRECTION('',(-6.059272674204E-4,1.732869894271E-7,9.999998164260E-1));
#8469=DIRECTION('',(9.999998164261E-1,1.049993312582E-10,6.059272674204E-4));
#8470=AXIS2_PLACEMENT_3D('',#8467,#8468,#8469);
#8471=PLANE('',#8470);
#8473=ORIENTED_EDGE('',*,*,#8472,.T.);
#8475=ORIENTED_EDGE('',*,*,#8474,.F.);
#8476=ORIENTED_EDGE('',*,*,#8281,.F.);
#8477=ORIENTED_EDGE('',*,*,#6103,.F.);
#8479=ORIENTED_EDGE('',*,*,#8478,.T.);
#8481=ORIENTED_EDGE('',*,*,#8480,.T.);
#8482=EDGE_LOOP('',(#8473,#8475,#8476,#8477,#8479,#8481));
#8483=FACE_OUTER_BOUND('',#8482,.F.);
#8484=ADVANCED_FACE('',(#8483),#8471,.F.);
#8485=CARTESIAN_POINT('',(5.479924913131E1,5.047530149232E0,
-6.597099924469E-1));
#8486=DIRECTION('',(0.E0,-1.E0,1.732870212380E-7));
#8487=DIRECTION('',(6.059442372780E-4,-1.732869894253E-7,-9.999998164158E-1));
#8488=AXIS2_PLACEMENT_3D('',#8485,#8486,#8487);
#8489=CYLINDRICAL_SURFACE('',#8488,2.828427124747E-1);
#8491=ORIENTED_EDGE('',*,*,#8490,.F.);
#8493=ORIENTED_EDGE('',*,*,#8492,.F.);
#8494=ORIENTED_EDGE('',*,*,#8472,.F.);
#8496=ORIENTED_EDGE('',*,*,#8495,.T.);
#8497=EDGE_LOOP('',(#8491,#8493,#8494,#8496));
#8498=FACE_OUTER_BOUND('',#8497,.F.);
#8499=ADVANCED_FACE('',(#8498),#8489,.T.);
#8500=CARTESIAN_POINT('',(5.507211389208E1,4.891806409356E0,1.580761598083E1));
#8501=DIRECTION('',(9.999998164261E-1,1.049993312910E-10,6.059272676098E-4));
#8502=DIRECTION('',(-6.059272676099E-4,1.732869894271E-7,9.999998164260E-1));
#8503=AXIS2_PLACEMENT_3D('',#8500,#8501,#8502);
#8504=PLANE('',#8503);
#8506=ORIENTED_EDGE('',*,*,#8505,.F.);
#8508=ORIENTED_EDGE('',*,*,#8507,.F.);
#8509=ORIENTED_EDGE('',*,*,#6436,.T.);
#8511=ORIENTED_EDGE('',*,*,#8510,.T.);
#8513=ORIENTED_EDGE('',*,*,#8512,.F.);
#8515=ORIENTED_EDGE('',*,*,#8514,.T.);
#8517=ORIENTED_EDGE('',*,*,#8516,.T.);
#8519=ORIENTED_EDGE('',*,*,#8518,.F.);
#8521=ORIENTED_EDGE('',*,*,#8520,.T.);
#8523=ORIENTED_EDGE('',*,*,#8522,.F.);
#8524=ORIENTED_EDGE('',*,*,#8490,.T.);
#8526=ORIENTED_EDGE('',*,*,#8525,.T.);
#8528=ORIENTED_EDGE('',*,*,#8527,.F.);
#8530=ORIENTED_EDGE('',*,*,#8529,.T.);
#8532=ORIENTED_EDGE('',*,*,#8531,.T.);
#8534=ORIENTED_EDGE('',*,*,#8533,.T.);
#8535=EDGE_LOOP('',(#8506,#8508,#8509,#8511,#8513,#8515,#8517,#8519,#8521,#8523,
#8524,#8526,#8528,#8530,#8532,#8534));
#8536=FACE_OUTER_BOUND('',#8535,.F.);
#8537=ADVANCED_FACE('',(#8536),#8504,.T.);
#8538=CARTESIAN_POINT('',(5.460008435160E1,1.050005397220E1,-3.035394209403E1));
#8539=DIRECTION('',(-6.059272676098E-4,1.732869894170E-7,9.999998164260E-1));
#8540=DIRECTION('',(9.999998164261E-1,1.050004527774E-10,6.059272676098E-4));
#8541=AXIS2_PLACEMENT_3D('',#8538,#8539,#8540);
#8542=CYLINDRICAL_SURFACE('',#8541,5.E-1);
#8543=ORIENTED_EDGE('',*,*,#8505,.T.);
#8545=ORIENTED_EDGE('',*,*,#8544,.T.);
#8546=ORIENTED_EDGE('',*,*,#6512,.F.);
#8548=ORIENTED_EDGE('',*,*,#8547,.F.);
#8549=EDGE_LOOP('',(#8543,#8545,#8546,#8548));
#8550=FACE_OUTER_BOUND('',#8549,.F.);
#8551=ADVANCED_FACE('',(#8550),#8542,.T.);
#8552=CARTESIAN_POINT('',(5.007211476348E1,1.050006162716E1,1.580466206784E1));
#8553=DIRECTION('',(-1.565437770419E-9,9.999999999971E-1,2.410253155916E-6));
#8554=DIRECTION('',(9.995805589858E-1,7.136672882287E-8,-2.896042295271E-2));
#8555=AXIS2_PLACEMENT_3D('',#8552,#8553,#8554);
#8556=TOROIDAL_SURFACE('',#8555,4.5E0,5.E-1);
#8558=ORIENTED_EDGE('',*,*,#8557,.T.);
#8560=ORIENTED_EDGE('',*,*,#8559,.T.);
#8561=ORIENTED_EDGE('',*,*,#6514,.F.);
#8562=ORIENTED_EDGE('',*,*,#8544,.F.);
#8563=EDGE_LOOP('',(#8558,#8560,#8561,#8562));
#8564=FACE_OUTER_BOUND('',#8563,.F.);
#8565=ADVANCED_FACE('',(#8564),#8556,.T.);
#8566=CARTESIAN_POINT('',(5.007211483554E1,-3.553286056371E1,1.580455111685E1));
#8567=DIRECTION('',(-1.565437770419E-9,9.999999999971E-1,2.410253155916E-6));
#8568=DIRECTION('',(-6.059272674179E-4,-2.410253661998E-6,9.999998164232E-1));
#8569=AXIS2_PLACEMENT_3D('',#8566,#8567,#8568);
#8570=CYLINDRICAL_SURFACE('',#8569,5.E0);
#8571=ORIENTED_EDGE('',*,*,#8557,.F.);
#8572=ORIENTED_EDGE('',*,*,#8533,.F.);
#8574=ORIENTED_EDGE('',*,*,#8573,.T.);
#8576=ORIENTED_EDGE('',*,*,#8575,.T.);
#8577=EDGE_LOOP('',(#8571,#8572,#8574,#8576));
#8578=FACE_OUTER_BOUND('',#8577,.F.);
#8579=ADVANCED_FACE('',(#8578),#8570,.T.);
#8580=CARTESIAN_POINT('',(5.231110048327E1,4.483197096050E-5,1.120594271085E1));
#8581=DIRECTION('',(0.E0,-1.E0,1.732870212380E-7));
#8582=DIRECTION('',(9.999998164261E-1,1.049993312582E-10,6.059272674204E-4));
#8583=AXIS2_PLACEMENT_3D('',#8580,#8581,#8582);
#8584=PLANE('',#8583);
#8585=ORIENTED_EDGE('',*,*,#8573,.F.);
#8586=ORIENTED_EDGE('',*,*,#8531,.F.);
#8588=ORIENTED_EDGE('',*,*,#8587,.F.);
#8590=ORIENTED_EDGE('',*,*,#8589,.T.);
#8592=ORIENTED_EDGE('',*,*,#8591,.F.);
#8594=ORIENTED_EDGE('',*,*,#8593,.F.);
#8596=ORIENTED_EDGE('',*,*,#8595,.F.);
#8598=ORIENTED_EDGE('',*,*,#8597,.F.);
#8600=ORIENTED_EDGE('',*,*,#8599,.F.);
#8601=EDGE_LOOP('',(#8585,#8586,#8588,#8590,#8592,#8594,#8596,#8598,#8600));
#8602=FACE_OUTER_BOUND('',#8601,.F.);
#8603=ADVANCED_FACE('',(#8602),#8584,.T.);
#8604=CARTESIAN_POINT('',(5.479830994404E1,6.561090615923E-1,
8.902904839898E-1));
#8605=DIRECTION('',(0.E0,-1.E0,1.732870212380E-7));
#8606=DIRECTION('',(6.059385803239E-4,-1.732869894259E-7,-9.999998164192E-1));
#8607=AXIS2_PLACEMENT_3D('',#8604,#8605,#8606);
#8608=CYLINDRICAL_SURFACE('',#8607,2.828427124747E-1);
#8609=ORIENTED_EDGE('',*,*,#8587,.T.);
#8610=ORIENTED_EDGE('',*,*,#8529,.F.);
#8612=ORIENTED_EDGE('',*,*,#8611,.F.);
#8614=ORIENTED_EDGE('',*,*,#8613,.F.);
#8615=EDGE_LOOP('',(#8609,#8610,#8612,#8614));
#8616=FACE_OUTER_BOUND('',#8615,.F.);
#8617=ADVANCED_FACE('',(#8616),#8608,.T.);
#8618=CARTESIAN_POINT('',(5.479865279237E1,1.312174980756E0,3.246050492580E-1));
#8619=DIRECTION('',(9.999998164261E-1,1.049993312582E-10,6.059272674204E-4));
#8620=DIRECTION('',(2.140945146219E-14,1.E0,-1.733223546001E-7));
#8621=AXIS2_PLACEMENT_3D('',#8618,#8619,#8620);
#8622=TOROIDAL_SURFACE('',#8621,5.656853619272E-1,2.828427124746E-1);
#8623=ORIENTED_EDGE('',*,*,#8527,.T.);
#8625=ORIENTED_EDGE('',*,*,#8624,.F.);
#8627=ORIENTED_EDGE('',*,*,#8626,.F.);
#8628=ORIENTED_EDGE('',*,*,#8611,.T.);
#8629=EDGE_LOOP('',(#8623,#8625,#8627,#8628));
#8630=FACE_OUTER_BOUND('',#8629,.F.);
#8631=ADVANCED_FACE('',(#8630),#8622,.T.);
#8632=CARTESIAN_POINT('',(5.479895091979E1,1.877860320412E0,
-1.675522460046E-1));
#8633=DIRECTION('',(-6.059272674204E-4,1.732869894271E-7,9.999998164260E-1));
#8634=DIRECTION('',(-2.009717978182E-13,-1.E0,1.732870211163E-7));
#8635=AXIS2_PLACEMENT_3D('',#8632,#8633,#8634);
#8636=CYLINDRICAL_SURFACE('',#8635,2.828427124749E-1);
#8637=ORIENTED_EDGE('',*,*,#8525,.F.);
#8639=ORIENTED_EDGE('',*,*,#8638,.T.);
#8641=ORIENTED_EDGE('',*,*,#8640,.F.);
#8642=ORIENTED_EDGE('',*,*,#8624,.T.);
#8643=EDGE_LOOP('',(#8637,#8639,#8641,#8642));
#8644=FACE_OUTER_BOUND('',#8643,.F.);
#8645=ADVANCED_FACE('',(#8644),#8636,.T.);
#8646=CARTESIAN_POINT('',(5.479924913131E1,1.877860235127E0,
-6.597094431843E-1));
#8647=DIRECTION('',(-4.284552796988E-4,-7.071066586541E-1,7.071067739126E-1));
#8648=DIRECTION('',(4.284552794978E-4,-7.071069037190E-1,-7.071065288477E-1));
#8649=AXIS2_PLACEMENT_3D('',#8646,#8647,#8648);
#8650=SPHERICAL_SURFACE('',#8649,2.828427124746E-1);
#8651=ORIENTED_EDGE('',*,*,#8495,.F.);
#8653=ORIENTED_EDGE('',*,*,#8652,.T.);
#8654=ORIENTED_EDGE('',*,*,#8638,.F.);
#8655=EDGE_LOOP('',(#8651,#8653,#8654));
#8656=FACE_OUTER_BOUND('',#8655,.F.);
#8657=ADVANCED_FACE('',(#8656),#8650,.T.);
#8658=CARTESIAN_POINT('',(5.449067054420E1,1.877860235095E0,
-6.598964193987E-1));
#8659=DIRECTION('',(9.999998164261E-1,1.049993312582E-10,6.059272674204E-4));
#8660=DIRECTION('',(0.E0,-1.E0,1.732869835558E-7));
#8661=AXIS2_PLACEMENT_3D('',#8658,#8659,#8660);
#8662=CYLINDRICAL_SURFACE('',#8661,2.828427124746E-1);
#8663=ORIENTED_EDGE('',*,*,#8480,.F.);
#8665=ORIENTED_EDGE('',*,*,#8664,.T.);
#8667=ORIENTED_EDGE('',*,*,#8666,.F.);
#8668=ORIENTED_EDGE('',*,*,#8652,.F.);
#8669=EDGE_LOOP('',(#8663,#8665,#8667,#8668));
#8670=FACE_OUTER_BOUND('',#8669,.F.);
#8671=ADVANCED_FACE('',(#8670),#8662,.T.);
#8672=CARTESIAN_POINT('',(5.417718869835E1,1.100044178008E0,7.432072541193E0));
#8673=DIRECTION('',(9.999998164261E-1,1.049993312582E-10,6.059272674204E-4));
#8674=DIRECTION('',(-6.059272674204E-4,1.732869894271E-7,9.999998164260E-1));
#8675=AXIS2_PLACEMENT_3D('',#8672,#8673,#8674);
#8676=PLANE('',#8675);
#8678=ORIENTED_EDGE('',*,*,#8677,.T.);
#8679=ORIENTED_EDGE('',*,*,#8591,.T.);
#8681=ORIENTED_EDGE('',*,*,#8680,.T.);
#8683=ORIENTED_EDGE('',*,*,#8682,.F.);
#8685=ORIENTED_EDGE('',*,*,#8684,.T.);
#8686=ORIENTED_EDGE('',*,*,#8664,.F.);
#8687=ORIENTED_EDGE('',*,*,#8478,.F.);
#8688=ORIENTED_EDGE('',*,*,#6101,.T.);
#8689=EDGE_LOOP('',(#8678,#8679,#8681,#8683,#8685,#8686,#8687,#8688));
#8690=FACE_OUTER_BOUND('',#8689,.F.);
#8691=ADVANCED_FACE('',(#8690),#8676,.F.);
#8692=CARTESIAN_POINT('',(5.007211370869E1,2.769884431001E1,1.580639987421E1));
#8693=DIRECTION('',(0.E0,-1.E0,1.732870211823E-7));
#8694=DIRECTION('',(9.999998164261E-1,1.049993312245E-10,6.059272674208E-4));
#8695=AXIS2_PLACEMENT_3D('',#8692,#8693,#8694);
#8696=CYLINDRICAL_SURFACE('',#8695,4.1E0);
#8697=ORIENTED_EDGE('',*,*,#6099,.T.);
#8699=ORIENTED_EDGE('',*,*,#8698,.T.);
#8700=ORIENTED_EDGE('',*,*,#8593,.T.);
#8701=ORIENTED_EDGE('',*,*,#8677,.F.);
#8702=EDGE_LOOP('',(#8697,#8699,#8700,#8701));
#8703=FACE_OUTER_BOUND('',#8702,.F.);
#8704=ADVANCED_FACE('',(#8703),#8696,.F.);
#8705=CARTESIAN_POINT('',(3.932102658022E1,-5.924536614806E-1,
1.989989115133E1));
#8706=DIRECTION('',(-6.059272674204E-4,1.732869894271E-7,9.999998164260E-1));
#8707=DIRECTION('',(0.E0,1.E0,-1.732870212380E-7));
#8708=AXIS2_PLACEMENT_3D('',#8705,#8706,#8707);
#8709=PLANE('',#8708);
#8711=ORIENTED_EDGE('',*,*,#8710,.F.);
#8713=ORIENTED_EDGE('',*,*,#8712,.T.);
#8714=ORIENTED_EDGE('',*,*,#8595,.T.);
#8715=ORIENTED_EDGE('',*,*,#8698,.F.);
#8716=ORIENTED_EDGE('',*,*,#6097,.T.);
#8717=ORIENTED_EDGE('',*,*,#6242,.T.);
#8718=ORIENTED_EDGE('',*,*,#6362,.T.);
#8720=ORIENTED_EDGE('',*,*,#8719,.F.);
#8722=ORIENTED_EDGE('',*,*,#8721,.F.);
#8724=ORIENTED_EDGE('',*,*,#8723,.F.);
#8726=ORIENTED_EDGE('',*,*,#8725,.F.);
#8728=ORIENTED_EDGE('',*,*,#8727,.F.);
#8730=ORIENTED_EDGE('',*,*,#8729,.T.);
#8732=ORIENTED_EDGE('',*,*,#8731,.F.);
#8733=EDGE_LOOP('',(#8711,#8713,#8714,#8715,#8716,#8717,#8718,#8720,#8722,#8724,
#8726,#8728,#8730,#8732));
#8734=FACE_OUTER_BOUND('',#8733,.F.);
#8735=ADVANCED_FACE('',(#8734),#8709,.F.);
#8736=CARTESIAN_POINT('',(4.022403932218E1,-6.849771316517E-1,
-1.155411296284E2));
#8737=DIRECTION('',(-6.059272674204E-4,1.732869894270E-7,9.999998164260E-1));
#8738=DIRECTION('',(0.E0,-1.E0,1.732870212380E-7));
#8739=AXIS2_PLACEMENT_3D('',#8736,#8737,#8738);
#8740=CYLINDRICAL_SURFACE('',#8739,5.E-1);
#8741=ORIENTED_EDGE('',*,*,#8710,.T.);
#8743=ORIENTED_EDGE('',*,*,#8742,.T.);
#8745=ORIENTED_EDGE('',*,*,#8744,.T.);
#8747=ORIENTED_EDGE('',*,*,#8746,.F.);
#8748=EDGE_LOOP('',(#8741,#8743,#8745,#8747));
#8749=FACE_OUTER_BOUND('',#8748,.F.);
#8750=ADVANCED_FACE('',(#8749),#8740,.T.);
#8751=CARTESIAN_POINT('',(3.378114523793E1,-1.184953496486E0,2.085203757675E1));
#8752=DIRECTION('',(0.E0,-1.E0,1.732870212380E-7));
#8753=DIRECTION('',(9.999998164261E-1,1.049993312582E-10,6.059272674204E-4));
#8754=AXIS2_PLACEMENT_3D('',#8751,#8752,#8753);
#8755=PLANE('',#8754);
#8756=ORIENTED_EDGE('',*,*,#8742,.F.);
#8757=ORIENTED_EDGE('',*,*,#8731,.T.);
#8759=ORIENTED_EDGE('',*,*,#8758,.F.);
#8761=ORIENTED_EDGE('',*,*,#8760,.F.);
#8763=ORIENTED_EDGE('',*,*,#8762,.F.);
#8764=ORIENTED_EDGE('',*,*,#8723,.T.);
#8766=ORIENTED_EDGE('',*,*,#8765,.T.);
#8768=ORIENTED_EDGE('',*,*,#8767,.T.);
#8770=ORIENTED_EDGE('',*,*,#8769,.F.);
#8772=ORIENTED_EDGE('',*,*,#8771,.F.);
#8774=ORIENTED_EDGE('',*,*,#8773,.F.);
#8776=ORIENTED_EDGE('',*,*,#8775,.T.);
#8777=EDGE_LOOP('',(#8756,#8757,#8759,#8761,#8763,#8764,#8766,#8768,#8770,#8772,
#8774,#8776));
#8778=FACE_OUTER_BOUND('',#8777,.F.);
#8779=ADVANCED_FACE('',(#8778),#8755,.T.);
#8780=CARTESIAN_POINT('',(3.872989074160E1,3.788649098357E1,2.039952638983E1));
#8781=DIRECTION('',(0.E0,-1.E0,1.732870212439E-7));
#8782=DIRECTION('',(-6.593406127578E-1,-1.302848712780E-7,-7.518443697788E-1));
#8783=AXIS2_PLACEMENT_3D('',#8780,#8781,#8782);
#8784=CYLINDRICAL_SURFACE('',#8783,5.E-1);
#8786=ORIENTED_EDGE('',*,*,#8785,.T.);
#8787=ORIENTED_EDGE('',*,*,#8758,.T.);
#8788=ORIENTED_EDGE('',*,*,#8729,.F.);
#8790=ORIENTED_EDGE('',*,*,#8789,.T.);
#8791=EDGE_LOOP('',(#8786,#8787,#8788,#8790));
#8792=FACE_OUTER_BOUND('',#8791,.F.);
#8793=ADVANCED_FACE('',(#8792),#8784,.T.);
#8794=CARTESIAN_POINT('',(3.378483614591E1,-5.924545520357E-1,
1.476070028439E1));
#8795=DIRECTION('',(0.E0,1.E0,-1.732870212380E-7));
#8796=DIRECTION('',(-6.086723372182E-1,1.374896820913E-7,7.934216948794E-1));
#8797=AXIS2_PLACEMENT_3D('',#8794,#8795,#8796);
#8798=CYLINDRICAL_SURFACE('',#8797,7.000000000006E0);
#8799=ORIENTED_EDGE('',*,*,#8785,.F.);
#8801=ORIENTED_EDGE('',*,*,#8800,.T.);
#8803=ORIENTED_EDGE('',*,*,#8802,.T.);
#8804=ORIENTED_EDGE('',*,*,#8760,.T.);
#8805=EDGE_LOOP('',(#8799,#8801,#8803,#8804));
#8806=FACE_OUTER_BOUND('',#8805,.F.);
#8807=ADVANCED_FACE('',(#8806),#8798,.F.);
#8808=CARTESIAN_POINT('',(3.678128061952E1,4.646479667514E-5,2.062860863651E1));
#8809=DIRECTION('',(0.E0,-1.E0,1.732870212380E-7));
#8810=DIRECTION('',(6.059272674204E-4,-1.732869894271E-7,-9.999998164260E-1));
#8811=AXIS2_PLACEMENT_3D('',#8808,#8809,#8810);
#8812=PLANE('',#8811);
#8813=ORIENTED_EDGE('',*,*,#8727,.T.);
#8815=ORIENTED_EDGE('',*,*,#8814,.F.);
#8816=ORIENTED_EDGE('',*,*,#8800,.F.);
#8817=ORIENTED_EDGE('',*,*,#8789,.F.);
#8818=EDGE_LOOP('',(#8813,#8815,#8816,#8817));
#8819=FACE_OUTER_BOUND('',#8818,.F.);
#8820=ADVANCED_FACE('',(#8819),#8812,.T.);
#8821=CARTESIAN_POINT('',(2.883295173754E1,3.788649098357E1,2.039352956352E1));
#8822=DIRECTION('',(0.E0,-1.E0,1.732870212439E-7));
#8823=DIRECTION('',(6.059272674221E-4,-1.732869894330E-7,-9.999998164260E-1));
#8824=AXIS2_PLACEMENT_3D('',#8821,#8822,#8823);
#8825=CYLINDRICAL_SURFACE('',#8824,5.E-1);
#8826=ORIENTED_EDGE('',*,*,#8725,.T.);
#8827=ORIENTED_EDGE('',*,*,#8762,.T.);
#8828=ORIENTED_EDGE('',*,*,#8802,.F.);
#8829=ORIENTED_EDGE('',*,*,#8814,.T.);
#8830=EDGE_LOOP('',(#8826,#8827,#8828,#8829));
#8831=FACE_OUTER_BOUND('',#8830,.F.);
#8832=ADVANCED_FACE('',(#8831),#8825,.T.);
#8833=CARTESIAN_POINT('',(2.750353986213E1,-6.849771316517E-1,
-1.155411296284E2));
#8834=DIRECTION('',(-6.059272674204E-4,1.732869894270E-7,9.999998164260E-1));
#8835=DIRECTION('',(-9.999998164261E-1,-1.049993425524E-10,-6.059272674204E-4));
#8836=AXIS2_PLACEMENT_3D('',#8833,#8834,#8835);
#8837=CYLINDRICAL_SURFACE('',#8836,5.E-1);
#8839=ORIENTED_EDGE('',*,*,#8838,.T.);
#8840=ORIENTED_EDGE('',*,*,#8765,.F.);
#8841=ORIENTED_EDGE('',*,*,#8721,.T.);
#8843=ORIENTED_EDGE('',*,*,#8842,.T.);
#8844=EDGE_LOOP('',(#8839,#8840,#8841,#8843));
#8845=FACE_OUTER_BOUND('',#8844,.F.);
#8846=ADVANCED_FACE('',(#8845),#8837,.T.);
#8847=CARTESIAN_POINT('',(-1.235965269914E1,5.250006699390E0,2.076682121456E1));
#8848=DIRECTION('',(-6.059272674184E-4,-2.410253662005E-6,9.999998164232E-1));
#8849=DIRECTION('',(9.999998164261E-1,1.049993312582E-10,6.059272674204E-4));
#8850=AXIS2_PLACEMENT_3D('',#8847,#8848,#8849);
#8851=PLANE('',#8850);
#8852=ORIENTED_EDGE('',*,*,#8744,.F.);
#8853=ORIENTED_EDGE('',*,*,#8775,.F.);
#8855=ORIENTED_EDGE('',*,*,#8854,.T.);
#8857=ORIENTED_EDGE('',*,*,#8856,.T.);
#8859=ORIENTED_EDGE('',*,*,#8858,.T.);
#8861=ORIENTED_EDGE('',*,*,#8860,.T.);
#8863=ORIENTED_EDGE('',*,*,#8862,.T.);
#8865=ORIENTED_EDGE('',*,*,#8864,.T.);
#8867=ORIENTED_EDGE('',*,*,#8866,.T.);
#8869=ORIENTED_EDGE('',*,*,#8868,.T.);
#8871=ORIENTED_EDGE('',*,*,#8870,.T.);
#8872=ORIENTED_EDGE('',*,*,#8767,.F.);
#8873=ORIENTED_EDGE('',*,*,#8838,.F.);
#8875=ORIENTED_EDGE('',*,*,#8874,.F.);
#8876=ORIENTED_EDGE('',*,*,#6358,.T.);
#8877=ORIENTED_EDGE('',*,*,#6450,.F.);
#8879=ORIENTED_EDGE('',*,*,#8878,.F.);
#8880=ORIENTED_EDGE('',*,*,#8575,.F.);
#8881=ORIENTED_EDGE('',*,*,#8599,.T.);
#8883=ORIENTED_EDGE('',*,*,#8882,.F.);
#8884=EDGE_LOOP('',(#8852,#8853,#8855,#8857,#8859,#8861,#8863,#8865,#8867,#8869,
#8871,#8872,#8873,#8875,#8876,#8877,#8879,#8880,#8881,#8883));
#8885=FACE_OUTER_BOUND('',#8884,.F.);
#8886=ADVANCED_FACE('',(#8885),#8851,.T.);
#8887=CARTESIAN_POINT('',(3.930602006175E1,-2.062435913806E2,2.154321861038E1));
#8888=DIRECTION('',(-2.989918508288E-6,9.999999999913E-1,2.920142586851E-6));
#8889=DIRECTION('',(6.059272658961E-4,2.921953723949E-6,-9.999998164218E-1));
#8890=AXIS2_PLACEMENT_3D('',#8887,#8888,#8889);
#8891=CYLINDRICAL_SURFACE('',#8890,7.456541424184E-1);
#8893=ORIENTED_EDGE('',*,*,#8892,.T.);
#8895=ORIENTED_EDGE('',*,*,#8894,.T.);
#8896=ORIENTED_EDGE('',*,*,#8854,.F.);
#8897=ORIENTED_EDGE('',*,*,#8773,.T.);
#8898=EDGE_LOOP('',(#8893,#8895,#8896,#8897));
#8899=FACE_OUTER_BOUND('',#8898,.F.);
#8900=ADVANCED_FACE('',(#8899),#8891,.F.);
#8901=CARTESIAN_POINT('',(3.378483614591E1,-1.184954552036E0,1.476070038706E1));
#8902=DIRECTION('',(0.E0,-1.E0,1.732870212380E-7));
#8903=DIRECTION('',(1.E0,0.E0,0.E0));
#8904=AXIS2_PLACEMENT_3D('',#8901,#8902,#8903);
#8905=CYLINDRICAL_SURFACE('',#8904,8.000000000006E0);
#8907=ORIENTED_EDGE('',*,*,#8906,.F.);
#8909=ORIENTED_EDGE('',*,*,#8908,.F.);
#8910=ORIENTED_EDGE('',*,*,#8892,.F.);
#8911=ORIENTED_EDGE('',*,*,#8771,.T.);
#8912=EDGE_LOOP('',(#8907,#8909,#8910,#8911));
#8913=FACE_OUTER_BOUND('',#8912,.F.);
#8914=ADVANCED_FACE('',(#8913),#8905,.T.);
#8915=CARTESIAN_POINT('',(2.825605287926E1,3.281625182254E-2,2.153712586296E1));
#8916=DIRECTION('',(-2.986167526803E-6,-9.999999999913E-1,-2.923763661032E-6));
#8917=DIRECTION('',(6.059272689453E-4,2.921953723984E-6,-9.999998164218E-1));
#8918=AXIS2_PLACEMENT_3D('',#8915,#8916,#8917);
#8919=CYLINDRICAL_SURFACE('',#8918,7.456541424184E-1);
#8920=ORIENTED_EDGE('',*,*,#8870,.F.);
#8922=ORIENTED_EDGE('',*,*,#8921,.F.);
#8923=ORIENTED_EDGE('',*,*,#8906,.T.);
#8924=ORIENTED_EDGE('',*,*,#8769,.T.);
#8925=EDGE_LOOP('',(#8920,#8922,#8923,#8924));
#8926=FACE_OUTER_BOUND('',#8925,.F.);
#8927=ADVANCED_FACE('',(#8926),#8919,.F.);
#8928=CARTESIAN_POINT('',(2.884373108184E1,1.056193355793E-1,2.098514268291E1));
#8929=CARTESIAN_POINT('',(2.869582981572E1,2.247467852504E-1,2.079168574331E1));
#8930=CARTESIAN_POINT('',(2.848463795153E1,3.947164928390E-1,2.079155818604E1));
#8931=CARTESIAN_POINT('',(2.883331282166E1,9.611103476977E-2,2.098294358416E1));
#8932=CARTESIAN_POINT('',(2.868112566614E1,2.122326291395E-1,2.079167680350E1));
#8933=CARTESIAN_POINT('',(2.846579159297E1,3.762034133745E-1,2.079154672190E1));
#8934=CARTESIAN_POINT('',(2.881364222911E1,7.666164964086E-2,2.097873467933E1));
#8935=CARTESIAN_POINT('',(2.865294948844E1,1.859241507003E-1,2.079165966737E1));
#8936=CARTESIAN_POINT('',(2.842947091877E1,3.372543324794E-1,2.079152462033E1));
#8937=CARTESIAN_POINT('',(2.878788001116E1,4.619622383725E-2,2.097309235270E1));
#8938=CARTESIAN_POINT('',(2.861503034312E1,1.425065122340E-1,2.079163658647E1));
#8939=CARTESIAN_POINT('',(2.838014345830E1,2.728830166741E-1,2.079149457632E1));
#8940=CARTESIAN_POINT('',(2.876628163433E1,1.468789062495E-2,2.096826130922E1));
#8941=CARTESIAN_POINT('',(2.858245944271E1,9.551648056183E-2,2.079161673761E1));
#8942=CARTESIAN_POINT('',(2.833732971375E1,2.029163064688E-1,2.079146846566E1));
#8943=CARTESIAN_POINT('',(2.874913700764E1,-1.769173966356E-2,
2.096435752480E1));
#8944=CARTESIAN_POINT('',(2.855604408339E1,4.531887550404E-2,2.079160061084E1));
#8945=CARTESIAN_POINT('',(2.830229118014E1,1.278417725811E-1,2.079144705391E1));
#8946=CARTESIAN_POINT('',(2.873669569783E1,-5.074330405860E-2,
2.096148431813E1));
#8947=CARTESIAN_POINT('',(2.853653271947E1,-7.523961278590E-3,
2.079158866100E1));
#8948=CARTESIAN_POINT('',(2.827621900779E1,4.849813783236E-2,2.079143106482E1));
#8949=CARTESIAN_POINT('',(2.872915656243E1,-8.425248409513E-2,
2.095972682825E1));
#8950=CARTESIAN_POINT('',(2.852456593554E1,-6.226717486012E-2,
2.079158127806E1));
#8951=CARTESIAN_POINT('',(2.826014862816E1,-3.394366151007E-2,
2.079142112864E1));
#8952=CARTESIAN_POINT('',(2.872745926833E1,-1.067519625915E-1,
2.095932764076E1));
#8953=CARTESIAN_POINT('',(2.852184054755E1,-9.942806886270E-2,
2.079157953710E1));
#8954=CARTESIAN_POINT('',(2.825647273747E1,-8.998329439443E-2,
2.079141876624E1));
#8955=CARTESIAN_POINT('',(2.872746679430E1,-1.179874666436E-1,
2.095933031224E1));
#8956=CARTESIAN_POINT('',(2.852186084890E1,-1.179864104540E-1,
2.079157950467E1));
#8957=CARTESIAN_POINT('',(2.825650427300E1,-1.179855691766E-1,
2.079141871786E1));
#8958=(BOUNDED_SURFACE()B_SPLINE_SURFACE(3,2,((#8928,#8929,#8930),(#8931,#8932,
#8933),(#8934,#8935,#8936),(#8937,#8938,#8939),(#8940,#8941,#8942),(#8943,#8944,
#8945),(#8946,#8947,#8948),(#8949,#8950,#8951),(#8952,#8953,#8954),(#8955,#8956,
#8957)),.UNSPECIFIED.,.F.,.F.,.F.)B_SPLINE_SURFACE_WITH_KNOTS((4,1,1,1,1,1,1,4),
(3,3),(0.E0,1.460304424200E-1,2.909091933641E-1,4.346251264176E-1,
5.772145848552E-1,7.188275319657E-1,8.596288717845E-1,1.E0),(0.E0,1.E0),
.UNSPECIFIED.)GEOMETRIC_REPRESENTATION_ITEM()RATIONAL_B_SPLINE_SURFACE(((1.E0,
9.221908292769E-1,1.E0),(1.E0,9.240303953043E-1,1.E0),(1.E0,9.274762831630E-1,
1.E0),(1.E0,9.319275768608E-1,1.E0),(1.E0,9.356135715898E-1,1.E0),(1.E0,
9.385088827776E-1,1.E0),(1.E0,9.405923974217E-1,1.E0),(1.E0,9.418480541269E-1,
1.E0),(1.E0,9.421290791188E-1,1.E0),(1.E0,9.421283541181E-1,1.E0)))REPRESENTATION_ITEM('')SURFACE());
#8960=ORIENTED_EDGE('',*,*,#8959,.T.);
#8961=ORIENTED_EDGE('',*,*,#8921,.T.);
#8962=ORIENTED_EDGE('',*,*,#8868,.F.);
#8964=ORIENTED_EDGE('',*,*,#8963,.F.);
#8965=EDGE_LOOP('',(#8960,#8961,#8962,#8964));
#8966=FACE_OUTER_BOUND('',#8965,.F.);
#8967=ADVANCED_FACE('',(#8966),#8958,.F.);
#8968=CARTESIAN_POINT('',(3.378483614591E1,-1.179885407858E-1,
1.476070020217E1));
#8969=DIRECTION('',(0.E0,-1.E0,1.732870212380E-7));
#8970=DIRECTION('',(2.091885968520E-3,-1.732866421595E-7,-9.999978120041E-1));
#8971=AXIS2_PLACEMENT_3D('',#8968,#8969,#8970);
#8972=TOROIDAL_SURFACE('',#8971,7.500000000006E0,5.E-1);
#8973=ORIENTED_EDGE('',*,*,#8959,.F.);
#8975=ORIENTED_EDGE('',*,*,#8974,.F.);
#8977=ORIENTED_EDGE('',*,*,#8976,.F.);
#8978=ORIENTED_EDGE('',*,*,#8908,.T.);
#8979=EDGE_LOOP('',(#8973,#8975,#8977,#8978));
#8980=FACE_OUTER_BOUND('',#8979,.F.);
#8981=ADVANCED_FACE('',(#8980),#8972,.T.);
#8982=CARTESIAN_POINT('',(3.378483614591E1,4.146352513392E-1,1.476070010987E1));
#8983=DIRECTION('',(0.E0,-1.E0,1.732870212380E-7));
#8984=DIRECTION('',(-1.E0,0.E0,0.E0));
#8985=AXIS2_PLACEMENT_3D('',#8982,#8983,#8984);
#8986=CONICAL_SURFACE('',#8985,7.792705098318E0,2.656505117708E1);
#8988=ORIENTED_EDGE('',*,*,#8987,.F.);
#8990=ORIENTED_EDGE('',*,*,#8989,.T.);
#8992=ORIENTED_EDGE('',*,*,#8991,.F.);
#8993=ORIENTED_EDGE('',*,*,#8974,.T.);
#8994=EDGE_LOOP('',(#8988,#8990,#8992,#8993));
#8995=FACE_OUTER_BOUND('',#8994,.F.);
#8996=ADVANCED_FACE('',(#8995),#8986,.T.);
#8997=CARTESIAN_POINT('',(2.944572449680E1,7.127439626153E-1,2.107009875413E1));
#8998=CARTESIAN_POINT('',(2.943273224309E1,6.976588856917E-1,2.107029496632E1));
#8999=CARTESIAN_POINT('',(2.936196513946E1,6.152595423551E-1,2.107136144373E1));
#9000=CARTESIAN_POINT('',(2.923493056870E1,4.650764427479E-1,2.107325348640E1));
#9001=CARTESIAN_POINT('',(2.906649758994E1,2.613026885123E-1,2.107571195888E1));
#9002=CARTESIAN_POINT('',(2.894301553726E1,1.087033248491E-1,2.107747737343E1));
#9003=CARTESIAN_POINT('',(2.887548331922E1,2.423266778947E-2,2.107843027930E1));
#9004=CARTESIAN_POINT('',(2.886260689079E1,8.090098807571E-3,2.107861150787E1));
#9005=CARTESIAN_POINT('',(2.932498581879E1,8.266581185545E-1,2.084388798494E1));
#9006=CARTESIAN_POINT('',(2.931220197577E1,8.111389983988E-1,2.084420574751E1));
#9007=CARTESIAN_POINT('',(2.924256915464E1,7.263904025187E-1,2.084593216007E1));
#9008=CARTESIAN_POINT('',(2.911756666234E1,5.721421177414E-1,2.084898793269E1));
#9009=CARTESIAN_POINT('',(2.895186138684E1,3.633498733931E-1,2.085294674360E1));
#9010=CARTESIAN_POINT('',(2.883036685814E1,2.072911361113E-1,2.085578186523E1));
#9011=CARTESIAN_POINT('',(2.876392855275E1,1.210128121931E-1,2.085730971580E1));
#9012=CARTESIAN_POINT('',(2.875126104299E1,1.045287308896E-1,2.085760020526E1));
#9013=CARTESIAN_POINT('',(2.912599153800E1,9.986647892930E-1,2.074621221095E1));
#9014=CARTESIAN_POINT('',(2.911338469124E1,9.826752441707E-1,2.074638629014E1));
#9015=CARTESIAN_POINT('',(2.904471646365E1,8.953797895741E-1,2.074733504282E1));
#9016=CARTESIAN_POINT('',(2.892145489276E1,7.367168791405E-1,2.074904297658E1));
#9017=CARTESIAN_POINT('',(2.875811536023E1,5.224523341831E-1,2.075131317115E1));
#9018=CARTESIAN_POINT('',(2.863836248764E1,3.626106114010E-1,2.075297746451E1));
#9019=CARTESIAN_POINT('',(2.857288864990E1,2.743502827390E-1,2.075388555340E1));
#9020=CARTESIAN_POINT('',(2.856040554781E1,2.574915416050E-1,2.075405860837E1));
#9021=CARTESIAN_POINT('',(2.891451210024E1,1.171913318759E0,2.080935466752E1));
#9022=CARTESIAN_POINT('',(2.890199233554E1,1.155572449092E0,2.080916731897E1));
#9023=CARTESIAN_POINT('',(2.883380020062E1,1.066374302709E0,2.080815784441E1));
#9024=CARTESIAN_POINT('',(2.871141299473E1,9.044064228279E-1,2.080645185045E1));
#9025=CARTESIAN_POINT('',(2.854929533313E1,6.860244401058E-1,2.080440258568E1));
#9026=CARTESIAN_POINT('',(2.843046260662E1,5.233264505639E-1,2.080304249085E1));
#9027=CARTESIAN_POINT('',(2.836550502120E1,4.335648600877E-1,2.080234095175E1));
#9028=CARTESIAN_POINT('',(2.835312086645E1,4.164221420278E-1,2.080220869062E1));
#9029=(BOUNDED_SURFACE()B_SPLINE_SURFACE(3,3,((#8997,#8998,#8999,#9000,#9001,
#9002,#9003,#9004),(#9005,#9006,#9007,#9008,#9009,#9010,#9011,#9012),(#9013,
#9014,#9015,#9016,#9017,#9018,#9019,#9020),(#9021,#9022,#9023,#9024,#9025,#9026,
#9027,#9028)),.UNSPECIFIED.,.F.,.F.,.F.)B_SPLINE_SURFACE_WITH_KNOTS((4,4),(4,1,
1,1,1,4),(0.E0,1.E0),(-7.551802498108E-2,0.E0,3.364137674957E-1,
6.697357638371E-1,1.E0,1.077925568677E0),.UNSPECIFIED.)GEOMETRIC_REPRESENTATION_ITEM()RATIONAL_B_SPLINE_SURFACE(((1.090071000244E0,1.090071000244E0,
1.090071000244E0,1.090071000244E0,1.090071000244E0,1.090071000244E0,
1.090071000244E0,1.090071000244E0),(9.699763332519E-1,9.699763332519E-1,
9.699763332519E-1,9.699763332519E-1,9.699763332519E-1,9.699763332519E-1,
9.699763332519E-1,9.699763332519E-1),(9.699763332519E-1,9.699763332519E-1,
9.699763332519E-1,9.699763332519E-1,9.699763332519E-1,9.699763332519E-1,
9.699763332519E-1,9.699763332519E-1),(1.090071000244E0,1.090071000244E0,
1.090071000244E0,1.090071000244E0,1.090071000244E0,1.090071000244E0,
1.090071000244E0,1.090071000244E0)))REPRESENTATION_ITEM('')SURFACE());
#9030=ORIENTED_EDGE('',*,*,#8987,.T.);
#9031=ORIENTED_EDGE('',*,*,#8963,.T.);
#9032=ORIENTED_EDGE('',*,*,#8866,.F.);
#9034=ORIENTED_EDGE('',*,*,#9033,.F.);
#9035=EDGE_LOOP('',(#9030,#9031,#9032,#9034));
#9036=FACE_OUTER_BOUND('',#9035,.F.);
#9037=ADVANCED_FACE('',(#9036),#9029,.T.);
#9038=CARTESIAN_POINT('',(3.047816487650E1,1.000046554510E0,2.114632148979E1));
#9039=CARTESIAN_POINT('',(3.047837910441E1,1.000046493243E0,2.079276770739E1));
#9040=CARTESIAN_POINT('',(3.047837910386E1,1.353600340546E0,2.079276855955E1));
#9041=CARTESIAN_POINT('',(3.041203573853E1,1.000035574943E0,2.113882296535E1));
#9042=CARTESIAN_POINT('',(3.041359734870E1,1.014616134493E0,2.079272848947E1));
#9043=CARTESIAN_POINT('',(3.040450826824E1,1.361008225565E0,2.079272381704E1));
#9044=CARTESIAN_POINT('',(3.028745544428E1,9.968492328048E-1,2.112411914036E1));
#9045=CARTESIAN_POINT('',(3.028921340915E1,1.037883873088E0,2.079265317792E1));
#9046=CARTESIAN_POINT('',(3.026344350440E1,1.371147039032E0,2.079263836647E1));
#9047=CARTESIAN_POINT('',(3.011388401656E1,9.827513812599E-1,2.110195536624E1));
#9048=CARTESIAN_POINT('',(3.010684935848E1,1.057314533657E0,2.079254272538E1));
#9049=CARTESIAN_POINT('',(3.006021374522E1,1.372481716301E0,2.079251522722E1));
#9050=CARTESIAN_POINT('',(2.996314640460E1,9.618644848560E-1,2.108125860469E1));
#9051=CARTESIAN_POINT('',(2.994395973510E1,1.062232939046E0,2.079244403795E1));
#9052=CARTESIAN_POINT('',(2.987716964286E1,1.361474349055E0,2.079240428925E1));
#9053=CARTESIAN_POINT('',(2.983359286171E1,9.361805280436E-1,2.106223821412E1));
#9054=CARTESIAN_POINT('',(2.979986453410E1,1.055695313144E0,2.079235671097E1));
#9055=CARTESIAN_POINT('',(2.971346563751E1,1.340180805751E0,2.079230504519E1));
#9056=CARTESIAN_POINT('',(2.972320769341E1,9.074052243031E-1,2.104500098244E1));
#9057=CARTESIAN_POINT('',(2.967338303826E1,1.040296125692E0,2.079228003525E1));
#9058=CARTESIAN_POINT('',(2.956790043806E1,1.310503280177E0,2.079221677172E1));
#9059=CARTESIAN_POINT('',(2.962981684541E1,8.769046475907E-1,2.102956895346E1));
#9060=CARTESIAN_POINT('',(2.956303871515E1,1.018155910914E0,2.079221312124E1));
#9061=CARTESIAN_POINT('',(2.943906304035E1,1.274077873667E0,2.079213861782E1));
#9062=CARTESIAN_POINT('',(2.955121926472E1,8.457053940845E-1,2.101589459995E1));
#9063=CARTESIAN_POINT('',(2.946720917395E1,9.909680165314E-1,2.079215498997E1));
#9064=CARTESIAN_POINT('',(2.932543847893E1,1.232268491934E0,2.079206966882E1));
#9065=CARTESIAN_POINT('',(2.948536806279E1,8.145474657494E-1,2.100389078078E1));
#9066=CARTESIAN_POINT('',(2.938432397047E1,9.600625232079E-1,2.079210469306E1));
#9067=CARTESIAN_POINT('',(2.922559284202E1,1.186202434462E0,2.079200905858E1));
#9068=CARTESIAN_POINT('',(2.943036684393E1,7.839060163098E-1,2.099343627207E1));
#9069=CARTESIAN_POINT('',(2.931286471342E1,9.264437304840E-1,2.079206131291E1));
#9070=CARTESIAN_POINT('',(2.913813970014E1,1.136764228559E0,2.079195594917E1));
#9071=CARTESIAN_POINT('',(2.938437720141E1,7.539485234121E-1,2.098436182777E1));
#9072=CARTESIAN_POINT('',(2.925122069659E1,8.907292514184E-1,2.079202387503E1));
#9073=CARTESIAN_POINT('',(2.906152300377E1,1.084457764758E0,2.079190939894E1));
#9074=CARTESIAN_POINT('',(2.935771550100E1,7.336658634899E-1,2.097892542872E1));
#9075=CARTESIAN_POINT('',(2.921432326598E1,8.647139156348E-1,2.079200145517E1));
#9076=CARTESIAN_POINT('',(2.901509053211E1,1.046392581696E0,2.079188117249E1));
#9077=CARTESIAN_POINT('',(2.934558564803E1,7.236533228168E-1,2.097641420150E1));
#9078=CARTESIAN_POINT('',(2.919729293239E1,8.514354446432E-1,2.079199110402E1));
#9079=CARTESIAN_POINT('',(2.899348810104E1,1.026918932838E0,2.079186803605E1));
#9080=(BOUNDED_SURFACE()B_SPLINE_SURFACE(3,2,((#9038,#9039,#9040),(#9041,#9042,
#9043),(#9044,#9045,#9046),(#9047,#9048,#9049),(#9050,#9051,#9052),(#9053,#9054,
#9055),(#9056,#9057,#9058),(#9059,#9060,#9061),(#9062,#9063,#9064),(#9065,#9066,
#9067),(#9068,#9069,#9070),(#9071,#9072,#9073),(#9074,#9075,#9076),(#9077,#9078,
#9079)),.UNSPECIFIED.,.F.,.F.,.F.)B_SPLINE_SURFACE_WITH_KNOTS((4,1,1,1,1,1,1,1,
1,1,1,4),(3,3),(0.E0,1.531521446917E-1,2.900375926120E-1,4.116884653507E-1,
5.193423845173E-1,6.144470869120E-1,6.984768494800E-1,7.728489829425E-1,
8.390003357689E-1,8.980486217599E-1,9.511765571203E-1,1.E0),(0.E0,1.E0),
.UNSPECIFIED.)GEOMETRIC_REPRESENTATION_ITEM()RATIONAL_B_SPLINE_SURFACE(((1.E0,
7.071058677664E-1,1.E0),(1.E0,7.220214547931E-1,1.E0),(1.E0,7.494912965981E-1,
1.E0),(1.E0,7.861595151052E-1,1.E0),(1.E0,8.167929743247E-1,1.E0),(1.E0,
8.422051672666E-1,1.E0),(1.E0,8.631684728896E-1,1.E0),(1.E0,8.803883656377E-1,
1.E0),(1.E0,8.944959693259E-1,1.E0),(1.E0,9.060302715147E-1,1.E0),(1.E0,
9.154535437314E-1,1.E0),(1.E0,9.231774983291E-1,1.E0),(1.E0,9.275764277458E-1,
1.E0),(1.E0,9.295615192219E-1,1.E0)))REPRESENTATION_ITEM('')SURFACE());
#9082=ORIENTED_EDGE('',*,*,#9081,.T.);
#9083=ORIENTED_EDGE('',*,*,#9033,.T.);
#9084=ORIENTED_EDGE('',*,*,#8864,.F.);
#9086=ORIENTED_EDGE('',*,*,#9085,.F.);
#9087=EDGE_LOOP('',(#9082,#9083,#9084,#9086));
#9088=FACE_OUTER_BOUND('',#9087,.F.);
#9089=ADVANCED_FACE('',(#9088),#9080,.F.);
#9090=CARTESIAN_POINT('',(3.378483614591E1,5.000454479643E-1,1.476070009507E1));
#9091=DIRECTION('',(0.E0,-1.E0,1.732870212380E-7));
#9092=DIRECTION('',(-3.274060229911E-4,-1.732870113774E-7,-9.999999464026E-1));
#9093=AXIS2_PLACEMENT_3D('',#9090,#9091,#9092);
#9094=TOROIDAL_SURFACE('',#9093,7.190983005631E0,5.E-1);
#9095=ORIENTED_EDGE('',*,*,#9081,.F.);
#9097=ORIENTED_EDGE('',*,*,#9096,.T.);
#9099=ORIENTED_EDGE('',*,*,#9098,.F.);
#9100=ORIENTED_EDGE('',*,*,#8989,.F.);
#9101=EDGE_LOOP('',(#9095,#9097,#9099,#9100));
#9102=FACE_OUTER_BOUND('',#9101,.F.);
#9103=ADVANCED_FACE('',(#9102),#9094,.T.);
#9104=CARTESIAN_POINT('',(3.678087201650E1,1.000046581768E0,2.130362123880E1));
#9105=DIRECTION('',(0.E0,-1.E0,1.732870212380E-7));
#9106=DIRECTION('',(-9.999998164261E-1,-1.049993312582E-10,-6.059272674204E-4));
#9107=AXIS2_PLACEMENT_3D('',#9104,#9105,#9106);
#9108=PLANE('',#9107);
#9110=ORIENTED_EDGE('',*,*,#9109,.F.);
#9111=ORIENTED_EDGE('',*,*,#9096,.F.);
#9112=EDGE_LOOP('',(#9110,#9111));
#9113=FACE_OUTER_BOUND('',#9112,.F.);
#9114=ADVANCED_FACE('',(#9113),#9108,.F.);
#9115=CARTESIAN_POINT('',(3.785370045144E1,1.353599489168E0,2.115079046746E1));
#9116=DIRECTION('',(-9.999998164261E-1,-1.049993092718E-10,-6.059272674204E-4));
#9117=DIRECTION('',(6.059272674184E-4,2.410253662125E-6,-9.999998164232E-1));
#9118=AXIS2_PLACEMENT_3D('',#9115,#9116,#9117);
#9119=CYLINDRICAL_SURFACE('',#9118,3.535529338844E-1);
#9120=ORIENTED_EDGE('',*,*,#9109,.T.);
#9121=ORIENTED_EDGE('',*,*,#9085,.T.);
#9122=ORIENTED_EDGE('',*,*,#8862,.F.);
#9124=ORIENTED_EDGE('',*,*,#9123,.F.);
#9125=EDGE_LOOP('',(#9120,#9121,#9122,#9124));
#9126=FACE_OUTER_BOUND('',#9125,.F.);
#9127=ADVANCED_FACE('',(#9126),#9119,.F.);
#9128=CARTESIAN_POINT('',(3.821655084408E1,7.236533237483E-1,2.098178936219E1));
#9129=CARTESIAN_POINT('',(3.836506694473E1,8.514354456058E-1,2.079754610929E1));
#9130=CARTESIAN_POINT('',(3.856887177553E1,1.026918933843E0,2.079767002318E1));
#9131=CARTESIAN_POINT('',(3.820455005559E1,7.335568925284E-1,2.098425869022E1));
#9132=CARTESIAN_POINT('',(3.834822254481E1,8.645691091255E-1,2.079753593446E1));
#9133=CARTESIAN_POINT('',(3.854750476836E1,1.046180696349E0,2.079765712275E1));
#9134=CARTESIAN_POINT('',(3.817801887745E1,7.537530187015E-1,2.098963585770E1));
#9135=CARTESIAN_POINT('',(3.831150921120E1,8.904834598274E-1,2.079751375131E1));
#9136=CARTESIAN_POINT('',(3.850130011600E1,1.084098885546E0,2.079762921748E1));
#9137=CARTESIAN_POINT('',(3.813216635708E1,7.836572897794E-1,2.099862852992E1));
#9138=CARTESIAN_POINT('',(3.825004379540E1,9.261609521412E-1,2.079747659372E1));
#9139=CARTESIAN_POINT('',(3.842489721553E1,1.136348920382E0,2.079758304880E1));
#9140=CARTESIAN_POINT('',(3.807714231552E1,8.143398719527E-1,2.100902134885E1));
#9141=CARTESIAN_POINT('',(3.817855488071E1,9.598467795202E-1,2.079743335782E1));
#9142=CARTESIAN_POINT('',(3.833739765596E1,1.185882940880E0,2.079753014982E1));
#9143=CARTESIAN_POINT('',(3.801126432002E1,8.455353362231E-1,2.102095080048E1));
#9144=CARTESIAN_POINT('',(3.809563821817E1,9.908104677570E-1,2.079738319098E1));
#9145=CARTESIAN_POINT('',(3.823750454469E1,1.232030051795E0,2.079746973307E1));
#9146=CARTESIAN_POINT('',(3.793263923370E1,8.767680936264E-1,2.103453522796E1));
#9147=CARTESIAN_POINT('',(3.799977915813E1,1.018048222185E0,2.079732517300E1));
#9148=CARTESIAN_POINT('',(3.812383672967E1,1.273906359523E0,2.079740095956E1));
#9149=CARTESIAN_POINT('',(3.783918826502E1,9.073068858284E-1,2.104986413716E1));
#9150=CARTESIAN_POINT('',(3.788937214364E1,1.040235386993E0,2.079725832784E1));
#9151=CARTESIAN_POINT('',(3.799491905931E1,1.310395135502E0,2.079732293276E1));
#9152=CARTESIAN_POINT('',(3.772870748404E1,9.361219109387E-1,2.106698210765E1));
#9153=CARTESIAN_POINT('',(3.776279300616E1,1.055674220953E0,2.079718166729E1));
#9154=CARTESIAN_POINT('',(3.784923697727E1,1.340127938459E0,2.079723473166E1));
#9155=CARTESIAN_POINT('',(3.759900791396E1,9.618437392566E-1,2.108586551316E1));
#9156=CARTESIAN_POINT('',(3.761855201270E1,1.062236683339E0,2.079709428354E1));
#9157=CARTESIAN_POINT('',(3.768536610375E1,1.361462853820E0,2.079713548924E1));
#9158=CARTESIAN_POINT('',(3.744825382745E1,9.827329701336E-1,2.110637902737E1));
#9159=CARTESIAN_POINT('',(3.745567624543E1,1.057323191210E0,2.079699558081E1));
#9160=CARTESIAN_POINT('',(3.750232971331E1,1.372474434155E0,2.079702460902E1));
#9161=CARTESIAN_POINT('',(3.727460563391E1,9.968439916391E-1,2.112834029404E1));
#9162=CARTESIAN_POINT('',(3.727325317390E1,1.037900184861E0,2.079688499886E1));
#9163=CARTESIAN_POINT('',(3.729903445782E1,1.371152195972E0,2.079690142367E1));
#9164=CARTESIAN_POINT('',(3.715001876050E1,1.000035529996E0,2.114289283139E1));
#9165=CARTESIAN_POINT('',(3.714887192840E1,1.014640667269E0,2.079680957680E1));
#9166=CARTESIAN_POINT('',(3.715797902049E1,1.361020917946E0,2.079681592990E1));
#9167=CARTESIAN_POINT('',(3.708376654432E1,1.000046555203E0,2.115032400470E1));
#9168=CARTESIAN_POINT('',(3.708398077224E1,1.000046493937E0,2.079677022230E1));
#9169=CARTESIAN_POINT('',(3.708398077168E1,1.353600341240E0,2.079677107445E1));
#9170=(BOUNDED_SURFACE()B_SPLINE_SURFACE(3,2,((#9128,#9129,#9130),(#9131,#9132,
#9133),(#9134,#9135,#9136),(#9137,#9138,#9139),(#9140,#9141,#9142),(#9143,#9144,
#9145),(#9146,#9147,#9148),(#9149,#9150,#9151),(#9152,#9153,#9154),(#9155,#9156,
#9157),(#9158,#9159,#9160),(#9161,#9162,#9163),(#9164,#9165,#9166),(#9167,#9168,
#9169)),.UNSPECIFIED.,.F.,.F.,.F.)B_SPLINE_SURFACE_WITH_KNOTS((4,1,1,1,1,1,1,1,
1,1,1,4),(3,3),(0.E0,4.829283809353E-2,1.014828663728E-1,1.606035552722E-1,
2.267461256200E-1,3.011678763315E-1,3.852502946794E-1,4.804115287566E-1,
5.881831021411E-1,7.099856630307E-1,8.465841119855E-1,1.E0),(0.E0,1.E0),
.UNSPECIFIED.)GEOMETRIC_REPRESENTATION_ITEM()RATIONAL_B_SPLINE_SURFACE(((1.E0,
9.295615192219E-1,1.E0),(1.E0,9.275980355464E-1,1.E0),(1.E0,9.232220882758E-1,
1.E0),(1.E0,9.155243733730E-1,1.E0),(1.E0,9.061008174741E-1,1.E0),(1.E0,
8.945659909632E-1,1.E0),(1.E0,8.804582755847E-1,1.E0),(1.E0,8.632326464456E-1,
1.E0),(1.E0,8.422570179566E-1,1.E0),(1.E0,8.168222043657E-1,1.E0),(1.E0,
7.861909820975E-1,1.E0),(1.E0,7.495134569903E-1,1.E0),(1.E0,7.220471678264E-1,
1.E0),(1.E0,7.071058677664E-1,1.E0)))REPRESENTATION_ITEM('')SURFACE());
#9171=ORIENTED_EDGE('',*,*,#9098,.T.);
#9172=ORIENTED_EDGE('',*,*,#9123,.T.);
#9173=ORIENTED_EDGE('',*,*,#8860,.F.);
#9175=ORIENTED_EDGE('',*,*,#9174,.F.);
#9176=EDGE_LOOP('',(#9171,#9172,#9173,#9175));
#9177=FACE_OUTER_BOUND('',#9176,.F.);
#9178=ADVANCED_FACE('',(#9177),#9170,.F.);
#9179=CARTESIAN_POINT('',(3.869814201747E1,9.685571845942E-3,2.108454154406E1));
#9180=CARTESIAN_POINT('',(3.868568777715E1,2.529684935493E-2,2.108435112676E1));
#9181=CARTESIAN_POINT('',(3.861857874711E1,1.092334668301E-1,2.108332274007E1));
#9182=CARTESIAN_POINT('',(3.849552625582E1,2.613050493399E-1,2.108141425827E1));
#9183=CARTESIAN_POINT('',(3.832709655366E1,4.650790951983E-1,2.107875159874E1));
#9184=CARTESIAN_POINT('',(3.820006411923E1,6.152628431413E-1,2.107670554714E1));
#9185=CARTESIAN_POINT('',(3.812929831538E1,6.976624362137E-1,2.107555327700E1));
#9186=CARTESIAN_POINT('',(3.811630721470E1,7.127465009084E-1,2.107534132889E1));
#9187=CARTESIAN_POINT('',(3.880977544655E1,1.061567567408E-1,2.086366631877E1));
#9188=CARTESIAN_POINT('',(3.879752337756E1,1.220985460088E-1,2.086337045441E1));
#9189=CARTESIAN_POINT('',(3.873150203390E1,2.078320094832E-1,2.086177203300E1));
#9190=CARTESIAN_POINT('',(3.861043140361E1,3.633508929548E-1,2.085880006482E1));
#9191=CARTESIAN_POINT('',(3.844473111706E1,5.721432695288E-1,2.085464054302E1));
#9192=CARTESIAN_POINT('',(3.831973209514E1,7.263920910815E-1,2.085143335399E1));
#9193=CARTESIAN_POINT('',(3.825010133197E1,8.111408660528E-1,2.084962259824E1));
#9194=CARTESIAN_POINT('',(3.823731876708E1,8.266589300822E-1,2.084928937469E1));
#9195=CARTESIAN_POINT('',(3.900076690226E1,2.591504660159E-1,2.076037175845E1));
#9196=CARTESIAN_POINT('',(3.898869302079E1,2.754548298119E-1,2.076018973865E1));
#9197=CARTESIAN_POINT('',(3.892362926004E1,3.631583803227E-1,2.075920847239E1));
#9198=CARTESIAN_POINT('',(3.880429277506E1,5.224470109186E-1,2.075740533706E1));
#9199=CARTESIAN_POINT('',(3.864095609131E1,7.367114628893E-1,2.075493722836E1));
#9200=CARTESIAN_POINT('',(3.851769629097E1,8.953747476450E-1,2.075307993675E1));
#9201=CARTESIAN_POINT('',(3.844902914336E1,9.826702814349E-1,2.075204797927E1));
#9202=CARTESIAN_POINT('',(3.843642338175E1,9.986587185761E-1,2.075185863778E1));
#9203=CARTESIAN_POINT('',(3.920799528826E1,4.181035442201E-1,2.080879586088E1));
#9204=CARTESIAN_POINT('',(3.919601672098E1,4.346827174304E-1,2.080890935258E1));
#9205=CARTESIAN_POINT('',(3.913146396645E1,5.238784985446E-1,2.080952846669E1));
#9206=CARTESIAN_POINT('',(3.901304079038E1,6.860134521835E-1,2.081074019383E1));
#9207=CARTESIAN_POINT('',(3.885092074545E1,9.043952485749E-1,2.081259277555E1));
#9208=CARTESIAN_POINT('',(3.872853117744E1,1.066363442552E0,2.081415028630E1));
#9209=CARTESIAN_POINT('',(3.866033775327E1,1.155561629355E0,2.081507702460E1));
#9210=CARTESIAN_POINT('',(3.864781863042E1,1.171901358963E0,2.081524917082E1));
#9211=(BOUNDED_SURFACE()B_SPLINE_SURFACE(3,3,((#9179,#9180,#9181,#9182,#9183,
#9184,#9185,#9186),(#9187,#9188,#9189,#9190,#9191,#9192,#9193,#9194),(#9195,
#9196,#9197,#9198,#9199,#9200,#9201,#9202),(#9203,#9204,#9205,#9206,#9207,#9208,
#9209,#9210)),.UNSPECIFIED.,.F.,.F.,.F.)B_SPLINE_SURFACE_WITH_KNOTS((4,4),(4,1,
1,1,1,4),(0.E0,1.E0),(-7.536588509171E-2,0.E0,3.302569019387E-1,
6.635804191818E-1,1.E0,1.075512834283E0),.UNSPECIFIED.)GEOMETRIC_REPRESENTATION_ITEM()RATIONAL_B_SPLINE_SURFACE(((1.090064309497E0,1.090064309497E0,
1.090064309497E0,1.090064309497E0,1.090064309497E0,1.090064309497E0,
1.090064309497E0,1.090064309497E0),(9.699785635010E-1,9.699785635010E-1,
9.699785635010E-1,9.699785635010E-1,9.699785635010E-1,9.699785635010E-1,
9.699785635010E-1,9.699785635010E-1),(9.699785635010E-1,9.699785635010E-1,
9.699785635010E-1,9.699785635010E-1,9.699785635010E-1,9.699785635010E-1,
9.699785635010E-1,9.699785635010E-1),(1.090064309497E0,1.090064309497E0,
1.090064309497E0,1.090064309497E0,1.090064309497E0,1.090064309497E0,
1.090064309497E0,1.090064309497E0)))REPRESENTATION_ITEM('')SURFACE());
#9212=ORIENTED_EDGE('',*,*,#8991,.T.);
#9213=ORIENTED_EDGE('',*,*,#9174,.T.);
#9214=ORIENTED_EDGE('',*,*,#8858,.F.);
#9216=ORIENTED_EDGE('',*,*,#9215,.F.);
#9217=EDGE_LOOP('',(#9212,#9213,#9214,#9216));
#9218=FACE_OUTER_BOUND('',#9217,.F.);
#9219=ADVANCED_FACE('',(#9218),#9211,.T.);
#9220=CARTESIAN_POINT('',(3.883468994728E1,-1.179874655824E-1,
2.096545455547E1));
#9221=CARTESIAN_POINT('',(3.904049903125E1,-1.179864093495E-1,
2.079795303553E1));
#9222=CARTESIAN_POINT('',(3.930585560715E1,-1.179855680164E-1,
2.079811382235E1));
#9223=CARTESIAN_POINT('',(3.883469749029E1,-1.067474965502E-1,
2.096545188849E1));
#9224=CARTESIAN_POINT('',(3.904051936669E1,-9.942068333670E-2,
2.079795309260E1));
#9225=CARTESIAN_POINT('',(3.930588719463E1,-8.997214777877E-2,
2.079811390901E1));
#9226=CARTESIAN_POINT('',(3.883299836660E1,-8.423929363633E-2,
2.096584933525E1));
#9227=CARTESIAN_POINT('',(3.903779180306E1,-6.224538100765E-2,
2.079795152950E1));
#9228=CARTESIAN_POINT('',(3.930220836573E1,-3.391081146506E-2,
2.079811181503E1));
#9229=CARTESIAN_POINT('',(3.882545293740E1,-5.072475434726E-2,
2.096759864851E1));
#9230=CARTESIAN_POINT('',(3.902581845082E1,-7.493891223425E-3,
2.079794440648E1));
#9231=CARTESIAN_POINT('',(3.928612919530E1,4.854335874941E-2,2.079810227095E1));
#9232=CARTESIAN_POINT('',(3.881300526805E1,-1.767396030827E-2,
2.097045741477E1));
#9233=CARTESIAN_POINT('',(3.900630278234E1,4.534677368544E-2,2.079793270876E1));
#9234=CARTESIAN_POINT('',(3.926005136912E1,1.278835909320E-1,2.079808666091E1));
#9235=CARTESIAN_POINT('',(3.879585723756E1,1.469912653801E-2,2.097434009324E1));
#9236=CARTESIAN_POINT('',(3.897988968672E1,9.553347108338E-2,2.079791682531E1));
#9237=CARTESIAN_POINT('',(3.922501596883E1,2.029416694529E-1,2.079806561291E1));
#9238=CARTESIAN_POINT('',(3.877425523480E1,4.620220427360E-2,2.097914443827E1));
#9239=CARTESIAN_POINT('',(3.894732235644E1,1.425150958638E-1,2.079789720511E1));
#9240=CARTESIAN_POINT('',(3.918220703376E1,2.728957851769E-1,2.079803984242E1));
#9241=CARTESIAN_POINT('',(3.874848892807E1,7.666377696255E-2,2.098475493049E1));
#9242=CARTESIAN_POINT('',(3.890940734156E1,1.859270268530E-1,2.079787433600E1));
#9243=CARTESIAN_POINT('',(3.913288501485E1,3.372586036438E-1,2.079801011199E1));
#9244=CARTESIAN_POINT('',(3.872881513606E1,9.611125974745E-2,2.098893959154E1));
#9245=CARTESIAN_POINT('',(3.888123386813E1,2.122329230167E-1,2.079785732832E1));
#9246=CARTESIAN_POINT('',(3.909656784351E1,3.762038481792E-1,2.079798820028E1));
#9247=CARTESIAN_POINT('',(3.871839446424E1,1.056193366161E-1,2.099112601181E1));
#9248=CARTESIAN_POINT('',(3.886653006336E1,2.247467863183E-1,2.079784844905E1));
#9249=CARTESIAN_POINT('',(3.907772192702E1,3.947164939513E-1,2.079797682565E1));
#9250=(BOUNDED_SURFACE()B_SPLINE_SURFACE(3,2,((#9220,#9221,#9222),(#9223,#9224,
#9225),(#9226,#9227,#9228),(#9229,#9230,#9231),(#9232,#9233,#9234),(#9235,#9236,
#9237),(#9238,#9239,#9240),(#9241,#9242,#9243),(#9244,#9245,#9246),(#9247,#9248,
#9249)),.UNSPECIFIED.,.F.,.F.,.F.)B_SPLINE_SURFACE_WITH_KNOTS((4,1,1,1,1,1,1,4),
(3,3),(0.E0,1.404268588586E-1,2.812813137288E-1,4.228559076012E-1,
5.654275716892E-1,7.091190543952E-1,8.539730082608E-1,1.E0),(0.E0,1.E0),
.UNSPECIFIED.)GEOMETRIC_REPRESENTATION_ITEM()RATIONAL_B_SPLINE_SURFACE(((1.E0,
9.421283541181E-1,1.E0),(1.E0,9.421290806063E-1,1.E0),(1.E0,9.418478333707E-1,
1.E0),(1.E0,9.405914799912E-1,1.E0),(1.E0,9.385074716250E-1,1.E0),(1.E0,
9.356123697551E-1,1.E0),(1.E0,9.319267396019E-1,1.E0),(1.E0,9.274759100465E-1,
1.E0),(1.E0,9.240303519189E-1,1.E0),(1.E0,9.221908292768E-1,1.E0)))REPRESENTATION_ITEM('')SURFACE());
#9251=ORIENTED_EDGE('',*,*,#8976,.T.);
#9252=ORIENTED_EDGE('',*,*,#9215,.T.);
#9253=ORIENTED_EDGE('',*,*,#8856,.F.);
#9254=ORIENTED_EDGE('',*,*,#8894,.F.);
#9255=EDGE_LOOP('',(#9251,#9252,#9253,#9254));
#9256=FACE_OUTER_BOUND('',#9255,.F.);
#9257=ADVANCED_FACE('',(#9256),#9250,.F.);
#9258=CARTESIAN_POINT('',(2.692120423285E1,-5.924535848034E-1,
2.034237784209E1));
#9259=DIRECTION('',(9.999998164261E-1,1.049993312582E-10,6.059272674204E-4));
#9260=DIRECTION('',(0.E0,1.E0,-1.732870212380E-7));
#9261=AXIS2_PLACEMENT_3D('',#9258,#9259,#9260);
#9262=PLANE('',#9261);
#9263=ORIENTED_EDGE('',*,*,#8842,.F.);
#9264=ORIENTED_EDGE('',*,*,#8719,.T.);
#9265=ORIENTED_EDGE('',*,*,#6360,.F.);
#9266=ORIENTED_EDGE('',*,*,#8874,.T.);
#9267=EDGE_LOOP('',(#9263,#9264,#9265,#9266));
#9268=FACE_OUTER_BOUND('',#9267,.F.);
#9269=ADVANCED_FACE('',(#9268),#9262,.F.);
#9270=CARTESIAN_POINT('',(5.021724006364E1,1.050006275070E1,2.030475082934E1));
#9271=DIRECTION('',(-9.999998164261E-1,-1.049993305232E-10,-6.059272674204E-4));
#9272=DIRECTION('',(-6.059272674184E-4,-2.410253660656E-6,9.999998164232E-1));
#9273=AXIS2_PLACEMENT_3D('',#9270,#9271,#9272);
#9274=CYLINDRICAL_SURFACE('',#9273,5.E-1);
#9275=ORIENTED_EDGE('',*,*,#8878,.T.);
#9276=ORIENTED_EDGE('',*,*,#6466,.T.);
#9277=ORIENTED_EDGE('',*,*,#6516,.F.);
#9278=ORIENTED_EDGE('',*,*,#8559,.F.);
#9279=EDGE_LOOP('',(#9275,#9276,#9277,#9278));
#9280=FACE_OUTER_BOUND('',#9279,.F.);
#9281=ADVANCED_FACE('',(#9280),#9274,.T.);
#9282=CARTESIAN_POINT('',(4.064169883902E1,-5.924535833628E-1,
2.035069146542E1));
#9283=DIRECTION('',(9.999998164261E-1,1.049993312582E-10,6.059272674204E-4));
#9284=DIRECTION('',(-6.059272674204E-4,1.732869894271E-7,9.999998164260E-1));
#9285=AXIS2_PLACEMENT_3D('',#9282,#9283,#9284);
#9286=PLANE('',#9285);
#9287=ORIENTED_EDGE('',*,*,#8746,.T.);
#9288=ORIENTED_EDGE('',*,*,#8882,.T.);
#9289=ORIENTED_EDGE('',*,*,#8597,.T.);
#9290=ORIENTED_EDGE('',*,*,#8712,.F.);
#9291=EDGE_LOOP('',(#9287,#9288,#9289,#9290));
#9292=FACE_OUTER_BOUND('',#9291,.F.);
#9293=ADVANCED_FACE('',(#9292),#9286,.T.);
#9294=CARTESIAN_POINT('',(5.448990274955E1,6.561090125470E-1,
6.072608472342E-1));
#9295=DIRECTION('',(-6.059272674204E-4,1.732869894271E-7,9.999998164260E-1));
#9296=DIRECTION('',(9.999998164261E-1,1.049993312582E-10,6.059272674204E-4));
#9297=AXIS2_PLACEMENT_3D('',#9294,#9295,#9296);
#9298=PLANE('',#9297);
#9299=ORIENTED_EDGE('',*,*,#8613,.T.);
#9301=ORIENTED_EDGE('',*,*,#9300,.T.);
#9302=ORIENTED_EDGE('',*,*,#8680,.F.);
#9303=ORIENTED_EDGE('',*,*,#8589,.F.);
#9304=EDGE_LOOP('',(#9299,#9301,#9302,#9303));
#9305=FACE_OUTER_BOUND('',#9304,.F.);
#9306=ADVANCED_FACE('',(#9305),#9298,.F.);
#9307=CARTESIAN_POINT('',(5.449007416321E1,1.312174980724E0,3.244180730182E-1));
#9308=DIRECTION('',(9.999998164261E-1,1.049993312582E-10,6.059272674204E-4));
#9309=DIRECTION('',(1.071613968790E-14,1.E0,-1.733047067562E-7));
#9310=AXIS2_PLACEMENT_3D('',#9307,#9308,#9309);
#9311=CYLINDRICAL_SURFACE('',#9310,2.828427124746E-1);
#9312=ORIENTED_EDGE('',*,*,#8626,.T.);
#9314=ORIENTED_EDGE('',*,*,#9313,.T.);
#9315=ORIENTED_EDGE('',*,*,#8682,.T.);
#9316=ORIENTED_EDGE('',*,*,#9300,.F.);
#9317=EDGE_LOOP('',(#9312,#9314,#9315,#9316));
#9318=FACE_OUTER_BOUND('',#9317,.F.);
#9319=ADVANCED_FACE('',(#9318),#9311,.F.);
#9320=CARTESIAN_POINT('',(5.449037233268E1,1.595017607910E0,
-1.677391732030E-1));
#9321=DIRECTION('',(0.E0,-1.E0,1.732870212380E-7));
#9322=DIRECTION('',(-9.999998164261E-1,-1.049993312582E-10,-6.059272674204E-4));
#9323=AXIS2_PLACEMENT_3D('',#9320,#9321,#9322);
#9324=PLANE('',#9323);
#9325=ORIENTED_EDGE('',*,*,#9313,.F.);
#9326=ORIENTED_EDGE('',*,*,#8640,.T.);
#9327=ORIENTED_EDGE('',*,*,#8666,.T.);
#9328=ORIENTED_EDGE('',*,*,#8684,.F.);
#9329=EDGE_LOOP('',(#9325,#9326,#9327,#9328));
#9330=FACE_OUTER_BOUND('',#9329,.F.);
#9331=ADVANCED_FACE('',(#9330),#9324,.T.);
#9332=CARTESIAN_POINT('',(5.009998751112E1,1.050006562051E1,-3.019548350459E1));
#9333=DIRECTION('',(1.565437770418E-9,9.999999999962E-1,-2.756827202863E-6));
#9334=DIRECTION('',(-2.896042295299E-2,-2.755625540295E-6,-9.995805589820E-1));
#9335=AXIS2_PLACEMENT_3D('',#9332,#9333,#9334);
#9336=TOROIDAL_SURFACE('',#9335,4.5E0,5.E-1);
#9338=ORIENTED_EDGE('',*,*,#9337,.T.);
#9339=ORIENTED_EDGE('',*,*,#8547,.T.);
#9340=ORIENTED_EDGE('',*,*,#6510,.F.);
#9342=ORIENTED_EDGE('',*,*,#9341,.F.);
#9343=EDGE_LOOP('',(#9338,#9339,#9340,#9342));
#9344=FACE_OUTER_BOUND('',#9343,.F.);
#9345=ADVANCED_FACE('',(#9344),#9336,.T.);
#9346=CARTESIAN_POINT('',(5.009998743905E1,-3.553286056371E1,
-3.019535659976E1));
#9347=DIRECTION('',(1.565437770418E-9,9.999999999962E-1,-2.756827202863E-6));
#9348=DIRECTION('',(9.999998164261E-1,1.049992912570E-10,6.059272676090E-4));
#9349=AXIS2_PLACEMENT_3D('',#9346,#9347,#9348);
#9350=CYLINDRICAL_SURFACE('',#9349,5.E0);
#9351=ORIENTED_EDGE('',*,*,#9337,.F.);
#9353=ORIENTED_EDGE('',*,*,#9352,.F.);
#9354=ORIENTED_EDGE('',*,*,#6438,.T.);
#9355=ORIENTED_EDGE('',*,*,#8507,.T.);
#9356=EDGE_LOOP('',(#9351,#9353,#9354,#9355));
#9357=FACE_OUTER_BOUND('',#9356,.F.);
#9358=ADVANCED_FACE('',(#9357),#9350,.T.);
#9359=CARTESIAN_POINT('',(-2.936533062601E1,5.249996980206E0,
-3.524362016085E1));
#9360=DIRECTION('',(-6.059272674184E-4,2.756827645288E-6,9.999998164223E-1));
#9361=DIRECTION('',(1.565437729876E-9,9.999999999962E-1,-2.756827202829E-6));
#9362=AXIS2_PLACEMENT_3D('',#9359,#9360,#9361);
#9363=PLANE('',#9362);
#9365=ORIENTED_EDGE('',*,*,#9364,.F.);
#9367=ORIENTED_EDGE('',*,*,#9366,.F.);
#9368=ORIENTED_EDGE('',*,*,#6409,.F.);
#9370=ORIENTED_EDGE('',*,*,#9369,.T.);
#9371=EDGE_LOOP('',(#9365,#9367,#9368,#9370));
#9372=FACE_OUTER_BOUND('',#9371,.F.);
#9373=ADVANCED_FACE('',(#9372),#9363,.F.);
#9374=CARTESIAN_POINT('',(-2.936533062601E1,5.249996980206E0,
-3.524362016085E1));
#9375=DIRECTION('',(-6.059272674184E-4,2.756827645288E-6,9.999998164223E-1));
#9376=DIRECTION('',(1.565437729876E-9,9.999999999962E-1,-2.756827202829E-6));
#9377=AXIS2_PLACEMENT_3D('',#9374,#9375,#9376);
#9378=PLANE('',#9377);
#9380=ORIENTED_EDGE('',*,*,#9379,.F.);
#9382=ORIENTED_EDGE('',*,*,#9381,.F.);
#9383=ORIENTED_EDGE('',*,*,#6401,.F.);
#9385=ORIENTED_EDGE('',*,*,#9384,.T.);
#9386=EDGE_LOOP('',(#9380,#9382,#9383,#9385));
#9387=FACE_OUTER_BOUND('',#9386,.F.);
#9388=ADVANCED_FACE('',(#9387),#9378,.F.);
#9389=CARTESIAN_POINT('',(-2.936533062601E1,5.249996980206E0,
-3.524362016085E1));
#9390=DIRECTION('',(-6.059272674184E-4,2.756827645288E-6,9.999998164223E-1));
#9391=DIRECTION('',(1.565437729876E-9,9.999999999962E-1,-2.756827202829E-6));
#9392=AXIS2_PLACEMENT_3D('',#9389,#9390,#9391);
#9393=PLANE('',#9392);
#9395=ORIENTED_EDGE('',*,*,#9394,.F.);
#9397=ORIENTED_EDGE('',*,*,#9396,.F.);
#9398=ORIENTED_EDGE('',*,*,#6393,.F.);
#9400=ORIENTED_EDGE('',*,*,#9399,.T.);
#9401=EDGE_LOOP('',(#9395,#9397,#9398,#9400));
#9402=FACE_OUTER_BOUND('',#9401,.F.);
#9403=ADVANCED_FACE('',(#9402),#9393,.F.);
#9404=CARTESIAN_POINT('',(-2.936533062601E1,5.249996980206E0,
-3.524362016085E1));
#9405=DIRECTION('',(-6.059272674184E-4,2.756827645288E-6,9.999998164223E-1));
#9406=DIRECTION('',(1.565437729876E-9,9.999999999962E-1,-2.756827202829E-6));
#9407=AXIS2_PLACEMENT_3D('',#9404,#9405,#9406);
#9408=PLANE('',#9407);
#9410=ORIENTED_EDGE('',*,*,#9409,.F.);
#9412=ORIENTED_EDGE('',*,*,#9411,.F.);
#9413=ORIENTED_EDGE('',*,*,#6385,.F.);
#9415=ORIENTED_EDGE('',*,*,#9414,.T.);
#9416=EDGE_LOOP('',(#9410,#9412,#9413,#9415));
#9417=FACE_OUTER_BOUND('',#9416,.F.);
#9418=ADVANCED_FACE('',(#9417),#9408,.F.);
#9419=CARTESIAN_POINT('',(-2.936533062601E1,5.249996980206E0,
-3.524362016085E1));
#9420=DIRECTION('',(-6.059272674184E-4,2.756827645288E-6,9.999998164223E-1));
#9421=DIRECTION('',(1.565437729876E-9,9.999999999962E-1,-2.756827202829E-6));
#9422=AXIS2_PLACEMENT_3D('',#9419,#9420,#9421);
#9423=PLANE('',#9422);
#9425=ORIENTED_EDGE('',*,*,#9424,.F.);
#9426=ORIENTED_EDGE('',*,*,#6346,.T.);
#9427=ORIENTED_EDGE('',*,*,#6417,.F.);
#9429=ORIENTED_EDGE('',*,*,#9428,.T.);
#9430=EDGE_LOOP('',(#9425,#9426,#9427,#9429));
#9431=FACE_OUTER_BOUND('',#9430,.F.);
#9432=ADVANCED_FACE('',(#9431),#9423,.F.);
#9433=CARTESIAN_POINT('',(-2.936533062601E1,5.249996980206E0,
-3.524362016085E1));
#9434=DIRECTION('',(-6.059272674184E-4,2.756827645288E-6,9.999998164223E-1));
#9435=DIRECTION('',(1.565437729876E-9,9.999999999962E-1,-2.756827202829E-6));
#9436=AXIS2_PLACEMENT_3D('',#9433,#9434,#9435);
#9437=PLANE('',#9436);
#9439=ORIENTED_EDGE('',*,*,#9438,.F.);
#9441=ORIENTED_EDGE('',*,*,#9440,.F.);
#9442=ORIENTED_EDGE('',*,*,#6377,.F.);
#9443=ORIENTED_EDGE('',*,*,#9352,.T.);
#9444=EDGE_LOOP('',(#9439,#9441,#9442,#9443));
#9445=FACE_OUTER_BOUND('',#9444,.F.);
#9446=ADVANCED_FACE('',(#9445),#9437,.F.);
#9447=CARTESIAN_POINT('',(-1.892506381569E2,1.050005319474E1,
-3.484051342784E1));
#9448=DIRECTION('',(9.999998164261E-1,1.049993289493E-10,6.059272674204E-4));
#9449=DIRECTION('',(6.059272674184E-4,-2.756827640837E-6,-9.999998164223E-1));
#9450=AXIS2_PLACEMENT_3D('',#9447,#9448,#9449);
#9451=CYLINDRICAL_SURFACE('',#9450,5.E-1);
#9452=ORIENTED_EDGE('',*,*,#6476,.F.);
#9454=ORIENTED_EDGE('',*,*,#9453,.T.);
#9455=ORIENTED_EDGE('',*,*,#9364,.T.);
#9457=ORIENTED_EDGE('',*,*,#9456,.T.);
#9458=EDGE_LOOP('',(#9452,#9454,#9455,#9457));
#9459=FACE_OUTER_BOUND('',#9458,.F.);
#9460=ADVANCED_FACE('',(#9459),#9451,.T.);
#9461=CARTESIAN_POINT('',(-2.811545205541E1,-4.000007629395E0,
2.881338566760E1));
#9462=DIRECTION('',(-1.E0,1.565437557360E-9,0.E0));
#9463=DIRECTION('',(1.565437557360E-9,1.E0,0.E0));
#9464=AXIS2_PLACEMENT_3D('',#9461,#9462,#9463);
#9465=PLANE('',#9464);
#9466=ORIENTED_EDGE('',*,*,#9366,.T.);
#9467=ORIENTED_EDGE('',*,*,#9453,.F.);
#9468=ORIENTED_EDGE('',*,*,#6527,.T.);
#9470=ORIENTED_EDGE('',*,*,#9469,.F.);
#9472=ORIENTED_EDGE('',*,*,#9471,.F.);
#9473=ORIENTED_EDGE('',*,*,#6411,.F.);
#9474=EDGE_LOOP('',(#9466,#9467,#9468,#9470,#9472,#9473));
#9475=FACE_OUTER_BOUND('',#9474,.F.);
#9476=ADVANCED_FACE('',(#9475),#9465,.T.);
#9477=CARTESIAN_POINT('',(-2.936560328506E1,1.050005322019E1,
-3.469363469860E1));
#9478=DIRECTION('',(5.419583838162E-4,4.472115918743E-1,-8.944280286162E-1));
#9479=DIRECTION('',(-2.709777917375E-4,8.944281928099E-1,4.472115097779E-1));
#9480=AXIS2_PLACEMENT_3D('',#9477,#9478,#9479);
#9481=PLANE('',#9480);
#9482=ORIENTED_EDGE('',*,*,#6525,.F.);
#9484=ORIENTED_EDGE('',*,*,#9483,.T.);
#9486=ORIENTED_EDGE('',*,*,#9485,.T.);
#9487=ORIENTED_EDGE('',*,*,#9469,.T.);
#9488=EDGE_LOOP('',(#9482,#9484,#9486,#9487));
#9489=FACE_OUTER_BOUND('',#9488,.F.);
#9490=ADVANCED_FACE('',(#9489),#9481,.T.);
#9491=CARTESIAN_POINT('',(-3.061545156517E1,1.599999237061E1,2.881338566760E1));
#9492=DIRECTION('',(1.E0,-1.565437557667E-9,0.E0));
#9493=DIRECTION('',(-1.565437557667E-9,-1.E0,0.E0));
#9494=AXIS2_PLACEMENT_3D('',#9491,#9492,#9493);
#9495=PLANE('',#9494);
#9496=ORIENTED_EDGE('',*,*,#9428,.F.);
#9497=ORIENTED_EDGE('',*,*,#6415,.T.);
#9499=ORIENTED_EDGE('',*,*,#9498,.T.);
#9500=ORIENTED_EDGE('',*,*,#9483,.F.);
#9501=ORIENTED_EDGE('',*,*,#6523,.T.);
#9503=ORIENTED_EDGE('',*,*,#9502,.F.);
#9504=EDGE_LOOP('',(#9496,#9497,#9499,#9500,#9501,#9503));
#9505=FACE_OUTER_BOUND('',#9504,.F.);
#9506=ADVANCED_FACE('',(#9505),#9495,.T.);
#9507=CARTESIAN_POINT('',(-2.936551240419E1,5.249997807255E0,
-3.494362021593E1));
#9508=DIRECTION('',(-6.059272674184E-4,2.756827645288E-6,9.999998164223E-1));
#9509=DIRECTION('',(1.565437729876E-9,9.999999999962E-1,-2.756827202829E-6));
#9510=AXIS2_PLACEMENT_3D('',#9507,#9508,#9509);
#9511=PLANE('',#9510);
#9512=ORIENTED_EDGE('',*,*,#9485,.F.);
#9513=ORIENTED_EDGE('',*,*,#9498,.F.);
#9514=ORIENTED_EDGE('',*,*,#6413,.F.);
#9515=ORIENTED_EDGE('',*,*,#9471,.T.);
#9516=EDGE_LOOP('',(#9512,#9513,#9514,#9515));
#9517=FACE_OUTER_BOUND('',#9516,.F.);
#9518=ADVANCED_FACE('',(#9517),#9511,.F.);
#9519=CARTESIAN_POINT('',(-2.936551240419E1,5.249997807255E0,
-3.494362021593E1));
#9520=DIRECTION('',(-6.059272674184E-4,2.756827645288E-6,9.999998164223E-1));
#9521=DIRECTION('',(1.565437729876E-9,9.999999999962E-1,-2.756827202829E-6));
#9522=AXIS2_PLACEMENT_3D('',#9519,#9520,#9521);
#9523=PLANE('',#9522);
#9525=ORIENTED_EDGE('',*,*,#9524,.F.);
#9527=ORIENTED_EDGE('',*,*,#9526,.F.);
#9528=ORIENTED_EDGE('',*,*,#6405,.F.);
#9530=ORIENTED_EDGE('',*,*,#9529,.T.);
#9531=EDGE_LOOP('',(#9525,#9527,#9528,#9530));
#9532=FACE_OUTER_BOUND('',#9531,.F.);
#9533=ADVANCED_FACE('',(#9532),#9523,.F.);
#9534=CARTESIAN_POINT('',(-2.936551240419E1,5.249997807255E0,
-3.494362021593E1));
#9535=DIRECTION('',(-6.059272674184E-4,2.756827645288E-6,9.999998164223E-1));
#9536=DIRECTION('',(1.565437729876E-9,9.999999999962E-1,-2.756827202829E-6));
#9537=AXIS2_PLACEMENT_3D('',#9534,#9535,#9536);
#9538=PLANE('',#9537);
#9540=ORIENTED_EDGE('',*,*,#9539,.F.);
#9542=ORIENTED_EDGE('',*,*,#9541,.F.);
#9543=ORIENTED_EDGE('',*,*,#6397,.F.);
#9545=ORIENTED_EDGE('',*,*,#9544,.T.);
#9546=EDGE_LOOP('',(#9540,#9542,#9543,#9545));
#9547=FACE_OUTER_BOUND('',#9546,.F.);
#9548=ADVANCED_FACE('',(#9547),#9538,.F.);
#9549=CARTESIAN_POINT('',(-2.936551240419E1,5.249997807255E0,
-3.494362021593E1));
#9550=DIRECTION('',(-6.059272674184E-4,2.756827645288E-6,9.999998164223E-1));
#9551=DIRECTION('',(1.565437729876E-9,9.999999999962E-1,-2.756827202829E-6));
#9552=AXIS2_PLACEMENT_3D('',#9549,#9550,#9551);
#9553=PLANE('',#9552);
#9555=ORIENTED_EDGE('',*,*,#9554,.F.);
#9557=ORIENTED_EDGE('',*,*,#9556,.F.);
#9558=ORIENTED_EDGE('',*,*,#6389,.F.);
#9560=ORIENTED_EDGE('',*,*,#9559,.T.);
#9561=EDGE_LOOP('',(#9555,#9557,#9558,#9560));
#9562=FACE_OUTER_BOUND('',#9561,.F.);
#9563=ADVANCED_FACE('',(#9562),#9553,.F.);
#9564=CARTESIAN_POINT('',(-2.936551240419E1,5.249997807255E0,
-3.494362021593E1));
#9565=DIRECTION('',(-6.059272674184E-4,2.756827645288E-6,9.999998164223E-1));
#9566=DIRECTION('',(1.565437729876E-9,9.999999999962E-1,-2.756827202829E-6));
#9567=AXIS2_PLACEMENT_3D('',#9564,#9565,#9566);
#9568=PLANE('',#9567);
#9570=ORIENTED_EDGE('',*,*,#9569,.F.);
#9572=ORIENTED_EDGE('',*,*,#9571,.F.);
#9573=ORIENTED_EDGE('',*,*,#6381,.F.);
#9575=ORIENTED_EDGE('',*,*,#9574,.T.);
#9576=EDGE_LOOP('',(#9570,#9572,#9573,#9575));
#9577=FACE_OUTER_BOUND('',#9576,.F.);
#9578=ADVANCED_FACE('',(#9577),#9568,.F.);
#9579=CARTESIAN_POINT('',(-2.084579831969E1,1.050005322109E1,
-3.468847231551E1));
#9580=DIRECTION('',(5.419583838162E-4,4.472115918743E-1,-8.944280286162E-1));
#9581=DIRECTION('',(-2.709777917375E-4,8.944281928099E-1,4.472115097779E-1));
#9582=AXIS2_PLACEMENT_3D('',#9579,#9580,#9581);
#9583=PLANE('',#9582);
#9584=ORIENTED_EDGE('',*,*,#6480,.F.);
#9586=ORIENTED_EDGE('',*,*,#9585,.T.);
#9587=ORIENTED_EDGE('',*,*,#9524,.T.);
#9589=ORIENTED_EDGE('',*,*,#9588,.T.);
#9590=EDGE_LOOP('',(#9584,#9586,#9587,#9589));
#9591=FACE_OUTER_BOUND('',#9590,.F.);
#9592=ADVANCED_FACE('',(#9591),#9583,.T.);
#9593=CARTESIAN_POINT('',(-2.209564659980E1,1.599999045934E1,2.881338566760E1));
#9594=DIRECTION('',(1.E0,-1.565437238311E-9,0.E0));
#9595=DIRECTION('',(-1.565437238311E-9,-1.E0,0.E0));
#9596=AXIS2_PLACEMENT_3D('',#9593,#9594,#9595);
#9597=PLANE('',#9596);
#9598=ORIENTED_EDGE('',*,*,#9369,.F.);
#9599=ORIENTED_EDGE('',*,*,#6407,.T.);
#9600=ORIENTED_EDGE('',*,*,#9526,.T.);
#9601=ORIENTED_EDGE('',*,*,#9585,.F.);
#9602=ORIENTED_EDGE('',*,*,#6478,.T.);
#9603=ORIENTED_EDGE('',*,*,#9456,.F.);
#9604=EDGE_LOOP('',(#9598,#9599,#9600,#9601,#9602,#9603));
#9605=FACE_OUTER_BOUND('',#9604,.F.);
#9606=ADVANCED_FACE('',(#9605),#9597,.T.);
#9607=CARTESIAN_POINT('',(-1.959564709004E1,-4.000000003914E0,
2.881338566760E1));
#9608=DIRECTION('',(-1.E0,1.565437593276E-9,0.E0));
#9609=DIRECTION('',(1.565437593276E-9,1.E0,0.E0));
#9610=AXIS2_PLACEMENT_3D('',#9607,#9608,#9609);
#9611=PLANE('',#9610);
#9612=ORIENTED_EDGE('',*,*,#9381,.T.);
#9614=ORIENTED_EDGE('',*,*,#9613,.F.);
#9615=ORIENTED_EDGE('',*,*,#6482,.T.);
#9616=ORIENTED_EDGE('',*,*,#9588,.F.);
#9617=ORIENTED_EDGE('',*,*,#9529,.F.);
#9618=ORIENTED_EDGE('',*,*,#6403,.F.);
#9619=EDGE_LOOP('',(#9612,#9614,#9615,#9616,#9617,#9618));
#9620=FACE_OUTER_BOUND('',#9619,.F.);
#9621=ADVANCED_FACE('',(#9620),#9611,.T.);
#9622=CARTESIAN_POINT('',(-1.892506381569E2,1.050005319474E1,
-3.484051342784E1));
#9623=DIRECTION('',(9.999998164261E-1,1.049993289493E-10,6.059272674204E-4));
#9624=DIRECTION('',(6.059272674184E-4,-2.756827640837E-6,-9.999998164223E-1));
#9625=AXIS2_PLACEMENT_3D('',#9622,#9623,#9624);
#9626=CYLINDRICAL_SURFACE('',#9625,5.E-1);
#9628=ORIENTED_EDGE('',*,*,#9627,.F.);
#9629=ORIENTED_EDGE('',*,*,#6484,.F.);
#9630=ORIENTED_EDGE('',*,*,#9613,.T.);
#9631=ORIENTED_EDGE('',*,*,#9379,.T.);
#9632=EDGE_LOOP('',(#9628,#9629,#9630,#9631));
#9633=FACE_OUTER_BOUND('',#9632,.F.);
#9634=ADVANCED_FACE('',(#9633),#9626,.T.);
#9635=CARTESIAN_POINT('',(1.198357326167E1,1.600004005432E1,2.881338566760E1));
#9636=DIRECTION('',(1.E0,-1.565437380031E-9,0.E0));
#9637=DIRECTION('',(-1.565437380031E-9,-1.E0,0.E0));
#9638=AXIS2_PLACEMENT_3D('',#9635,#9636,#9637);
#9639=PLANE('',#9638);
#9640=ORIENTED_EDGE('',*,*,#9627,.T.);
#9641=ORIENTED_EDGE('',*,*,#9384,.F.);
#9642=ORIENTED_EDGE('',*,*,#6399,.F.);
#9643=ORIENTED_EDGE('',*,*,#9541,.T.);
#9645=ORIENTED_EDGE('',*,*,#9644,.F.);
#9646=ORIENTED_EDGE('',*,*,#6486,.T.);
#9647=EDGE_LOOP('',(#9640,#9641,#9642,#9643,#9645,#9646));
#9648=FACE_OUTER_BOUND('',#9647,.F.);
#9649=ADVANCED_FACE('',(#9648),#9639,.T.);
#9650=CARTESIAN_POINT('',(1.323342154178E1,1.050005322466E1,-3.466782278315E1));
#9651=DIRECTION('',(5.419583838162E-4,4.472115918743E-1,-8.944280286162E-1));
#9652=DIRECTION('',(-2.709777917375E-4,8.944281928099E-1,4.472115097779E-1));
#9653=AXIS2_PLACEMENT_3D('',#9650,#9651,#9652);
#9654=PLANE('',#9653);
#9655=ORIENTED_EDGE('',*,*,#6488,.F.);
#9656=ORIENTED_EDGE('',*,*,#9644,.T.);
#9657=ORIENTED_EDGE('',*,*,#9539,.T.);
#9659=ORIENTED_EDGE('',*,*,#9658,.T.);
#9660=EDGE_LOOP('',(#9655,#9656,#9657,#9659));
#9661=FACE_OUTER_BOUND('',#9660,.F.);
#9662=ADVANCED_FACE('',(#9661),#9654,.T.);
#9663=CARTESIAN_POINT('',(1.448357277143E1,-3.999959945679E0,2.881338566760E1));
#9664=DIRECTION('',(-1.E0,1.565437557360E-9,0.E0));
#9665=DIRECTION('',(1.565437557360E-9,1.E0,0.E0));
#9666=AXIS2_PLACEMENT_3D('',#9663,#9664,#9665);
#9667=PLANE('',#9666);
#9669=ORIENTED_EDGE('',*,*,#9668,.T.);
#9670=ORIENTED_EDGE('',*,*,#6490,.T.);
#9671=ORIENTED_EDGE('',*,*,#9658,.F.);
#9672=ORIENTED_EDGE('',*,*,#9544,.F.);
#9673=ORIENTED_EDGE('',*,*,#6395,.F.);
#9674=ORIENTED_EDGE('',*,*,#9396,.T.);
#9675=EDGE_LOOP('',(#9669,#9670,#9671,#9672,#9673,#9674));
#9676=FACE_OUTER_BOUND('',#9675,.F.);
#9677=ADVANCED_FACE('',(#9676),#9667,.T.);
#9678=CARTESIAN_POINT('',(-1.892506381569E2,1.050005319474E1,
-3.484051342784E1));
#9679=DIRECTION('',(9.999998164261E-1,1.049993289493E-10,6.059272674204E-4));
#9680=DIRECTION('',(6.059272674184E-4,-2.756827640837E-6,-9.999998164223E-1));
#9681=AXIS2_PLACEMENT_3D('',#9678,#9679,#9680);
#9682=CYLINDRICAL_SURFACE('',#9681,5.E-1);
#9684=ORIENTED_EDGE('',*,*,#9683,.F.);
#9685=ORIENTED_EDGE('',*,*,#6492,.F.);
#9686=ORIENTED_EDGE('',*,*,#9668,.F.);
#9687=ORIENTED_EDGE('',*,*,#9394,.T.);
#9688=EDGE_LOOP('',(#9684,#9685,#9686,#9687));
#9689=FACE_OUTER_BOUND('',#9688,.F.);
#9690=ADVANCED_FACE('',(#9689),#9682,.T.);
#9691=CARTESIAN_POINT('',(2.050337822704E1,1.599999237061E1,2.881338566760E1));
#9692=DIRECTION('',(1.E0,-1.565437261129E-9,0.E0));
#9693=DIRECTION('',(-1.565437261129E-9,-1.E0,0.E0));
#9694=AXIS2_PLACEMENT_3D('',#9691,#9692,#9693);
#9695=PLANE('',#9694);
#9696=ORIENTED_EDGE('',*,*,#9683,.T.);
#9697=ORIENTED_EDGE('',*,*,#9399,.F.);
#9698=ORIENTED_EDGE('',*,*,#6391,.T.);
#9699=ORIENTED_EDGE('',*,*,#9556,.T.);
#9701=ORIENTED_EDGE('',*,*,#9700,.F.);
#9702=ORIENTED_EDGE('',*,*,#6494,.T.);
#9703=EDGE_LOOP('',(#9696,#9697,#9698,#9699,#9701,#9702));
#9704=FACE_OUTER_BOUND('',#9703,.F.);
#9705=ADVANCED_FACE('',(#9704),#9695,.T.);
#9706=CARTESIAN_POINT('',(2.175322650715E1,1.050005322556E1,-3.466266040006E1));
#9707=DIRECTION('',(5.419583838162E-4,4.472115918743E-1,-8.944280286163E-1));
#9708=DIRECTION('',(-2.709777917375E-4,8.944281928099E-1,4.472115097779E-1));
#9709=AXIS2_PLACEMENT_3D('',#9706,#9707,#9708);
#9710=PLANE('',#9709);
#9711=ORIENTED_EDGE('',*,*,#6496,.F.);
#9712=ORIENTED_EDGE('',*,*,#9700,.T.);
#9713=ORIENTED_EDGE('',*,*,#9554,.T.);
#9715=ORIENTED_EDGE('',*,*,#9714,.T.);
#9716=EDGE_LOOP('',(#9711,#9712,#9713,#9715));
#9717=FACE_OUTER_BOUND('',#9716,.F.);
#9718=ADVANCED_FACE('',(#9717),#9710,.T.);
#9719=CARTESIAN_POINT('',(2.300337773680E1,-4.000000070600E0,2.881338566760E1));
#9720=DIRECTION('',(-1.E0,1.565437587750E-9,0.E0));
#9721=DIRECTION('',(1.565437587750E-9,1.E0,0.E0));
#9722=AXIS2_PLACEMENT_3D('',#9719,#9720,#9721);
#9723=PLANE('',#9722);
#9725=ORIENTED_EDGE('',*,*,#9724,.T.);
#9726=ORIENTED_EDGE('',*,*,#6498,.T.);
#9727=ORIENTED_EDGE('',*,*,#9714,.F.);
#9728=ORIENTED_EDGE('',*,*,#9559,.F.);
#9729=ORIENTED_EDGE('',*,*,#6387,.F.);
#9730=ORIENTED_EDGE('',*,*,#9411,.T.);
#9731=EDGE_LOOP('',(#9725,#9726,#9727,#9728,#9729,#9730));
#9732=FACE_OUTER_BOUND('',#9731,.F.);
#9733=ADVANCED_FACE('',(#9732),#9723,.T.);
#9734=CARTESIAN_POINT('',(-1.892506381569E2,1.050005319474E1,
-3.484051342784E1));
#9735=DIRECTION('',(9.999998164261E-1,1.049993289493E-10,6.059272674204E-4));
#9736=DIRECTION('',(6.059272674184E-4,-2.756827640837E-6,-9.999998164223E-1));
#9737=AXIS2_PLACEMENT_3D('',#9734,#9735,#9736);
#9738=CYLINDRICAL_SURFACE('',#9737,5.E-1);
#9739=ORIENTED_EDGE('',*,*,#9724,.F.);
#9740=ORIENTED_EDGE('',*,*,#9409,.T.);
#9742=ORIENTED_EDGE('',*,*,#9741,.F.);
#9743=ORIENTED_EDGE('',*,*,#6500,.F.);
#9744=EDGE_LOOP('',(#9739,#9740,#9742,#9743));
#9745=FACE_OUTER_BOUND('',#9744,.F.);
#9746=ADVANCED_FACE('',(#9745),#9738,.T.);
#9747=CARTESIAN_POINT('',(2.902318319241E1,1.599998847588E1,2.881338566760E1));
#9748=DIRECTION('',(1.E0,-1.565437387297E-9,0.E0));
#9749=DIRECTION('',(-1.565437387297E-9,-1.E0,0.E0));
#9750=AXIS2_PLACEMENT_3D('',#9747,#9748,#9749);
#9751=PLANE('',#9750);
#9752=ORIENTED_EDGE('',*,*,#9741,.T.);
#9753=ORIENTED_EDGE('',*,*,#9414,.F.);
#9754=ORIENTED_EDGE('',*,*,#6383,.T.);
#9755=ORIENTED_EDGE('',*,*,#9571,.T.);
#9757=ORIENTED_EDGE('',*,*,#9756,.F.);
#9758=ORIENTED_EDGE('',*,*,#6502,.T.);
#9759=EDGE_LOOP('',(#9752,#9753,#9754,#9755,#9757,#9758));
#9760=FACE_OUTER_BOUND('',#9759,.F.);
#9761=ADVANCED_FACE('',(#9760),#9751,.T.);
#9762=CARTESIAN_POINT('',(3.027303147252E1,1.050005322645E1,-3.465749801697E1));
#9763=DIRECTION('',(5.419583838162E-4,4.472115918743E-1,-8.944280286162E-1));
#9764=DIRECTION('',(-2.709777917375E-4,8.944281928099E-1,4.472115097779E-1));
#9765=AXIS2_PLACEMENT_3D('',#9762,#9763,#9764);
#9766=PLANE('',#9765);
#9767=ORIENTED_EDGE('',*,*,#6504,.F.);
#9768=ORIENTED_EDGE('',*,*,#9756,.T.);
#9769=ORIENTED_EDGE('',*,*,#9569,.T.);
#9771=ORIENTED_EDGE('',*,*,#9770,.T.);
#9772=EDGE_LOOP('',(#9767,#9768,#9769,#9771));
#9773=FACE_OUTER_BOUND('',#9772,.F.);
#9774=ADVANCED_FACE('',(#9773),#9766,.T.);
#9775=CARTESIAN_POINT('',(3.152318270217E1,-4.000000083937E0,2.881338566760E1));
#9776=DIRECTION('',(-1.E0,1.565437558363E-9,0.E0));
#9777=DIRECTION('',(1.565437558363E-9,1.E0,0.E0));
#9778=AXIS2_PLACEMENT_3D('',#9775,#9776,#9777);
#9779=PLANE('',#9778);
#9781=ORIENTED_EDGE('',*,*,#9780,.T.);
#9782=ORIENTED_EDGE('',*,*,#6506,.T.);
#9783=ORIENTED_EDGE('',*,*,#9770,.F.);
#9784=ORIENTED_EDGE('',*,*,#9574,.F.);
#9785=ORIENTED_EDGE('',*,*,#6379,.F.);
#9786=ORIENTED_EDGE('',*,*,#9440,.T.);
#9787=EDGE_LOOP('',(#9781,#9782,#9783,#9784,#9785,#9786));
#9788=FACE_OUTER_BOUND('',#9787,.F.);
#9789=ADVANCED_FACE('',(#9788),#9779,.T.);
#9790=CARTESIAN_POINT('',(-1.892506381569E2,1.050005319474E1,
-3.484051342784E1));
#9791=DIRECTION('',(9.999998164261E-1,1.049993307730E-10,6.059272674204E-4));
#9792=DIRECTION('',(6.059272674184E-4,-2.756827640837E-6,-9.999998164223E-1));
#9793=AXIS2_PLACEMENT_3D('',#9790,#9791,#9792);
#9794=CYLINDRICAL_SURFACE('',#9793,5.E-1);
#9795=ORIENTED_EDGE('',*,*,#9780,.F.);
#9796=ORIENTED_EDGE('',*,*,#9438,.T.);
#9797=ORIENTED_EDGE('',*,*,#9341,.T.);
#9798=ORIENTED_EDGE('',*,*,#6508,.F.);
#9799=EDGE_LOOP('',(#9795,#9796,#9797,#9798));
#9800=FACE_OUTER_BOUND('',#9799,.F.);
#9801=ADVANCED_FACE('',(#9800),#9794,.T.);
#9802=CARTESIAN_POINT('',(-4.015374924745E1,1.050005321039E1,
-3.475017154078E1));
#9803=DIRECTION('',(9.999998164261E-1,1.049993319110E-10,6.059272674204E-4));
#9804=DIRECTION('',(6.059272674184E-4,-2.756827644390E-6,-9.999998164223E-1));
#9805=AXIS2_PLACEMENT_3D('',#9802,#9803,#9804);
#9806=CYLINDRICAL_SURFACE('',#9805,5.E-1);
#9807=ORIENTED_EDGE('',*,*,#6521,.F.);
#9808=ORIENTED_EDGE('',*,*,#6329,.F.);
#9809=ORIENTED_EDGE('',*,*,#9424,.T.);
#9810=ORIENTED_EDGE('',*,*,#9502,.T.);
#9811=EDGE_LOOP('',(#9807,#9808,#9809,#9810));
#9812=FACE_OUTER_BOUND('',#9811,.F.);
#9813=ADVANCED_FACE('',(#9812),#9806,.T.);
#9814=CARTESIAN_POINT('',(5.480810517364E1,6.561062602864E-1,
-1.527539197335E1));
#9815=DIRECTION('',(0.E0,1.E0,-1.732870212380E-7));
#9816=DIRECTION('',(-6.059272676214E-4,1.732869894271E-7,9.999998164260E-1));
#9817=AXIS2_PLACEMENT_3D('',#9814,#9815,#9816);
#9818=CYLINDRICAL_SURFACE('',#9817,2.828427124748E-1);
#9819=ORIENTED_EDGE('',*,*,#6434,.T.);
#9821=ORIENTED_EDGE('',*,*,#9820,.F.);
#9823=ORIENTED_EDGE('',*,*,#9822,.T.);
#9824=ORIENTED_EDGE('',*,*,#8510,.F.);
#9825=EDGE_LOOP('',(#9819,#9821,#9823,#9824));
#9826=FACE_OUTER_BOUND('',#9825,.F.);
#9827=ADVANCED_FACE('',(#9826),#9818,.T.);
#9828=CARTESIAN_POINT('',(5.449935520442E1,6.561063092699E-1,
-1.499273628902E1));
#9829=DIRECTION('',(-6.059272674204E-4,1.732869894271E-7,9.999998164260E-1));
#9830=DIRECTION('',(-9.999998164261E-1,-1.049993312582E-10,-6.059272674204E-4));
#9831=AXIS2_PLACEMENT_3D('',#9828,#9829,#9830);
#9832=PLANE('',#9831);
#9834=ORIENTED_EDGE('',*,*,#9833,.F.);
#9835=ORIENTED_EDGE('',*,*,#9820,.T.);
#9836=ORIENTED_EDGE('',*,*,#6432,.F.);
#9838=ORIENTED_EDGE('',*,*,#9837,.F.);
#9839=EDGE_LOOP('',(#9834,#9835,#9836,#9838));
#9840=FACE_OUTER_BOUND('',#9839,.F.);
#9841=ADVANCED_FACE('',(#9840),#9832,.T.);
#9842=CARTESIAN_POINT('',(5.449918386436E1,1.312172375473E0,-1.470989374213E1));
#9843=DIRECTION('',(9.999998164261E-1,1.049993312582E-10,6.059272674204E-4));
#9844=DIRECTION('',(6.059272674204E-4,-1.733046498270E-7,-9.999998164260E-1));
#9845=AXIS2_PLACEMENT_3D('',#9842,#9843,#9844);
#9846=CYLINDRICAL_SURFACE('',#9845,2.828427124746E-1);
#9848=ORIENTED_EDGE('',*,*,#9847,.T.);
#9849=ORIENTED_EDGE('',*,*,#9833,.T.);
#9851=ORIENTED_EDGE('',*,*,#9850,.T.);
#9853=ORIENTED_EDGE('',*,*,#9852,.F.);
#9854=EDGE_LOOP('',(#9848,#9849,#9851,#9853));
#9855=FACE_OUTER_BOUND('',#9854,.F.);
#9856=ADVANCED_FACE('',(#9855),#9846,.F.);
#9857=CARTESIAN_POINT('',(5.480776249351E1,1.312172375505E0,-1.470970676589E1));
#9858=DIRECTION('',(9.999998164261E-1,1.049993312582E-10,6.059272674204E-4));
#9859=DIRECTION('',(6.059272674204E-4,-1.733223102349E-7,-9.999998164260E-1));
#9860=AXIS2_PLACEMENT_3D('',#9857,#9858,#9859);
#9861=TOROIDAL_SURFACE('',#9860,5.656853619272E-1,2.828427124746E-1);
#9862=ORIENTED_EDGE('',*,*,#8512,.T.);
#9863=ORIENTED_EDGE('',*,*,#9822,.F.);
#9864=ORIENTED_EDGE('',*,*,#9847,.F.);
#9866=ORIENTED_EDGE('',*,*,#9865,.T.);
#9867=EDGE_LOOP('',(#9862,#9863,#9864,#9866));
#9868=FACE_OUTER_BOUND('',#9867,.F.);
#9869=ADVANCED_FACE('',(#9868),#9861,.T.);
#9870=CARTESIAN_POINT('',(5.480746419789E1,1.877857885730E0,-1.421754966679E1));
#9871=DIRECTION('',(-6.059272674204E-4,1.732869894271E-7,9.999998164260E-1));
#9872=DIRECTION('',(1.697066152316E-8,-1.E0,1.732973042265E-7));
#9873=AXIS2_PLACEMENT_3D('',#9870,#9871,#9872);
#9874=CYLINDRICAL_SURFACE('',#9873,2.828427124749E-1);
#9875=ORIENTED_EDGE('',*,*,#8514,.F.);
#9876=ORIENTED_EDGE('',*,*,#9865,.F.);
#9878=ORIENTED_EDGE('',*,*,#9877,.F.);
#9880=ORIENTED_EDGE('',*,*,#9879,.T.);
#9881=EDGE_LOOP('',(#9875,#9876,#9878,#9880));
#9882=FACE_OUTER_BOUND('',#9881,.F.);
#9883=ADVANCED_FACE('',(#9882),#9874,.T.);
#9884=CARTESIAN_POINT('',(5.449888562129E1,1.595015173227E0,-1.421773659398E1));
#9885=DIRECTION('',(0.E0,-1.E0,1.732870212380E-7));
#9886=DIRECTION('',(-9.999998164261E-1,-1.049993312582E-10,-6.059272674204E-4));
#9887=AXIS2_PLACEMENT_3D('',#9884,#9885,#9886);
#9888=PLANE('',#9887);
#9889=ORIENTED_EDGE('',*,*,#9852,.T.);
#9891=ORIENTED_EDGE('',*,*,#9890,.F.);
#9893=ORIENTED_EDGE('',*,*,#9892,.T.);
#9894=ORIENTED_EDGE('',*,*,#9877,.T.);
#9895=EDGE_LOOP('',(#9889,#9891,#9893,#9894));
#9896=FACE_OUTER_BOUND('',#9895,.F.);
#9897=ADVANCED_FACE('',(#9896),#9888,.T.);
#9898=CARTESIAN_POINT('',(5.419491207092E1,1.100039109364E0,-2.181792209098E1));
#9899=DIRECTION('',(9.999998164261E-1,1.049993312582E-10,6.059272674204E-4));
#9900=DIRECTION('',(-6.059272674204E-4,1.732869894271E-7,9.999998164260E-1));
#9901=AXIS2_PLACEMENT_3D('',#9898,#9899,#9900);
#9902=PLANE('',#9901);
#9904=ORIENTED_EDGE('',*,*,#9903,.F.);
#9905=ORIENTED_EDGE('',*,*,#9890,.T.);
#9906=ORIENTED_EDGE('',*,*,#9850,.F.);
#9907=ORIENTED_EDGE('',*,*,#9837,.T.);
#9908=ORIENTED_EDGE('',*,*,#6430,.F.);
#9910=ORIENTED_EDGE('',*,*,#9909,.F.);
#9911=ORIENTED_EDGE('',*,*,#6219,.F.);
#9913=ORIENTED_EDGE('',*,*,#9912,.F.);
#9914=EDGE_LOOP('',(#9904,#9905,#9906,#9907,#9908,#9910,#9911,#9913));
#9915=FACE_OUTER_BOUND('',#9914,.F.);
#9916=ADVANCED_FACE('',(#9915),#9902,.F.);
#9917=CARTESIAN_POINT('',(5.449858739927E1,1.877857970982E0,-1.372557944582E1));
#9918=DIRECTION('',(9.999998164261E-1,1.049993312582E-10,6.059272674204E-4));
#9919=DIRECTION('',(-6.059272674204E-4,1.732869894271E-7,9.999998164260E-1));
#9920=AXIS2_PLACEMENT_3D('',#9917,#9918,#9919);
#9921=CYLINDRICAL_SURFACE('',#9920,2.828427124746E-1);
#9922=ORIENTED_EDGE('',*,*,#9892,.F.);
#9923=ORIENTED_EDGE('',*,*,#9903,.T.);
#9925=ORIENTED_EDGE('',*,*,#9924,.F.);
#9927=ORIENTED_EDGE('',*,*,#9926,.F.);
#9928=EDGE_LOOP('',(#9922,#9923,#9925,#9927));
#9929=FACE_OUTER_BOUND('',#9928,.F.);
#9930=ADVANCED_FACE('',(#9929),#9921,.T.);
#9931=CARTESIAN_POINT('',(5.394841611812E1,5.047527934042E0,-1.344307059453E1));
#9932=DIRECTION('',(-6.059272674204E-4,1.732869894271E-7,9.999998164260E-1));
#9933=DIRECTION('',(-9.999998164261E-1,-1.049993312582E-10,-6.059272674204E-4));
#9934=AXIS2_PLACEMENT_3D('',#9931,#9932,#9933);
#9935=PLANE('',#9934);
#9937=ORIENTED_EDGE('',*,*,#9936,.T.);
#9939=ORIENTED_EDGE('',*,*,#9938,.T.);
#9940=ORIENTED_EDGE('',*,*,#9924,.T.);
#9941=ORIENTED_EDGE('',*,*,#9912,.T.);
#9942=ORIENTED_EDGE('',*,*,#6217,.F.);
#9943=ORIENTED_EDGE('',*,*,#8289,.T.);
#9944=EDGE_LOOP('',(#9937,#9939,#9940,#9941,#9942,#9943));
#9945=FACE_OUTER_BOUND('',#9944,.F.);
#9946=ADVANCED_FACE('',(#9945),#9935,.T.);
#9947=CARTESIAN_POINT('',(5.394824477806E1,8.217197897160E0,-1.316022848322E1));
#9948=DIRECTION('',(-9.999998164261E-1,-1.049993312582E-10,-6.059272674204E-4));
#9949=DIRECTION('',(-1.073136147723E-14,1.E0,-1.732693105984E-7));
#9950=AXIS2_PLACEMENT_3D('',#9947,#9948,#9949);
#9951=CYLINDRICAL_SURFACE('',#9950,2.828427124746E-1);
#9952=ORIENTED_EDGE('',*,*,#8287,.T.);
#9954=ORIENTED_EDGE('',*,*,#9953,.T.);
#9956=ORIENTED_EDGE('',*,*,#9955,.T.);
#9957=ORIENTED_EDGE('',*,*,#9936,.F.);
#9958=EDGE_LOOP('',(#9952,#9954,#9956,#9957));
#9959=FACE_OUTER_BOUND('',#9958,.F.);
#9960=ADVANCED_FACE('',(#9959),#9951,.F.);
#9961=CARTESIAN_POINT('',(5.394462908320E1,8.500041643661E0,-7.193072340138E0));
#9962=DIRECTION('',(0.E0,-1.E0,1.732870212380E-7));
#9963=DIRECTION('',(-9.999998164261E-1,-1.049993312582E-10,-6.059272674204E-4));
#9964=AXIS2_PLACEMENT_3D('',#9961,#9962,#9963);
#9965=PLANE('',#9964);
#9966=ORIENTED_EDGE('',*,*,#9953,.F.);
#9967=ORIENTED_EDGE('',*,*,#8285,.T.);
#9969=ORIENTED_EDGE('',*,*,#9968,.T.);
#9971=ORIENTED_EDGE('',*,*,#9970,.T.);
#9972=EDGE_LOOP('',(#9966,#9967,#9969,#9971));
#9973=FACE_OUTER_BOUND('',#9972,.F.);
#9974=ADVANCED_FACE('',(#9973),#9965,.T.);
#9975=CARTESIAN_POINT('',(5.394101345144E1,8.217199965221E0,-1.225916098991E0));
#9976=DIRECTION('',(9.999998164261E-1,1.049993312582E-10,6.059272674204E-4));
#9977=DIRECTION('',(1.070091789857E-14,1.E0,-1.733046816348E-7));
#9978=AXIS2_PLACEMENT_3D('',#9975,#9976,#9977);
#9979=CYLINDRICAL_SURFACE('',#9978,2.828427124746E-1);
#9981=ORIENTED_EDGE('',*,*,#9980,.F.);
#9982=ORIENTED_EDGE('',*,*,#9968,.F.);
#9983=ORIENTED_EDGE('',*,*,#8283,.T.);
#9984=ORIENTED_EDGE('',*,*,#8474,.T.);
#9985=EDGE_LOOP('',(#9981,#9982,#9983,#9984));
#9986=FACE_OUTER_BOUND('',#9985,.F.);
#9987=ADVANCED_FACE('',(#9986),#9979,.F.);
#9988=CARTESIAN_POINT('',(5.479959197963E1,8.217199965311E0,-1.225395862754E0));
#9989=DIRECTION('',(9.999998164261E-1,1.049993312582E-10,6.059272674204E-4));
#9990=DIRECTION('',(2.142467325491E-14,1.E0,-1.733223797216E-7));
#9991=AXIS2_PLACEMENT_3D('',#9988,#9989,#9990);
#9992=TOROIDAL_SURFACE('',#9991,5.656853619272E-1,2.828427124746E-1);
#9993=ORIENTED_EDGE('',*,*,#8522,.T.);
#9995=ORIENTED_EDGE('',*,*,#9994,.F.);
#9996=ORIENTED_EDGE('',*,*,#9980,.T.);
#9997=ORIENTED_EDGE('',*,*,#8492,.T.);
#9998=EDGE_LOOP('',(#9993,#9995,#9996,#9997));
#9999=FACE_OUTER_BOUND('',#9998,.F.);
#10000=ADVANCED_FACE('',(#9999),#9992,.T.);
#10001=CARTESIAN_POINT('',(5.480320755884E1,8.782884356221E0,
-7.192552152949E0));
#10002=DIRECTION('',(-6.059272674204E-4,1.732869894271E-7,9.999998164260E-1));
#10003=DIRECTION('',(1.696985763597E-8,-1.E0,1.732973037394E-7));
#10004=AXIS2_PLACEMENT_3D('',#10001,#10002,#10003);
#10005=CYLINDRICAL_SURFACE('',#10004,2.828427124748E-1);
#10006=ORIENTED_EDGE('',*,*,#8520,.F.);
#10008=ORIENTED_EDGE('',*,*,#10007,.F.);
#10009=ORIENTED_EDGE('',*,*,#9970,.F.);
#10010=ORIENTED_EDGE('',*,*,#9994,.T.);
#10011=EDGE_LOOP('',(#10006,#10008,#10009,#10010));
#10012=FACE_OUTER_BOUND('',#10011,.F.);
#10013=ADVANCED_FACE('',(#10012),#10005,.T.);
#10014=CARTESIAN_POINT('',(5.480682330625E1,8.217197897250E0,
-1.315970824698E1));
#10015=DIRECTION('',(9.999998164261E-1,1.049993312582E-10,6.059272674204E-4));
#10016=DIRECTION('',(-2.141706235854E-14,1.E0,-1.732516753152E-7));
#10017=AXIS2_PLACEMENT_3D('',#10014,#10015,#10016);
#10018=TOROIDAL_SURFACE('',#10017,5.656853619272E-1,2.828427124746E-1);
#10019=ORIENTED_EDGE('',*,*,#8518,.T.);
#10021=ORIENTED_EDGE('',*,*,#10020,.F.);
#10022=ORIENTED_EDGE('',*,*,#9955,.F.);
#10023=ORIENTED_EDGE('',*,*,#10007,.T.);
#10024=EDGE_LOOP('',(#10019,#10021,#10022,#10023));
#10025=FACE_OUTER_BOUND('',#10024,.F.);
#10026=ADVANCED_FACE('',(#10025),#10018,.T.);
#10027=CARTESIAN_POINT('',(5.480716598637E1,5.047527885116E0,
-1.372539301887E1));
#10028=DIRECTION('',(0.E0,1.E0,-1.732870212380E-7));
#10029=DIRECTION('',(-6.059272678223E-4,1.732869894271E-7,9.999998164260E-1));
#10030=AXIS2_PLACEMENT_3D('',#10027,#10028,#10029);
#10031=CYLINDRICAL_SURFACE('',#10030,2.828427124749E-1);
#10032=ORIENTED_EDGE('',*,*,#8516,.F.);
#10034=ORIENTED_EDGE('',*,*,#10033,.T.);
#10035=ORIENTED_EDGE('',*,*,#9938,.F.);
#10036=ORIENTED_EDGE('',*,*,#10020,.T.);
#10037=EDGE_LOOP('',(#10032,#10034,#10035,#10036));
#10038=FACE_OUTER_BOUND('',#10037,.F.);
#10039=ADVANCED_FACE('',(#10038),#10031,.T.);
#10040=CARTESIAN_POINT('',(5.480716598637E1,1.877857971014E0,
-1.372539246960E1));
#10041=DIRECTION('',(-4.284552796988E-4,7.071069037189E-1,7.071065288478E-1));
#10042=DIRECTION('',(-4.284552798997E-4,-7.071066586542E-1,7.071067739126E-1));
#10043=AXIS2_PLACEMENT_3D('',#10040,#10041,#10042);
#10044=SPHERICAL_SURFACE('',#10043,2.828427124746E-1);
#10045=ORIENTED_EDGE('',*,*,#9879,.F.);
#10046=ORIENTED_EDGE('',*,*,#9926,.T.);
#10047=ORIENTED_EDGE('',*,*,#10033,.F.);
#10048=EDGE_LOOP('',(#10045,#10046,#10047));
#10049=FACE_OUTER_BOUND('',#10048,.F.);
#10050=ADVANCED_FACE('',(#10049),#10044,.T.);
#10051=CARTESIAN_POINT('',(5.009998746414E1,1.100037657655E0,
-3.019540485336E1));
#10052=DIRECTION('',(0.E0,1.E0,-1.732870212380E-7));
#10053=DIRECTION('',(9.999998164266E-1,1.049991752994E-10,6.059263674177E-4));
#10054=AXIS2_PLACEMENT_3D('',#10051,#10052,#10053);
#10055=CYLINDRICAL_SURFACE('',#10054,4.100000000265E0);
#10056=ORIENTED_EDGE('',*,*,#6221,.T.);
#10057=ORIENTED_EDGE('',*,*,#9909,.T.);
#10058=ORIENTED_EDGE('',*,*,#6428,.T.);
#10060=ORIENTED_EDGE('',*,*,#10059,.F.);
#10061=EDGE_LOOP('',(#10056,#10057,#10058,#10060));
#10062=FACE_OUTER_BOUND('',#10061,.F.);
#10063=ADVANCED_FACE('',(#10062),#10055,.F.);
#10064=CARTESIAN_POINT('',(5.052480035140E0,1.100036942448E0,
-3.432270112438E1));
#10065=DIRECTION('',(-6.059272674204E-4,1.732869894271E-7,9.999998164260E-1));
#10066=DIRECTION('',(0.E0,1.E0,-1.732870212380E-7));
#10067=AXIS2_PLACEMENT_3D('',#10064,#10065,#10066);
#10068=PLANE('',#10067);
#10069=ORIENTED_EDGE('',*,*,#10059,.T.);
#10070=ORIENTED_EDGE('',*,*,#6426,.F.);
#10072=ORIENTED_EDGE('',*,*,#10071,.F.);
#10073=ORIENTED_EDGE('',*,*,#6223,.F.);
#10074=EDGE_LOOP('',(#10069,#10070,#10072,#10073));
#10075=FACE_OUTER_BOUND('',#10074,.F.);
#10076=ADVANCED_FACE('',(#10075),#10068,.T.);
#10077=CARTESIAN_POINT('',(-3.999999599535E1,1.100037648194E0,
-3.024999890026E1));
#10078=DIRECTION('',(0.E0,1.E0,-1.732870212380E-7));
#10079=DIRECTION('',(6.059266819887E-4,-1.732869894271E-7,-9.999998164264E-1));
#10080=AXIS2_PLACEMENT_3D('',#10077,#10078,#10079);
#10081=CYLINDRICAL_SURFACE('',#10080,4.100000000174E0);
#10082=ORIENTED_EDGE('',*,*,#6225,.T.);
#10083=ORIENTED_EDGE('',*,*,#10071,.T.);
#10084=ORIENTED_EDGE('',*,*,#6424,.T.);
#10085=ORIENTED_EDGE('',*,*,#6260,.F.);
#10086=EDGE_LOOP('',(#10082,#10083,#10084,#10085));
#10087=FACE_OUTER_BOUND('',#10086,.F.);
#10088=ADVANCED_FACE('',(#10087),#10081,.F.);
#10089=CARTESIAN_POINT('',(-3.492877847074E1,5.350045879860E0,
1.725307156712E1));
#10090=DIRECTION('',(9.999998164261E-1,1.049993312582E-10,6.059272674204E-4));
#10091=DIRECTION('',(6.059272674204E-4,-1.732869894271E-7,-9.999998164260E-1));
#10092=AXIS2_PLACEMENT_3D('',#10089,#10090,#10091);
#10093=PLANE('',#10092);
#10094=ORIENTED_EDGE('',*,*,#5983,.F.);
#10096=ORIENTED_EDGE('',*,*,#10095,.T.);
#10097=ORIENTED_EDGE('',*,*,#8024,.T.);
#10098=ORIENTED_EDGE('',*,*,#7306,.F.);
#10100=ORIENTED_EDGE('',*,*,#10099,.F.);
#10101=EDGE_LOOP('',(#10094,#10096,#10097,#10098,#10100));
#10102=FACE_OUTER_BOUND('',#10101,.F.);
#10103=ADVANCED_FACE('',(#10102),#10093,.T.);
#10104=CARTESIAN_POINT('',(-3.747968689360E1,1.950046139522E0,
1.875152342231E1));
#10105=DIRECTION('',(-6.059272674204E-4,1.732869894271E-7,9.999998164260E-1));
#10106=DIRECTION('',(9.999998164261E-1,1.049993312582E-10,6.059272674204E-4));
#10107=AXIS2_PLACEMENT_3D('',#10104,#10105,#10106);
#10108=PLANE('',#10107);
#10109=ORIENTED_EDGE('',*,*,#6147,.F.);
#10110=ORIENTED_EDGE('',*,*,#10095,.F.);
#10111=ORIENTED_EDGE('',*,*,#5981,.F.);
#10113=ORIENTED_EDGE('',*,*,#10112,.T.);
#10114=EDGE_LOOP('',(#10109,#10110,#10111,#10113));
#10115=FACE_OUTER_BOUND('',#10114,.F.);
#10116=ADVANCED_FACE('',(#10115),#10108,.T.);
#10117=CARTESIAN_POINT('',(-4.002786864158E1,1.950045619393E0,
1.574997885850E1));
#10118=DIRECTION('',(0.E0,1.E0,-1.732870212380E-7));
#10119=DIRECTION('',(-9.999998164273E-1,-1.049989629516E-10,
-6.059251420069E-4));
#10120=AXIS2_PLACEMENT_3D('',#10117,#10118,#10119);
#10121=CYLINDRICAL_SURFACE('',#10120,3.E0);
#10122=ORIENTED_EDGE('',*,*,#6149,.T.);
#10123=ORIENTED_EDGE('',*,*,#10112,.F.);
#10124=ORIENTED_EDGE('',*,*,#5979,.T.);
#10126=ORIENTED_EDGE('',*,*,#10125,.T.);
#10127=EDGE_LOOP('',(#10122,#10123,#10124,#10126));
#10128=FACE_OUTER_BOUND('',#10127,.F.);
#10129=ADVANCED_FACE('',(#10128),#10121,.T.);
#10130=CARTESIAN_POINT('',(-4.302635327269E1,1.950045185861E0,
1.324816153882E1));
#10131=DIRECTION('',(9.999998164261E-1,1.049993312582E-10,6.059272674204E-4));
#10132=DIRECTION('',(0.E0,-1.E0,1.732870212380E-7));
#10133=AXIS2_PLACEMENT_3D('',#10130,#10131,#10132);
#10134=PLANE('',#10133);
#10135=ORIENTED_EDGE('',*,*,#5977,.F.);
#10137=ORIENTED_EDGE('',*,*,#10136,.F.);
#10138=ORIENTED_EDGE('',*,*,#6151,.F.);
#10139=ORIENTED_EDGE('',*,*,#10125,.F.);
#10140=EDGE_LOOP('',(#10135,#10137,#10138,#10139));
#10141=FACE_OUTER_BOUND('',#10140,.F.);
#10142=ADVANCED_FACE('',(#10141),#10134,.F.);
#10143=CARTESIAN_POINT('',(-4.147483873706E1,5.350044752806E0,
1.074910059266E1));
#10144=DIRECTION('',(-6.059272674204E-4,1.732869894271E-7,9.999998164260E-1));
#10145=DIRECTION('',(0.E0,-1.E0,1.732870212380E-7));
#10146=AXIS2_PLACEMENT_3D('',#10143,#10144,#10145);
#10147=PLANE('',#10146);
#10148=ORIENTED_EDGE('',*,*,#10136,.T.);
#10149=ORIENTED_EDGE('',*,*,#5975,.T.);
#10151=ORIENTED_EDGE('',*,*,#10150,.T.);
#10152=ORIENTED_EDGE('',*,*,#7302,.F.);
#10154=ORIENTED_EDGE('',*,*,#10153,.F.);
#10155=EDGE_LOOP('',(#10148,#10149,#10151,#10152,#10154));
#10156=FACE_OUTER_BOUND('',#10155,.F.);
#10157=ADVANCED_FACE('',(#10156),#10147,.F.);
#10158=CARTESIAN_POINT('',(-3.992786865994E1,5.350045619404E0,
1.575003886205E1));
#10159=DIRECTION('',(0.E0,1.E0,-1.732870212380E-7));
#10160=DIRECTION('',(9.999998164261E-1,1.049993312600E-10,6.059272674310E-4));
#10161=AXIS2_PLACEMENT_3D('',#10158,#10159,#10160);
#10162=CYLINDRICAL_SURFACE('',#10161,5.E0);
#10163=ORIENTED_EDGE('',*,*,#5973,.T.);
#10164=ORIENTED_EDGE('',*,*,#10099,.T.);
#10165=ORIENTED_EDGE('',*,*,#7304,.T.);
#10166=ORIENTED_EDGE('',*,*,#10150,.F.);
#10167=EDGE_LOOP('',(#10163,#10164,#10165,#10166));
#10168=FACE_OUTER_BOUND('',#10167,.F.);
#10169=ADVANCED_FACE('',(#10168),#10162,.T.);
#10170=CARTESIAN_POINT('',(-4.301393176784E1,5.600041633479E0,
-7.251828508911E0));
#10171=DIRECTION('',(9.999998164261E-1,1.049993312582E-10,6.059272674204E-4));
#10172=DIRECTION('',(6.059272674204E-4,-1.732869894271E-7,-9.999998164260E-1));
#10173=AXIS2_PLACEMENT_3D('',#10170,#10171,#10172);
#10174=PLANE('',#10173);
#10176=ORIENTED_EDGE('',*,*,#10175,.T.);
#10177=ORIENTED_EDGE('',*,*,#7284,.F.);
#10178=ORIENTED_EDGE('',*,*,#6053,.F.);
#10179=ORIENTED_EDGE('',*,*,#6169,.F.);
#10180=EDGE_LOOP('',(#10176,#10177,#10178,#10179));
#10181=FACE_OUTER_BOUND('',#10180,.F.);
#10182=ADVANCED_FACE('',(#10181),#10174,.T.);
#10183=CARTESIAN_POINT('',(-4.301393176784E1,5.600041633479E0,
-7.251828508911E0));
#10184=DIRECTION('',(9.999998164261E-1,1.049993312582E-10,6.059272674204E-4));
#10185=DIRECTION('',(6.059272674204E-4,-1.732869894271E-7,-9.999998164260E-1));
#10186=AXIS2_PLACEMENT_3D('',#10183,#10184,#10185);
#10187=PLANE('',#10186);
#10189=ORIENTED_EDGE('',*,*,#10188,.F.);
#10190=ORIENTED_EDGE('',*,*,#6161,.F.);
#10192=ORIENTED_EDGE('',*,*,#10191,.T.);
#10193=ORIENTED_EDGE('',*,*,#7292,.F.);
#10194=EDGE_LOOP('',(#10189,#10190,#10192,#10193));
#10195=FACE_OUTER_BOUND('',#10194,.F.);
#10196=ADVANCED_FACE('',(#10195),#10187,.T.);
#10197=CARTESIAN_POINT('',(-4.301393176784E1,5.600041633479E0,
-7.251828508911E0));
#10198=DIRECTION('',(9.999998164261E-1,1.049993312582E-10,6.059272674204E-4));
#10199=DIRECTION('',(6.059272674204E-4,-1.732869894271E-7,-9.999998164260E-1));
#10200=AXIS2_PLACEMENT_3D('',#10197,#10198,#10199);
#10201=PLANE('',#10200);
#10203=ORIENTED_EDGE('',*,*,#10202,.F.);
#10204=ORIENTED_EDGE('',*,*,#6153,.F.);
#10205=ORIENTED_EDGE('',*,*,#10153,.T.);
#10206=ORIENTED_EDGE('',*,*,#7300,.F.);
#10207=EDGE_LOOP('',(#10203,#10204,#10205,#10206));
#10208=FACE_OUTER_BOUND('',#10207,.F.);
#10209=ADVANCED_FACE('',(#10208),#10201,.T.);
#10210=CARTESIAN_POINT('',(-4.339359010961E1,1.000039286553E0,
-2.079540483402E1));
#10211=DIRECTION('',(0.E0,-1.732870212380E-7,-1.E0));
#10212=DIRECTION('',(1.E0,0.E0,0.E0));
#10213=AXIS2_PLACEMENT_3D('',#10210,#10211,#10212);
#10214=PLANE('',#10213);
#10216=ORIENTED_EDGE('',*,*,#10215,.F.);
#10217=ORIENTED_EDGE('',*,*,#7792,.T.);
#10219=ORIENTED_EDGE('',*,*,#10218,.T.);
#10220=ORIENTED_EDGE('',*,*,#7286,.F.);
#10221=ORIENTED_EDGE('',*,*,#10175,.F.);
#10222=ORIENTED_EDGE('',*,*,#6167,.F.);
#10224=ORIENTED_EDGE('',*,*,#10223,.F.);
#10225=EDGE_LOOP('',(#10216,#10217,#10219,#10220,#10221,#10222,#10224));
#10226=FACE_OUTER_BOUND('',#10225,.F.);
#10227=ADVANCED_FACE('',(#10226),#10214,.T.);
#10228=CARTESIAN_POINT('',(-4.269359010961E1,1.250039390525E0,
-2.019540487735E1));
#10229=DIRECTION('',(-9.284766908853E-1,-3.713906763541E-1,6.435718402099E-8));
#10230=DIRECTION('',(-3.713906763541E-1,9.284766908852E-1,-1.608929600525E-7));
#10231=AXIS2_PLACEMENT_3D('',#10228,#10229,#10230);
#10232=PLANE('',#10231);
#10233=ORIENTED_EDGE('',*,*,#10215,.T.);
#10235=ORIENTED_EDGE('',*,*,#10234,.F.);
#10237=ORIENTED_EDGE('',*,*,#10236,.T.);
#10238=ORIENTED_EDGE('',*,*,#7786,.T.);
#10239=EDGE_LOOP('',(#10233,#10235,#10237,#10238));
#10240=FACE_OUTER_BOUND('',#10239,.F.);
#10241=ADVANCED_FACE('',(#10240),#10232,.T.);
#10242=CARTESIAN_POINT('',(-4.279359010961E1,1.000039494497E0,
-1.959540483402E1));
#10243=DIRECTION('',(-1.E0,0.E0,0.E0));
#10244=DIRECTION('',(0.E0,-1.732870212380E-7,-1.E0));
#10245=AXIS2_PLACEMENT_3D('',#10242,#10243,#10244);
#10246=PLANE('',#10245);
#10247=ORIENTED_EDGE('',*,*,#10234,.T.);
#10248=ORIENTED_EDGE('',*,*,#10223,.T.);
#10249=ORIENTED_EDGE('',*,*,#6165,.F.);
#10251=ORIENTED_EDGE('',*,*,#10250,.F.);
#10252=EDGE_LOOP('',(#10247,#10248,#10249,#10251));
#10253=FACE_OUTER_BOUND('',#10252,.F.);
#10254=ADVANCED_FACE('',(#10253),#10246,.T.);
#10255=CARTESIAN_POINT('',(-4.219359010961E1,1.000039494497E0,
-1.959540483402E1));
#10256=DIRECTION('',(0.E0,1.732870212380E-7,1.E0));
#10257=DIRECTION('',(-1.E0,0.E0,0.E0));
#10258=AXIS2_PLACEMENT_3D('',#10255,#10256,#10257);
#10259=PLANE('',#10258);
#10260=ORIENTED_EDGE('',*,*,#10236,.F.);
#10261=ORIENTED_EDGE('',*,*,#10250,.T.);
#10262=ORIENTED_EDGE('',*,*,#6163,.F.);
#10263=ORIENTED_EDGE('',*,*,#10188,.T.);
#10264=ORIENTED_EDGE('',*,*,#7290,.T.);
#10266=ORIENTED_EDGE('',*,*,#10265,.F.);
#10267=ORIENTED_EDGE('',*,*,#7788,.T.);
#10268=EDGE_LOOP('',(#10260,#10261,#10262,#10263,#10264,#10266,#10267));
#10269=FACE_OUTER_BOUND('',#10268,.F.);
#10270=ADVANCED_FACE('',(#10269),#10259,.T.);
#10271=CARTESIAN_POINT('',(-4.219431722247E1,1.000039286553E0,
-2.079540483402E1));
#10272=DIRECTION('',(9.999998164261E-1,-1.049993312594E-10,-6.059272674275E-4));
#10273=DIRECTION('',(6.059272674275E-4,1.732869894271E-7,9.999998164260E-1));
#10274=AXIS2_PLACEMENT_3D('',#10271,#10272,#10273);
#10275=PLANE('',#10274);
#10276=ORIENTED_EDGE('',*,*,#7288,.F.);
#10277=ORIENTED_EDGE('',*,*,#10218,.F.);
#10278=ORIENTED_EDGE('',*,*,#7790,.T.);
#10279=ORIENTED_EDGE('',*,*,#10265,.T.);
#10280=EDGE_LOOP('',(#10276,#10277,#10278,#10279));
#10281=FACE_OUTER_BOUND('',#10280,.F.);
#10282=ADVANCED_FACE('',(#10281),#10275,.T.);
#10283=CARTESIAN_POINT('',(-4.339359010961E1,1.000043792015E0,
5.204595165975E0));
#10284=DIRECTION('',(0.E0,-1.732870212380E-7,-1.E0));
#10285=DIRECTION('',(1.E0,0.E0,0.E0));
#10286=AXIS2_PLACEMENT_3D('',#10283,#10284,#10285);
#10287=PLANE('',#10286);
#10289=ORIENTED_EDGE('',*,*,#10288,.F.);
#10290=ORIENTED_EDGE('',*,*,#7776,.T.);
#10292=ORIENTED_EDGE('',*,*,#10291,.T.);
#10293=ORIENTED_EDGE('',*,*,#7294,.F.);
#10294=ORIENTED_EDGE('',*,*,#10191,.F.);
#10295=ORIENTED_EDGE('',*,*,#6159,.F.);
#10297=ORIENTED_EDGE('',*,*,#10296,.F.);
#10298=EDGE_LOOP('',(#10289,#10290,#10292,#10293,#10294,#10295,#10297));
#10299=FACE_OUTER_BOUND('',#10298,.F.);
#10300=ADVANCED_FACE('',(#10299),#10287,.T.);
#10301=CARTESIAN_POINT('',(-4.269359010961E1,1.250043895988E0,
5.804595122653E0));
#10302=DIRECTION('',(-9.284766908853E-1,-3.713906763541E-1,6.435718402095E-8));
#10303=DIRECTION('',(-3.713906763541E-1,9.284766908852E-1,-1.608929600524E-7));
#10304=AXIS2_PLACEMENT_3D('',#10301,#10302,#10303);
#10305=PLANE('',#10304);
#10306=ORIENTED_EDGE('',*,*,#10288,.T.);
#10308=ORIENTED_EDGE('',*,*,#10307,.F.);
#10310=ORIENTED_EDGE('',*,*,#10309,.T.);
#10311=ORIENTED_EDGE('',*,*,#7770,.T.);
#10312=EDGE_LOOP('',(#10306,#10308,#10310,#10311));
#10313=FACE_OUTER_BOUND('',#10312,.F.);
#10314=ADVANCED_FACE('',(#10313),#10305,.T.);
#10315=CARTESIAN_POINT('',(-4.279359010961E1,1.000043999960E0,
6.404595165975E0));
#10316=DIRECTION('',(-1.E0,0.E0,0.E0));
#10317=DIRECTION('',(0.E0,-1.732870212380E-7,-1.E0));
#10318=AXIS2_PLACEMENT_3D('',#10315,#10316,#10317);
#10319=PLANE('',#10318);
#10320=ORIENTED_EDGE('',*,*,#10307,.T.);
#10321=ORIENTED_EDGE('',*,*,#10296,.T.);
#10322=ORIENTED_EDGE('',*,*,#6157,.F.);
#10324=ORIENTED_EDGE('',*,*,#10323,.F.);
#10325=EDGE_LOOP('',(#10320,#10321,#10322,#10324));
#10326=FACE_OUTER_BOUND('',#10325,.F.);
#10327=ADVANCED_FACE('',(#10326),#10319,.T.);
#10328=CARTESIAN_POINT('',(-4.219431722247E1,1.000043999960E0,
6.404595165975E0));
#10329=DIRECTION('',(0.E0,1.732870212380E-7,1.E0));
#10330=DIRECTION('',(-1.E0,0.E0,0.E0));
#10331=AXIS2_PLACEMENT_3D('',#10328,#10329,#10330);
#10332=PLANE('',#10331);
#10333=ORIENTED_EDGE('',*,*,#10309,.F.);
#10334=ORIENTED_EDGE('',*,*,#10323,.T.);
#10335=ORIENTED_EDGE('',*,*,#6155,.F.);
#10336=ORIENTED_EDGE('',*,*,#10202,.T.);
#10337=ORIENTED_EDGE('',*,*,#7298,.T.);
#10339=ORIENTED_EDGE('',*,*,#10338,.F.);
#10340=ORIENTED_EDGE('',*,*,#7772,.T.);
#10341=EDGE_LOOP('',(#10333,#10334,#10335,#10336,#10337,#10339,#10340));
#10342=FACE_OUTER_BOUND('',#10341,.F.);
#10343=ADVANCED_FACE('',(#10342),#10332,.T.);
#10344=CARTESIAN_POINT('',(-4.219359010961E1,1.000043792015E0,
5.204595165975E0));
#10345=DIRECTION('',(9.999998164261E-1,1.049993312594E-10,6.059272674275E-4));
#10346=DIRECTION('',(-6.059272674275E-4,1.732869894271E-7,9.999998164260E-1));
#10347=AXIS2_PLACEMENT_3D('',#10344,#10345,#10346);
#10348=PLANE('',#10347);
#10349=ORIENTED_EDGE('',*,*,#7296,.F.);
#10350=ORIENTED_EDGE('',*,*,#10291,.F.);
#10351=ORIENTED_EDGE('',*,*,#7774,.T.);
#10352=ORIENTED_EDGE('',*,*,#10338,.T.);
#10353=EDGE_LOOP('',(#10349,#10350,#10351,#10352));
#10354=FACE_OUTER_BOUND('',#10353,.F.);
#10355=ADVANCED_FACE('',(#10354),#10348,.T.);
#10356=CARTESIAN_POINT('',(-3.489908804088E1,5.350037388799E0,
-3.174690913262E1));
#10357=DIRECTION('',(9.999998164261E-1,1.049993312582E-10,6.059272674204E-4));
#10358=DIRECTION('',(6.059272674204E-4,-1.732869894271E-7,-9.999998164260E-1));
#10359=AXIS2_PLACEMENT_3D('',#10356,#10357,#10358);
#10360=PLANE('',#10359);
#10361=ORIENTED_EDGE('',*,*,#5951,.T.);
#10363=ORIENTED_EDGE('',*,*,#10362,.T.);
#10364=ORIENTED_EDGE('',*,*,#7279,.F.);
#10365=ORIENTED_EDGE('',*,*,#7528,.F.);
#10367=ORIENTED_EDGE('',*,*,#10366,.T.);
#10368=EDGE_LOOP('',(#10361,#10363,#10364,#10365,#10367));
#10369=FACE_OUTER_BOUND('',#10368,.F.);
#10370=ADVANCED_FACE('',(#10369),#10360,.T.);
#10371=CARTESIAN_POINT('',(-3.989999601391E1,5.350037648205E0,
-3.024993904417E1));
#10372=DIRECTION('',(0.E0,1.E0,-1.732870212380E-7));
#10373=DIRECTION('',(-6.059264074308E-4,1.732869894271E-7,9.999998164266E-1));
#10374=AXIS2_PLACEMENT_3D('',#10371,#10372,#10373);
#10375=CYLINDRICAL_SURFACE('',#10374,5.E0);
#10376=ORIENTED_EDGE('',*,*,#5949,.T.);
#10377=ORIENTED_EDGE('',*,*,#6057,.F.);
#10378=ORIENTED_EDGE('',*,*,#7281,.T.);
#10379=ORIENTED_EDGE('',*,*,#10362,.F.);
#10380=EDGE_LOOP('',(#10376,#10377,#10378,#10379));
#10381=FACE_OUTER_BOUND('',#10380,.F.);
#10382=ADVANCED_FACE('',(#10381),#10375,.T.);
#10383=CARTESIAN_POINT('',(-3.744817868396E1,1.950037128601E0,
-3.324845338247E1));
#10384=DIRECTION('',(-6.059272674204E-4,1.732869894271E-7,9.999998164260E-1));
#10385=DIRECTION('',(0.E0,-1.E0,1.732870212380E-7));
#10386=AXIS2_PLACEMENT_3D('',#10383,#10384,#10385);
#10387=PLANE('',#10386);
#10388=ORIENTED_EDGE('',*,*,#5953,.F.);
#10389=ORIENTED_EDGE('',*,*,#10366,.F.);
#10390=ORIENTED_EDGE('',*,*,#6173,.F.);
#10391=ORIENTED_EDGE('',*,*,#6085,.F.);
#10392=EDGE_LOOP('',(#10388,#10389,#10390,#10391));
#10393=FACE_OUTER_BOUND('',#10392,.F.);
#10394=ADVANCED_FACE('',(#10393),#10387,.F.);
#10395=CARTESIAN_POINT('',(3.904177399964E1,8.150040553935E0,
-1.664355647493E1));
#10396=DIRECTION('',(-1.899154509132E-13,1.E0,-1.732862493536E-7));
#10397=DIRECTION('',(9.999998164261E-1,1.051887789664E-10,6.059272674089E-4));
#10398=AXIS2_PLACEMENT_3D('',#10395,#10396,#10397);
#10399=CONICAL_SURFACE('',#10398,6.137309122183E0,1.000000000004E1);
#10400=ORIENTED_EDGE('',*,*,#7367,.T.);
#10402=ORIENTED_EDGE('',*,*,#10401,.F.);
#10404=ORIENTED_EDGE('',*,*,#10403,.T.);
#10406=ORIENTED_EDGE('',*,*,#10405,.F.);
#10407=EDGE_LOOP('',(#10400,#10402,#10404,#10406));
#10408=FACE_OUTER_BOUND('',#10407,.F.);
#10409=ADVANCED_FACE('',(#10408),#10399,.T.);
#10410=CARTESIAN_POINT('',(6.159415695309E0,5.123577258354E0,
-2.226714345938E1));
#10411=DIRECTION('',(-5.967218851602E-4,1.736483483213E-1,9.848075421362E-1));
#10412=DIRECTION('',(-1.052181683370E-4,-9.848077229212E-1,1.736483164440E-1));
#10413=AXIS2_PLACEMENT_3D('',#10410,#10411,#10412);
#10414=PLANE('',#10413);
#10416=ORIENTED_EDGE('',*,*,#10415,.T.);
#10418=ORIENTED_EDGE('',*,*,#10417,.T.);
#10420=ORIENTED_EDGE('',*,*,#10419,.F.);
#10422=ORIENTED_EDGE('',*,*,#10421,.T.);
#10424=ORIENTED_EDGE('',*,*,#10423,.T.);
#10426=ORIENTED_EDGE('',*,*,#10425,.T.);
#10428=ORIENTED_EDGE('',*,*,#10427,.F.);
#10430=ORIENTED_EDGE('',*,*,#10429,.T.);
#10432=ORIENTED_EDGE('',*,*,#10431,.T.);
#10433=ORIENTED_EDGE('',*,*,#10401,.T.);
#10434=ORIENTED_EDGE('',*,*,#7381,.F.);
#10436=ORIENTED_EDGE('',*,*,#10435,.T.);
#10438=ORIENTED_EDGE('',*,*,#10437,.T.);
#10440=ORIENTED_EDGE('',*,*,#10439,.T.);
#10442=ORIENTED_EDGE('',*,*,#10441,.F.);
#10444=ORIENTED_EDGE('',*,*,#10443,.T.);
#10445=EDGE_LOOP('',(#10416,#10418,#10420,#10422,#10424,#10426,#10428,#10430,
#10432,#10433,#10434,#10436,#10438,#10440,#10442,#10444));
#10446=FACE_OUTER_BOUND('',#10445,.F.);
#10447=ADVANCED_FACE('',(#10446),#10414,.F.);
#10448=CARTESIAN_POINT('',(1.133796841284E1,7.300039213708E0,
-2.121577364742E1));
#10449=DIRECTION('',(0.E0,-1.E0,1.732870212380E-7));
#10450=DIRECTION('',(-9.999998164261E-1,-1.049993312582E-10,
-6.059272674204E-4));
#10451=AXIS2_PLACEMENT_3D('',#10448,#10449,#10450);
#10452=PLANE('',#10451);
#10454=ORIENTED_EDGE('',*,*,#10453,.T.);
#10456=ORIENTED_EDGE('',*,*,#10455,.F.);
#10458=ORIENTED_EDGE('',*,*,#10457,.T.);
#10460=ORIENTED_EDGE('',*,*,#10459,.T.);
#10461=EDGE_LOOP('',(#10454,#10456,#10458,#10460));
#10462=FACE_OUTER_BOUND('',#10461,.F.);
#10463=ADVANCED_FACE('',(#10462),#10452,.T.);
#10464=CARTESIAN_POINT('',(1.133796841284E1,7.300039213708E0,
-2.121577364742E1));
#10465=DIRECTION('',(0.E0,-1.E0,1.732870212380E-7));
#10466=DIRECTION('',(-9.999998164261E-1,-1.049993312582E-10,
-6.059272674204E-4));
#10467=AXIS2_PLACEMENT_3D('',#10464,#10465,#10466);
#10468=PLANE('',#10467);
#10470=ORIENTED_EDGE('',*,*,#10469,.T.);
#10472=ORIENTED_EDGE('',*,*,#10471,.F.);
#10474=ORIENTED_EDGE('',*,*,#10473,.F.);
#10476=ORIENTED_EDGE('',*,*,#10475,.F.);
#10478=ORIENTED_EDGE('',*,*,#10477,.T.);
#10480=ORIENTED_EDGE('',*,*,#10479,.T.);
#10482=ORIENTED_EDGE('',*,*,#10481,.T.);
#10484=ORIENTED_EDGE('',*,*,#10483,.T.);
#10485=EDGE_LOOP('',(#10470,#10472,#10474,#10476,#10478,#10480,#10482,#10484));
#10486=FACE_OUTER_BOUND('',#10485,.F.);
#10487=ADVANCED_FACE('',(#10486),#10468,.T.);
#10488=CARTESIAN_POINT('',(1.133796841284E1,7.300039213708E0,
-2.121577364742E1));
#10489=DIRECTION('',(0.E0,-1.E0,1.732870212380E-7));
#10490=DIRECTION('',(-9.999998164261E-1,-1.049993312582E-10,
-6.059272674204E-4));
#10491=AXIS2_PLACEMENT_3D('',#10488,#10489,#10490);
#10492=PLANE('',#10491);
#10494=ORIENTED_EDGE('',*,*,#10493,.T.);
#10496=ORIENTED_EDGE('',*,*,#10495,.F.);
#10498=ORIENTED_EDGE('',*,*,#10497,.T.);
#10500=ORIENTED_EDGE('',*,*,#10499,.T.);
#10501=EDGE_LOOP('',(#10494,#10496,#10498,#10500));
#10502=FACE_OUTER_BOUND('',#10501,.F.);
#10503=ADVANCED_FACE('',(#10502),#10492,.T.);
#10504=CARTESIAN_POINT('',(1.133796841284E1,7.300039213708E0,
-2.121577364742E1));
#10505=DIRECTION('',(0.E0,-1.E0,1.732870212380E-7));
#10506=DIRECTION('',(-9.999998164261E-1,-1.049993312582E-10,
-6.059272674204E-4));
#10507=AXIS2_PLACEMENT_3D('',#10504,#10505,#10506);
#10508=PLANE('',#10507);
#10510=ORIENTED_EDGE('',*,*,#10509,.T.);
#10512=ORIENTED_EDGE('',*,*,#10511,.F.);
#10514=ORIENTED_EDGE('',*,*,#10513,.T.);
#10516=ORIENTED_EDGE('',*,*,#10515,.T.);
#10517=EDGE_LOOP('',(#10510,#10512,#10514,#10516));
#10518=FACE_OUTER_BOUND('',#10517,.F.);
#10519=ADVANCED_FACE('',(#10518),#10508,.T.);
#10520=CARTESIAN_POINT('',(1.133796841284E1,7.300039213708E0,
-2.121577364742E1));
#10521=DIRECTION('',(0.E0,-1.E0,1.732870212380E-7));
#10522=DIRECTION('',(-9.999998164261E-1,-1.049993312582E-10,
-6.059272674204E-4));
#10523=AXIS2_PLACEMENT_3D('',#10520,#10521,#10522);
#10524=PLANE('',#10523);
#10526=ORIENTED_EDGE('',*,*,#10525,.T.);
#10528=ORIENTED_EDGE('',*,*,#10527,.F.);
#10530=ORIENTED_EDGE('',*,*,#10529,.T.);
#10532=ORIENTED_EDGE('',*,*,#10531,.T.);
#10533=EDGE_LOOP('',(#10526,#10528,#10530,#10532));
#10534=FACE_OUTER_BOUND('',#10533,.F.);
#10535=ADVANCED_FACE('',(#10534),#10524,.T.);
#10536=CARTESIAN_POINT('',(1.133796841284E1,7.300039213708E0,
-2.121577364742E1));
#10537=DIRECTION('',(0.E0,-1.E0,1.732870212380E-7));
#10538=DIRECTION('',(-9.999998164261E-1,-1.049993312582E-10,
-6.059272674204E-4));
#10539=AXIS2_PLACEMENT_3D('',#10536,#10537,#10538);
#10540=PLANE('',#10539);
#10542=ORIENTED_EDGE('',*,*,#10541,.T.);
#10544=ORIENTED_EDGE('',*,*,#10543,.F.);
#10546=ORIENTED_EDGE('',*,*,#10545,.F.);
#10548=ORIENTED_EDGE('',*,*,#10547,.T.);
#10550=ORIENTED_EDGE('',*,*,#10549,.T.);
#10552=ORIENTED_EDGE('',*,*,#10551,.T.);
#10554=ORIENTED_EDGE('',*,*,#10553,.T.);
#10556=ORIENTED_EDGE('',*,*,#10555,.T.);
#10557=EDGE_LOOP('',(#10542,#10544,#10546,#10548,#10550,#10552,#10554,#10556));
#10558=FACE_OUTER_BOUND('',#10557,.F.);
#10559=ADVANCED_FACE('',(#10558),#10540,.T.);
#10560=CARTESIAN_POINT('',(1.133796841284E1,7.300039213708E0,
-2.121577364742E1));
#10561=DIRECTION('',(0.E0,-1.E0,1.732870212380E-7));
#10562=DIRECTION('',(-9.999998164261E-1,-1.049993312582E-10,
-6.059272674204E-4));
#10563=AXIS2_PLACEMENT_3D('',#10560,#10561,#10562);
#10564=PLANE('',#10563);
#10566=ORIENTED_EDGE('',*,*,#10565,.T.);
#10568=ORIENTED_EDGE('',*,*,#10567,.F.);
#10570=ORIENTED_EDGE('',*,*,#10569,.T.);
#10572=ORIENTED_EDGE('',*,*,#10571,.T.);
#10573=EDGE_LOOP('',(#10566,#10568,#10570,#10572));
#10574=FACE_OUTER_BOUND('',#10573,.F.);
#10575=ADVANCED_FACE('',(#10574),#10564,.T.);
#10576=CARTESIAN_POINT('',(1.133796841284E1,7.300039213708E0,
-2.121577364742E1));
#10577=DIRECTION('',(0.E0,-1.E0,1.732870212380E-7));
#10578=DIRECTION('',(-9.999998164261E-1,-1.049993312582E-10,
-6.059272674204E-4));
#10579=AXIS2_PLACEMENT_3D('',#10576,#10577,#10578);
#10580=PLANE('',#10579);
#10582=ORIENTED_EDGE('',*,*,#10581,.T.);
#10583=ORIENTED_EDGE('',*,*,#10437,.F.);
#10585=ORIENTED_EDGE('',*,*,#10584,.F.);
#10587=ORIENTED_EDGE('',*,*,#10586,.T.);
#10589=ORIENTED_EDGE('',*,*,#10588,.T.);
#10591=ORIENTED_EDGE('',*,*,#10590,.T.);
#10593=ORIENTED_EDGE('',*,*,#10592,.T.);
#10595=ORIENTED_EDGE('',*,*,#10594,.T.);
#10596=EDGE_LOOP('',(#10582,#10583,#10585,#10587,#10589,#10591,#10593,#10595));
#10597=FACE_OUTER_BOUND('',#10596,.F.);
#10598=ADVANCED_FACE('',(#10597),#10580,.T.);
#10599=CARTESIAN_POINT('',(1.133796841284E1,7.300039213708E0,
-2.121577364742E1));
#10600=DIRECTION('',(0.E0,-1.E0,1.732870212380E-7));
#10601=DIRECTION('',(-9.999998164261E-1,-1.049993312582E-10,
-6.059272674204E-4));
#10602=AXIS2_PLACEMENT_3D('',#10599,#10600,#10601);
#10603=PLANE('',#10602);
#10605=ORIENTED_EDGE('',*,*,#10604,.T.);
#10606=ORIENTED_EDGE('',*,*,#10423,.F.);
#10608=ORIENTED_EDGE('',*,*,#10607,.T.);
#10610=ORIENTED_EDGE('',*,*,#10609,.T.);
#10611=EDGE_LOOP('',(#10605,#10606,#10608,#10610));
#10612=FACE_OUTER_BOUND('',#10611,.F.);
#10613=ADVANCED_FACE('',(#10612),#10603,.T.);
#10614=CARTESIAN_POINT('',(1.133796841284E1,7.300039213708E0,
-2.121577364742E1));
#10615=DIRECTION('',(0.E0,-1.E0,1.732870212380E-7));
#10616=DIRECTION('',(-9.999998164261E-1,-1.049993312582E-10,
-6.059272674204E-4));
#10617=AXIS2_PLACEMENT_3D('',#10614,#10615,#10616);
#10618=PLANE('',#10617);
#10620=ORIENTED_EDGE('',*,*,#10619,.T.);
#10622=ORIENTED_EDGE('',*,*,#10621,.F.);
#10623=ORIENTED_EDGE('',*,*,#10403,.F.);
#10624=ORIENTED_EDGE('',*,*,#10431,.F.);
#10626=ORIENTED_EDGE('',*,*,#10625,.T.);
#10628=ORIENTED_EDGE('',*,*,#10627,.F.);
#10630=ORIENTED_EDGE('',*,*,#10629,.T.);
#10632=ORIENTED_EDGE('',*,*,#10631,.F.);
#10633=EDGE_LOOP('',(#10620,#10622,#10623,#10624,#10626,#10628,#10630,#10632));
#10634=FACE_OUTER_BOUND('',#10633,.F.);
#10635=ADVANCED_FACE('',(#10634),#10618,.T.);
#10636=CARTESIAN_POINT('',(1.133796841284E1,7.300039213708E0,
-2.121577364742E1));
#10637=DIRECTION('',(0.E0,-1.E0,1.732870212380E-7));
#10638=DIRECTION('',(-9.999998164261E-1,-1.049993312582E-10,
-6.059272674204E-4));
#10639=AXIS2_PLACEMENT_3D('',#10636,#10637,#10638);
#10640=PLANE('',#10639);
#10642=ORIENTED_EDGE('',*,*,#10641,.T.);
#10644=ORIENTED_EDGE('',*,*,#10643,.T.);
#10646=ORIENTED_EDGE('',*,*,#10645,.T.);
#10647=ORIENTED_EDGE('',*,*,#10415,.F.);
#10648=EDGE_LOOP('',(#10642,#10644,#10646,#10647));
#10649=FACE_OUTER_BOUND('',#10648,.F.);
#10650=ADVANCED_FACE('',(#10649),#10640,.T.);
#10651=CARTESIAN_POINT('',(1.747646204256E1,5.500041682843E0,
-6.965168822833E0));
#10652=DIRECTION('',(-6.059272674204E-4,1.732869894271E-7,9.999998164260E-1));
#10653=DIRECTION('',(-9.999998164261E-1,-1.049993312582E-10,
-6.059272674204E-4));
#10654=AXIS2_PLACEMENT_3D('',#10651,#10652,#10653);
#10655=PLANE('',#10654);
#10657=ORIENTED_EDGE('',*,*,#10656,.T.);
#10659=ORIENTED_EDGE('',*,*,#10658,.T.);
#10661=ORIENTED_EDGE('',*,*,#10660,.F.);
#10662=ORIENTED_EDGE('',*,*,#10453,.F.);
#10664=ORIENTED_EDGE('',*,*,#10663,.F.);
#10666=ORIENTED_EDGE('',*,*,#10665,.F.);
#10668=ORIENTED_EDGE('',*,*,#10667,.T.);
#10669=ORIENTED_EDGE('',*,*,#10569,.F.);
#10671=ORIENTED_EDGE('',*,*,#10670,.F.);
#10673=ORIENTED_EDGE('',*,*,#10672,.T.);
#10674=EDGE_LOOP('',(#10657,#10659,#10661,#10662,#10664,#10666,#10668,#10669,
#10671,#10673));
#10675=FACE_OUTER_BOUND('',#10674,.F.);
#10676=ADVANCED_FACE('',(#10675),#10655,.T.);
#10677=CARTESIAN_POINT('',(0.E0,2.000042890127E0,-3.465814749154E-7));
#10678=DIRECTION('',(0.E0,-1.E0,1.732870212380E-7));
#10679=DIRECTION('',(1.E0,0.E0,0.E0));
#10680=AXIS2_PLACEMENT_3D('',#10677,#10678,#10679);
#10681=PLANE('',#10680);
#10683=ORIENTED_EDGE('',*,*,#10682,.F.);
#10685=ORIENTED_EDGE('',*,*,#10684,.F.);
#10687=ORIENTED_EDGE('',*,*,#10686,.T.);
#10689=ORIENTED_EDGE('',*,*,#10688,.T.);
#10691=ORIENTED_EDGE('',*,*,#10690,.F.);
#10693=ORIENTED_EDGE('',*,*,#10692,.F.);
#10695=ORIENTED_EDGE('',*,*,#10694,.T.);
#10697=ORIENTED_EDGE('',*,*,#10696,.T.);
#10699=ORIENTED_EDGE('',*,*,#10698,.F.);
#10701=ORIENTED_EDGE('',*,*,#10700,.F.);
#10703=ORIENTED_EDGE('',*,*,#10702,.T.);
#10705=ORIENTED_EDGE('',*,*,#10704,.T.);
#10707=ORIENTED_EDGE('',*,*,#10706,.F.);
#10708=ORIENTED_EDGE('',*,*,#10656,.F.);
#10710=ORIENTED_EDGE('',*,*,#10709,.F.);
#10712=ORIENTED_EDGE('',*,*,#10711,.T.);
#10713=EDGE_LOOP('',(#10683,#10685,#10687,#10689,#10691,#10693,#10695,#10697,
#10699,#10701,#10703,#10705,#10707,#10708,#10710,#10712));
#10714=FACE_OUTER_BOUND('',#10713,.F.);
#10715=ADVANCED_FACE('',(#10714),#10681,.T.);
#10716=CARTESIAN_POINT('',(0.E0,2.000042890127E0,-3.465814749154E-7));
#10717=DIRECTION('',(0.E0,-1.E0,1.732870212380E-7));
#10718=DIRECTION('',(1.E0,0.E0,0.E0));
#10719=AXIS2_PLACEMENT_3D('',#10716,#10717,#10718);
#10720=PLANE('',#10719);
#10722=ORIENTED_EDGE('',*,*,#10721,.F.);
#10724=ORIENTED_EDGE('',*,*,#10723,.F.);
#10726=ORIENTED_EDGE('',*,*,#10725,.T.);
#10728=ORIENTED_EDGE('',*,*,#10727,.F.);
#10730=ORIENTED_EDGE('',*,*,#10729,.F.);
#10732=ORIENTED_EDGE('',*,*,#10731,.F.);
#10734=ORIENTED_EDGE('',*,*,#10733,.F.);
#10736=ORIENTED_EDGE('',*,*,#10735,.T.);
#10738=ORIENTED_EDGE('',*,*,#10737,.F.);
#10740=ORIENTED_EDGE('',*,*,#10739,.F.);
#10742=ORIENTED_EDGE('',*,*,#10741,.T.);
#10744=ORIENTED_EDGE('',*,*,#10743,.F.);
#10746=ORIENTED_EDGE('',*,*,#10745,.F.);
#10748=ORIENTED_EDGE('',*,*,#10747,.F.);
#10750=ORIENTED_EDGE('',*,*,#10749,.T.);
#10752=ORIENTED_EDGE('',*,*,#10751,.F.);
#10754=ORIENTED_EDGE('',*,*,#10753,.F.);
#10756=ORIENTED_EDGE('',*,*,#10755,.F.);
#10758=ORIENTED_EDGE('',*,*,#10757,.T.);
#10760=ORIENTED_EDGE('',*,*,#10759,.F.);
#10761=EDGE_LOOP('',(#10722,#10724,#10726,#10728,#10730,#10732,#10734,#10736,
#10738,#10740,#10742,#10744,#10746,#10748,#10750,#10752,#10754,#10756,#10758,
#10760));
#10762=FACE_OUTER_BOUND('',#10761,.F.);
#10763=ADVANCED_FACE('',(#10762),#10720,.T.);
#10764=CARTESIAN_POINT('',(2.726682442155E1,5.500040184253E0,
-1.561039436494E1));
#10765=DIRECTION('',(9.999998164261E-1,1.049993312384E-10,6.059272673065E-4));
#10766=DIRECTION('',(-6.059272673065E-4,1.732869894271E-7,9.999998164260E-1));
#10767=AXIS2_PLACEMENT_3D('',#10764,#10765,#10766);
#10768=PLANE('',#10767);
#10769=ORIENTED_EDGE('',*,*,#10682,.T.);
#10771=ORIENTED_EDGE('',*,*,#10770,.F.);
#10773=ORIENTED_EDGE('',*,*,#10772,.T.);
#10775=ORIENTED_EDGE('',*,*,#10774,.T.);
#10776=ORIENTED_EDGE('',*,*,#10625,.F.);
#10777=ORIENTED_EDGE('',*,*,#10429,.F.);
#10779=ORIENTED_EDGE('',*,*,#10778,.T.);
#10780=EDGE_LOOP('',(#10769,#10771,#10773,#10775,#10776,#10777,#10779));
#10781=FACE_OUTER_BOUND('',#10780,.F.);
#10782=ADVANCED_FACE('',(#10781),#10768,.T.);
#10783=CARTESIAN_POINT('',(3.620508038649E1,5.500041424844E0,
-8.453820915575E0));
#10784=DIRECTION('',(-6.059272674204E-4,1.732869894271E-7,9.999998164260E-1));
#10785=DIRECTION('',(0.E0,1.E0,-1.732870212380E-7));
#10786=AXIS2_PLACEMENT_3D('',#10783,#10784,#10785);
#10787=PLANE('',#10786);
#10788=ORIENTED_EDGE('',*,*,#10711,.F.);
#10790=ORIENTED_EDGE('',*,*,#10789,.T.);
#10792=ORIENTED_EDGE('',*,*,#10791,.F.);
#10793=ORIENTED_EDGE('',*,*,#10619,.F.);
#10795=ORIENTED_EDGE('',*,*,#10794,.F.);
#10797=ORIENTED_EDGE('',*,*,#10796,.F.);
#10798=ORIENTED_EDGE('',*,*,#10770,.T.);
#10799=EDGE_LOOP('',(#10788,#10790,#10792,#10793,#10795,#10797,#10798));
#10800=FACE_OUTER_BOUND('',#10799,.F.);
#10801=ADVANCED_FACE('',(#10800),#10787,.F.);
#10802=CARTESIAN_POINT('',(4.338365168705E1,2.477903469339E0,
-7.699470561306E0));
#10803=DIRECTION('',(-6.059272674204E-4,1.732869894271E-7,9.999998164260E-1));
#10804=DIRECTION('',(5.115353407984E-13,-1.E0,1.732870215480E-7));
#10805=AXIS2_PLACEMENT_3D('',#10802,#10803,#10804);
#10806=CYLINDRICAL_SURFACE('',#10805,7.778619134306E-1);
#10807=ORIENTED_EDGE('',*,*,#10709,.T.);
#10808=ORIENTED_EDGE('',*,*,#10672,.F.);
#10810=ORIENTED_EDGE('',*,*,#10809,.T.);
#10811=ORIENTED_EDGE('',*,*,#10789,.F.);
#10812=EDGE_LOOP('',(#10807,#10808,#10810,#10811));
#10813=FACE_OUTER_BOUND('',#10812,.F.);
#10814=ADVANCED_FACE('',(#10813),#10806,.T.);
#10815=CARTESIAN_POINT('',(4.463577576913E1,5.123580995888E0,
-6.987110508971E-1));
#10816=DIRECTION('',(9.848075722272E-1,-1.736481775636E-1,5.967519616925E-4));
#10817=DIRECTION('',(-6.059272674204E-4,1.732869894271E-7,9.999998164260E-1));
#10818=AXIS2_PLACEMENT_3D('',#10815,#10816,#10817);
#10819=PLANE('',#10818);
#10821=ORIENTED_EDGE('',*,*,#10820,.T.);
#10822=ORIENTED_EDGE('',*,*,#10547,.F.);
#10824=ORIENTED_EDGE('',*,*,#10823,.T.);
#10825=ORIENTED_EDGE('',*,*,#7369,.F.);
#10826=ORIENTED_EDGE('',*,*,#10405,.T.);
#10827=ORIENTED_EDGE('',*,*,#10621,.T.);
#10828=ORIENTED_EDGE('',*,*,#10791,.T.);
#10829=ORIENTED_EDGE('',*,*,#10809,.F.);
#10830=ORIENTED_EDGE('',*,*,#10670,.T.);
#10831=ORIENTED_EDGE('',*,*,#10567,.T.);
#10833=ORIENTED_EDGE('',*,*,#10832,.T.);
#10835=ORIENTED_EDGE('',*,*,#10834,.F.);
#10836=EDGE_LOOP('',(#10821,#10822,#10824,#10825,#10826,#10827,#10828,#10829,
#10830,#10831,#10833,#10835));
#10837=FACE_OUTER_BOUND('',#10836,.F.);
#10838=ADVANCED_FACE('',(#10837),#10819,.T.);
#10839=CARTESIAN_POINT('',(3.808998742636E1,1.950042898327E0,
4.732336434465E-2));
#10840=DIRECTION('',(-6.059272674204E-4,1.732869894271E-7,9.999998164260E-1));
#10841=DIRECTION('',(-9.999998164261E-1,-1.049993312582E-10,
-6.059272674204E-4));
#10842=AXIS2_PLACEMENT_3D('',#10839,#10840,#10841);
#10843=PLANE('',#10842);
#10844=ORIENTED_EDGE('',*,*,#10731,.T.);
#10846=ORIENTED_EDGE('',*,*,#10845,.T.);
#10848=ORIENTED_EDGE('',*,*,#10847,.T.);
#10850=ORIENTED_EDGE('',*,*,#10849,.T.);
#10851=ORIENTED_EDGE('',*,*,#10549,.F.);
#10852=ORIENTED_EDGE('',*,*,#10820,.F.);
#10854=ORIENTED_EDGE('',*,*,#10853,.T.);
#10855=EDGE_LOOP('',(#10844,#10846,#10848,#10850,#10851,#10852,#10854));
#10856=FACE_OUTER_BOUND('',#10855,.F.);
#10857=ADVANCED_FACE('',(#10856),#10843,.T.);
#10858=CARTESIAN_POINT('',(3.207045927384E1,1.950044047047E0,6.676322100171E0));
#10859=DIRECTION('',(9.999998164261E-1,1.049993312369E-10,6.059272672977E-4));
#10860=DIRECTION('',(-6.059272672977E-4,1.732869894271E-7,9.999998164260E-1));
#10861=AXIS2_PLACEMENT_3D('',#10858,#10859,#10860);
#10862=PLANE('',#10861);
#10863=ORIENTED_EDGE('',*,*,#10729,.T.);
#10865=ORIENTED_EDGE('',*,*,#10864,.T.);
#10867=ORIENTED_EDGE('',*,*,#10866,.F.);
#10868=ORIENTED_EDGE('',*,*,#10541,.F.);
#10870=ORIENTED_EDGE('',*,*,#10869,.F.);
#10872=ORIENTED_EDGE('',*,*,#10871,.F.);
#10873=ORIENTED_EDGE('',*,*,#10845,.F.);
#10874=EDGE_LOOP('',(#10863,#10865,#10867,#10868,#10870,#10872,#10873));
#10875=FACE_OUTER_BOUND('',#10874,.F.);
#10876=ADVANCED_FACE('',(#10875),#10862,.T.);
#10877=CARTESIAN_POINT('',(3.131688074215E1,2.477906983849E0,1.258197033311E1));
#10878=DIRECTION('',(-9.999998164260E-1,-1.050433146978E-10,
-6.059272818123E-4));
#10879=DIRECTION('',(4.405427476517E-14,-1.E0,1.732869002318E-7));
#10880=AXIS2_PLACEMENT_3D('',#10877,#10878,#10879);
#10881=CYLINDRICAL_SURFACE('',#10880,7.778619134303E-1);
#10882=ORIENTED_EDGE('',*,*,#10727,.T.);
#10884=ORIENTED_EDGE('',*,*,#10883,.F.);
#10886=ORIENTED_EDGE('',*,*,#10885,.T.);
#10887=ORIENTED_EDGE('',*,*,#10864,.F.);
#10888=EDGE_LOOP('',(#10882,#10884,#10886,#10887));
#10889=FACE_OUTER_BOUND('',#10888,.F.);
#10890=ADVANCED_FACE('',(#10889),#10881,.T.);
#10891=CARTESIAN_POINT('',(3.057045954920E1,1.950044046889E0,6.675413209260E0));
#10892=DIRECTION('',(9.999998164261E-1,1.049993312369E-10,6.059272672977E-4));
#10893=DIRECTION('',(0.E0,1.E0,-1.732870212380E-7));
#10894=AXIS2_PLACEMENT_3D('',#10891,#10892,#10893);
#10895=PLANE('',#10894);
#10896=ORIENTED_EDGE('',*,*,#10725,.F.);
#10898=ORIENTED_EDGE('',*,*,#10897,.F.);
#10900=ORIENTED_EDGE('',*,*,#10899,.T.);
#10902=ORIENTED_EDGE('',*,*,#10901,.T.);
#10903=ORIENTED_EDGE('',*,*,#10529,.F.);
#10905=ORIENTED_EDGE('',*,*,#10904,.F.);
#10906=ORIENTED_EDGE('',*,*,#10883,.T.);
#10907=EDGE_LOOP('',(#10896,#10898,#10900,#10902,#10903,#10905,#10906));
#10908=FACE_OUTER_BOUND('',#10907,.F.);
#10909=ADVANCED_FACE('',(#10908),#10895,.F.);
#10910=CARTESIAN_POINT('',(2.632685845046E1,1.950042897092E0,
4.019576243953E-2));
#10911=DIRECTION('',(-6.059272674204E-4,1.732869894271E-7,9.999998164260E-1));
#10912=DIRECTION('',(-9.999998164261E-1,-1.049993312582E-10,
-6.059272674204E-4));
#10913=AXIS2_PLACEMENT_3D('',#10910,#10911,#10912);
#10914=PLANE('',#10913);
#10916=ORIENTED_EDGE('',*,*,#10915,.T.);
#10918=ORIENTED_EDGE('',*,*,#10917,.T.);
#10919=ORIENTED_EDGE('',*,*,#10897,.T.);
#10920=ORIENTED_EDGE('',*,*,#10723,.T.);
#10921=EDGE_LOOP('',(#10916,#10918,#10919,#10920));
#10922=FACE_OUTER_BOUND('',#10921,.F.);
#10923=ADVANCED_FACE('',(#10922),#10914,.T.);
#10924=CARTESIAN_POINT('',(2.207490537078E1,5.500044136468E0,7.188776281643E0));
#10925=DIRECTION('',(9.999998164261E-1,1.049993312384E-10,6.059272673065E-4));
#10926=DIRECTION('',(-6.059272673065E-4,1.732869894271E-7,9.999998164260E-1));
#10927=AXIS2_PLACEMENT_3D('',#10924,#10925,#10926);
#10928=PLANE('',#10927);
#10929=ORIENTED_EDGE('',*,*,#10721,.T.);
#10931=ORIENTED_EDGE('',*,*,#10930,.F.);
#10933=ORIENTED_EDGE('',*,*,#10932,.F.);
#10935=ORIENTED_EDGE('',*,*,#10934,.F.);
#10937=ORIENTED_EDGE('',*,*,#10936,.T.);
#10938=ORIENTED_EDGE('',*,*,#10525,.F.);
#10940=ORIENTED_EDGE('',*,*,#10939,.F.);
#10942=ORIENTED_EDGE('',*,*,#10941,.F.);
#10943=ORIENTED_EDGE('',*,*,#10915,.F.);
#10944=EDGE_LOOP('',(#10929,#10931,#10933,#10935,#10937,#10938,#10940,#10942,
#10943));
#10945=FACE_OUTER_BOUND('',#10944,.F.);
#10946=ADVANCED_FACE('',(#10945),#10928,.T.);
#10947=CARTESIAN_POINT('',(1.945134105496E2,3.700044727943E0,1.060561816244E1));
#10948=DIRECTION('',(-9.999998164261E-1,-1.049993317119E-10,
-6.059272674204E-4));
#10949=DIRECTION('',(0.E0,-1.E0,1.732870211768E-7));
#10950=AXIS2_PLACEMENT_3D('',#10947,#10948,#10949);
#10951=CYLINDRICAL_SURFACE('',#10950,2.E0);
#10952=ORIENTED_EDGE('',*,*,#10759,.T.);
#10954=ORIENTED_EDGE('',*,*,#10953,.T.);
#10956=ORIENTED_EDGE('',*,*,#10955,.F.);
#10957=ORIENTED_EDGE('',*,*,#10930,.T.);
#10958=EDGE_LOOP('',(#10952,#10954,#10956,#10957));
#10959=FACE_OUTER_BOUND('',#10958,.F.);
#10960=ADVANCED_FACE('',(#10959),#10951,.T.);
#10961=CARTESIAN_POINT('',(2.057521982627E1,1.950044045840E0,6.669356819911E0));
#10962=DIRECTION('',(9.999998164261E-1,1.049993312369E-10,6.059272672977E-4));
#10963=DIRECTION('',(0.E0,1.E0,-1.732870212380E-7));
#10964=AXIS2_PLACEMENT_3D('',#10961,#10962,#10963);
#10965=PLANE('',#10964);
#10966=ORIENTED_EDGE('',*,*,#10757,.F.);
#10968=ORIENTED_EDGE('',*,*,#10967,.F.);
#10970=ORIENTED_EDGE('',*,*,#10969,.F.);
#10972=ORIENTED_EDGE('',*,*,#10971,.T.);
#10973=ORIENTED_EDGE('',*,*,#10513,.F.);
#10975=ORIENTED_EDGE('',*,*,#10974,.F.);
#10977=ORIENTED_EDGE('',*,*,#10976,.F.);
#10979=ORIENTED_EDGE('',*,*,#10978,.F.);
#10980=ORIENTED_EDGE('',*,*,#10953,.F.);
#10981=EDGE_LOOP('',(#10966,#10968,#10970,#10972,#10973,#10975,#10977,#10979,
#10980));
#10982=FACE_OUTER_BOUND('',#10981,.F.);
#10983=ADVANCED_FACE('',(#10982),#10965,.F.);
#10984=CARTESIAN_POINT('',(1.644752488355E1,5.500042896520E0,
3.420898857957E-2));
#10985=DIRECTION('',(-6.059272674204E-4,1.732869894271E-7,9.999998164260E-1));
#10986=DIRECTION('',(-9.999998164261E-1,-1.049993312582E-10,
-6.059272674204E-4));
#10987=AXIS2_PLACEMENT_3D('',#10984,#10985,#10986);
#10988=PLANE('',#10987);
#10989=ORIENTED_EDGE('',*,*,#10967,.T.);
#10990=ORIENTED_EDGE('',*,*,#10755,.T.);
#10992=ORIENTED_EDGE('',*,*,#10991,.T.);
#10994=ORIENTED_EDGE('',*,*,#10993,.F.);
#10995=EDGE_LOOP('',(#10989,#10990,#10992,#10994));
#10996=FACE_OUTER_BOUND('',#10995,.F.);
#10997=ADVANCED_FACE('',(#10996),#10988,.T.);
#10998=CARTESIAN_POINT('',(1.231147795989E1,5.500044134823E0,7.182860353665E0));
#10999=DIRECTION('',(9.999998164261E-1,1.049993312582E-10,6.059272674204E-4));
#11000=DIRECTION('',(-6.059272674204E-4,1.732869894271E-7,9.999998164260E-1));
#11001=AXIS2_PLACEMENT_3D('',#10998,#10999,#11000);
#11002=PLANE('',#11001);
#11003=ORIENTED_EDGE('',*,*,#10753,.T.);
#11005=ORIENTED_EDGE('',*,*,#11004,.T.);
#11007=ORIENTED_EDGE('',*,*,#11006,.F.);
#11008=ORIENTED_EDGE('',*,*,#10509,.F.);
#11010=ORIENTED_EDGE('',*,*,#11009,.F.);
#11012=ORIENTED_EDGE('',*,*,#11011,.T.);
#11013=ORIENTED_EDGE('',*,*,#10991,.F.);
#11014=EDGE_LOOP('',(#11003,#11005,#11007,#11008,#11010,#11012,#11013));
#11015=FACE_OUTER_BOUND('',#11014,.F.);
#11016=ADVANCED_FACE('',(#11015),#11002,.T.);
#11017=CARTESIAN_POINT('',(1.155821360838E1,2.477906981774E0,1.256999801594E1));
#11018=DIRECTION('',(-9.999998164260E-1,-1.049993337665E-10,
-6.059272818952E-4));
#11019=DIRECTION('',(0.E0,-1.E0,1.732806361808E-7));
#11020=AXIS2_PLACEMENT_3D('',#11017,#11018,#11019);
#11021=CYLINDRICAL_SURFACE('',#11020,7.778619134302E-1);
#11022=ORIENTED_EDGE('',*,*,#10751,.T.);
#11024=ORIENTED_EDGE('',*,*,#11023,.F.);
#11026=ORIENTED_EDGE('',*,*,#11025,.T.);
#11027=ORIENTED_EDGE('',*,*,#11004,.F.);
#11028=EDGE_LOOP('',(#11022,#11024,#11026,#11027));
#11029=FACE_OUTER_BOUND('',#11028,.F.);
#11030=ADVANCED_FACE('',(#11029),#11021,.T.);
#11031=CARTESIAN_POINT('',(1.081147823525E1,5.500044134666E0,7.181951462764E0));
#11032=DIRECTION('',(9.999998164261E-1,1.049993312582E-10,6.059272674204E-4));
#11033=DIRECTION('',(0.E0,1.E0,-1.732870212380E-7));
#11034=AXIS2_PLACEMENT_3D('',#11031,#11032,#11033);
#11035=PLANE('',#11034);
#11036=ORIENTED_EDGE('',*,*,#10749,.F.);
#11038=ORIENTED_EDGE('',*,*,#11037,.F.);
#11040=ORIENTED_EDGE('',*,*,#11039,.T.);
#11042=ORIENTED_EDGE('',*,*,#11041,.T.);
#11043=ORIENTED_EDGE('',*,*,#10497,.F.);
#11045=ORIENTED_EDGE('',*,*,#11044,.F.);
#11046=ORIENTED_EDGE('',*,*,#11023,.T.);
#11047=EDGE_LOOP('',(#11036,#11038,#11040,#11042,#11043,#11045,#11046));
#11048=FACE_OUTER_BOUND('',#11047,.F.);
#11049=ADVANCED_FACE('',(#11048),#11035,.F.);
#11050=CARTESIAN_POINT('',(6.528159815237E0,1.950042895013E0,
2.819918887475E-2));
#11051=DIRECTION('',(-6.059272674204E-4,1.732869894271E-7,9.999998164260E-1));
#11052=DIRECTION('',(-9.999998164261E-1,-1.049993312582E-10,
-6.059272674204E-4));
#11053=AXIS2_PLACEMENT_3D('',#11050,#11051,#11052);
#11054=PLANE('',#11053);
#11056=ORIENTED_EDGE('',*,*,#11055,.T.);
#11058=ORIENTED_EDGE('',*,*,#11057,.F.);
#11059=ORIENTED_EDGE('',*,*,#11037,.T.);
#11060=ORIENTED_EDGE('',*,*,#10747,.T.);
#11061=EDGE_LOOP('',(#11056,#11058,#11059,#11060));
#11062=FACE_OUTER_BOUND('',#11061,.F.);
#11063=ADVANCED_FACE('',(#11062),#11054,.T.);
#11064=CARTESIAN_POINT('',(2.236175234155E0,5.500044133895E0,7.176755451895E0));
#11065=DIRECTION('',(9.999998164261E-1,1.049993312384E-10,6.059272673065E-4));
#11066=DIRECTION('',(-6.059272673065E-4,1.732869894271E-7,9.999998164260E-1));
#11067=AXIS2_PLACEMENT_3D('',#11064,#11065,#11066);
#11068=PLANE('',#11067);
#11069=ORIENTED_EDGE('',*,*,#10745,.T.);
#11071=ORIENTED_EDGE('',*,*,#11070,.T.);
#11073=ORIENTED_EDGE('',*,*,#11072,.F.);
#11074=ORIENTED_EDGE('',*,*,#10493,.F.);
#11076=ORIENTED_EDGE('',*,*,#11075,.F.);
#11078=ORIENTED_EDGE('',*,*,#11077,.T.);
#11079=ORIENTED_EDGE('',*,*,#11055,.F.);
#11080=EDGE_LOOP('',(#11069,#11071,#11073,#11074,#11076,#11078,#11079));
#11081=FACE_OUTER_BOUND('',#11080,.F.);
#11082=ADVANCED_FACE('',(#11081),#11068,.T.);
#11083=CARTESIAN_POINT('',(1.482910882590E0,2.477906980716E0,1.256389311428E1));
#11084=DIRECTION('',(-9.999998164260E-1,-1.049993337581E-10,
-6.059272818470E-4));
#11085=DIRECTION('',(0.E0,-1.E0,1.732873112603E-7));
#11086=AXIS2_PLACEMENT_3D('',#11083,#11084,#11085);
#11087=CYLINDRICAL_SURFACE('',#11086,7.778619134303E-1);
#11088=ORIENTED_EDGE('',*,*,#10743,.T.);
#11090=ORIENTED_EDGE('',*,*,#11089,.F.);
#11092=ORIENTED_EDGE('',*,*,#11091,.T.);
#11093=ORIENTED_EDGE('',*,*,#11070,.F.);
#11094=EDGE_LOOP('',(#11088,#11090,#11092,#11093));
#11095=FACE_OUTER_BOUND('',#11094,.F.);
#11096=ADVANCED_FACE('',(#11095),#11087,.T.);
#11097=CARTESIAN_POINT('',(7.361755095164E-1,5.500044133738E0,
7.175846560994E0));
#11098=DIRECTION('',(9.999998164261E-1,1.049993312384E-10,6.059272673065E-4));
#11099=DIRECTION('',(0.E0,1.E0,-1.732870212380E-7));
#11100=AXIS2_PLACEMENT_3D('',#11097,#11098,#11099);
#11101=PLANE('',#11100);
#11102=ORIENTED_EDGE('',*,*,#10741,.F.);
#11104=ORIENTED_EDGE('',*,*,#11103,.T.);
#11106=ORIENTED_EDGE('',*,*,#11105,.T.);
#11108=ORIENTED_EDGE('',*,*,#11107,.T.);
#11109=ORIENTED_EDGE('',*,*,#10477,.F.);
#11111=ORIENTED_EDGE('',*,*,#11110,.F.);
#11112=ORIENTED_EDGE('',*,*,#11089,.T.);
#11113=EDGE_LOOP('',(#11102,#11104,#11106,#11108,#11109,#11111,#11112));
#11114=FACE_OUTER_BOUND('',#11113,.F.);
#11115=ADVANCED_FACE('',(#11114),#11101,.F.);
#11116=CARTESIAN_POINT('',(-4.728784678381E0,5.500042893931E0,
2.137768283717E-2));
#11117=DIRECTION('',(-6.059272674204E-4,1.732869894271E-7,9.999998164260E-1));
#11118=DIRECTION('',(-9.999998164261E-1,-1.049993312582E-10,
-6.059272674204E-4));
#11119=AXIS2_PLACEMENT_3D('',#11116,#11117,#11118);
#11120=PLANE('',#11119);
#11121=ORIENTED_EDGE('',*,*,#10739,.T.);
#11123=ORIENTED_EDGE('',*,*,#11122,.T.);
#11125=ORIENTED_EDGE('',*,*,#11124,.F.);
#11126=ORIENTED_EDGE('',*,*,#10469,.F.);
#11128=ORIENTED_EDGE('',*,*,#11127,.F.);
#11130=ORIENTED_EDGE('',*,*,#11129,.F.);
#11131=ORIENTED_EDGE('',*,*,#11103,.F.);
#11132=EDGE_LOOP('',(#11121,#11123,#11125,#11126,#11128,#11130,#11131));
#11133=FACE_OUTER_BOUND('',#11132,.F.);
#11134=ADVANCED_FACE('',(#11133),#11120,.T.);
#11135=CARTESIAN_POINT('',(-8.434060201904E0,2.477904676907E0,
-7.308670590311E-1));
#11136=DIRECTION('',(6.059272674204E-4,-1.732869894271E-7,-9.999998164260E-1));
#11137=DIRECTION('',(-5.846118180552E-13,-1.E0,1.732870208838E-7));
#11138=AXIS2_PLACEMENT_3D('',#11135,#11136,#11137);
#11139=CYLINDRICAL_SURFACE('',#11138,7.778619134308E-1);
#11140=ORIENTED_EDGE('',*,*,#10737,.T.);
#11142=ORIENTED_EDGE('',*,*,#11141,.F.);
#11144=ORIENTED_EDGE('',*,*,#11143,.T.);
#11145=ORIENTED_EDGE('',*,*,#11122,.F.);
#11146=EDGE_LOOP('',(#11140,#11142,#11144,#11145));
#11147=FACE_OUTER_BOUND('',#11146,.F.);
#11148=ADVANCED_FACE('',(#11147),#11139,.T.);
#11149=CARTESIAN_POINT('',(1.747312944259E1,1.950042636232E0,
-1.465169229730E0));
#11150=DIRECTION('',(-6.059272674204E-4,1.732869894271E-7,9.999998164260E-1));
#11151=DIRECTION('',(0.E0,1.E0,-1.732870212380E-7));
#11152=AXIS2_PLACEMENT_3D('',#11149,#11150,#11151);
#11153=PLANE('',#11152);
#11154=ORIENTED_EDGE('',*,*,#10735,.F.);
#11156=ORIENTED_EDGE('',*,*,#11155,.T.);
#11157=ORIENTED_EDGE('',*,*,#10832,.F.);
#11158=ORIENTED_EDGE('',*,*,#10565,.F.);
#11160=ORIENTED_EDGE('',*,*,#11159,.F.);
#11162=ORIENTED_EDGE('',*,*,#11161,.F.);
#11164=ORIENTED_EDGE('',*,*,#11163,.T.);
#11165=ORIENTED_EDGE('',*,*,#10457,.F.);
#11167=ORIENTED_EDGE('',*,*,#11166,.F.);
#11168=ORIENTED_EDGE('',*,*,#11141,.T.);
#11169=EDGE_LOOP('',(#11154,#11156,#11157,#11158,#11160,#11162,#11164,#11165,
#11167,#11168));
#11170=FACE_OUTER_BOUND('',#11169,.F.);
#11171=ADVANCED_FACE('',(#11170),#11153,.F.);
#11172=CARTESIAN_POINT('',(4.337941019619E1,2.477904682348E0,
-6.994718587339E-1));
#11173=DIRECTION('',(-6.059272674204E-4,1.732869894271E-7,9.999998164260E-1));
#11174=DIRECTION('',(5.115353407984E-13,-1.E0,1.732870215480E-7));
#11175=AXIS2_PLACEMENT_3D('',#11172,#11173,#11174);
#11176=CYLINDRICAL_SURFACE('',#11175,7.778619134306E-1);
#11177=ORIENTED_EDGE('',*,*,#10733,.T.);
#11178=ORIENTED_EDGE('',*,*,#10853,.F.);
#11179=ORIENTED_EDGE('',*,*,#10834,.T.);
#11180=ORIENTED_EDGE('',*,*,#11155,.F.);
#11181=EDGE_LOOP('',(#11177,#11178,#11179,#11180));
#11182=FACE_OUTER_BOUND('',#11181,.F.);
#11183=ADVANCED_FACE('',(#11182),#11176,.T.);
#11184=CARTESIAN_POINT('',(4.113644663339E1,8.800058027752E0,
-6.950288158133E0));
#11185=DIRECTION('',(-1.E0,0.E0,0.E0));
#11186=DIRECTION('',(0.E0,1.732870212380E-7,1.E0));
#11187=AXIS2_PLACEMENT_3D('',#11184,#11185,#11186);
#11188=PLANE('',#11187);
#11189=ORIENTED_EDGE('',*,*,#10667,.F.);
#11191=ORIENTED_EDGE('',*,*,#11190,.T.);
#11192=ORIENTED_EDGE('',*,*,#11159,.T.);
#11193=ORIENTED_EDGE('',*,*,#10571,.F.);
#11194=EDGE_LOOP('',(#11189,#11191,#11192,#11193));
#11195=FACE_OUTER_BOUND('',#11194,.F.);
#11196=ADVANCED_FACE('',(#11195),#11188,.T.);
#11197=CARTESIAN_POINT('',(-3.808874407032E0,8.800053973710E0,
-3.034524298386E1));
#11198=DIRECTION('',(0.E0,-1.E0,1.732870212380E-7));
#11199=DIRECTION('',(-6.059272674204E-4,1.732869894271E-7,9.999998164260E-1));
#11200=AXIS2_PLACEMENT_3D('',#11197,#11198,#11199);
#11201=PLANE('',#11200);
#11203=ORIENTED_EDGE('',*,*,#11202,.F.);
#11205=ORIENTED_EDGE('',*,*,#11204,.F.);
#11207=ORIENTED_EDGE('',*,*,#11206,.F.);
#11209=ORIENTED_EDGE('',*,*,#11208,.F.);
#11211=ORIENTED_EDGE('',*,*,#11210,.F.);
#11213=ORIENTED_EDGE('',*,*,#11212,.F.);
#11215=ORIENTED_EDGE('',*,*,#11214,.F.);
#11217=ORIENTED_EDGE('',*,*,#11216,.F.);
#11218=EDGE_LOOP('',(#11203,#11205,#11207,#11209,#11211,#11213,#11215,#11217));
#11219=FACE_OUTER_BOUND('',#11218,.F.);
#11220=ORIENTED_EDGE('',*,*,#10796,.T.);
#11222=ORIENTED_EDGE('',*,*,#11221,.F.);
#11224=ORIENTED_EDGE('',*,*,#11223,.F.);
#11226=ORIENTED_EDGE('',*,*,#11225,.F.);
#11227=ORIENTED_EDGE('',*,*,#10772,.F.);
#11228=EDGE_LOOP('',(#11220,#11222,#11224,#11226,#11227));
#11229=FACE_BOUND('',#11228,.F.);
#11231=ORIENTED_EDGE('',*,*,#11230,.F.);
#11233=ORIENTED_EDGE('',*,*,#11232,.F.);
#11235=ORIENTED_EDGE('',*,*,#11234,.F.);
#11237=ORIENTED_EDGE('',*,*,#11236,.F.);
#11238=EDGE_LOOP('',(#11231,#11233,#11235,#11237));
#11239=FACE_BOUND('',#11238,.F.);
#11241=ORIENTED_EDGE('',*,*,#11240,.F.);
#11243=ORIENTED_EDGE('',*,*,#11242,.F.);
#11245=ORIENTED_EDGE('',*,*,#11244,.F.);
#11247=ORIENTED_EDGE('',*,*,#11246,.T.);
#11248=EDGE_LOOP('',(#11241,#11243,#11245,#11247));
#11249=FACE_BOUND('',#11248,.F.);
#11251=ORIENTED_EDGE('',*,*,#11250,.F.);
#11253=ORIENTED_EDGE('',*,*,#11252,.F.);
#11255=ORIENTED_EDGE('',*,*,#11254,.F.);
#11257=ORIENTED_EDGE('',*,*,#11256,.F.);
#11259=ORIENTED_EDGE('',*,*,#11258,.T.);
#11260=EDGE_LOOP('',(#11251,#11253,#11255,#11257,#11259));
#11261=FACE_BOUND('',#11260,.F.);
#11262=ORIENTED_EDGE('',*,*,#10665,.T.);
#11264=ORIENTED_EDGE('',*,*,#11263,.F.);
#11265=ORIENTED_EDGE('',*,*,#11161,.T.);
#11266=ORIENTED_EDGE('',*,*,#11190,.F.);
#11267=EDGE_LOOP('',(#11262,#11264,#11265,#11266));
#11268=FACE_BOUND('',#11267,.F.);
#11269=ORIENTED_EDGE('',*,*,#10871,.T.);
#11271=ORIENTED_EDGE('',*,*,#11270,.F.);
#11273=ORIENTED_EDGE('',*,*,#11272,.F.);
#11275=ORIENTED_EDGE('',*,*,#11274,.F.);
#11276=ORIENTED_EDGE('',*,*,#10847,.F.);
#11277=EDGE_LOOP('',(#11269,#11271,#11273,#11275,#11276));
#11278=FACE_BOUND('',#11277,.F.);
#11279=ORIENTED_EDGE('',*,*,#10941,.T.);
#11281=ORIENTED_EDGE('',*,*,#11280,.F.);
#11282=ORIENTED_EDGE('',*,*,#10899,.F.);
#11283=ORIENTED_EDGE('',*,*,#10917,.F.);
#11284=EDGE_LOOP('',(#11279,#11281,#11282,#11283));
#11285=FACE_BOUND('',#11284,.F.);
#11286=ORIENTED_EDGE('',*,*,#11011,.F.);
#11288=ORIENTED_EDGE('',*,*,#11287,.F.);
#11289=ORIENTED_EDGE('',*,*,#10969,.T.);
#11290=ORIENTED_EDGE('',*,*,#10993,.T.);
#11291=EDGE_LOOP('',(#11286,#11288,#11289,#11290));
#11292=FACE_BOUND('',#11291,.F.);
#11293=ORIENTED_EDGE('',*,*,#11077,.F.);
#11295=ORIENTED_EDGE('',*,*,#11294,.F.);
#11296=ORIENTED_EDGE('',*,*,#11039,.F.);
#11297=ORIENTED_EDGE('',*,*,#11057,.T.);
#11298=EDGE_LOOP('',(#11293,#11295,#11296,#11297));
#11299=FACE_BOUND('',#11298,.F.);
#11300=ORIENTED_EDGE('',*,*,#11129,.T.);
#11302=ORIENTED_EDGE('',*,*,#11301,.F.);
#11304=ORIENTED_EDGE('',*,*,#11303,.F.);
#11306=ORIENTED_EDGE('',*,*,#11305,.F.);
#11307=ORIENTED_EDGE('',*,*,#11105,.F.);
#11308=EDGE_LOOP('',(#11300,#11302,#11304,#11306,#11307));
#11309=FACE_BOUND('',#11308,.F.);
#11310=ADVANCED_FACE('',(#11219,#11229,#11239,#11249,#11261,#11268,#11278,
#11285,#11292,#11299,#11309),#11201,.F.);
#11311=CARTESIAN_POINT('',(3.904177399964E1,1.100005634803E1,
-1.664355696880E1));
#11312=DIRECTION('',(0.E0,1.E0,-1.732870212380E-7));
#11313=DIRECTION('',(-1.E0,0.E0,0.E0));
#11314=AXIS2_PLACEMENT_3D('',#11311,#11312,#11313);
#11315=CYLINDRICAL_SURFACE('',#11314,4.25E0);
#11317=ORIENTED_EDGE('',*,*,#11316,.F.);
#11319=ORIENTED_EDGE('',*,*,#11318,.T.);
#11320=ORIENTED_EDGE('',*,*,#11202,.T.);
#11322=ORIENTED_EDGE('',*,*,#11321,.F.);
#11323=EDGE_LOOP('',(#11317,#11319,#11320,#11322));
#11324=FACE_OUTER_BOUND('',#11323,.F.);
#11325=ADVANCED_FACE('',(#11324),#11315,.F.);
#11326=CARTESIAN_POINT('',(3.904177399964E1,1.057505634815E1,
-1.664355689515E1));
#11327=DIRECTION('',(0.E0,1.E0,-1.732870212380E-7));
#11328=DIRECTION('',(-1.E0,0.E0,0.E0));
#11329=AXIS2_PLACEMENT_3D('',#11326,#11327,#11328);
#11330=CONICAL_SURFACE('',#11329,4.675000000113E0,4.5E1);
#11331=ORIENTED_EDGE('',*,*,#11316,.T.);
#11333=ORIENTED_EDGE('',*,*,#11332,.F.);
#11334=ORIENTED_EDGE('',*,*,#6597,.T.);
#11336=ORIENTED_EDGE('',*,*,#11335,.T.);
#11337=EDGE_LOOP('',(#11331,#11333,#11334,#11336));
#11338=FACE_OUTER_BOUND('',#11337,.F.);
#11339=ADVANCED_FACE('',(#11338),#11330,.F.);
#11340=CARTESIAN_POINT('',(1.748512162327E1,1.050005554865E1,
-2.125661949246E1));
#11341=DIRECTION('',(-4.284552796907E-4,7.071069037189E-1,7.071065288477E-1));
#11342=DIRECTION('',(-4.284552796907E-4,-7.071066586541E-1,7.071067739126E-1));
#11343=AXIS2_PLACEMENT_3D('',#11340,#11341,#11342);
#11344=PLANE('',#11343);
#11346=ORIENTED_EDGE('',*,*,#11345,.F.);
#11348=ORIENTED_EDGE('',*,*,#11347,.F.);
#11349=ORIENTED_EDGE('',*,*,#6599,.T.);
#11350=ORIENTED_EDGE('',*,*,#11332,.T.);
#11351=EDGE_LOOP('',(#11346,#11348,#11349,#11350));
#11352=FACE_OUTER_BOUND('',#11351,.F.);
#11353=ADVANCED_FACE('',(#11352),#11344,.T.);
#11354=CARTESIAN_POINT('',(3.904434919053E1,1.100005561156E1,
-2.089355618861E1));
#11355=DIRECTION('',(6.059272674208E-4,-1.732869894271E-7,-9.999998164260E-1));
#11356=DIRECTION('',(-9.999998164261E-1,-1.049993312583E-10,
-6.059272674208E-4));
#11357=AXIS2_PLACEMENT_3D('',#11354,#11355,#11356);
#11358=PLANE('',#11357);
#11359=ORIENTED_EDGE('',*,*,#11345,.T.);
#11360=ORIENTED_EDGE('',*,*,#11321,.T.);
#11361=ORIENTED_EDGE('',*,*,#11216,.T.);
#11363=ORIENTED_EDGE('',*,*,#11362,.F.);
#11364=EDGE_LOOP('',(#11359,#11360,#11361,#11363));
#11365=FACE_OUTER_BOUND('',#11364,.F.);
#11366=ADVANCED_FACE('',(#11365),#11358,.F.);
#11367=CARTESIAN_POINT('',(-4.077105283955E0,1.100005634351E1,
-1.666968387829E1));
#11368=DIRECTION('',(0.E0,1.E0,-1.732870212380E-7));
#11369=DIRECTION('',(-1.E0,0.E0,0.E0));
#11370=AXIS2_PLACEMENT_3D('',#11367,#11368,#11369);
#11371=CYLINDRICAL_SURFACE('',#11370,4.25E0);
#11373=ORIENTED_EDGE('',*,*,#11372,.F.);
#11374=ORIENTED_EDGE('',*,*,#11362,.T.);
#11375=ORIENTED_EDGE('',*,*,#11214,.T.);
#11377=ORIENTED_EDGE('',*,*,#11376,.F.);
#11378=EDGE_LOOP('',(#11373,#11374,#11375,#11377));
#11379=FACE_OUTER_BOUND('',#11378,.F.);
#11380=ADVANCED_FACE('',(#11379),#11371,.F.);
#11381=CARTESIAN_POINT('',(-4.077105283955E0,1.057505634362E1,
-1.666968380465E1));
#11382=DIRECTION('',(0.E0,1.E0,-1.732870212380E-7));
#11383=DIRECTION('',(-1.E0,0.E0,0.E0));
#11384=AXIS2_PLACEMENT_3D('',#11381,#11382,#11383);
#11385=CONICAL_SURFACE('',#11384,4.675000000112E0,4.500000000001E1);
#11386=ORIENTED_EDGE('',*,*,#11372,.T.);
#11388=ORIENTED_EDGE('',*,*,#11387,.F.);
#11389=ORIENTED_EDGE('',*,*,#6601,.T.);
#11390=ORIENTED_EDGE('',*,*,#11347,.T.);
#11391=EDGE_LOOP('',(#11386,#11388,#11389,#11390));
#11392=FACE_OUTER_BOUND('',#11391,.F.);
#11393=ADVANCED_FACE('',(#11392),#11385,.F.);
#11394=CARTESIAN_POINT('',(-8.684643054779E0,1.050005849897E1,
-4.231020926687E0));
#11395=DIRECTION('',(7.071066513802E-1,7.071067812608E-1,4.283327472850E-4));
#11396=DIRECTION('',(7.071066513802E-1,-7.071067811123E-1,4.285778121406E-4));
#11397=AXIS2_PLACEMENT_3D('',#11394,#11395,#11396);
#11398=PLANE('',#11397);
#11400=ORIENTED_EDGE('',*,*,#11399,.F.);
#11402=ORIENTED_EDGE('',*,*,#11401,.F.);
#11403=ORIENTED_EDGE('',*,*,#6603,.T.);
#11404=ORIENTED_EDGE('',*,*,#11387,.T.);
#11405=EDGE_LOOP('',(#11400,#11402,#11403,#11404));
#11406=FACE_OUTER_BOUND('',#11405,.F.);
#11407=ADVANCED_FACE('',(#11406),#11398,.T.);
#11408=CARTESIAN_POINT('',(-8.327104503766E0,1.100005634306E1,
-1.667225906918E1));
#11409=DIRECTION('',(-9.999998164261E-1,-1.049993312572E-10,
-6.059272674150E-4));
#11410=DIRECTION('',(-6.059272674150E-4,1.732869894271E-7,9.999998164260E-1));
#11411=AXIS2_PLACEMENT_3D('',#11408,#11409,#11410);
#11412=PLANE('',#11411);
#11413=ORIENTED_EDGE('',*,*,#11399,.T.);
#11414=ORIENTED_EDGE('',*,*,#11376,.T.);
#11415=ORIENTED_EDGE('',*,*,#11212,.T.);
#11417=ORIENTED_EDGE('',*,*,#11416,.F.);
#11418=EDGE_LOOP('',(#11413,#11414,#11415,#11417));
#11419=FACE_OUTER_BOUND('',#11418,.F.);
#11420=ADVANCED_FACE('',(#11419),#11412,.F.);
#11421=CARTESIAN_POINT('',(-4.092182514483E0,1.100006065539E1,
8.213216382493E0));
#11422=DIRECTION('',(0.E0,1.E0,-1.732870212380E-7));
#11423=DIRECTION('',(-1.E0,0.E0,0.E0));
#11424=AXIS2_PLACEMENT_3D('',#11421,#11422,#11423);
#11425=CYLINDRICAL_SURFACE('',#11424,4.25E0);
#11427=ORIENTED_EDGE('',*,*,#11426,.F.);
#11428=ORIENTED_EDGE('',*,*,#11416,.T.);
#11429=ORIENTED_EDGE('',*,*,#11210,.T.);
#11431=ORIENTED_EDGE('',*,*,#11430,.F.);
#11432=EDGE_LOOP('',(#11427,#11428,#11429,#11431));
#11433=FACE_OUTER_BOUND('',#11432,.F.);
#11434=ADVANCED_FACE('',(#11433),#11425,.F.);
#11435=CARTESIAN_POINT('',(-4.092182514483E0,1.057506065550E1,
8.213216456140E0));
#11436=DIRECTION('',(0.E0,1.E0,-1.732870212380E-7));
#11437=DIRECTION('',(-1.E0,0.E0,0.E0));
#11438=AXIS2_PLACEMENT_3D('',#11435,#11436,#11437);
#11439=CONICAL_SURFACE('',#11438,4.675000000113E0,4.5E1);
#11440=ORIENTED_EDGE('',*,*,#11426,.T.);
#11442=ORIENTED_EDGE('',*,*,#11441,.F.);
#11443=ORIENTED_EDGE('',*,*,#6605,.T.);
#11444=ORIENTED_EDGE('',*,*,#11401,.T.);
#11445=EDGE_LOOP('',(#11440,#11442,#11443,#11444));
#11446=FACE_OUTER_BOUND('',#11445,.F.);
#11447=ADVANCED_FACE('',(#11446),#11439,.F.);
#11448=CARTESIAN_POINT('',(1.746446986188E1,1.050006145477E1,1.282627907944E1));
#11449=DIRECTION('',(4.284552796992E-4,7.071066586541E-1,-7.071067739126E-1));
#11450=DIRECTION('',(4.284552796992E-4,-7.071069037189E-1,-7.071065288477E-1));
#11451=AXIS2_PLACEMENT_3D('',#11448,#11449,#11450);
#11452=PLANE('',#11451);
#11454=ORIENTED_EDGE('',*,*,#11453,.F.);
#11456=ORIENTED_EDGE('',*,*,#11455,.F.);
#11457=ORIENTED_EDGE('',*,*,#6591,.T.);
#11458=ORIENTED_EDGE('',*,*,#11441,.T.);
#11459=EDGE_LOOP('',(#11454,#11456,#11457,#11458));
#11460=FACE_OUTER_BOUND('',#11459,.F.);
#11461=ADVANCED_FACE('',(#11460),#11452,.T.);
#11462=CARTESIAN_POINT('',(-4.094757705370E0,1.100006139186E1,
1.246321560230E1));
#11463=DIRECTION('',(-6.059272674291E-4,1.732869894271E-7,9.999998164260E-1));
#11464=DIRECTION('',(9.999998164261E-1,1.049993312597E-10,6.059272674291E-4));
#11465=AXIS2_PLACEMENT_3D('',#11462,#11463,#11464);
#11466=PLANE('',#11465);
#11467=ORIENTED_EDGE('',*,*,#11453,.T.);
#11468=ORIENTED_EDGE('',*,*,#11430,.T.);
#11469=ORIENTED_EDGE('',*,*,#11208,.T.);
#11471=ORIENTED_EDGE('',*,*,#11470,.F.);
#11472=EDGE_LOOP('',(#11467,#11468,#11469,#11471));
#11473=FACE_OUTER_BOUND('',#11472,.F.);
#11474=ADVANCED_FACE('',(#11473),#11466,.F.);
#11475=CARTESIAN_POINT('',(3.902669676911E1,1.100006065992E1,8.239343291989E0));
#11476=DIRECTION('',(0.E0,1.E0,-1.732870212380E-7));
#11477=DIRECTION('',(-1.E0,0.E0,0.E0));
#11478=AXIS2_PLACEMENT_3D('',#11475,#11476,#11477);
#11479=CYLINDRICAL_SURFACE('',#11478,4.25E0);
#11481=ORIENTED_EDGE('',*,*,#11480,.F.);
#11482=ORIENTED_EDGE('',*,*,#11470,.T.);
#11483=ORIENTED_EDGE('',*,*,#11206,.T.);
#11485=ORIENTED_EDGE('',*,*,#11484,.F.);
#11486=EDGE_LOOP('',(#11481,#11482,#11483,#11485));
#11487=FACE_OUTER_BOUND('',#11486,.F.);
#11488=ADVANCED_FACE('',(#11487),#11479,.F.);
#11489=CARTESIAN_POINT('',(3.902669676911E1,1.057506066003E1,8.239343365635E0));
#11490=DIRECTION('',(0.E0,1.E0,-1.732870212380E-7));
#11491=DIRECTION('',(-1.E0,0.E0,0.E0));
#11492=AXIS2_PLACEMENT_3D('',#11489,#11490,#11491);
#11493=CONICAL_SURFACE('',#11492,4.675000000113E0,4.5E1);
#11494=ORIENTED_EDGE('',*,*,#11480,.T.);
#11496=ORIENTED_EDGE('',*,*,#11495,.F.);
#11497=ORIENTED_EDGE('',*,*,#6593,.T.);
#11498=ORIENTED_EDGE('',*,*,#11455,.T.);
#11499=EDGE_LOOP('',(#11494,#11496,#11497,#11498));
#11500=FACE_OUTER_BOUND('',#11499,.F.);
#11501=ADVANCED_FACE('',(#11500),#11493,.F.);
#11502=CARTESIAN_POINT('',(4.363423453994E1,1.050005850446E1,
-4.199319486331E0));
#11503=DIRECTION('',(-7.071066513802E-1,7.071067811123E-1,-4.285778121268E-4));
#11504=DIRECTION('',(-7.071066513802E-1,-7.071067812608E-1,-4.283327472710E-4));
#11505=AXIS2_PLACEMENT_3D('',#11502,#11503,#11504);
#11506=PLANE('',#11505);
#11508=ORIENTED_EDGE('',*,*,#11507,.F.);
#11509=ORIENTED_EDGE('',*,*,#11335,.F.);
#11510=ORIENTED_EDGE('',*,*,#6595,.T.);
#11511=ORIENTED_EDGE('',*,*,#11495,.T.);
#11512=EDGE_LOOP('',(#11508,#11509,#11510,#11511));
#11513=FACE_OUTER_BOUND('',#11512,.F.);
#11514=ADVANCED_FACE('',(#11513),#11506,.T.);
#11515=CARTESIAN_POINT('',(4.327669598892E1,1.100006066036E1,8.241918482875E0));
#11516=DIRECTION('',(9.999998164261E-1,1.049993312560E-10,6.059272674078E-4));
#11517=DIRECTION('',(6.059272674078E-4,-1.732869894271E-7,-9.999998164260E-1));
#11518=AXIS2_PLACEMENT_3D('',#11515,#11516,#11517);
#11519=PLANE('',#11518);
#11520=ORIENTED_EDGE('',*,*,#11507,.T.);
#11521=ORIENTED_EDGE('',*,*,#11484,.T.);
#11522=ORIENTED_EDGE('',*,*,#11204,.T.);
#11523=ORIENTED_EDGE('',*,*,#11318,.F.);
#11524=EDGE_LOOP('',(#11520,#11521,#11522,#11523));
#11525=FACE_OUTER_BOUND('',#11524,.F.);
#11526=ADVANCED_FACE('',(#11525),#11519,.F.);
#11527=CARTESIAN_POINT('',(4.114177361414E1,8.800056348255E0,
-1.664228414031E1));
#11528=DIRECTION('',(-9.999998164261E-1,-1.049993312560E-10,
-6.059272674080E-4));
#11529=DIRECTION('',(-6.059272674080E-4,1.732869894271E-7,9.999998164260E-1));
#11530=AXIS2_PLACEMENT_3D('',#11527,#11528,#11529);
#11531=PLANE('',#11530);
#11532=ORIENTED_EDGE('',*,*,#11221,.T.);
#11533=ORIENTED_EDGE('',*,*,#10794,.T.);
#11534=ORIENTED_EDGE('',*,*,#10631,.T.);
#11536=ORIENTED_EDGE('',*,*,#11535,.F.);
#11537=EDGE_LOOP('',(#11532,#11533,#11534,#11536));
#11538=FACE_OUTER_BOUND('',#11537,.F.);
#11539=ADVANCED_FACE('',(#11538),#11531,.T.);
#11540=CARTESIAN_POINT('',(3.904177399964E1,8.800056348034E0,
-1.664355658757E1));
#11541=DIRECTION('',(0.E0,1.E0,-1.732870212380E-7));
#11542=DIRECTION('',(-1.E0,0.E0,0.E0));
#11543=AXIS2_PLACEMENT_3D('',#11540,#11541,#11542);
#11544=CYLINDRICAL_SURFACE('',#11543,2.1E0);
#11545=ORIENTED_EDGE('',*,*,#11223,.T.);
#11546=ORIENTED_EDGE('',*,*,#11535,.T.);
#11547=ORIENTED_EDGE('',*,*,#10629,.F.);
#11549=ORIENTED_EDGE('',*,*,#11548,.F.);
#11550=EDGE_LOOP('',(#11545,#11546,#11547,#11549));
#11551=FACE_OUTER_BOUND('',#11550,.F.);
#11552=ADVANCED_FACE('',(#11551),#11544,.F.);
#11553=CARTESIAN_POINT('',(2.726927254720E1,8.800055982990E0,
-1.875014524991E1));
#11554=DIRECTION('',(0.E0,1.732870212380E-7,1.E0));
#11555=DIRECTION('',(1.E0,0.E0,0.E0));
#11556=AXIS2_PLACEMENT_3D('',#11553,#11554,#11555);
#11557=PLANE('',#11556);
#11558=ORIENTED_EDGE('',*,*,#11225,.T.);
#11559=ORIENTED_EDGE('',*,*,#11548,.T.);
#11560=ORIENTED_EDGE('',*,*,#10627,.T.);
#11561=ORIENTED_EDGE('',*,*,#10774,.F.);
#11562=EDGE_LOOP('',(#11558,#11559,#11560,#11561));
#11563=FACE_OUTER_BOUND('',#11562,.F.);
#11564=ADVANCED_FACE('',(#11563),#11557,.T.);
#11565=CARTESIAN_POINT('',(2.576651051679E1,1.950040274742E0,
-1.509279145503E1));
#11566=DIRECTION('',(9.999998164261E-1,1.049993312369E-10,6.059272672977E-4));
#11567=DIRECTION('',(0.E0,1.E0,-1.732870212380E-7));
#11568=AXIS2_PLACEMENT_3D('',#11565,#11566,#11567);
#11569=PLANE('',#11568);
#11570=ORIENTED_EDGE('',*,*,#10686,.F.);
#11572=ORIENTED_EDGE('',*,*,#11571,.T.);
#11573=ORIENTED_EDGE('',*,*,#10425,.F.);
#11574=ORIENTED_EDGE('',*,*,#10604,.F.);
#11576=ORIENTED_EDGE('',*,*,#11575,.F.);
#11577=ORIENTED_EDGE('',*,*,#11230,.T.);
#11579=ORIENTED_EDGE('',*,*,#11578,.F.);
#11580=EDGE_LOOP('',(#11570,#11572,#11573,#11574,#11576,#11577,#11579));
#11581=FACE_OUTER_BOUND('',#11580,.F.);
#11582=ADVANCED_FACE('',(#11581),#11569,.F.);
#11583=CARTESIAN_POINT('',(2.652008904848E1,2.477901164800E0,
-2.099843987752E1));
#11584=DIRECTION('',(9.999998164260E-1,1.049282876460E-10,6.059272820254E-4));
#11585=DIRECTION('',(-7.505338304252E-14,-1.E0,1.732936346162E-7));
#11586=AXIS2_PLACEMENT_3D('',#11583,#11584,#11585);
#11587=CYLINDRICAL_SURFACE('',#11586,7.778619134303E-1);
#11588=ORIENTED_EDGE('',*,*,#10684,.T.);
#11589=ORIENTED_EDGE('',*,*,#10778,.F.);
#11590=ORIENTED_EDGE('',*,*,#10427,.T.);
#11591=ORIENTED_EDGE('',*,*,#11571,.F.);
#11592=EDGE_LOOP('',(#11588,#11589,#11590,#11591));
#11593=FACE_OUTER_BOUND('',#11592,.F.);
#11594=ADVANCED_FACE('',(#11593),#11587,.T.);
#11595=CARTESIAN_POINT('',(1.726566488085E1,8.800055982832E0,
-1.875105414081E1));
#11596=DIRECTION('',(0.E0,1.732870212380E-7,1.E0));
#11597=DIRECTION('',(1.E0,0.E0,0.E0));
#11598=AXIS2_PLACEMENT_3D('',#11595,#11596,#11597);
#11599=PLANE('',#11598);
#11600=ORIENTED_EDGE('',*,*,#11575,.T.);
#11601=ORIENTED_EDGE('',*,*,#10609,.F.);
#11603=ORIENTED_EDGE('',*,*,#11602,.F.);
#11604=ORIENTED_EDGE('',*,*,#11232,.T.);
#11605=EDGE_LOOP('',(#11600,#11601,#11603,#11604));
#11606=FACE_OUTER_BOUND('',#11605,.F.);
#11607=ADVANCED_FACE('',(#11606),#11599,.T.);
#11608=CARTESIAN_POINT('',(1.726345136193E1,1.950040273849E0,
-1.509794369131E1));
#11609=DIRECTION('',(9.999998164261E-1,1.049993312369E-10,6.059272672977E-4));
#11610=DIRECTION('',(-6.059272672977E-4,1.732869894271E-7,9.999998164260E-1));
#11611=AXIS2_PLACEMENT_3D('',#11608,#11609,#11610);
#11612=PLANE('',#11611);
#11613=ORIENTED_EDGE('',*,*,#10690,.T.);
#11615=ORIENTED_EDGE('',*,*,#11614,.F.);
#11616=ORIENTED_EDGE('',*,*,#11234,.T.);
#11617=ORIENTED_EDGE('',*,*,#11602,.T.);
#11618=ORIENTED_EDGE('',*,*,#10607,.F.);
#11619=ORIENTED_EDGE('',*,*,#10421,.F.);
#11621=ORIENTED_EDGE('',*,*,#11620,.T.);
#11622=EDGE_LOOP('',(#11613,#11615,#11616,#11617,#11618,#11619,#11621));
#11623=FACE_OUTER_BOUND('',#11622,.F.);
#11624=ADVANCED_FACE('',(#11623),#11612,.T.);
#11625=CARTESIAN_POINT('',(2.151096203895E1,1.950041423646E0,
-8.462723869018E0));
#11626=DIRECTION('',(-6.059272674204E-4,1.732869894271E-7,9.999998164260E-1));
#11627=DIRECTION('',(0.E0,1.E0,-1.732870212380E-7));
#11628=AXIS2_PLACEMENT_3D('',#11625,#11626,#11627);
#11629=PLANE('',#11628);
#11630=ORIENTED_EDGE('',*,*,#11578,.T.);
#11631=ORIENTED_EDGE('',*,*,#11236,.T.);
#11632=ORIENTED_EDGE('',*,*,#11614,.T.);
#11633=ORIENTED_EDGE('',*,*,#10688,.F.);
#11634=EDGE_LOOP('',(#11630,#11631,#11632,#11633));
#11635=FACE_OUTER_BOUND('',#11634,.F.);
#11636=ADVANCED_FACE('',(#11635),#11629,.F.);
#11637=CARTESIAN_POINT('',(1.651703016898E1,2.477901163749E0,
-2.100450100467E1));
#11638=DIRECTION('',(9.999998164260E-1,1.049925674985E-10,6.059272820762E-4));
#11639=DIRECTION('',(-1.021452828471E-14,-1.E0,1.732927120646E-7));
#11640=AXIS2_PLACEMENT_3D('',#11637,#11638,#11639);
#11641=CYLINDRICAL_SURFACE('',#11640,7.778619134302E-1);
#11642=ORIENTED_EDGE('',*,*,#10692,.T.);
#11643=ORIENTED_EDGE('',*,*,#11620,.F.);
#11644=ORIENTED_EDGE('',*,*,#10419,.T.);
#11646=ORIENTED_EDGE('',*,*,#11645,.F.);
#11647=EDGE_LOOP('',(#11642,#11643,#11644,#11646));
#11648=FACE_OUTER_BOUND('',#11647,.F.);
#11649=ADVANCED_FACE('',(#11648),#11641,.T.);
#11650=CARTESIAN_POINT('',(1.576345163729E1,1.950040273691E0,
-1.509885258222E1));
#11651=DIRECTION('',(9.999998164261E-1,1.049993312369E-10,6.059272672977E-4));
#11652=DIRECTION('',(0.E0,1.E0,-1.732870212380E-7));
#11653=AXIS2_PLACEMENT_3D('',#11650,#11651,#11652);
#11654=PLANE('',#11653);
#11655=ORIENTED_EDGE('',*,*,#10694,.F.);
#11656=ORIENTED_EDGE('',*,*,#11645,.T.);
#11657=ORIENTED_EDGE('',*,*,#10417,.F.);
#11658=ORIENTED_EDGE('',*,*,#10645,.F.);
#11660=ORIENTED_EDGE('',*,*,#11659,.F.);
#11661=ORIENTED_EDGE('',*,*,#11240,.T.);
#11663=ORIENTED_EDGE('',*,*,#11662,.F.);
#11664=EDGE_LOOP('',(#11655,#11656,#11657,#11658,#11660,#11661,#11663));
#11665=FACE_OUTER_BOUND('',#11664,.F.);
#11666=ADVANCED_FACE('',(#11665),#11654,.F.);
#11667=CARTESIAN_POINT('',(6.907289010422E0,8.800055981782E0,
-1.875711526806E1));
#11668=DIRECTION('',(0.E0,1.732870212380E-7,1.E0));
#11669=DIRECTION('',(1.E0,0.E0,0.E0));
#11670=AXIS2_PLACEMENT_3D('',#11667,#11668,#11669);
#11671=PLANE('',#11670);
#11672=ORIENTED_EDGE('',*,*,#11659,.T.);
#11673=ORIENTED_EDGE('',*,*,#10643,.F.);
#11675=ORIENTED_EDGE('',*,*,#11674,.F.);
#11676=ORIENTED_EDGE('',*,*,#11242,.T.);
#11677=EDGE_LOOP('',(#11672,#11673,#11675,#11676));
#11678=FACE_OUTER_BOUND('',#11677,.F.);
#11679=ADVANCED_FACE('',(#11678),#11671,.T.);
#11680=CARTESIAN_POINT('',(6.905075621957E0,1.950040272761E0,
-1.510422011472E1));
#11681=DIRECTION('',(9.999998164261E-1,1.049993312369E-10,6.059272672977E-4));
#11682=DIRECTION('',(-6.059272672977E-4,1.732869894271E-7,9.999998164260E-1));
#11683=AXIS2_PLACEMENT_3D('',#11680,#11681,#11682);
#11684=PLANE('',#11683);
#11685=ORIENTED_EDGE('',*,*,#10698,.T.);
#11687=ORIENTED_EDGE('',*,*,#11686,.F.);
#11688=ORIENTED_EDGE('',*,*,#11244,.T.);
#11689=ORIENTED_EDGE('',*,*,#11674,.T.);
#11690=ORIENTED_EDGE('',*,*,#10641,.F.);
#11691=ORIENTED_EDGE('',*,*,#10443,.F.);
#11693=ORIENTED_EDGE('',*,*,#11692,.T.);
#11694=EDGE_LOOP('',(#11685,#11687,#11688,#11689,#11690,#11691,#11693));
#11695=FACE_OUTER_BOUND('',#11694,.F.);
#11696=ADVANCED_FACE('',(#11695),#11684,.T.);
#11697=CARTESIAN_POINT('',(1.133024472921E1,1.950041422577E0,
-8.468892644370E0));
#11698=DIRECTION('',(-6.059272674204E-4,1.732869894271E-7,9.999998164260E-1));
#11699=DIRECTION('',(0.E0,1.E0,-1.732870212380E-7));
#11700=AXIS2_PLACEMENT_3D('',#11697,#11698,#11699);
#11701=PLANE('',#11700);
#11702=ORIENTED_EDGE('',*,*,#11662,.T.);
#11703=ORIENTED_EDGE('',*,*,#11246,.F.);
#11704=ORIENTED_EDGE('',*,*,#11686,.T.);
#11705=ORIENTED_EDGE('',*,*,#10696,.F.);
#11706=EDGE_LOOP('',(#11702,#11703,#11704,#11705));
#11707=FACE_OUTER_BOUND('',#11706,.F.);
#11708=ADVANCED_FACE('',(#11707),#11701,.F.);
#11709=CARTESIAN_POINT('',(6.158654429011E0,2.477901162662E0,
-2.101077742801E1));
#11710=DIRECTION('',(9.999998164260E-1,1.049993337996E-10,6.059272820863E-4));
#11711=DIRECTION('',(0.E0,-1.E0,1.732885649786E-7));
#11712=AXIS2_PLACEMENT_3D('',#11709,#11710,#11711);
#11713=CYLINDRICAL_SURFACE('',#11712,7.778619134303E-1);
#11714=ORIENTED_EDGE('',*,*,#10700,.T.);
#11715=ORIENTED_EDGE('',*,*,#11692,.F.);
#11716=ORIENTED_EDGE('',*,*,#10441,.T.);
#11718=ORIENTED_EDGE('',*,*,#11717,.F.);
#11719=EDGE_LOOP('',(#11714,#11715,#11716,#11718));
#11720=FACE_OUTER_BOUND('',#11719,.F.);
#11721=ADVANCED_FACE('',(#11720),#11713,.T.);
#11722=CARTESIAN_POINT('',(5.405075897318E0,1.950040272604E0,
-1.510512900563E1));
#11723=DIRECTION('',(9.999998164261E-1,1.049993312369E-10,6.059272672977E-4));
#11724=DIRECTION('',(0.E0,1.E0,-1.732870212380E-7));
#11725=AXIS2_PLACEMENT_3D('',#11722,#11723,#11724);
#11726=PLANE('',#11725);
#11727=ORIENTED_EDGE('',*,*,#10702,.F.);
#11728=ORIENTED_EDGE('',*,*,#11717,.T.);
#11729=ORIENTED_EDGE('',*,*,#10439,.F.);
#11730=ORIENTED_EDGE('',*,*,#10581,.F.);
#11732=ORIENTED_EDGE('',*,*,#11731,.F.);
#11733=ORIENTED_EDGE('',*,*,#11250,.T.);
#11735=ORIENTED_EDGE('',*,*,#11734,.T.);
#11736=EDGE_LOOP('',(#11727,#11728,#11729,#11730,#11732,#11733,#11735));
#11737=FACE_OUTER_BOUND('',#11736,.F.);
#11738=ADVANCED_FACE('',(#11737),#11726,.F.);
#11739=CARTESIAN_POINT('',(-4.075832835071E0,8.800055979604E0,
-1.876968311156E1));
#11740=DIRECTION('',(-6.059280400624E-4,1.732869894270E-7,9.999998164256E-1));
#11741=DIRECTION('',(9.999998164256E-1,1.049994651470E-10,6.059280400624E-4));
#11742=AXIS2_PLACEMENT_3D('',#11739,#11740,#11741);
#11743=PLANE('',#11742);
#11744=ORIENTED_EDGE('',*,*,#11731,.T.);
#11745=ORIENTED_EDGE('',*,*,#10594,.F.);
#11747=ORIENTED_EDGE('',*,*,#11746,.F.);
#11748=ORIENTED_EDGE('',*,*,#11252,.T.);
#11749=EDGE_LOOP('',(#11744,#11745,#11747,#11748));
#11750=FACE_OUTER_BOUND('',#11749,.F.);
#11751=ADVANCED_FACE('',(#11750),#11743,.T.);
#11752=CARTESIAN_POINT('',(-4.077105283955E0,8.800056343507E0,
-1.666968349706E1));
#11753=DIRECTION('',(0.E0,1.E0,-1.732870212380E-7));
#11754=DIRECTION('',(-1.E0,0.E0,0.E0));
#11755=AXIS2_PLACEMENT_3D('',#11752,#11753,#11754);
#11756=CYLINDRICAL_SURFACE('',#11755,2.1E0);
#11757=ORIENTED_EDGE('',*,*,#11254,.T.);
#11758=ORIENTED_EDGE('',*,*,#11746,.T.);
#11759=ORIENTED_EDGE('',*,*,#10592,.F.);
#11761=ORIENTED_EDGE('',*,*,#11760,.F.);
#11762=EDGE_LOOP('',(#11757,#11758,#11759,#11761));
#11763=FACE_OUTER_BOUND('',#11762,.F.);
#11764=ADVANCED_FACE('',(#11763),#11756,.F.);
#11765=CARTESIAN_POINT('',(-6.182068322835E0,8.800057762758E0,
-8.479505021331E0));
#11766=DIRECTION('',(9.999998164261E-1,1.049993312577E-10,6.059272674177E-4));
#11767=DIRECTION('',(6.059272674177E-4,-1.732869894271E-7,-9.999998164260E-1));
#11768=AXIS2_PLACEMENT_3D('',#11765,#11766,#11767);
#11769=PLANE('',#11768);
#11771=ORIENTED_EDGE('',*,*,#11770,.F.);
#11772=ORIENTED_EDGE('',*,*,#11256,.T.);
#11773=ORIENTED_EDGE('',*,*,#11760,.T.);
#11774=ORIENTED_EDGE('',*,*,#10590,.F.);
#11775=EDGE_LOOP('',(#11771,#11772,#11773,#11774));
#11776=FACE_OUTER_BOUND('',#11775,.F.);
#11777=ADVANCED_FACE('',(#11776),#11769,.T.);
#11778=CARTESIAN_POINT('',(-1.877424098205E0,1.950041421191E0,
-8.476895532521E0));
#11779=DIRECTION('',(-6.059272674204E-4,1.732869894271E-7,9.999998164260E-1));
#11780=DIRECTION('',(0.E0,1.E0,-1.732870212380E-7));
#11781=AXIS2_PLACEMENT_3D('',#11778,#11779,#11780);
#11782=PLANE('',#11781);
#11783=ORIENTED_EDGE('',*,*,#10704,.F.);
#11784=ORIENTED_EDGE('',*,*,#11734,.F.);
#11785=ORIENTED_EDGE('',*,*,#11258,.F.);
#11786=ORIENTED_EDGE('',*,*,#11770,.T.);
#11787=ORIENTED_EDGE('',*,*,#10588,.F.);
#11789=ORIENTED_EDGE('',*,*,#11788,.F.);
#11791=ORIENTED_EDGE('',*,*,#11790,.T.);
#11792=EDGE_LOOP('',(#11783,#11784,#11785,#11786,#11787,#11789,#11791));
#11793=FACE_OUTER_BOUND('',#11792,.F.);
#11794=ADVANCED_FACE('',(#11793),#11782,.F.);
#11795=CARTESIAN_POINT('',(-9.690425774847E0,5.123580990184E0,
-7.316287837908E-1));
#11796=DIRECTION('',(9.848075722272E-1,1.736481777704E-1,5.966917797416E-4));
#11797=DIRECTION('',(1.736481457897E-1,-9.848077529940E-1,1.053888201883E-4));
#11798=AXIS2_PLACEMENT_3D('',#11795,#11796,#11797);
#11799=PLANE('',#11798);
#11800=ORIENTED_EDGE('',*,*,#11124,.T.);
#11801=ORIENTED_EDGE('',*,*,#11143,.F.);
#11802=ORIENTED_EDGE('',*,*,#11166,.T.);
#11803=ORIENTED_EDGE('',*,*,#10455,.T.);
#11804=ORIENTED_EDGE('',*,*,#10660,.T.);
#11806=ORIENTED_EDGE('',*,*,#11805,.F.);
#11807=ORIENTED_EDGE('',*,*,#11788,.T.);
#11808=ORIENTED_EDGE('',*,*,#10586,.F.);
#11810=ORIENTED_EDGE('',*,*,#11809,.F.);
#11811=ORIENTED_EDGE('',*,*,#7377,.F.);
#11813=ORIENTED_EDGE('',*,*,#11812,.T.);
#11814=ORIENTED_EDGE('',*,*,#10471,.T.);
#11815=EDGE_LOOP('',(#11800,#11801,#11802,#11803,#11804,#11806,#11807,#11808,
#11810,#11811,#11813,#11814));
#11816=FACE_OUTER_BOUND('',#11815,.F.);
#11817=ADVANCED_FACE('',(#11816),#11799,.F.);
#11818=CARTESIAN_POINT('',(-8.429818711040E0,2.477903463898E0,
-7.730865761603E0));
#11819=DIRECTION('',(6.059272674204E-4,-1.732869894271E-7,-9.999998164260E-1));
#11820=DIRECTION('',(-6.942265339406E-13,-1.E0,1.732870208174E-7));
#11821=AXIS2_PLACEMENT_3D('',#11818,#11819,#11820);
#11822=CYLINDRICAL_SURFACE('',#11821,7.778619134308E-1);
#11823=ORIENTED_EDGE('',*,*,#10706,.T.);
#11824=ORIENTED_EDGE('',*,*,#11790,.F.);
#11825=ORIENTED_EDGE('',*,*,#11805,.T.);
#11826=ORIENTED_EDGE('',*,*,#10658,.F.);
#11827=EDGE_LOOP('',(#11823,#11824,#11825,#11826));
#11828=FACE_OUTER_BOUND('',#11827,.F.);
#11829=ADVANCED_FACE('',(#11828),#11822,.T.);
#11830=CARTESIAN_POINT('',(-4.077105283955E0,8.150040549411E0,
-1.666968338442E1));
#11831=DIRECTION('',(0.E0,1.E0,-1.732870132940E-7));
#11832=DIRECTION('',(6.059272674204E-4,-1.732869814839E-7,-9.999998164260E-1));
#11833=AXIS2_PLACEMENT_3D('',#11830,#11831,#11832);
#11834=CONICAL_SURFACE('',#11833,6.137309122185E0,1.E1);
#11835=ORIENTED_EDGE('',*,*,#7379,.T.);
#11836=ORIENTED_EDGE('',*,*,#11809,.T.);
#11837=ORIENTED_EDGE('',*,*,#10584,.T.);
#11838=ORIENTED_EDGE('',*,*,#10435,.F.);
#11839=EDGE_LOOP('',(#11835,#11836,#11837,#11838));
#11840=FACE_OUTER_BOUND('',#11839,.F.);
#11841=ADVANCED_FACE('',(#11840),#11834,.T.);
#11842=CARTESIAN_POINT('',(-4.092182514483E0,8.150044861292E0,
8.213216876364E0));
#11843=DIRECTION('',(1.520230460419E-13,1.E0,-1.732877884093E-7));
#11844=DIRECTION('',(-9.999998164261E-1,-1.048477730817E-10,
-6.059272673722E-4));
#11845=AXIS2_PLACEMENT_3D('',#11842,#11843,#11844);
#11846=CONICAL_SURFACE('',#11845,6.137309122184E0,1.000000000004E1);
#11847=ORIENTED_EDGE('',*,*,#7375,.T.);
#11849=ORIENTED_EDGE('',*,*,#11848,.T.);
#11850=ORIENTED_EDGE('',*,*,#10473,.T.);
#11851=ORIENTED_EDGE('',*,*,#11812,.F.);
#11852=EDGE_LOOP('',(#11847,#11849,#11850,#11851));
#11853=FACE_OUTER_BOUND('',#11852,.F.);
#11854=ADVANCED_FACE('',(#11853),#11846,.T.);
#11855=CARTESIAN_POINT('',(1.746350608292E1,8.452189810334E0,1.441686438155E1));
#11856=DIRECTION('',(-5.967218707171E-4,-1.736480070125E-1,9.848076023181E-1));
#11857=DIRECTION('',(-9.999998164261E-1,-1.049993312582E-10,
-6.059272674204E-4));
#11858=AXIS2_PLACEMENT_3D('',#11855,#11856,#11857);
#11859=PLANE('',#11858);
#11861=ORIENTED_EDGE('',*,*,#11860,.F.);
#11862=ORIENTED_EDGE('',*,*,#10974,.T.);
#11863=ORIENTED_EDGE('',*,*,#10511,.T.);
#11864=ORIENTED_EDGE('',*,*,#11006,.T.);
#11865=ORIENTED_EDGE('',*,*,#11025,.F.);
#11866=ORIENTED_EDGE('',*,*,#11044,.T.);
#11867=ORIENTED_EDGE('',*,*,#10495,.T.);
#11868=ORIENTED_EDGE('',*,*,#11072,.T.);
#11869=ORIENTED_EDGE('',*,*,#11091,.F.);
#11870=ORIENTED_EDGE('',*,*,#11110,.T.);
#11871=ORIENTED_EDGE('',*,*,#10475,.T.);
#11872=ORIENTED_EDGE('',*,*,#11848,.F.);
#11873=ORIENTED_EDGE('',*,*,#7373,.F.);
#11875=ORIENTED_EDGE('',*,*,#11874,.T.);
#11876=ORIENTED_EDGE('',*,*,#10543,.T.);
#11877=ORIENTED_EDGE('',*,*,#10866,.T.);
#11878=ORIENTED_EDGE('',*,*,#10885,.F.);
#11879=ORIENTED_EDGE('',*,*,#10904,.T.);
#11880=ORIENTED_EDGE('',*,*,#10527,.T.);
#11881=ORIENTED_EDGE('',*,*,#10936,.F.);
#11882=EDGE_LOOP('',(#11861,#11862,#11863,#11864,#11865,#11866,#11867,#11868,
#11869,#11870,#11871,#11872,#11873,#11875,#11876,#11877,#11878,#11879,#11880,
#11881));
#11883=FACE_OUTER_BOUND('',#11882,.F.);
#11884=ADVANCED_FACE('',(#11883),#11859,.T.);
#11885=CARTESIAN_POINT('',(-1.518320884851E2,4.733838183571E0,
1.162778484278E1));
#11886=DIRECTION('',(9.999998164261E-1,1.049993291475E-10,6.059272674204E-4));
#11887=DIRECTION('',(-5.967218707171E-4,-1.736480070125E-1,9.848076023181E-1));
#11888=AXIS2_PLACEMENT_3D('',#11885,#11886,#11887);
#11889=CYLINDRICAL_SURFACE('',#11888,2.E0);
#11890=ORIENTED_EDGE('',*,*,#10934,.T.);
#11892=ORIENTED_EDGE('',*,*,#11891,.F.);
#11893=ORIENTED_EDGE('',*,*,#10976,.T.);
#11894=ORIENTED_EDGE('',*,*,#11860,.T.);
#11895=EDGE_LOOP('',(#11890,#11892,#11893,#11894));
#11896=FACE_OUTER_BOUND('',#11895,.F.);
#11897=ADVANCED_FACE('',(#11896),#11889,.T.);
#11898=CARTESIAN_POINT('',(2.132174623738E1,2.684852792290E0,1.240226576248E1));
#11899=DIRECTION('',(-3.894825398691E-4,-7.660443317322E-1,6.427876244330E-1));
#11900=DIRECTION('',(-4.641672161416E-4,6.427877424321E-1,7.660441911064E-1));
#11901=AXIS2_PLACEMENT_3D('',#11898,#11899,#11900);
#11902=PLANE('',#11901);
#11903=ORIENTED_EDGE('',*,*,#10955,.T.);
#11904=ORIENTED_EDGE('',*,*,#10978,.T.);
#11905=ORIENTED_EDGE('',*,*,#11891,.T.);
#11906=ORIENTED_EDGE('',*,*,#10932,.T.);
#11907=EDGE_LOOP('',(#11903,#11904,#11905,#11906));
#11908=FACE_OUTER_BOUND('',#11907,.F.);
#11909=ADVANCED_FACE('',(#11908),#11902,.T.);
#11910=CARTESIAN_POINT('',(3.902669676911E1,8.150044865821E0,8.239343785859E0));
#11911=DIRECTION('',(4.168781540334E-13,1.E0,-1.732871749117E-7));
#11912=DIRECTION('',(-6.059272674204E-4,1.732871433533E-7,9.999998164260E-1));
#11913=AXIS2_PLACEMENT_3D('',#11910,#11911,#11912);
#11914=CONICAL_SURFACE('',#11913,6.137309122184E0,1.000000000001E1);
#11915=ORIENTED_EDGE('',*,*,#7371,.T.);
#11916=ORIENTED_EDGE('',*,*,#10823,.F.);
#11917=ORIENTED_EDGE('',*,*,#10545,.T.);
#11918=ORIENTED_EDGE('',*,*,#11874,.F.);
#11919=EDGE_LOOP('',(#11915,#11916,#11917,#11918));
#11920=FACE_OUTER_BOUND('',#11919,.F.);
#11921=ADVANCED_FACE('',(#11920),#11914,.T.);
#11922=CARTESIAN_POINT('',(-6.183522548276E0,8.800058975768E0,
-1.479504629878E0));
#11923=DIRECTION('',(1.E0,0.E0,0.E0));
#11924=DIRECTION('',(0.E0,-1.732870212380E-7,-1.E0));
#11925=AXIS2_PLACEMENT_3D('',#11922,#11923,#11924);
#11926=PLANE('',#11925);
#11927=ORIENTED_EDGE('',*,*,#10663,.T.);
#11928=ORIENTED_EDGE('',*,*,#10459,.F.);
#11929=ORIENTED_EDGE('',*,*,#11163,.F.);
#11930=ORIENTED_EDGE('',*,*,#11263,.T.);
#11931=EDGE_LOOP('',(#11927,#11928,#11929,#11930));
#11932=FACE_OUTER_BOUND('',#11931,.F.);
#11933=ADVANCED_FACE('',(#11932),#11926,.T.);
#11934=CARTESIAN_POINT('',(3.902542432136E1,8.800061023821E0,1.033934328771E1));
#11935=DIRECTION('',(6.059275026721E-4,-1.732869894270E-7,-9.999998164259E-1));
#11936=DIRECTION('',(-9.999998164259E-1,-1.049993720243E-10,
-6.059275026721E-4));
#11937=AXIS2_PLACEMENT_3D('',#11934,#11935,#11936);
#11938=PLANE('',#11937);
#11939=ORIENTED_EDGE('',*,*,#10869,.T.);
#11940=ORIENTED_EDGE('',*,*,#10555,.F.);
#11942=ORIENTED_EDGE('',*,*,#11941,.F.);
#11943=ORIENTED_EDGE('',*,*,#11270,.T.);
#11944=EDGE_LOOP('',(#11939,#11940,#11942,#11943));
#11945=FACE_OUTER_BOUND('',#11944,.F.);
#11946=ADVANCED_FACE('',(#11945),#11938,.T.);
#11947=CARTESIAN_POINT('',(3.902669676911E1,8.800060659918E0,8.239343673220E0));
#11948=DIRECTION('',(0.E0,1.E0,-1.732870212380E-7));
#11949=DIRECTION('',(-1.E0,0.E0,0.E0));
#11950=AXIS2_PLACEMENT_3D('',#11947,#11948,#11949);
#11951=CYLINDRICAL_SURFACE('',#11950,2.1E0);
#11952=ORIENTED_EDGE('',*,*,#11272,.T.);
#11953=ORIENTED_EDGE('',*,*,#11941,.T.);
#11954=ORIENTED_EDGE('',*,*,#10553,.F.);
#11956=ORIENTED_EDGE('',*,*,#11955,.F.);
#11957=EDGE_LOOP('',(#11952,#11953,#11954,#11956));
#11958=FACE_OUTER_BOUND('',#11957,.F.);
#11959=ADVANCED_FACE('',(#11958),#11951,.F.);
#11960=CARTESIAN_POINT('',(4.113165980799E1,8.800059240666E0,
4.916520989867E-2));
#11961=DIRECTION('',(-9.999998164261E-1,-1.049993312585E-10,
-6.059272674222E-4));
#11962=DIRECTION('',(-6.059272674222E-4,1.732869894271E-7,9.999998164260E-1));
#11963=AXIS2_PLACEMENT_3D('',#11960,#11961,#11962);
#11964=PLANE('',#11963);
#11965=ORIENTED_EDGE('',*,*,#10849,.F.);
#11966=ORIENTED_EDGE('',*,*,#11274,.T.);
#11967=ORIENTED_EDGE('',*,*,#11955,.T.);
#11968=ORIENTED_EDGE('',*,*,#10551,.F.);
#11969=EDGE_LOOP('',(#11965,#11966,#11967,#11968));
#11970=FACE_OUTER_BOUND('',#11969,.F.);
#11971=ADVANCED_FACE('',(#11970),#11964,.T.);
#11972=CARTESIAN_POINT('',(3.056824602741E1,8.800061021946E0,1.032852601671E1));
#11973=DIRECTION('',(0.E0,-1.732870212380E-7,-1.E0));
#11974=DIRECTION('',(-1.E0,0.E0,0.E0));
#11975=AXIS2_PLACEMENT_3D('',#11972,#11973,#11974);
#11976=PLANE('',#11975);
#11977=ORIENTED_EDGE('',*,*,#10939,.T.);
#11978=ORIENTED_EDGE('',*,*,#10531,.F.);
#11979=ORIENTED_EDGE('',*,*,#10901,.F.);
#11980=ORIENTED_EDGE('',*,*,#11280,.T.);
#11981=EDGE_LOOP('',(#11977,#11978,#11979,#11980));
#11982=FACE_OUTER_BOUND('',#11981,.F.);
#11983=ADVANCED_FACE('',(#11982),#11976,.T.);
#11984=CARTESIAN_POINT('',(2.057300588894E1,8.800061021016E0,1.032315542327E1));
#11985=DIRECTION('',(0.E0,-1.732870212380E-7,-1.E0));
#11986=DIRECTION('',(-1.E0,0.E0,0.E0));
#11987=AXIS2_PLACEMENT_3D('',#11984,#11985,#11986);
#11988=PLANE('',#11987);
#11989=ORIENTED_EDGE('',*,*,#10971,.F.);
#11990=ORIENTED_EDGE('',*,*,#11287,.T.);
#11991=ORIENTED_EDGE('',*,*,#11009,.T.);
#11992=ORIENTED_EDGE('',*,*,#10515,.F.);
#11993=EDGE_LOOP('',(#11989,#11990,#11991,#11992));
#11994=FACE_OUTER_BOUND('',#11993,.F.);
#11995=ADVANCED_FACE('',(#11994),#11988,.T.);
#11996=CARTESIAN_POINT('',(1.080957859265E1,8.800061019958E0,1.031705035628E1));
#11997=DIRECTION('',(0.E0,-1.732870212380E-7,-1.E0));
#11998=DIRECTION('',(-1.E0,0.E0,0.E0));
#11999=AXIS2_PLACEMENT_3D('',#11996,#11997,#11998);
#12000=PLANE('',#11999);
#12001=ORIENTED_EDGE('',*,*,#11075,.T.);
#12002=ORIENTED_EDGE('',*,*,#10499,.F.);
#12003=ORIENTED_EDGE('',*,*,#11041,.F.);
#12004=ORIENTED_EDGE('',*,*,#11294,.T.);
#12005=EDGE_LOOP('',(#12001,#12002,#12003,#12004));
#12006=FACE_OUTER_BOUND('',#12005,.F.);
#12007=ADVANCED_FACE('',(#12006),#12000,.T.);
#12008=CARTESIAN_POINT('',(-6.192182128978E0,8.800060655170E0,
8.211944316660E0));
#12009=DIRECTION('',(9.999998164261E-1,1.049993150531E-10,6.059271739047E-4));
#12010=DIRECTION('',(6.059271739048E-4,-1.732869894271E-7,-9.999998164261E-1));
#12011=AXIS2_PLACEMENT_3D('',#12008,#12009,#12010);
#12012=PLANE('',#12011);
#12013=ORIENTED_EDGE('',*,*,#11127,.T.);
#12014=ORIENTED_EDGE('',*,*,#10483,.F.);
#12016=ORIENTED_EDGE('',*,*,#12015,.F.);
#12017=ORIENTED_EDGE('',*,*,#11301,.T.);
#12018=EDGE_LOOP('',(#12013,#12014,#12016,#12017));
#12019=FACE_OUTER_BOUND('',#12018,.F.);
#12020=ADVANCED_FACE('',(#12019),#12012,.T.);
#12021=CARTESIAN_POINT('',(-4.092182514483E0,8.800060655391E0,
8.213216763725E0));
#12022=DIRECTION('',(0.E0,1.E0,-1.732870212380E-7));
#12023=DIRECTION('',(-1.E0,0.E0,0.E0));
#12024=AXIS2_PLACEMENT_3D('',#12021,#12022,#12023);
#12025=CYLINDRICAL_SURFACE('',#12024,2.1E0);
#12026=ORIENTED_EDGE('',*,*,#11303,.T.);
#12027=ORIENTED_EDGE('',*,*,#12015,.T.);
#12028=ORIENTED_EDGE('',*,*,#10481,.F.);
#12030=ORIENTED_EDGE('',*,*,#12029,.F.);
#12031=EDGE_LOOP('',(#12026,#12027,#12028,#12030));
#12032=FACE_OUTER_BOUND('',#12031,.F.);
#12033=ADVANCED_FACE('',(#12032),#12025,.F.);
#12034=CARTESIAN_POINT('',(7.342727184105E-1,8.800061019800E0,
1.031614163060E1));
#12035=DIRECTION('',(6.059272674221E-4,-1.732869894271E-7,-9.999998164260E-1));
#12036=DIRECTION('',(-9.999998164261E-1,-1.049993312585E-10,
-6.059272674221E-4));
#12037=AXIS2_PLACEMENT_3D('',#12034,#12035,#12036);
#12038=PLANE('',#12037);
#12039=ORIENTED_EDGE('',*,*,#11107,.F.);
#12040=ORIENTED_EDGE('',*,*,#11305,.T.);
#12041=ORIENTED_EDGE('',*,*,#12029,.T.);
#12042=ORIENTED_EDGE('',*,*,#10479,.F.);
#12043=EDGE_LOOP('',(#12039,#12040,#12041,#12042));
#12044=FACE_OUTER_BOUND('',#12043,.F.);
#12045=ADVANCED_FACE('',(#12044),#12038,.T.);
#12046=CARTESIAN_POINT('',(-3.284487772736E1,9.000043313860E0,
2.445271574962E0));
#12047=DIRECTION('',(0.E0,-1.732870212380E-7,-1.E0));
#12048=DIRECTION('',(1.E0,0.E0,0.E0));
#12049=AXIS2_PLACEMENT_3D('',#12046,#12047,#12048);
#12050=PLANE('',#12049);
#12052=ORIENTED_EDGE('',*,*,#12051,.T.);
#12054=ORIENTED_EDGE('',*,*,#12053,.F.);
#12055=ORIENTED_EDGE('',*,*,#7395,.F.);
#12057=ORIENTED_EDGE('',*,*,#12056,.T.);
#12058=EDGE_LOOP('',(#12052,#12054,#12055,#12057));
#12059=FACE_OUTER_BOUND('',#12058,.F.);
#12060=ADVANCED_FACE('',(#12059),#12050,.F.);
#12061=CARTESIAN_POINT('',(-3.279864572736E1,1.070002498588E1,
2.145271280377E0));
#12062=DIRECTION('',(1.E0,2.801564178226E-7,-4.855344173121E-14));
#12063=DIRECTION('',(-2.801564178226E-7,9.999999999999E-1,1.732870202886E-7));
#12064=AXIS2_PLACEMENT_3D('',#12061,#12062,#12063);
#12065=CYLINDRICAL_SURFACE('',#12064,3.E-1);
#12066=ORIENTED_EDGE('',*,*,#6569,.T.);
#12068=ORIENTED_EDGE('',*,*,#12067,.T.);
#12069=ORIENTED_EDGE('',*,*,#12051,.F.);
#12071=ORIENTED_EDGE('',*,*,#12070,.F.);
#12072=EDGE_LOOP('',(#12066,#12068,#12069,#12071));
#12073=FACE_OUTER_BOUND('',#12072,.F.);
#12074=ADVANCED_FACE('',(#12073),#12065,.T.);
#12075=CARTESIAN_POINT('',(-1.436757169062E1,1.070003007021E1,
2.645271280376E0));
#12076=DIRECTION('',(0.E0,1.E0,-1.732870212379E-7));
#12077=DIRECTION('',(-7.564028598729E-1,-1.133480722615E-7,-6.541060415376E-1));
#12078=AXIS2_PLACEMENT_3D('',#12075,#12076,#12077);
#12079=TOROIDAL_SURFACE('',#12078,5.E-1,3.E-1);
#12080=ORIENTED_EDGE('',*,*,#6567,.T.);
#12082=ORIENTED_EDGE('',*,*,#12081,.T.);
#12084=ORIENTED_EDGE('',*,*,#12083,.F.);
#12085=ORIENTED_EDGE('',*,*,#12067,.F.);
#12086=EDGE_LOOP('',(#12080,#12082,#12084,#12085));
#12087=FACE_OUTER_BOUND('',#12086,.F.);
#12088=ADVANCED_FACE('',(#12087),#12079,.T.);
#12089=CARTESIAN_POINT('',(-1.386757169062E1,1.070003022954E1,
2.491503280376E0));
#12090=DIRECTION('',(0.E0,-1.732870203395E-7,1.E0));
#12091=DIRECTION('',(-2.801564254658E-7,9.999999999999E-1,1.732870203395E-7));
#12092=AXIS2_PLACEMENT_3D('',#12089,#12090,#12091);
#12093=CYLINDRICAL_SURFACE('',#12092,3.E-1);
#12094=ORIENTED_EDGE('',*,*,#6581,.T.);
#12096=ORIENTED_EDGE('',*,*,#12095,.T.);
#12098=ORIENTED_EDGE('',*,*,#12097,.F.);
#12099=ORIENTED_EDGE('',*,*,#12081,.F.);
#12100=EDGE_LOOP('',(#12094,#12096,#12098,#12099));
#12101=FACE_OUTER_BOUND('',#12100,.F.);
#12102=ADVANCED_FACE('',(#12101),#12093,.T.);
#12103=CARTESIAN_POINT('',(-1.436757169062E1,1.070002932344E1,
8.145271280376E0));
#12104=DIRECTION('',(0.E0,-1.E0,1.732870212380E-7));
#12105=DIRECTION('',(8.231581715621E-1,-9.839447656645E-8,-5.678121384670E-1));
#12106=AXIS2_PLACEMENT_3D('',#12103,#12104,#12105);
#12107=TOROIDAL_SURFACE('',#12106,5.E-1,3.E-1);
#12108=ORIENTED_EDGE('',*,*,#6579,.T.);
#12110=ORIENTED_EDGE('',*,*,#12109,.T.);
#12112=ORIENTED_EDGE('',*,*,#12111,.F.);
#12113=ORIENTED_EDGE('',*,*,#12095,.F.);
#12114=EDGE_LOOP('',(#12108,#12110,#12112,#12113));
#12115=FACE_OUTER_BOUND('',#12114,.F.);
#12116=ADVANCED_FACE('',(#12115),#12107,.T.);
#12117=CARTESIAN_POINT('',(-1.421380369062E1,1.070002906617E1,
8.645271280376E0));
#12118=DIRECTION('',(-1.E0,-2.801564178226E-7,4.857725411068E-14));
#12119=DIRECTION('',(-2.801564178226E-7,9.999999999999E-1,1.732870202886E-7));
#12120=AXIS2_PLACEMENT_3D('',#12117,#12118,#12119);
#12121=CYLINDRICAL_SURFACE('',#12120,3.E-1);
#12122=ORIENTED_EDGE('',*,*,#6577,.T.);
#12124=ORIENTED_EDGE('',*,*,#12123,.T.);
#12126=ORIENTED_EDGE('',*,*,#12125,.F.);
#12127=ORIENTED_EDGE('',*,*,#12109,.F.);
#12128=EDGE_LOOP('',(#12122,#12124,#12126,#12127));
#12129=FACE_OUTER_BOUND('',#12128,.F.);
#12130=ADVANCED_FACE('',(#12129),#12121,.T.);
#12131=CARTESIAN_POINT('',(-3.264487772736E1,1.070002392613E1,
8.145271280377E0));
#12132=DIRECTION('',(0.E0,-1.E0,1.732870212380E-7));
#12133=DIRECTION('',(5.678121384671E-1,1.426426265994E-7,8.231581715620E-1));
#12134=AXIS2_PLACEMENT_3D('',#12131,#12132,#12133);
#12135=TOROIDAL_SURFACE('',#12134,5.E-1,3.E-1);
#12136=ORIENTED_EDGE('',*,*,#6575,.T.);
#12138=ORIENTED_EDGE('',*,*,#12137,.T.);
#12140=ORIENTED_EDGE('',*,*,#12139,.F.);
#12141=ORIENTED_EDGE('',*,*,#12123,.F.);
#12142=EDGE_LOOP('',(#12136,#12138,#12140,#12141));
#12143=FACE_OUTER_BOUND('',#12142,.F.);
#12144=ADVANCED_FACE('',(#12143),#12135,.T.);
#12145=CARTESIAN_POINT('',(-3.314487772736E1,1.070002382251E1,
8.299039280377E0));
#12146=DIRECTION('',(0.E0,1.732870203395E-7,-1.E0));
#12147=DIRECTION('',(-2.801564373082E-7,9.999999999999E-1,1.732870203395E-7));
#12148=AXIS2_PLACEMENT_3D('',#12145,#12146,#12147);
#12149=CYLINDRICAL_SURFACE('',#12148,3.E-1);
#12150=ORIENTED_EDGE('',*,*,#6573,.T.);
#12152=ORIENTED_EDGE('',*,*,#12151,.T.);
#12154=ORIENTED_EDGE('',*,*,#12153,.F.);
#12155=ORIENTED_EDGE('',*,*,#12137,.F.);
#12156=EDGE_LOOP('',(#12150,#12152,#12154,#12155));
#12157=FACE_OUTER_BOUND('',#12156,.F.);
#12158=ADVANCED_FACE('',(#12157),#12149,.T.);
#12159=CARTESIAN_POINT('',(-3.264487772736E1,1.070002471961E1,
2.645271280377E0));
#12160=DIRECTION('',(0.E0,1.E0,-1.732870212379E-7));
#12161=DIRECTION('',(-6.541060415376E-1,1.310748167782E-7,7.564028598729E-1));
#12162=AXIS2_PLACEMENT_3D('',#12159,#12160,#12161);
#12163=TOROIDAL_SURFACE('',#12162,5.E-1,3.E-1);
#12164=ORIENTED_EDGE('',*,*,#6571,.T.);
#12165=ORIENTED_EDGE('',*,*,#12070,.T.);
#12167=ORIENTED_EDGE('',*,*,#12166,.F.);
#12168=ORIENTED_EDGE('',*,*,#12151,.F.);
#12169=EDGE_LOOP('',(#12164,#12165,#12167,#12168));
#12170=FACE_OUTER_BOUND('',#12169,.F.);
#12171=ADVANCED_FACE('',(#12170),#12163,.T.);
#12172=CARTESIAN_POINT('',(-3.264487772736E1,-3.553286056371E1,
2.645279291936E0));
#12173=DIRECTION('',(0.E0,1.E0,-1.732870212379E-7));
#12174=DIRECTION('',(0.E0,-1.732870212379E-7,-1.E0));
#12175=AXIS2_PLACEMENT_3D('',#12172,#12173,#12174);
#12176=CYLINDRICAL_SURFACE('',#12175,2.E-1);
#12177=ORIENTED_EDGE('',*,*,#12166,.T.);
#12178=ORIENTED_EDGE('',*,*,#12056,.F.);
#12179=ORIENTED_EDGE('',*,*,#7409,.T.);
#12181=ORIENTED_EDGE('',*,*,#12180,.T.);
#12182=EDGE_LOOP('',(#12177,#12178,#12179,#12181));
#12183=FACE_OUTER_BOUND('',#12182,.F.);
#12184=ADVANCED_FACE('',(#12183),#12176,.F.);
#12185=CARTESIAN_POINT('',(-3.284487772736E1,9.000044301597E0,
8.145271574962E0));
#12186=DIRECTION('',(-1.E0,0.E0,0.E0));
#12187=DIRECTION('',(0.E0,-1.732870212380E-7,-1.E0));
#12188=AXIS2_PLACEMENT_3D('',#12185,#12186,#12187);
#12189=PLANE('',#12188);
#12190=ORIENTED_EDGE('',*,*,#12153,.T.);
#12191=ORIENTED_EDGE('',*,*,#12180,.F.);
#12192=ORIENTED_EDGE('',*,*,#7407,.F.);
#12194=ORIENTED_EDGE('',*,*,#12193,.T.);
#12195=EDGE_LOOP('',(#12190,#12191,#12192,#12194));
#12196=FACE_OUTER_BOUND('',#12195,.F.);
#12197=ADVANCED_FACE('',(#12196),#12189,.F.);
#12198=CARTESIAN_POINT('',(-3.264487772736E1,9.000044301597E0,
8.145271574961E0));
#12199=DIRECTION('',(0.E0,-1.E0,1.732870212380E-7));
#12200=DIRECTION('',(0.E0,1.732870212380E-7,1.E0));
#12201=AXIS2_PLACEMENT_3D('',#12198,#12199,#12200);
#12202=CYLINDRICAL_SURFACE('',#12201,2.E-1);
#12203=ORIENTED_EDGE('',*,*,#12139,.T.);
#12204=ORIENTED_EDGE('',*,*,#12193,.F.);
#12205=ORIENTED_EDGE('',*,*,#7405,.F.);
#12207=ORIENTED_EDGE('',*,*,#12206,.T.);
#12208=EDGE_LOOP('',(#12203,#12204,#12205,#12207));
#12209=FACE_OUTER_BOUND('',#12208,.F.);
#12210=ADVANCED_FACE('',(#12209),#12202,.F.);
#12211=CARTESIAN_POINT('',(-1.436757169062E1,9.000044336254E0,
8.345271574961E0));
#12212=DIRECTION('',(0.E0,1.732870212380E-7,1.E0));
#12213=DIRECTION('',(-1.E0,0.E0,0.E0));
#12214=AXIS2_PLACEMENT_3D('',#12211,#12212,#12213);
#12215=PLANE('',#12214);
#12216=ORIENTED_EDGE('',*,*,#12125,.T.);
#12217=ORIENTED_EDGE('',*,*,#12206,.F.);
#12218=ORIENTED_EDGE('',*,*,#7403,.F.);
#12220=ORIENTED_EDGE('',*,*,#12219,.T.);
#12221=EDGE_LOOP('',(#12216,#12217,#12218,#12220));
#12222=FACE_OUTER_BOUND('',#12221,.F.);
#12223=ADVANCED_FACE('',(#12222),#12215,.F.);
#12224=CARTESIAN_POINT('',(-1.436757169062E1,9.000044301597E0,
8.145271574961E0));
#12225=DIRECTION('',(0.E0,-1.E0,1.732870212380E-7));
#12226=DIRECTION('',(0.E0,1.732870212380E-7,1.E0));
#12227=AXIS2_PLACEMENT_3D('',#12224,#12225,#12226);
#12228=CYLINDRICAL_SURFACE('',#12227,2.E-1);
#12229=ORIENTED_EDGE('',*,*,#12111,.T.);
#12230=ORIENTED_EDGE('',*,*,#12219,.F.);
#12231=ORIENTED_EDGE('',*,*,#7401,.F.);
#12233=ORIENTED_EDGE('',*,*,#12232,.T.);
#12234=EDGE_LOOP('',(#12229,#12230,#12231,#12233));
#12235=FACE_OUTER_BOUND('',#12234,.F.);
#12236=ADVANCED_FACE('',(#12235),#12228,.F.);
#12237=CARTESIAN_POINT('',(-1.416757169062E1,9.000043313860E0,
2.445271574962E0));
#12238=DIRECTION('',(1.E0,0.E0,0.E0));
#12239=DIRECTION('',(0.E0,1.732870212380E-7,1.E0));
#12240=AXIS2_PLACEMENT_3D('',#12237,#12238,#12239);
#12241=PLANE('',#12240);
#12242=ORIENTED_EDGE('',*,*,#12097,.T.);
#12243=ORIENTED_EDGE('',*,*,#12232,.F.);
#12244=ORIENTED_EDGE('',*,*,#7399,.F.);
#12246=ORIENTED_EDGE('',*,*,#12245,.T.);
#12247=EDGE_LOOP('',(#12242,#12243,#12244,#12246));
#12248=FACE_OUTER_BOUND('',#12247,.F.);
#12249=ADVANCED_FACE('',(#12248),#12241,.F.);
#12250=CARTESIAN_POINT('',(-1.436757169062E1,-3.553286056371E1,
2.645279291936E0));
#12251=DIRECTION('',(0.E0,1.E0,-1.732870212379E-7));
#12252=DIRECTION('',(1.E0,0.E0,0.E0));
#12253=AXIS2_PLACEMENT_3D('',#12250,#12251,#12252);
#12254=CYLINDRICAL_SURFACE('',#12253,2.E-1);
#12255=ORIENTED_EDGE('',*,*,#12083,.T.);
#12256=ORIENTED_EDGE('',*,*,#12245,.F.);
#12257=ORIENTED_EDGE('',*,*,#7397,.T.);
#12258=ORIENTED_EDGE('',*,*,#12053,.T.);
#12259=EDGE_LOOP('',(#12255,#12256,#12257,#12258));
#12260=FACE_OUTER_BOUND('',#12259,.F.);
#12261=ADVANCED_FACE('',(#12260),#12254,.F.);
#12262=CARTESIAN_POINT('',(-3.9E1,4.297859127906E-5,5.105099883497E-1));
#12263=DIRECTION('',(-1.056598177255E-3,1.732869245092E-7,9.999994418E-1));
#12264=DIRECTION('',(-9.999994418E-1,-1.830947507821E-10,-1.056598177255E-3));
#12265=AXIS2_PLACEMENT_3D('',#12262,#12263,#12264);
#12266=PLANE('',#12265);
#12267=ORIENTED_EDGE('',*,*,#6295,.F.);
#12268=ORIENTED_EDGE('',*,*,#6366,.T.);
#12269=ORIENTED_EDGE('',*,*,#6254,.T.);
#12270=ORIENTED_EDGE('',*,*,#6276,.T.);
#12271=EDGE_LOOP('',(#12267,#12268,#12269,#12270));
#12272=FACE_OUTER_BOUND('',#12271,.F.);
#12273=ADVANCED_FACE('',(#12272),#12266,.F.);
#12274=CARTESIAN_POINT('',(-4.7E1,4.027384747995E-5,-1.509795150971E1));
#12275=DIRECTION('',(1.056598177254E-3,-1.732869245092E-7,-9.999994418E-1));
#12276=DIRECTION('',(9.999994418E-1,1.830947507819E-10,1.056598177254E-3));
#12277=AXIS2_PLACEMENT_3D('',#12274,#12275,#12276);
#12278=PLANE('',#12277);
#12279=ORIENTED_EDGE('',*,*,#6298,.T.);
#12280=ORIENTED_EDGE('',*,*,#6279,.T.);
#12281=ORIENTED_EDGE('',*,*,#6264,.F.);
#12282=ORIENTED_EDGE('',*,*,#6421,.F.);
#12283=EDGE_LOOP('',(#12279,#12280,#12281,#12282));
#12284=FACE_OUTER_BOUND('',#12283,.F.);
#12285=ADVANCED_FACE('',(#12284),#12278,.F.);
#12289=DIMENSIONAL_EXPONENTS(0.E0,0.E0,0.E0,0.E0,0.E0,0.E0,0.E0);
#12291=PLANE_ANGLE_MEASURE_WITH_UNIT(PLANE_ANGLE_MEASURE(1.745329251994E-2),
#12290);
#12292=(CONVERSION_BASED_UNIT('DEGREE',#12291)NAMED_UNIT(*)PLANE_ANGLE_UNIT());
#12294=UNCERTAINTY_MEASURE_WITH_UNIT(LENGTH_MEASURE(1.E-2),#12288,'closure',
'Maximum model space distance between geometric entities at asserted connectivities');
#12295=(GEOMETRIC_REPRESENTATION_CONTEXT(3)GLOBAL_UNCERTAINTY_ASSIGNED_CONTEXT((
#12294))GLOBAL_UNIT_ASSIGNED_CONTEXT((#12288,#12292,#12293))REPRESENTATION_CONTEXT('ID1','3'));
#12297=APPLICATION_CONTEXT(
'CONFIGURATION CONTROLLED 3D DESIGNS OF MECHANICAL PARTS AND ASSEMBLIES');
#12298=APPLICATION_PROTOCOL_DEFINITION('international standard',
'config_control_design',1994,#12297);
#12299=DESIGN_CONTEXT('',#12297,'design');
#12300=MECHANICAL_CONTEXT('',#12297,'mechanical');
#12301=PRODUCT('XIAKE','XIAKE','NOT SPECIFIED',(#12300));
#12302=PRODUCT_DEFINITION_FORMATION_WITH_SPECIFIED_SOURCE('5','LAST_VERSION',
#12301,.MADE.);
#12306=PRODUCT_CATEGORY('part','');
#12307=PRODUCT_RELATED_PRODUCT_CATEGORY('detail','',(#12301));
#12308=PRODUCT_CATEGORY_RELATIONSHIP('','',#12306,#12307);
#12309=SECURITY_CLASSIFICATION_LEVEL('unclassified');
#12310=SECURITY_CLASSIFICATION('','',#12309);
#12311=CC_DESIGN_SECURITY_CLASSIFICATION(#12310,(#12302));
#12312=APPROVAL_STATUS('approved');
#12313=APPROVAL(#12312,'');
#12314=CC_DESIGN_APPROVAL(#12313,(#12310,#12302,#12303));
#12315=CALENDAR_DATE(125,17,9);
#12316=COORDINATED_UNIVERSAL_TIME_OFFSET(8,0,.AHEAD.);
#12317=LOCAL_TIME(19,16,8.E0,#12316);
#12318=DATE_AND_TIME(#12315,#12317);
#12319=APPROVAL_DATE_TIME(#12318,#12313);
#12320=DATE_TIME_ROLE('creation_date');
#12321=CC_DESIGN_DATE_AND_TIME_ASSIGNMENT(#12318,#12320,(#12303));
#12322=DATE_TIME_ROLE('classification_date');
#12323=CC_DESIGN_DATE_AND_TIME_ASSIGNMENT(#12318,#12322,(#12310));
#12324=PERSON('UNSPECIFIED','UNSPECIFIED',$,$,$,$);
#12325=ORGANIZATION('UNSPECIFIED','UNSPECIFIED','UNSPECIFIED');
#12326=PERSON_AND_ORGANIZATION(#12324,#12325);
#12327=APPROVAL_ROLE('approver');
#12328=APPROVAL_PERSON_ORGANIZATION(#12326,#12313,#12327);
#12329=PERSON_AND_ORGANIZATION_ROLE('creator');
#12330=CC_DESIGN_PERSON_AND_ORGANIZATION_ASSIGNMENT(#12326,#12329,(#12302,
#12303));
#12331=PERSON_AND_ORGANIZATION_ROLE('design_supplier');
#12332=CC_DESIGN_PERSON_AND_ORGANIZATION_ASSIGNMENT(#12326,#12331,(#12302));
#12333=PERSON_AND_ORGANIZATION_ROLE('classification_officer');
#12334=CC_DESIGN_PERSON_AND_ORGANIZATION_ASSIGNMENT(#12326,#12333,(#12310));
#12335=PERSON_AND_ORGANIZATION_ROLE('design_owner');
#12336=CC_DESIGN_PERSON_AND_ORGANIZATION_ASSIGNMENT(#12326,#12335,(#12301));
#5=CIRCLE('',#4,5.E0);
#14=CIRCLE('',#13,3.E0);
#19=CIRCLE('',#18,5.E0);
#28=CIRCLE('',#27,3.E0);
#33=CIRCLE('',#32,5.E0);
#42=CIRCLE('',#41,3.E0);
#47=CIRCLE('',#46,1.5E0);
#52=CIRCLE('',#51,1.5E0);
#57=CIRCLE('',#56,1.5E0);
#62=CIRCLE('',#61,1.5E0);
#67=CIRCLE('',#66,1.5E0);
#72=CIRCLE('',#71,1.5E0);
#77=CIRCLE('',#76,1.5E0);
#82=CIRCLE('',#81,1.5E0);
#87=CIRCLE('',#86,5.E0);
#96=CIRCLE('',#95,3.E0);
#125=CIRCLE('',#124,4.1E0);
#130=CIRCLE('',#129,4.1E0);
#147=CIRCLE('',#146,3.E0);
#188=CIRCLE('',#187,3.E0);
#217=CIRCLE('',#216,3.E0);
#262=CIRCLE('',#261,3.E0);
#279=CIRCLE('',#278,4.100000000265E0);
#284=CIRCLE('',#283,4.100000000174E0);
#289=CIRCLE('',#288,4.1E0);
#362=CIRCLE('',#361,5.E-1);
#367=CIRCLE('',#366,5.E-1);
#372=CIRCLE('',#371,5.E0);
#377=CIRCLE('',#376,5.E0);
#454=CIRCLE('',#453,5.E0);
#463=CIRCLE('',#462,4.100000000174E0);
#468=CIRCLE('',#467,4.100000000265E0);
#473=CIRCLE('',#472,2.828427124748E-1);
#478=CIRCLE('',#477,5.E0);
#483=CIRCLE('',#482,5.E0);
#488=CIRCLE('',#487,5.E-1);
#493=CIRCLE('',#492,3.282831210073E0);
#498=CIRCLE('',#497,3.282831211787E0);
#503=CIRCLE('',#502,3.282831210073E0);
#508=CIRCLE('',#507,3.282831211787E0);
#513=CIRCLE('',#512,3.282831210073E0);
#518=CIRCLE('',#517,3.282831211787E0);
#523=CIRCLE('',#522,3.282831210073E0);
#528=CIRCLE('',#527,3.282831211787E0);
#533=CIRCLE('',#532,4.999998752028E-1);
#542=CIRCLE('',#541,4.999999867758E-1);
#551=CIRCLE('',#550,5.000001247967E-1);
#560=CIRCLE('',#559,5.000000132267E-1);
#569=CIRCLE('',#568,4.999998752033E-1);
#578=CIRCLE('',#577,4.999999867733E-1);
#587=CIRCLE('',#586,5.000001247972E-1);
#596=CIRCLE('',#595,5.000000132242E-1);
#641=CIRCLE('',#640,4.499999155532E0);
#650=CIRCLE('',#649,4.499999155527E0);
#659=CIRCLE('',#658,4.499999155527E0);
#668=CIRCLE('',#667,4.499999155533E0);
#685=CIRCLE('',#684,5.1E0);
#694=CIRCLE('',#693,5.1E0);
#703=CIRCLE('',#702,5.099999999999E0);
#712=CIRCLE('',#711,5.1E0);
#717=CIRCLE('',#716,2.828427429338E-1);
#725=B_SPLINE_CURVE_WITH_KNOTS('',3,(#718,#719,#720,#721,#722,#723,#724),
.UNSPECIFIED.,.F.,.F.,(4,1,1,1,4),(0.E0,2.5E-1,5.E-1,7.5E-1,1.E0),
.UNSPECIFIED.);
#730=CIRCLE('',#729,3.E0);
#735=CIRCLE('',#734,3.E0);
#744=CIRCLE('',#743,3.E0);
#749=CIRCLE('',#748,3.E0);
#758=CIRCLE('',#757,3.E0);
#763=CIRCLE('',#762,3.E0);
#768=CIRCLE('',#767,3.E0);
#773=CIRCLE('',#772,3.E0);
#778=CIRCLE('',#777,3.E0);
#783=CIRCLE('',#782,3.E0);
#788=CIRCLE('',#787,1.5E0);
#793=CIRCLE('',#792,1.5E0);
#798=CIRCLE('',#797,1.5E0);
#803=CIRCLE('',#802,1.5E0);
#808=CIRCLE('',#807,1.5E0);
#813=CIRCLE('',#812,1.5E0);
#818=CIRCLE('',#817,1.5E0);
#823=CIRCLE('',#822,1.5E0);
#828=CIRCLE('',#827,3.E0);
#833=CIRCLE('',#832,3.E0);
#838=CIRCLE('',#837,3.E0);
#843=CIRCLE('',#842,3.E0);
#852=CIRCLE('',#851,3.E0);
#857=CIRCLE('',#856,3.E0);
#866=CIRCLE('',#865,2.828427429338E-1);
#874=B_SPLINE_CURVE_WITH_KNOTS('',3,(#867,#868,#869,#870,#871,#872,#873),
.UNSPECIFIED.,.F.,.F.,(4,1,1,1,4),(0.E0,2.5E-1,5.E-1,7.5E-1,1.E0),
.UNSPECIFIED.);
#883=CIRCLE('',#882,3.E0);
#888=CIRCLE('',#887,3.E0);
#897=CIRCLE('',#896,3.E0);
#902=CIRCLE('',#901,3.E0);
#907=CIRCLE('',#906,2.828427429337E-1);
#915=B_SPLINE_CURVE_WITH_KNOTS('',3,(#908,#909,#910,#911,#912,#913,#914),
.UNSPECIFIED.,.F.,.F.,(4,1,1,1,4),(0.E0,2.5E-1,5.E-1,7.5E-1,1.E0),
.UNSPECIFIED.);
#956=CIRCLE('',#955,3.E0);
#961=CIRCLE('',#960,3.E0);
#970=CIRCLE('',#969,2.999999929511E0);
#975=CIRCLE('',#974,2.999999929511E0);
#980=CIRCLE('',#979,2.828426820153E-1);
#988=B_SPLINE_CURVE_WITH_KNOTS('',3,(#981,#982,#983,#984,#985,#986,#987),
.UNSPECIFIED.,.F.,.F.,(4,1,1,1,4),(0.E0,2.5E-1,5.E-1,7.5E-1,1.E0),
.UNSPECIFIED.);
#993=CIRCLE('',#992,3.E-1);
#998=CIRCLE('',#997,3.E-1);
#1003=CIRCLE('',#1002,3.E-1);
#1008=CIRCLE('',#1007,3.E-1);
#1013=CIRCLE('',#1012,3.E-1);
#1018=CIRCLE('',#1017,3.E-1);
#1023=CIRCLE('',#1022,3.E-1);
#1028=CIRCLE('',#1027,3.E-1);
#1041=CIRCLE('',#1040,2.E-1);
#1062=CIRCLE('',#1061,2.E-1);
#1067=CIRCLE('',#1066,2.E-1);
#1084=CIRCLE('',#1083,2.E-1);
#1089=CIRCLE('',#1088,2.E-1);
#1102=CIRCLE('',#1101,2.E-1);
#1147=CIRCLE('',#1146,5.E0);
#1176=CIRCLE('',#1175,5.E0);
#1217=CIRCLE('',#1216,5.E0);
#1262=CIRCLE('',#1261,5.E0);
#1271=CIRCLE('',#1270,6.287185016655E0);
#1276=CIRCLE('',#1275,6.287185016656E0);
#1281=CIRCLE('',#1280,6.287185016656E0);
#1286=CIRCLE('',#1285,6.287185016657E0);
#1303=CIRCLE('',#1302,2.E-1);
#1312=CIRCLE('',#1311,2.E-1);
#1325=CIRCLE('',#1324,2.E-1);
#1334=CIRCLE('',#1333,2.E-1);
#1903=CIRCLE('',#1902,2.828427124746E-1);
#1912=CIRCLE('',#1911,2.828427124746E-1);
#2017=CIRCLE('',#2016,2.828427124747E-1);
#2038=CIRCLE('',#2037,5.656839202642E-1);
#2043=CIRCLE('',#2042,5.656844883038E-1);
#2048=CIRCLE('',#2047,5.656839202642E-1);
#2053=CIRCLE('',#2052,5.656839202642E-1);
#2066=CIRCLE('',#2065,5.E-1);
#2071=CIRCLE('',#2070,5.E-1);
#2076=CIRCLE('',#2075,5.E0);
#2081=CIRCLE('',#2080,5.E0);
#2086=CIRCLE('',#2085,2.828427124747E-1);
#2099=CIRCLE('',#2098,2.828427124747E-1);
#2108=CIRCLE('',#2107,2.828427124746E-1);
#2113=CIRCLE('',#2112,2.828426494526E-1);
#2126=CIRCLE('',#2125,2.828427124747E-1);
#2131=CIRCLE('',#2130,2.828427124749E-1);
#2144=CIRCLE('',#2143,2.828427124746E-1);
#2157=CIRCLE('',#2156,2.828427124746E-1);
#2162=CIRCLE('',#2161,2.828427124746E-1);
#2175=CIRCLE('',#2174,4.1E0);
#2180=CIRCLE('',#2179,5.E-1);
#2209=CIRCLE('',#2208,5.E-1);
#2230=CIRCLE('',#2229,5.E-1);
#2235=CIRCLE('',#2234,5.E-1);
#2256=CIRCLE('',#2255,5.E-1);
#2265=CIRCLE('',#2264,7.000000000006E0);
#2274=CIRCLE('',#2273,7.000000000006E0);
#2283=CIRCLE('',#2282,5.E-1);
#2288=CIRCLE('',#2287,5.E-1);
#2303=B_SPLINE_CURVE_WITH_KNOTS('',3,(#2293,#2294,#2295,#2296,#2297,#2298,#2299,
#2300,#2301,#2302),.UNSPECIFIED.,.F.,.F.,(4,1,1,1,1,1,1,4),(0.E0,
1.404268588586E-1,2.812813137288E-1,4.228559076012E-1,5.654275716892E-1,
7.091190543952E-1,8.539730082608E-1,1.E0),.UNSPECIFIED.);
#2310=B_SPLINE_CURVE_WITH_KNOTS('',3,(#2304,#2305,#2306,#2307,#2308,#2309),
.UNSPECIFIED.,.F.,.F.,(4,1,1,4),(0.E0,3.333333333333E-1,6.666666666667E-1,1.E0),
.UNSPECIFIED.);
#2325=B_SPLINE_CURVE_WITH_KNOTS('',3,(#2311,#2312,#2313,#2314,#2315,#2316,#2317,
#2318,#2319,#2320,#2321,#2322,#2323,#2324),.UNSPECIFIED.,.F.,.F.,(4,1,1,1,1,1,1,
1,1,1,1,4),(0.E0,4.829283809353E-2,1.014828663728E-1,1.606035552722E-1,
2.267461256200E-1,3.011678763315E-1,3.852502946794E-1,4.804115287566E-1,
5.881831021411E-1,7.099856630307E-1,8.465841119855E-1,1.E0),.UNSPECIFIED.);
#2344=B_SPLINE_CURVE_WITH_KNOTS('',3,(#2330,#2331,#2332,#2333,#2334,#2335,#2336,
#2337,#2338,#2339,#2340,#2341,#2342,#2343),.UNSPECIFIED.,.F.,.F.,(4,1,1,1,1,1,1,
1,1,1,1,4),(0.E0,1.531521446917E-1,2.900375926120E-1,4.116884653507E-1,
5.193423845173E-1,6.144470869120E-1,6.984768494800E-1,7.728489829425E-1,
8.390003357689E-1,8.980486217599E-1,9.511765571203E-1,1.E0),.UNSPECIFIED.);
#2351=B_SPLINE_CURVE_WITH_KNOTS('',3,(#2345,#2346,#2347,#2348,#2349,#2350),
.UNSPECIFIED.,.F.,.F.,(4,1,1,4),(0.E0,3.333333333333E-1,6.666666666667E-1,1.E0),
.UNSPECIFIED.);
#2362=B_SPLINE_CURVE_WITH_KNOTS('',3,(#2352,#2353,#2354,#2355,#2356,#2357,#2358,
#2359,#2360,#2361),.UNSPECIFIED.,.F.,.F.,(4,1,1,1,1,1,1,4),(0.E0,
1.460304424200E-1,2.909091933641E-1,4.346251264176E-1,5.772145848552E-1,
7.188275319657E-1,8.596288717845E-1,1.E0),.UNSPECIFIED.);
#2371=CIRCLE('',#2370,5.E-1);
#2396=CIRCLE('',#2395,7.456541424184E-1);
#2405=CIRCLE('',#2404,8.000000000006E0);
#2414=CIRCLE('',#2413,8.000000000006E0);
#2419=CIRCLE('',#2418,7.456541424184E-1);
#2424=CIRCLE('',#2423,7.456541424184E-1);
#2430=B_SPLINE_CURVE_WITH_KNOTS('',3,(#2425,#2426,#2427,#2428,#2429),
.UNSPECIFIED.,.F.,.F.,(4,1,4),(0.E0,5.E-1,1.E0),.UNSPECIFIED.);
#2441=B_SPLINE_CURVE_WITH_KNOTS('',3,(#2431,#2432,#2433,#2434,#2435,#2436,#2437,
#2438,#2439,#2440),.UNSPECIFIED.,.F.,.F.,(4,1,1,1,1,1,1,4),(0.E0,
1.460304424200E-1,2.909091933641E-1,4.346251264176E-1,5.772145848552E-1,
7.188275319657E-1,8.596288717845E-1,1.E0),.UNSPECIFIED.);
#2452=B_SPLINE_CURVE_WITH_KNOTS('',3,(#2442,#2443,#2444,#2445,#2446,#2447,#2448,
#2449,#2450,#2451),.UNSPECIFIED.,.F.,.F.,(4,1,1,1,1,1,1,4),(0.E0,
1.404268588586E-1,2.812813137288E-1,4.228559076012E-1,5.654275716892E-1,
7.091190543952E-1,8.539730082608E-1,1.E0),.UNSPECIFIED.);
#2459=B_SPLINE_CURVE_WITH_KNOTS('',3,(#2453,#2454,#2455,#2456,#2457,#2458),
.UNSPECIFIED.,.F.,.F.,(4,1,1,4),(0.E0,3.333333333333E-1,6.666666666667E-1,1.E0),
.UNSPECIFIED.);
#2464=CIRCLE('',#2463,7.638196601131E0);
#2471=B_SPLINE_CURVE_WITH_KNOTS('',3,(#2465,#2466,#2467,#2468,#2469,#2470),
.UNSPECIFIED.,.F.,.F.,(4,1,1,4),(0.E0,3.333333333333E-1,6.666666666667E-1,1.E0),
.UNSPECIFIED.);
#2476=CIRCLE('',#2475,7.947213595506E0);
#2481=CIRCLE('',#2480,6.774963853145E-1);
#2486=CIRCLE('',#2485,3.535529338844E-1);
#2501=B_SPLINE_CURVE_WITH_KNOTS('',3,(#2487,#2488,#2489,#2490,#2491,#2492,#2493,
#2494,#2495,#2496,#2497,#2498,#2499,#2500),.UNSPECIFIED.,.F.,.F.,(4,1,1,1,1,1,1,
1,1,1,1,4),(0.E0,1.531521446917E-1,2.900375926120E-1,4.116884653507E-1,
5.193423845173E-1,6.144470869120E-1,6.984768494800E-1,7.728489829425E-1,
8.390003357689E-1,8.980486217599E-1,9.511765571203E-1,1.E0),.UNSPECIFIED.);
#2516=B_SPLINE_CURVE_WITH_KNOTS('',3,(#2502,#2503,#2504,#2505,#2506,#2507,#2508,
#2509,#2510,#2511,#2512,#2513,#2514,#2515),.UNSPECIFIED.,.F.,.F.,(4,1,1,1,1,1,1,
1,1,1,1,4),(0.E0,4.829283809353E-2,1.014828663728E-1,1.606035552722E-1,
2.267461256200E-1,3.011678763315E-1,3.852502946794E-1,4.804115287566E-1,
5.881831021411E-1,7.099856630307E-1,8.465841119855E-1,1.E0),.UNSPECIFIED.);
#2525=CIRCLE('',#2524,7.190983005631E0);
#2530=CIRCLE('',#2529,3.535529338844E-1);
#2536=B_SPLINE_CURVE_WITH_KNOTS('',3,(#2531,#2532,#2533,#2534,#2535),
.UNSPECIFIED.,.F.,.F.,(4,1,4),(0.E0,5.E-1,1.E0),.UNSPECIFIED.);
#2541=CIRCLE('',#2540,6.460301124152E-1);
#2546=CIRCLE('',#2545,7.456541424184E-1);
#2567=CIRCLE('',#2566,5.E-1);
#2600=CIRCLE('',#2599,5.E-1);
#2605=CIRCLE('',#2604,5.E0);
#2683=B_SPLINE_CURVE_WITH_KNOTS('',3,(#2678,#2679,#2680,#2681,#2682),
.UNSPECIFIED.,.F.,.F.,(4,1,4),(0.E0,5.E-1,1.E0),.UNSPECIFIED.);
#2709=B_SPLINE_CURVE_WITH_KNOTS('',3,(#2704,#2705,#2706,#2707,#2708),
.UNSPECIFIED.,.F.,.F.,(4,1,4),(0.E0,5.E-1,1.E0),.UNSPECIFIED.);
#2791=B_SPLINE_CURVE_WITH_KNOTS('',3,(#2786,#2787,#2788,#2789,#2790),
.UNSPECIFIED.,.F.,.F.,(4,1,4),(0.E0,5.E-1,1.E0),.UNSPECIFIED.);
#2797=B_SPLINE_CURVE_WITH_KNOTS('',3,(#2792,#2793,#2794,#2795,#2796),
.UNSPECIFIED.,.F.,.F.,(4,1,4),(0.E0,5.E-1,1.E0),.UNSPECIFIED.);
#2807=B_SPLINE_CURVE_WITH_KNOTS('',3,(#2802,#2803,#2804,#2805,#2806),
.UNSPECIFIED.,.F.,.F.,(4,1,4),(0.E0,5.E-1,1.E0),.UNSPECIFIED.);
#2825=B_SPLINE_CURVE_WITH_KNOTS('',3,(#2820,#2821,#2822,#2823,#2824),
.UNSPECIFIED.,.F.,.F.,(4,1,4),(0.E0,5.E-1,1.E0),.UNSPECIFIED.);
#2835=B_SPLINE_CURVE_WITH_KNOTS('',3,(#2830,#2831,#2832,#2833,#2834),
.UNSPECIFIED.,.F.,.F.,(4,1,4),(0.E0,5.E-1,1.E0),.UNSPECIFIED.);
#2857=B_SPLINE_CURVE_WITH_KNOTS('',3,(#2852,#2853,#2854,#2855,#2856),
.UNSPECIFIED.,.F.,.F.,(4,1,4),(0.E0,5.E-1,1.E0),.UNSPECIFIED.);
#2867=B_SPLINE_CURVE_WITH_KNOTS('',3,(#2862,#2863,#2864,#2865,#2866),
.UNSPECIFIED.,.F.,.F.,(4,1,4),(0.E0,5.E-1,1.E0),.UNSPECIFIED.);
#2889=B_SPLINE_CURVE_WITH_KNOTS('',3,(#2884,#2885,#2886,#2887,#2888),
.UNSPECIFIED.,.F.,.F.,(4,1,4),(0.E0,5.E-1,1.E0),.UNSPECIFIED.);
#2898=CIRCLE('',#2897,5.E-1);
#2927=CIRCLE('',#2926,2.828427124746E-1);
#2932=CIRCLE('',#2931,2.828426494526E-1);
#2941=CIRCLE('',#2940,2.828427124749E-1);
#2954=CIRCLE('',#2953,2.828427124746E-1);
#2959=CIRCLE('',#2958,2.828427124746E-1);
#2988=CIRCLE('',#2987,2.828427124746E-1);
#3005=CIRCLE('',#3004,2.828427124746E-1);
#3014=CIRCLE('',#3013,2.828427124746E-1);
#3023=CIRCLE('',#3022,2.828427124748E-1);
#3032=CIRCLE('',#3031,2.828427124746E-1);
#3037=CIRCLE('',#3036,2.828426494526E-1);
#3050=CIRCLE('',#3049,2.828427124749E-1);
#3055=CIRCLE('',#3054,2.828427124749E-1);
#3316=CIRCLE('',#3315,5.987431091967E0);
#3333=CIRCLE('',#3332,2.1E0);
#3398=CIRCLE('',#3397,5.987431091968E0);
#3411=CIRCLE('',#3410,2.1E0);
#3444=CIRCLE('',#3443,5.987431091969E0);
#3457=CIRCLE('',#3456,2.1E0);
#3490=CIRCLE('',#3489,5.987431091966E0);
#3503=CIRCLE('',#3502,2.1E0);
#3528=CIRCLE('',#3527,7.778619134308E-1);
#3553=CIRCLE('',#3552,7.778619134306E-1);
#3570=CIRCLE('',#3569,7.778619134303E-1);
#3579=CIRCLE('',#3578,7.778619134306E-1);
#3636=CIRCLE('',#3635,7.778619134306E-1);
#3645=CIRCLE('',#3644,7.778619134303E-1);
#3670=CIRCLE('',#3669,7.778619134303E-1);
#3691=CIRCLE('',#3690,2.E0);
#3700=CIRCLE('',#3699,2.E0);
#3733=CIRCLE('',#3732,2.E0);
#3742=CIRCLE('',#3741,2.E0);
#3767=CIRCLE('',#3766,7.778619134302E-1);
#3788=CIRCLE('',#3787,7.778619134302E-1);
#3813=CIRCLE('',#3812,7.778619134303E-1);
#3838=CIRCLE('',#3837,7.778619134303E-1);
#3847=CIRCLE('',#3846,7.778619134308E-1);
#3872=CIRCLE('',#3871,7.778619134306E-1);
#3897=CIRCLE('',#3896,7.778619134308E-1);
#3906=CIRCLE('',#3905,4.25E0);
#3915=CIRCLE('',#3914,4.25E0);
#3924=CIRCLE('',#3923,4.25E0);
#3933=CIRCLE('',#3932,4.25E0);
#3942=CIRCLE('',#3941,2.1E0);
#3987=CIRCLE('',#3986,2.1E0);
#4008=CIRCLE('',#4007,2.1E0);
#4057=CIRCLE('',#4056,2.1E0);
#4074=CIRCLE('',#4073,4.25E0);
#4099=CIRCLE('',#4098,4.25E0);
#4124=CIRCLE('',#4123,4.25E0);
#4149=CIRCLE('',#4148,4.25E0);
#4198=CIRCLE('',#4197,7.778619134303E-1);
#4227=CIRCLE('',#4226,7.778619134302E-1);
#4252=CIRCLE('',#4251,7.778619134302E-1);
#4277=CIRCLE('',#4276,7.778619134303E-1);
#4306=CIRCLE('',#4305,7.778619134303E-1);
#4347=CIRCLE('',#4346,7.778619134308E-1);
#4480=CIRCLE('',#4479,3.E-1);
#4485=CIRCLE('',#4484,3.E-1);
#4490=CIRCLE('',#4489,3.E-1);
#4495=CIRCLE('',#4494,3.E-1);
#4500=CIRCLE('',#4499,3.E-1);
#4505=CIRCLE('',#4504,3.E-1);
#4510=CIRCLE('',#4509,3.E-1);
#4515=CIRCLE('',#4514,3.E-1);
#4520=CIRCLE('',#4519,2.E-1);
#4525=CIRCLE('',#4524,2.E-1);
#4542=CIRCLE('',#4541,2.E-1);
#4559=CIRCLE('',#4558,2.E-1);
#4576=CIRCLE('',#4575,2.E-1);
#4581=CIRCLE('',#4580,2.E-1);
#5929=EDGE_CURVE('',#4584,#4585,#91,.T.);
#5931=EDGE_CURVE('',#4585,#4591,#1434,.T.);
#5933=EDGE_CURVE('',#4591,#4589,#1257,.T.);
#5935=EDGE_CURVE('',#4589,#4587,#1932,.T.);
#5937=EDGE_CURVE('',#4587,#4584,#1462,.T.);
#5947=EDGE_CURVE('',#4714,#4715,#100,.T.);
#5949=EDGE_CURVE('',#4711,#4715,#5,.T.);
#5951=EDGE_CURVE('',#4710,#4711,#9,.T.);
#5953=EDGE_CURVE('',#4710,#4719,#3251,.T.);
#5955=EDGE_CURVE('',#4717,#4719,#14,.T.);
#5957=EDGE_CURVE('',#4717,#4714,#108,.T.);
#5961=EDGE_CURVE('',#5802,#5803,#67,.T.);
#5963=EDGE_CURVE('',#5803,#5802,#72,.T.);
#5973=EDGE_CURVE('',#4723,#4725,#19,.T.);
#5975=EDGE_CURVE('',#4721,#4723,#23,.T.);
#5977=EDGE_CURVE('',#4721,#4731,#3107,.T.);
#5979=EDGE_CURVE('',#4729,#4731,#28,.T.);
#5981=EDGE_CURVE('',#4729,#4727,#3099,.T.);
#5983=EDGE_CURVE('',#4727,#4725,#3079,.T.);
#5987=EDGE_CURVE('',#5798,#5799,#57,.T.);
#5989=EDGE_CURVE('',#5799,#5798,#62,.T.);
#5999=EDGE_CURVE('',#4738,#4739,#1870,.T.);
#6001=EDGE_CURVE('',#4735,#4739,#33,.T.);
#6003=EDGE_CURVE('',#4733,#4735,#37,.T.);
#6005=EDGE_CURVE('',#4733,#4743,#1846,.T.);
#6007=EDGE_CURVE('',#4741,#4743,#42,.T.);
#6009=EDGE_CURVE('',#4741,#4738,#1866,.T.);
#6013=EDGE_CURVE('',#5790,#5791,#47,.T.);
#6015=EDGE_CURVE('',#5791,#5790,#52,.T.);
#6025=EDGE_CURVE('',#4585,#4593,#87,.T.);
#6028=EDGE_CURVE('',#4584,#4599,#1458,.T.);
#6030=EDGE_CURVE('',#4597,#4599,#96,.T.);
#6032=EDGE_CURVE('',#4597,#4595,#1438,.T.);
#6034=EDGE_CURVE('',#4595,#4593,#1430,.T.);
#6038=EDGE_CURVE('',#5794,#5795,#77,.T.);
#6040=EDGE_CURVE('',#5795,#5794,#82,.T.);
#6051=EDGE_CURVE('',#4714,#4621,#116,.T.);
#6053=EDGE_CURVE('',#4621,#4687,#3143,.T.);
#6055=EDGE_CURVE('',#4686,#4687,#104,.T.);
#6057=EDGE_CURVE('',#4686,#4715,#3243,.T.);
#6068=EDGE_CURVE('',#4717,#4619,#120,.T.);
#6070=EDGE_CURVE('',#4621,#4619,#112,.T.);
#6081=EDGE_CURVE('',#4616,#4619,#217,.T.);
#6085=EDGE_CURVE('',#4719,#4616,#3263,.T.);
#6095=EDGE_CURVE('',#5108,#5109,#125,.T.);
#6097=EDGE_CURVE('',#5117,#5108,#2196,.T.);
#6099=EDGE_CURVE('',#5116,#5117,#130,.T.);
#6101=EDGE_CURVE('',#4640,#5116,#2170,.T.);
#6103=EDGE_CURVE('',#4640,#4641,#2008,.T.);
#6105=EDGE_CURVE('',#4641,#5212,#1898,.T.);
#6107=EDGE_CURVE('',#5212,#5253,#134,.T.);
#6109=EDGE_CURVE('',#5253,#5251,#138,.T.);
#6111=EDGE_CURVE('',#5251,#5208,#142,.T.);
#6113=EDGE_CURVE('',#5208,#4637,#1940,.T.);
#6115=EDGE_CURVE('',#4637,#4635,#1858,.T.);
#6117=EDGE_CURVE('',#4632,#4635,#147,.T.);
#6119=EDGE_CURVE('',#4632,#4633,#1838,.T.);
#6121=EDGE_CURVE('',#4633,#4997,#1734,.T.);
#6123=EDGE_CURVE('',#4997,#5044,#151,.T.);
#6125=EDGE_CURVE('',#5044,#5045,#155,.T.);
#6127=EDGE_CURVE('',#5045,#4995,#159,.T.);
#6129=EDGE_CURVE('',#4995,#5007,#1726,.T.);
#6131=EDGE_CURVE('',#5007,#5055,#163,.T.);
#6133=EDGE_CURVE('',#5055,#5057,#167,.T.);
#6135=EDGE_CURVE('',#5057,#5009,#171,.T.);
#6137=EDGE_CURVE('',#5009,#5001,#1762,.T.);
#6139=EDGE_CURVE('',#5001,#5049,#175,.T.);
#6141=EDGE_CURVE('',#5049,#5047,#179,.T.);
#6143=EDGE_CURVE('',#5047,#4999,#183,.T.);
#6145=EDGE_CURVE('',#4999,#4629,#1754,.T.);
#6147=EDGE_CURVE('',#4629,#4627,#3091,.T.);
#6149=EDGE_CURVE('',#4624,#4627,#188,.T.);
#6151=EDGE_CURVE('',#4624,#4625,#3115,.T.);
#6153=EDGE_CURVE('',#4625,#5245,#3171,.T.);
#6155=EDGE_CURVE('',#5245,#5260,#192,.T.);
#6157=EDGE_CURVE('',#5260,#5261,#196,.T.);
#6159=EDGE_CURVE('',#5261,#5243,#200,.T.);
#6161=EDGE_CURVE('',#5243,#5241,#3155,.T.);
#6163=EDGE_CURVE('',#5241,#5257,#204,.T.);
#6165=EDGE_CURVE('',#5257,#5255,#208,.T.);
#6167=EDGE_CURVE('',#5255,#5239,#212,.T.);
#6169=EDGE_CURVE('',#5239,#4621,#3147,.T.);
#6173=EDGE_CURVE('',#4616,#4617,#3259,.T.);
#6175=EDGE_CURVE('',#4617,#4993,#1418,.T.);
#6177=EDGE_CURVE('',#4993,#5040,#221,.T.);
#6179=EDGE_CURVE('',#5040,#5041,#225,.T.);
#6181=EDGE_CURVE('',#5041,#4991,#229,.T.);
#6183=EDGE_CURVE('',#4991,#5003,#1410,.T.);
#6185=EDGE_CURVE('',#5003,#5051,#233,.T.);
#6187=EDGE_CURVE('',#5051,#5053,#237,.T.);
#6189=EDGE_CURVE('',#5053,#5005,#241,.T.);
#6191=EDGE_CURVE('',#5005,#4989,#1386,.T.);
#6193=EDGE_CURVE('',#4989,#5037,#245,.T.);
#6195=EDGE_CURVE('',#5037,#5035,#249,.T.);
#6197=EDGE_CURVE('',#5035,#4987,#253,.T.);
#6199=EDGE_CURVE('',#4987,#4605,#1378,.T.);
#6201=EDGE_CURVE('',#4607,#4605,#257,.T.);
#6203=EDGE_CURVE('',#4609,#4607,#262,.T.);
#6205=EDGE_CURVE('',#4609,#4587,#1450,.T.);
#6207=EDGE_CURVE('',#4587,#5204,#1928,.T.);
#6209=EDGE_CURVE('',#5204,#5248,#266,.T.);
#6211=EDGE_CURVE('',#5248,#5249,#270,.T.);
#6213=EDGE_CURVE('',#5249,#5200,#274,.T.);
#6215=EDGE_CURVE('',#5200,#4612,#1920,.T.);
#6217=EDGE_CURVE('',#4612,#4613,#2992,.T.);
#6219=EDGE_CURVE('',#4613,#4649,#2971,.T.);
#6221=EDGE_CURVE('',#4647,#4649,#279,.T.);
#6223=EDGE_CURVE('',#4647,#4645,#3071,.T.);
#6225=EDGE_CURVE('',#4644,#4645,#284,.T.);
#6227=EDGE_CURVE('',#5109,#4644,#309,.T.);
#6238=EDGE_CURVE('',#5109,#5111,#305,.T.);
#6240=EDGE_CURVE('',#5111,#5113,#289,.T.);
#6242=EDGE_CURVE('',#5108,#5113,#2200,.T.);
#6252=EDGE_CURVE('',#5180,#5181,#293,.T.);
#6254=EDGE_CURVE('',#5177,#5181,#297,.T.);
#6256=EDGE_CURVE('',#5177,#5111,#301,.T.);
#6260=EDGE_CURVE('',#4644,#4797,#3075,.T.);
#6262=EDGE_CURVE('',#4797,#5175,#313,.T.);
#6264=EDGE_CURVE('',#5175,#5180,#317,.T.);
#6274=EDGE_CURVE('',#5168,#5169,#345,.T.);
#6276=EDGE_CURVE('',#5181,#5169,#321,.T.);
#6279=EDGE_CURVE('',#5168,#5180,#325,.T.);
#6289=EDGE_CURVE('',#5451,#5447,#329,.T.);
#6291=EDGE_CURVE('',#5451,#5373,#333,.T.);
#6293=EDGE_CURVE('',#5373,#5173,#337,.T.);
#6295=EDGE_CURVE('',#5173,#5169,#341,.T.);
#6298=EDGE_CURVE('',#5171,#5168,#349,.T.);
#6300=EDGE_CURVE('',#5171,#5364,#353,.T.);
#6302=EDGE_CURVE('',#5447,#5364,#357,.T.);
#6313=EDGE_CURVE('',#5447,#5449,#367,.T.);
#6315=EDGE_CURVE('',#5453,#5449,#663,.T.);
#6317=EDGE_CURVE('',#5451,#5453,#362,.T.);
#6327=EDGE_CURVE('',#5447,#5444,#372,.T.);
#6329=EDGE_CURVE('',#5444,#5440,#2898,.T.);
#6331=EDGE_CURVE('',#5449,#5440,#668,.T.);
#6344=EDGE_CURVE('',#5364,#5365,#454,.T.);
#6346=EDGE_CURVE('',#5444,#5365,#2661,.T.);
#6356=EDGE_CURVE('',#5372,#5373,#377,.T.);
#6358=EDGE_CURVE('',#5566,#5372,#2375,.T.);
#6360=EDGE_CURVE('',#5566,#5567,#2558,.T.);
#6362=EDGE_CURVE('',#5113,#5567,#2204,.T.);
#6366=EDGE_CURVE('',#5173,#5177,#381,.T.);
#6377=EDGE_CURVE('',#5360,#5375,#385,.T.);
#6379=EDGE_CURVE('',#5375,#5378,#389,.T.);
#6381=EDGE_CURVE('',#5378,#5379,#393,.T.);
#6383=EDGE_CURVE('',#5382,#5379,#2871,.T.);
#6385=EDGE_CURVE('',#5382,#5383,#397,.T.);
#6387=EDGE_CURVE('',#5383,#5386,#401,.T.);
#6389=EDGE_CURVE('',#5386,#5387,#405,.T.);
#6391=EDGE_CURVE('',#5390,#5387,#2839,.T.);
#6393=EDGE_CURVE('',#5390,#5391,#409,.T.);
#6395=EDGE_CURVE('',#5391,#5394,#413,.T.);
#6397=EDGE_CURVE('',#5394,#5395,#417,.T.);
#6399=EDGE_CURVE('',#5395,#5398,#421,.T.);
#6401=EDGE_CURVE('',#5398,#5399,#425,.T.);
#6403=EDGE_CURVE('',#5399,#5402,#429,.T.);
#6405=EDGE_CURVE('',#5402,#5403,#433,.T.);
#6407=EDGE_CURVE('',#5406,#5403,#2781,.T.);
#6409=EDGE_CURVE('',#5406,#5407,#437,.T.);
#6411=EDGE_CURVE('',#5407,#5410,#441,.T.);
#6413=EDGE_CURVE('',#5410,#5411,#445,.T.);
#6415=EDGE_CURVE('',#5413,#5411,#2699,.T.);
#6417=EDGE_CURVE('',#5413,#5365,#449,.T.);
#6421=EDGE_CURVE('',#5171,#5175,#458,.T.);
#6424=EDGE_CURVE('',#4795,#4797,#463,.T.);
#6426=EDGE_CURVE('',#4795,#4793,#3063,.T.);
#6428=EDGE_CURVE('',#4791,#4793,#468,.T.);
#6430=EDGE_CURVE('',#4791,#4789,#2963,.T.);
#6432=EDGE_CURVE('',#4789,#4787,#2914,.T.);
#6434=EDGE_CURVE('',#4785,#4787,#473,.T.);
#6436=EDGE_CURVE('',#5361,#4785,#2033,.T.);
#6438=EDGE_CURVE('',#5360,#5361,#478,.T.);
#6448=EDGE_CURVE('',#5455,#5451,#483,.T.);
#6450=EDGE_CURVE('',#5455,#5372,#2379,.T.);
#6464=EDGE_CURVE('',#5457,#5453,#659,.T.);
#6466=EDGE_CURVE('',#5455,#5457,#488,.T.);
#6476=EDGE_CURVE('',#5416,#5417,#604,.T.);
#6478=EDGE_CURVE('',#5486,#5417,#2785,.T.);
#6480=EDGE_CURVE('',#5486,#5487,#608,.T.);
#6482=EDGE_CURVE('',#5425,#5487,#2801,.T.);
#6484=EDGE_CURVE('',#5425,#5422,#612,.T.);
#6486=EDGE_CURVE('',#5494,#5422,#2811,.T.);
#6488=EDGE_CURVE('',#5494,#5495,#616,.T.);
#6490=EDGE_CURVE('',#5431,#5495,#2829,.T.);
#6492=EDGE_CURVE('',#5431,#5428,#620,.T.);
#6494=EDGE_CURVE('',#5502,#5428,#2843,.T.);
#6496=EDGE_CURVE('',#5502,#5503,#624,.T.);
#6498=EDGE_CURVE('',#5434,#5503,#2861,.T.);
#6500=EDGE_CURVE('',#5434,#5437,#628,.T.);
#6502=EDGE_CURVE('',#5510,#5437,#2875,.T.);
#6504=EDGE_CURVE('',#5510,#5511,#632,.T.);
#6506=EDGE_CURVE('',#5475,#5511,#2893,.T.);
#6508=EDGE_CURVE('',#5475,#5473,#636,.T.);
#6510=EDGE_CURVE('',#5473,#5469,#641,.T.);
#6512=EDGE_CURVE('',#5469,#5465,#645,.T.);
#6514=EDGE_CURVE('',#5465,#5461,#650,.T.);
#6516=EDGE_CURVE('',#5461,#5457,#654,.T.);
#6521=EDGE_CURVE('',#5440,#5441,#672,.T.);
#6523=EDGE_CURVE('',#5478,#5441,#2703,.T.);
#6525=EDGE_CURVE('',#5478,#5479,#676,.T.);
#6527=EDGE_CURVE('',#5416,#5479,#2687,.T.);
#6531=EDGE_CURVE('',#4906,#4907,#503,.T.);
#6533=EDGE_CURVE('',#4907,#4906,#508,.T.);
#6537=EDGE_CURVE('',#4922,#4923,#513,.T.);
#6539=EDGE_CURVE('',#4923,#4922,#518,.T.);
#6543=EDGE_CURVE('',#4757,#4756,#523,.T.);
#6545=EDGE_CURVE('',#4756,#4757,#528,.T.);
#6549=EDGE_CURVE('',#5296,#5297,#533,.T.);
#6551=EDGE_CURVE('',#5323,#5296,#537,.T.);
#6553=EDGE_CURVE('',#5319,#5323,#542,.T.);
#6555=EDGE_CURVE('',#5315,#5319,#546,.T.);
#6557=EDGE_CURVE('',#5311,#5315,#551,.T.);
#6559=EDGE_CURVE('',#5307,#5311,#555,.T.);
#6561=EDGE_CURVE('',#5303,#5307,#560,.T.);
#6563=EDGE_CURVE('',#5297,#5303,#564,.T.);
#6567=EDGE_CURVE('',#5328,#5329,#569,.T.);
#6569=EDGE_CURVE('',#5355,#5328,#573,.T.);
#6571=EDGE_CURVE('',#5351,#5355,#578,.T.);
#6573=EDGE_CURVE('',#5347,#5351,#582,.T.);
#6575=EDGE_CURVE('',#5343,#5347,#587,.T.);
#6577=EDGE_CURVE('',#5339,#5343,#591,.T.);
#6579=EDGE_CURVE('',#5335,#5339,#596,.T.);
#6581=EDGE_CURVE('',#5329,#5335,#600,.T.);
#6585=EDGE_CURVE('',#4890,#4891,#493,.T.);
#6587=EDGE_CURVE('',#4891,#4890,#498,.T.);
#6591=EDGE_CURVE('',#5586,#5587,#680,.T.);
#6593=EDGE_CURVE('',#5599,#5586,#685,.T.);
#6595=EDGE_CURVE('',#5597,#5599,#689,.T.);
#6597=EDGE_CURVE('',#5595,#5597,#694,.T.);
#6599=EDGE_CURVE('',#5593,#5595,#698,.T.);
#6601=EDGE_CURVE('',#5591,#5593,#703,.T.);
#6603=EDGE_CURVE('',#5589,#5591,#707,.T.);
#6605=EDGE_CURVE('',#5587,#5589,#712,.T.);
#6616=EDGE_CURVE('',#4891,#4897,#725,.T.);
#6618=EDGE_CURVE('',#4897,#4895,#749,.T.);
#6620=EDGE_CURVE('',#4895,#4893,#744,.T.);
#6622=EDGE_CURVE('',#4893,#4890,#717,.T.);
#6634=EDGE_CURVE('',#4893,#4899,#735,.T.);
#6636=EDGE_CURVE('',#4899,#4897,#730,.T.);
#6647=EDGE_CURVE('',#4901,#4897,#753,.T.);
#6651=EDGE_CURVE('',#4893,#4903,#739,.T.);
#6653=EDGE_CURVE('',#4901,#4903,#758,.T.);
#6667=EDGE_CURVE('',#4903,#4901,#763,.T.);
#6681=EDGE_CURVE('',#5814,#5815,#808,.T.);
#6683=EDGE_CURVE('',#5815,#5814,#813,.T.);
#6693=EDGE_CURVE('',#4917,#4919,#768,.T.);
#6695=EDGE_CURVE('',#4919,#4917,#773,.T.);
#6699=EDGE_CURVE('',#5818,#5819,#798,.T.);
#6701=EDGE_CURVE('',#5819,#5818,#803,.T.);
#6711=EDGE_CURVE('',#4935,#4933,#778,.T.);
#6713=EDGE_CURVE('',#4933,#4935,#783,.T.);
#6717=EDGE_CURVE('',#5810,#5811,#788,.T.);
#6719=EDGE_CURVE('',#5811,#5810,#793,.T.);
#6729=EDGE_CURVE('',#4751,#4746,#828,.T.);
#6731=EDGE_CURVE('',#4746,#4751,#833,.T.);
#6735=EDGE_CURVE('',#5806,#5807,#818,.T.);
#6737=EDGE_CURVE('',#5807,#5806,#823,.T.);
#6747=EDGE_CURVE('',#4917,#4913,#861,.T.);
#6749=EDGE_CURVE('',#4915,#4913,#838,.T.);
#6751=EDGE_CURVE('',#4909,#4915,#843,.T.);
#6753=EDGE_CURVE('',#4909,#4919,#847,.T.);
#6765=EDGE_CURVE('',#4911,#4909,#852,.T.);
#6767=EDGE_CURVE('',#4913,#4911,#857,.T.);
#6780=EDGE_CURVE('',#4907,#4913,#874,.T.);
#6784=EDGE_CURVE('',#4909,#4906,#866,.T.);
#6807=EDGE_CURVE('',#4925,#4935,#878,.T.);
#6809=EDGE_CURVE('',#4927,#4925,#883,.T.);
#6811=EDGE_CURVE('',#4929,#4927,#888,.T.);
#6813=EDGE_CURVE('',#4933,#4929,#892,.T.);
#6825=EDGE_CURVE('',#4931,#4929,#897,.T.);
#6827=EDGE_CURVE('',#4925,#4931,#902,.T.);
#6840=EDGE_CURVE('',#4925,#4922,#907,.T.);
#6844=EDGE_CURVE('',#4923,#4929,#915,.T.);
#6868=EDGE_CURVE('',#5795,#5811,#923,.T.);
#6871=EDGE_CURVE('',#5794,#5810,#919,.T.);
#6894=EDGE_CURVE('',#5803,#5819,#931,.T.);
#6897=EDGE_CURVE('',#5802,#5818,#927,.T.);
#6920=EDGE_CURVE('',#5799,#5815,#939,.T.);
#6923=EDGE_CURVE('',#5798,#5814,#935,.T.);
#6946=EDGE_CURVE('',#5791,#5807,#947,.T.);
#6949=EDGE_CURVE('',#5790,#5806,#943,.T.);
#6971=EDGE_CURVE('',#4750,#4751,#951,.T.);
#6973=EDGE_CURVE('',#4937,#4750,#956,.T.);
#6975=EDGE_CURVE('',#4747,#4937,#961,.T.);
#6977=EDGE_CURVE('',#4746,#4747,#965,.T.);
#6989=EDGE_CURVE('',#4747,#4753,#975,.T.);
#6991=EDGE_CURVE('',#4753,#4750,#970,.T.);
#7004=EDGE_CURVE('',#4757,#4750,#988,.T.);
#7008=EDGE_CURVE('',#4747,#4756,#980,.T.);
#7032=EDGE_CURVE('',#5297,#5301,#998,.T.);
#7034=EDGE_CURVE('',#5300,#5301,#1041,.T.);
#7036=EDGE_CURVE('',#5296,#5300,#993,.T.);
#7047=EDGE_CURVE('',#5303,#5305,#1003,.T.);
#7049=EDGE_CURVE('',#5301,#5305,#1049,.T.);
#7061=EDGE_CURVE('',#5307,#5309,#1008,.T.);
#7063=EDGE_CURVE('',#5305,#5309,#1062,.T.);
#7075=EDGE_CURVE('',#5311,#5313,#1013,.T.);
#7077=EDGE_CURVE('',#5309,#5313,#1071,.T.);
#7089=EDGE_CURVE('',#5315,#5317,#1018,.T.);
#7091=EDGE_CURVE('',#5313,#5317,#1084,.T.);
#7103=EDGE_CURVE('',#5319,#5321,#1023,.T.);
#7105=EDGE_CURVE('',#5317,#5321,#1093,.T.);
#7117=EDGE_CURVE('',#5323,#5325,#1028,.T.);
#7119=EDGE_CURVE('',#5321,#5325,#1102,.T.);
#7132=EDGE_CURVE('',#5325,#5300,#1032,.T.);
#7144=EDGE_CURVE('',#5127,#5300,#1045,.T.);
#7146=EDGE_CURVE('',#5125,#5127,#1307,.T.);
#7148=EDGE_CURVE('',#5125,#5325,#1036,.T.);
#7159=EDGE_CURVE('',#5129,#5301,#1057,.T.);
#7161=EDGE_CURVE('',#5127,#5129,#1312,.T.);
#7173=EDGE_CURVE('',#5139,#5305,#1053,.T.);
#7175=EDGE_CURVE('',#5129,#5139,#1290,.T.);
#7187=EDGE_CURVE('',#5142,#5309,#1079,.T.);
#7189=EDGE_CURVE('',#5142,#5139,#1067,.T.);
#7201=EDGE_CURVE('',#5143,#5313,#1075,.T.);
#7203=EDGE_CURVE('',#5142,#5143,#1294,.T.);
#7215=EDGE_CURVE('',#5145,#5317,#1097,.T.);
#7217=EDGE_CURVE('',#5145,#5143,#1089,.T.);
#7229=EDGE_CURVE('',#5124,#5321,#1106,.T.);
#7231=EDGE_CURVE('',#5145,#5124,#1298,.T.);
#7244=EDGE_CURVE('',#5124,#5125,#1303,.T.);
#7255=EDGE_CURVE('',#4956,#4957,#1110,.T.);
#7257=EDGE_CURVE('',#4957,#4959,#1114,.T.);
#7259=EDGE_CURVE('',#4961,#4959,#1118,.T.);
#7261=EDGE_CURVE('',#4961,#5015,#1394,.T.);
#7263=EDGE_CURVE('',#5015,#5028,#1122,.T.);
#7265=EDGE_CURVE('',#5028,#5029,#1126,.T.);
#7267=EDGE_CURVE('',#5017,#5029,#1130,.T.);
#7269=EDGE_CURVE('',#5017,#4964,#1402,.T.);
#7271=EDGE_CURVE('',#4964,#4965,#1134,.T.);
#7273=EDGE_CURVE('',#4965,#4967,#1138,.T.);
#7275=EDGE_CURVE('',#4969,#4967,#1142,.T.);
#7277=EDGE_CURVE('',#4969,#4691,#1422,.T.);
#7279=EDGE_CURVE('',#4691,#4689,#3235,.T.);
#7281=EDGE_CURVE('',#4686,#4689,#1147,.T.);
#7284=EDGE_CURVE('',#4687,#5224,#3139,.T.);
#7286=EDGE_CURVE('',#5224,#5225,#1151,.T.);
#7288=EDGE_CURVE('',#5225,#5227,#1155,.T.);
#7290=EDGE_CURVE('',#5229,#5227,#1159,.T.);
#7292=EDGE_CURVE('',#5229,#5232,#3163,.T.);
#7294=EDGE_CURVE('',#5232,#5233,#1163,.T.);
#7296=EDGE_CURVE('',#5233,#5235,#1167,.T.);
#7298=EDGE_CURVE('',#5237,#5235,#1171,.T.);
#7300=EDGE_CURVE('',#5237,#4683,#3175,.T.);
#7302=EDGE_CURVE('',#4683,#4681,#3123,.T.);
#7304=EDGE_CURVE('',#4678,#4681,#1176,.T.);
#7306=EDGE_CURVE('',#4678,#4679,#3083,.T.);
#7308=EDGE_CURVE('',#4679,#4980,#1746,.T.);
#7310=EDGE_CURVE('',#4980,#4981,#1180,.T.);
#7312=EDGE_CURVE('',#4981,#4983,#1184,.T.);
#7314=EDGE_CURVE('',#4985,#4983,#1188,.T.);
#7316=EDGE_CURVE('',#4985,#5011,#1770,.T.);
#7318=EDGE_CURVE('',#5011,#5033,#1192,.T.);
#7320=EDGE_CURVE('',#5033,#5031,#1196,.T.);
#7322=EDGE_CURVE('',#5013,#5031,#1200,.T.);
#7324=EDGE_CURVE('',#5013,#4972,#1718,.T.);
#7326=EDGE_CURVE('',#4972,#4973,#1204,.T.);
#7328=EDGE_CURVE('',#4973,#4975,#1208,.T.);
#7330=EDGE_CURVE('',#4977,#4975,#1212,.T.);
#7332=EDGE_CURVE('',#4977,#4675,#1738,.T.);
#7334=EDGE_CURVE('',#4675,#4673,#1830,.T.);
#7336=EDGE_CURVE('',#4671,#4673,#1217,.T.);
#7338=EDGE_CURVE('',#4671,#4669,#1878,.T.);
#7340=EDGE_CURVE('',#5209,#4669,#1221,.T.);
#7342=EDGE_CURVE('',#5209,#5219,#1225,.T.);
#7344=EDGE_CURVE('',#5219,#5221,#1229,.T.);
#7346=EDGE_CURVE('',#5213,#5221,#1233,.T.);
#7348=EDGE_CURVE('',#5201,#5213,#1237,.T.);
#7350=EDGE_CURVE('',#5201,#5215,#1241,.T.);
#7352=EDGE_CURVE('',#5215,#5217,#1245,.T.);
#7354=EDGE_CURVE('',#5205,#5217,#1249,.T.);
#7356=EDGE_CURVE('',#4589,#5205,#1253,.T.);
#7359=EDGE_CURVE('',#4601,#4591,#1262,.T.);
#7361=EDGE_CURVE('',#4603,#4601,#1266,.T.);
#7363=EDGE_CURVE('',#4603,#4956,#1370,.T.);
#7367=EDGE_CURVE('',#4694,#4695,#1271,.T.);
#7369=EDGE_CURVE('',#4694,#4707,#3607,.T.);
#7371=EDGE_CURVE('',#4705,#4707,#1276,.T.);
#7373=EDGE_CURVE('',#4705,#4703,#4419,.T.);
#7375=EDGE_CURVE('',#4701,#4703,#1281,.T.);
#7377=EDGE_CURVE('',#4701,#4699,#4367,.T.);
#7379=EDGE_CURVE('',#4697,#4699,#1286,.T.);
#7381=EDGE_CURVE('',#4697,#4695,#3283,.T.);
#7395=EDGE_CURVE('',#5152,#5153,#1316,.T.);
#7397=EDGE_CURVE('',#5147,#5153,#4581,.T.);
#7399=EDGE_CURVE('',#5147,#5132,#1320,.T.);
#7401=EDGE_CURVE('',#5132,#5133,#1325,.T.);
#7403=EDGE_CURVE('',#5133,#5135,#1329,.T.);
#7405=EDGE_CURVE('',#5135,#5137,#1334,.T.);
#7407=EDGE_CURVE('',#5137,#5149,#1338,.T.);
#7409=EDGE_CURVE('',#5152,#5149,#4525,.T.);
#7419=EDGE_CURVE('',#5060,#5061,#1342,.T.);
#7421=EDGE_CURVE('',#5060,#4940,#1506,.T.);
#7423=EDGE_CURVE('',#4940,#4957,#1654,.T.);
#7426=EDGE_CURVE('',#4987,#4956,#1366,.T.);
#7429=EDGE_CURVE('',#5061,#5035,#1346,.T.);
#7440=EDGE_CURVE('',#5063,#5061,#1350,.T.);
#7442=EDGE_CURVE('',#5063,#5065,#1358,.T.);
#7444=EDGE_CURVE('',#5065,#5060,#1494,.T.);
#7457=EDGE_CURVE('',#5063,#5037,#1354,.T.);
#7470=EDGE_CURVE('',#4989,#4961,#1382,.T.);
#7473=EDGE_CURVE('',#4941,#4959,#1362,.T.);
#7475=EDGE_CURVE('',#4941,#5065,#1498,.T.);
#7487=EDGE_CURVE('',#4605,#4603,#1374,.T.);
#7500=EDGE_CURVE('',#5005,#5015,#1390,.T.);
#7511=EDGE_CURVE('',#4991,#4964,#1398,.T.);
#7514=EDGE_CURVE('',#5003,#5017,#1406,.T.);
#7525=EDGE_CURVE('',#4993,#4969,#1414,.T.);
#7528=EDGE_CURVE('',#4617,#4691,#3239,.T.);
#7539=EDGE_CURVE('',#4593,#4601,#1426,.T.);
#7542=EDGE_CURVE('',#4595,#4605,#1442,.T.);
#7567=EDGE_CURVE('',#4597,#4607,#1446,.T.);
#7582=EDGE_CURVE('',#4599,#4609,#1454,.T.);
#7604=EDGE_CURVE('',#5068,#5069,#1466,.T.);
#7606=EDGE_CURVE('',#5068,#5020,#1522,.T.);
#7608=EDGE_CURVE('',#5020,#5028,#1490,.T.);
#7613=EDGE_CURVE('',#5069,#5053,#1470,.T.);
#7624=EDGE_CURVE('',#5071,#5069,#1474,.T.);
#7626=EDGE_CURVE('',#5071,#5073,#1482,.T.);
#7628=EDGE_CURVE('',#5073,#5068,#1510,.T.);
#7641=EDGE_CURVE('',#5071,#5051,#1478,.T.);
#7656=EDGE_CURVE('',#5021,#5029,#1486,.T.);
#7658=EDGE_CURVE('',#5021,#5073,#1514,.T.);
#7670=EDGE_CURVE('',#5020,#5021,#1518,.T.);
#7683=EDGE_CURVE('',#4940,#4941,#1502,.T.);
#7706=EDGE_CURVE('',#5081,#5076,#1526,.T.);
#7708=EDGE_CURVE('',#4945,#5081,#1530,.T.);
#7710=EDGE_CURVE('',#4944,#4945,#1534,.T.);
#7712=EDGE_CURVE('',#5076,#4944,#1538,.T.);
#7722=EDGE_CURVE('',#5089,#5084,#1542,.T.);
#7724=EDGE_CURVE('',#4953,#5089,#1546,.T.);
#7726=EDGE_CURVE('',#4952,#4953,#1550,.T.);
#7728=EDGE_CURVE('',#5084,#4952,#1554,.T.);
#7738=EDGE_CURVE('',#5097,#5092,#1558,.T.);
#7740=EDGE_CURVE('',#5025,#5097,#1562,.T.);
#7742=EDGE_CURVE('',#5024,#5025,#1566,.T.);
#7744=EDGE_CURVE('',#5092,#5024,#1570,.T.);
#7754=EDGE_CURVE('',#5105,#5100,#1574,.T.);
#7756=EDGE_CURVE('',#4949,#5105,#1578,.T.);
#7758=EDGE_CURVE('',#4948,#4949,#1582,.T.);
#7760=EDGE_CURVE('',#5100,#4948,#1586,.T.);
#7770=EDGE_CURVE('',#5269,#5264,#1590,.T.);
#7772=EDGE_CURVE('',#5197,#5269,#1594,.T.);
#7774=EDGE_CURVE('',#5196,#5197,#1598,.T.);
#7776=EDGE_CURVE('',#5264,#5196,#1602,.T.);
#7786=EDGE_CURVE('',#5277,#5272,#1606,.T.);
#7788=EDGE_CURVE('',#5193,#5277,#1610,.T.);
#7790=EDGE_CURVE('',#5192,#5193,#1614,.T.);
#7792=EDGE_CURVE('',#5272,#5192,#1618,.T.);
#7802=EDGE_CURVE('',#5285,#5280,#1622,.T.);
#7804=EDGE_CURVE('',#5189,#5285,#1626,.T.);
#7806=EDGE_CURVE('',#5188,#5189,#1630,.T.);
#7808=EDGE_CURVE('',#5280,#5188,#1634,.T.);
#7818=EDGE_CURVE('',#5293,#5288,#1638,.T.);
#7820=EDGE_CURVE('',#5185,#5293,#1642,.T.);
#7822=EDGE_CURVE('',#5184,#5185,#1646,.T.);
#7824=EDGE_CURVE('',#5288,#5184,#1650,.T.);
#7846=EDGE_CURVE('',#5076,#5077,#1658,.T.);
#7848=EDGE_CURVE('',#5079,#5077,#1678,.T.);
#7850=EDGE_CURVE('',#5079,#5081,#1670,.T.);
#7863=EDGE_CURVE('',#4944,#4965,#1666,.T.);
#7868=EDGE_CURVE('',#5077,#5041,#1662,.T.);
#7881=EDGE_CURVE('',#4945,#4967,#1674,.T.);
#7892=EDGE_CURVE('',#5079,#5040,#1682,.T.);
#7919=EDGE_CURVE('',#5084,#5085,#1686,.T.);
#7921=EDGE_CURVE('',#5087,#5085,#1706,.T.);
#7923=EDGE_CURVE('',#5087,#5089,#1698,.T.);
#7936=EDGE_CURVE('',#4952,#4981,#1694,.T.);
#7939=EDGE_CURVE('',#4999,#4980,#1742,.T.);
#7942=EDGE_CURVE('',#5085,#5047,#1690,.T.);
#7955=EDGE_CURVE('',#4953,#4983,#1702,.T.);
#7966=EDGE_CURVE('',#5087,#5049,#1710,.T.);
#7969=EDGE_CURVE('',#5001,#4985,#1758,.T.);
#7994=EDGE_CURVE('',#4995,#4972,#1714,.T.);
#7997=EDGE_CURVE('',#5007,#5013,#1722,.T.);
#8008=EDGE_CURVE('',#4997,#4977,#1730,.T.);
#8011=EDGE_CURVE('',#4633,#4675,#1834,.T.);
#8024=EDGE_CURVE('',#4629,#4679,#1750,.T.);
#8037=EDGE_CURVE('',#5009,#5011,#1766,.T.);
#8048=EDGE_CURVE('',#5100,#5101,#1774,.T.);
#8051=EDGE_CURVE('',#4948,#4973,#1798,.T.);
#8056=EDGE_CURVE('',#5101,#5045,#1778,.T.);
#8067=EDGE_CURVE('',#5103,#5101,#1782,.T.);
#8069=EDGE_CURVE('',#5103,#5105,#1790,.T.);
#8083=EDGE_CURVE('',#5103,#5044,#1786,.T.);
#8098=EDGE_CURVE('',#4949,#4975,#1794,.T.);
#8121=EDGE_CURVE('',#5095,#5097,#1802,.T.);
#8123=EDGE_CURVE('',#5095,#5055,#1826,.T.);
#8128=EDGE_CURVE('',#5025,#5031,#1806,.T.);
#8139=EDGE_CURVE('',#5092,#5093,#1810,.T.);
#8141=EDGE_CURVE('',#5095,#5093,#1822,.T.);
#8155=EDGE_CURVE('',#5024,#5033,#1818,.T.);
#8160=EDGE_CURVE('',#5093,#5057,#1814,.T.);
#8194=EDGE_CURVE('',#4633,#4733,#1850,.T.);
#8197=EDGE_CURVE('',#4735,#4673,#1886,.T.);
#8210=EDGE_CURVE('',#4743,#4632,#1842,.T.);
#8223=EDGE_CURVE('',#4741,#4635,#1854,.T.);
#8236=EDGE_CURVE('',#4738,#4637,#1862,.T.);
#8248=EDGE_CURVE('',#4671,#4739,#1882,.T.);
#8252=EDGE_CURVE('',#4669,#4637,#1874,.T.);
#8275=EDGE_CURVE('',#5200,#5201,#1890,.T.);
#8278=EDGE_CURVE('',#5212,#5213,#1894,.T.);
#8281=EDGE_CURVE('',#4641,#4667,#2004,.T.);
#8283=EDGE_CURVE('',#4665,#4667,#1903,.T.);
#8285=EDGE_CURVE('',#4659,#4665,#1907,.T.);
#8287=EDGE_CURVE('',#4652,#4659,#1912,.T.);
#8289=EDGE_CURVE('',#4612,#4652,#1916,.T.);
#8300=EDGE_CURVE('',#5204,#5205,#1924,.T.);
#8313=EDGE_CURVE('',#5208,#5209,#1936,.T.);
#8326=EDGE_CURVE('',#5288,#5289,#1944,.T.);
#8329=EDGE_CURVE('',#5184,#5215,#1968,.T.);
#8334=EDGE_CURVE('',#5289,#5249,#1948,.T.);
#8345=EDGE_CURVE('',#5291,#5289,#1952,.T.);
#8347=EDGE_CURVE('',#5291,#5293,#1960,.T.);
#8361=EDGE_CURVE('',#5291,#5248,#1956,.T.);
#8376=EDGE_CURVE('',#5185,#5217,#1964,.T.);
#8399=EDGE_CURVE('',#5283,#5285,#1972,.T.);
#8401=EDGE_CURVE('',#5283,#5253,#1996,.T.);
#8406=EDGE_CURVE('',#5189,#5221,#1976,.T.);
#8417=EDGE_CURVE('',#5280,#5281,#1980,.T.);
#8419=EDGE_CURVE('',#5283,#5281,#1992,.T.);
#8433=EDGE_CURVE('',#5188,#5219,#1988,.T.);
#8438=EDGE_CURVE('',#5281,#5251,#1984,.T.);
#8472=EDGE_CURVE('',#4813,#4811,#2021,.T.);
#8474=EDGE_CURVE('',#4667,#4811,#2000,.T.);
#8478=EDGE_CURVE('',#4640,#4815,#2166,.T.);
#8480=EDGE_CURVE('',#4815,#4813,#2135,.T.);
#8490=EDGE_CURVE('',#4771,#4769,#2012,.T.);
#8492=EDGE_CURVE('',#4811,#4771,#2017,.T.);
#8495=EDGE_CURVE('',#4813,#4769,#2126,.T.);
#8505=EDGE_CURVE('',#5467,#5463,#2025,.T.);
#8507=EDGE_CURVE('',#5361,#5467,#2029,.T.);
#8510=EDGE_CURVE('',#4785,#4783,#2906,.T.);
#8512=EDGE_CURVE('',#4781,#4783,#2038,.T.);
#8514=EDGE_CURVE('',#4781,#4779,#2936,.T.);
#8516=EDGE_CURVE('',#4779,#4777,#3041,.T.);
#8518=EDGE_CURVE('',#4775,#4777,#2043,.T.);
#8520=EDGE_CURVE('',#4775,#4773,#3018,.T.);
#8522=EDGE_CURVE('',#4771,#4773,#2048,.T.);
#8525=EDGE_CURVE('',#4769,#4767,#2117,.T.);
#8527=EDGE_CURVE('',#4765,#4767,#2053,.T.);
#8529=EDGE_CURVE('',#4765,#4763,#2094,.T.);
#8531=EDGE_CURVE('',#4763,#5368,#2057,.T.);
#8533=EDGE_CURVE('',#5368,#5463,#2061,.T.);
#8544=EDGE_CURVE('',#5463,#5465,#2071,.T.);
#8547=EDGE_CURVE('',#5467,#5469,#2066,.T.);
#8557=EDGE_CURVE('',#5463,#5459,#2076,.T.);
#8559=EDGE_CURVE('',#5459,#5461,#2567,.T.);
#8573=EDGE_CURVE('',#5368,#5369,#2081,.T.);
#8575=EDGE_CURVE('',#5369,#5459,#2387,.T.);
#8587=EDGE_CURVE('',#4760,#4763,#2086,.T.);
#8589=EDGE_CURVE('',#4760,#4761,#2583,.T.);
#8591=EDGE_CURVE('',#5121,#4761,#2152,.T.);
#8593=EDGE_CURVE('',#5119,#5121,#2175,.T.);
#8595=EDGE_CURVE('',#5563,#5119,#2188,.T.);
#8597=EDGE_CURVE('',#5562,#5563,#2090,.T.);
#8599=EDGE_CURVE('',#5369,#5562,#2391,.T.);
#8611=EDGE_CURVE('',#4823,#4765,#2099,.T.);
#8613=EDGE_CURVE('',#4760,#4823,#2103,.T.);
#8624=EDGE_CURVE('',#4825,#4767,#2108,.T.);
#8626=EDGE_CURVE('',#4823,#4825,#2113,.T.);
#8638=EDGE_CURVE('',#4769,#4827,#2131,.T.);
#8640=EDGE_CURVE('',#4825,#4827,#2121,.T.);
#8652=EDGE_CURVE('',#4813,#4827,#2144,.T.);
#8664=EDGE_CURVE('',#4815,#4817,#2162,.T.);
#8666=EDGE_CURVE('',#4827,#4817,#2139,.T.);
#8677=EDGE_CURVE('',#5116,#5121,#2148,.T.);
#8680=EDGE_CURVE('',#4761,#4821,#2579,.T.);
#8682=EDGE_CURVE('',#4819,#4821,#2157,.T.);
#8684=EDGE_CURVE('',#4819,#4817,#2595,.T.);
#8698=EDGE_CURVE('',#5117,#5119,#2192,.T.);
#8710=EDGE_CURVE('',#5570,#5571,#2180,.T.);
#8712=EDGE_CURVE('',#5570,#5563,#2184,.T.);
#8719=EDGE_CURVE('',#5583,#5567,#2554,.T.);
#8721=EDGE_CURVE('',#5581,#5583,#2209,.T.);
#8723=EDGE_CURVE('',#5527,#5581,#2239,.T.);
#8725=EDGE_CURVE('',#5526,#5527,#2213,.T.);
#8727=EDGE_CURVE('',#5523,#5526,#2278,.T.);
#8729=EDGE_CURVE('',#5523,#5521,#2217,.T.);
#8731=EDGE_CURVE('',#5571,#5521,#2225,.T.);
#8742=EDGE_CURVE('',#5571,#5573,#2221,.T.);
#8744=EDGE_CURVE('',#5573,#5575,#2288,.T.);
#8746=EDGE_CURVE('',#5570,#5575,#2571,.T.);
#8758=EDGE_CURVE('',#5519,#5521,#2230,.T.);
#8760=EDGE_CURVE('',#5529,#5519,#2274,.T.);
#8762=EDGE_CURVE('',#5527,#5529,#2235,.T.);
#8765=EDGE_CURVE('',#5581,#5579,#2243,.T.);
#8767=EDGE_CURVE('',#5579,#5535,#2247,.T.);
#8769=EDGE_CURVE('',#5539,#5535,#2424,.T.);
#8771=EDGE_CURVE('',#5557,#5539,#2414,.T.);
#8773=EDGE_CURVE('',#5559,#5557,#2396,.T.);
#8775=EDGE_CURVE('',#5559,#5573,#2251,.T.);
#8785=EDGE_CURVE('',#5518,#5519,#2260,.T.);
#8789=EDGE_CURVE('',#5523,#5518,#2256,.T.);
#8800=EDGE_CURVE('',#5518,#5531,#2265,.T.);
#8802=EDGE_CURVE('',#5531,#5529,#2269,.T.);
#8814=EDGE_CURVE('',#5531,#5526,#2283,.T.);
#8838=EDGE_CURVE('',#5578,#5579,#2371,.T.);
#8842=EDGE_CURVE('',#5583,#5578,#2550,.T.);
#8854=EDGE_CURVE('',#5559,#5555,#2292,.T.);
#8856=EDGE_CURVE('',#5555,#5553,#2303,.T.);
#8858=EDGE_CURVE('',#5553,#5551,#2310,.T.);
#8860=EDGE_CURVE('',#5551,#5549,#2325,.T.);
#8862=EDGE_CURVE('',#5549,#5545,#2329,.T.);
#8864=EDGE_CURVE('',#5545,#5543,#2344,.T.);
#8866=EDGE_CURVE('',#5543,#5541,#2351,.T.);
#8868=EDGE_CURVE('',#5541,#5534,#2362,.T.);
#8870=EDGE_CURVE('',#5534,#5535,#2366,.T.);
#8874=EDGE_CURVE('',#5566,#5578,#2562,.T.);
#8878=EDGE_CURVE('',#5459,#5455,#2383,.T.);
#8882=EDGE_CURVE('',#5575,#5562,#2575,.T.);
#8892=EDGE_CURVE('',#5557,#5554,#2409,.T.);
#8894=EDGE_CURVE('',#5554,#5555,#2546,.T.);
#8906=EDGE_CURVE('',#5538,#5539,#2400,.T.);
#8908=EDGE_CURVE('',#5554,#5538,#2405,.T.);
#8921=EDGE_CURVE('',#5538,#5534,#2419,.T.);
#8959=EDGE_CURVE('',#5540,#5538,#2441,.T.);
#8963=EDGE_CURVE('',#5540,#5541,#2430,.T.);
#8974=EDGE_CURVE('',#5552,#5540,#2476,.T.);
#8976=EDGE_CURVE('',#5554,#5552,#2452,.T.);
#8987=EDGE_CURVE('',#5542,#5540,#2459,.T.);
#8989=EDGE_CURVE('',#5542,#5550,#2464,.T.);
#8991=EDGE_CURVE('',#5552,#5550,#2471,.T.);
#9033=EDGE_CURVE('',#5542,#5543,#2481,.T.);
#9081=EDGE_CURVE('',#5544,#5542,#2501,.T.);
#9085=EDGE_CURVE('',#5544,#5545,#2486,.T.);
#9096=EDGE_CURVE('',#5544,#5547,#2525,.T.);
#9098=EDGE_CURVE('',#5550,#5547,#2516,.T.);
#9109=EDGE_CURVE('',#5547,#5544,#2520,.T.);
#9123=EDGE_CURVE('',#5547,#5549,#2530,.T.);
#9174=EDGE_CURVE('',#5550,#5551,#2536,.T.);
#9215=EDGE_CURVE('',#5552,#5553,#2541,.T.);
#9300=EDGE_CURVE('',#4823,#4821,#2587,.T.);
#9313=EDGE_CURVE('',#4825,#4819,#2591,.T.);
#9337=EDGE_CURVE('',#5471,#5467,#2605,.T.);
#9341=EDGE_CURVE('',#5471,#5473,#2600,.T.);
#9352=EDGE_CURVE('',#5360,#5471,#2677,.T.);
#9364=EDGE_CURVE('',#5420,#5421,#2609,.T.);
#9366=EDGE_CURVE('',#5407,#5420,#2613,.T.);
#9369=EDGE_CURVE('',#5406,#5421,#2617,.T.);
#9379=EDGE_CURVE('',#5427,#5423,#2621,.T.);
#9381=EDGE_CURVE('',#5399,#5427,#2625,.T.);
#9384=EDGE_CURVE('',#5398,#5423,#2629,.T.);
#9394=EDGE_CURVE('',#5432,#5429,#2633,.T.);
#9396=EDGE_CURVE('',#5391,#5432,#2637,.T.);
#9399=EDGE_CURVE('',#5390,#5429,#2641,.T.);
#9409=EDGE_CURVE('',#5433,#5436,#2645,.T.);
#9411=EDGE_CURVE('',#5383,#5433,#2649,.T.);
#9414=EDGE_CURVE('',#5382,#5436,#2653,.T.);
#9424=EDGE_CURVE('',#5444,#5445,#2657,.T.);
#9428=EDGE_CURVE('',#5413,#5445,#2665,.T.);
#9438=EDGE_CURVE('',#5474,#5471,#2669,.T.);
#9440=EDGE_CURVE('',#5375,#5474,#2673,.T.);
#9453=EDGE_CURVE('',#5416,#5420,#2683,.T.);
#9456=EDGE_CURVE('',#5421,#5417,#2791,.T.);
#9469=EDGE_CURVE('',#5483,#5479,#2695,.T.);
#9471=EDGE_CURVE('',#5410,#5483,#2721,.T.);
#9483=EDGE_CURVE('',#5478,#5482,#2691,.T.);
#9485=EDGE_CURVE('',#5482,#5483,#2713,.T.);
#9498=EDGE_CURVE('',#5411,#5482,#2717,.T.);
#9502=EDGE_CURVE('',#5445,#5441,#2709,.T.);
#9524=EDGE_CURVE('',#5490,#5491,#2725,.T.);
#9526=EDGE_CURVE('',#5403,#5490,#2729,.T.);
#9529=EDGE_CURVE('',#5402,#5491,#2733,.T.);
#9539=EDGE_CURVE('',#5498,#5499,#2737,.T.);
#9541=EDGE_CURVE('',#5395,#5498,#2741,.T.);
#9544=EDGE_CURVE('',#5394,#5499,#2745,.T.);
#9554=EDGE_CURVE('',#5506,#5507,#2749,.T.);
#9556=EDGE_CURVE('',#5387,#5506,#2753,.T.);
#9559=EDGE_CURVE('',#5386,#5507,#2757,.T.);
#9569=EDGE_CURVE('',#5514,#5515,#2761,.T.);
#9571=EDGE_CURVE('',#5379,#5514,#2765,.T.);
#9574=EDGE_CURVE('',#5378,#5515,#2769,.T.);
#9585=EDGE_CURVE('',#5486,#5490,#2773,.T.);
#9588=EDGE_CURVE('',#5491,#5487,#2777,.T.);
#9613=EDGE_CURVE('',#5425,#5427,#2797,.T.);
#9627=EDGE_CURVE('',#5422,#5423,#2807,.T.);
#9644=EDGE_CURVE('',#5494,#5498,#2815,.T.);
#9658=EDGE_CURVE('',#5499,#5495,#2819,.T.);
#9668=EDGE_CURVE('',#5432,#5431,#2825,.T.);
#9683=EDGE_CURVE('',#5428,#5429,#2835,.T.);
#9700=EDGE_CURVE('',#5502,#5506,#2847,.T.);
#9714=EDGE_CURVE('',#5507,#5503,#2851,.T.);
#9724=EDGE_CURVE('',#5433,#5434,#2857,.T.);
#9741=EDGE_CURVE('',#5437,#5436,#2867,.T.);
#9756=EDGE_CURVE('',#5510,#5514,#2879,.T.);
#9770=EDGE_CURVE('',#5515,#5511,#2883,.T.);
#9780=EDGE_CURVE('',#5474,#5475,#2889,.T.);
#9820=EDGE_CURVE('',#4809,#4787,#2902,.T.);
#9822=EDGE_CURVE('',#4809,#4783,#2927,.T.);
#9833=EDGE_CURVE('',#4809,#4801,#2910,.T.);
#9837=EDGE_CURVE('',#4801,#4789,#2918,.T.);
#9847=EDGE_CURVE('',#4805,#4809,#2932,.T.);
#9850=EDGE_CURVE('',#4801,#4803,#2959,.T.);
#9852=EDGE_CURVE('',#4805,#4803,#2922,.T.);
#9865=EDGE_CURVE('',#4805,#4781,#2941,.T.);
#9877=EDGE_CURVE('',#4807,#4805,#2945,.T.);
#9879=EDGE_CURVE('',#4807,#4779,#3050,.T.);
#9890=EDGE_CURVE('',#4799,#4803,#2949,.T.);
#9892=EDGE_CURVE('',#4799,#4807,#2979,.T.);
#9903=EDGE_CURVE('',#4799,#4655,#2954,.T.);
#9909=EDGE_CURVE('',#4649,#4791,#2967,.T.);
#9912=EDGE_CURVE('',#4655,#4613,#2975,.T.);
#9924=EDGE_CURVE('',#4657,#4655,#2983,.T.);
#9926=EDGE_CURVE('',#4807,#4657,#2988,.T.);
#9936=EDGE_CURVE('',#4652,#4653,#2996,.T.);
#9938=EDGE_CURVE('',#4653,#4657,#3045,.T.);
#9953=EDGE_CURVE('',#4659,#4661,#3000,.T.);
#9955=EDGE_CURVE('',#4661,#4653,#3037,.T.);
#9968=EDGE_CURVE('',#4665,#4663,#3009,.T.);
#9970=EDGE_CURVE('',#4663,#4661,#3027,.T.);
#9980=EDGE_CURVE('',#4663,#4811,#3005,.T.);
#9994=EDGE_CURVE('',#4663,#4773,#3014,.T.);
#10007=EDGE_CURVE('',#4661,#4775,#3023,.T.);
#10020=EDGE_CURVE('',#4653,#4777,#3032,.T.);
#10033=EDGE_CURVE('',#4779,#4657,#3055,.T.);
#10059=EDGE_CURVE('',#4647,#4793,#3059,.T.);
#10071=EDGE_CURVE('',#4645,#4795,#3067,.T.);
#10095=EDGE_CURVE('',#4727,#4629,#3095,.T.);
#10099=EDGE_CURVE('',#4725,#4678,#3087,.T.);
#10112=EDGE_CURVE('',#4729,#4627,#3103,.T.);
#10125=EDGE_CURVE('',#4731,#4624,#3119,.T.);
#10136=EDGE_CURVE('',#4625,#4721,#3111,.T.);
#10150=EDGE_CURVE('',#4723,#4681,#3131,.T.);
#10153=EDGE_CURVE('',#4625,#4683,#3127,.T.);
#10175=EDGE_CURVE('',#5239,#5224,#3135,.T.);
#10188=EDGE_CURVE('',#5241,#5229,#3151,.T.);
#10191=EDGE_CURVE('',#5243,#5232,#3159,.T.);
#10202=EDGE_CURVE('',#5245,#5237,#3167,.T.);
#10215=EDGE_CURVE('',#5272,#5273,#3179,.T.);
#10218=EDGE_CURVE('',#5192,#5225,#3203,.T.);
#10223=EDGE_CURVE('',#5273,#5255,#3183,.T.);
#10234=EDGE_CURVE('',#5275,#5273,#3187,.T.);
#10236=EDGE_CURVE('',#5275,#5277,#3195,.T.);
#10250=EDGE_CURVE('',#5275,#5257,#3191,.T.);
#10265=EDGE_CURVE('',#5193,#5227,#3199,.T.);
#10288=EDGE_CURVE('',#5264,#5265,#3207,.T.);
#10291=EDGE_CURVE('',#5196,#5233,#3231,.T.);
#10296=EDGE_CURVE('',#5265,#5261,#3211,.T.);
#10307=EDGE_CURVE('',#5267,#5265,#3215,.T.);
#10309=EDGE_CURVE('',#5267,#5269,#3223,.T.);
#10323=EDGE_CURVE('',#5267,#5260,#3219,.T.);
#10338=EDGE_CURVE('',#5197,#5235,#3227,.T.);
#10362=EDGE_CURVE('',#4711,#4689,#3247,.T.);
#10366=EDGE_CURVE('',#4617,#4710,#3255,.T.);
#10401=EDGE_CURVE('',#5605,#4695,#3267,.T.);
#10403=EDGE_CURVE('',#5605,#5654,#3490,.T.);
#10405=EDGE_CURVE('',#4694,#5654,#3271,.T.);
#10415=EDGE_CURVE('',#5614,#5615,#3519,.T.);
#10417=EDGE_CURVE('',#5615,#4843,#4256,.T.);
#10419=EDGE_CURVE('',#4842,#4843,#3275,.T.);
#10421=EDGE_CURVE('',#4842,#5610,#4222,.T.);
#10423=EDGE_CURVE('',#5610,#5611,#3469,.T.);
#10425=EDGE_CURVE('',#5611,#4831,#4202,.T.);
#10427=EDGE_CURVE('',#4830,#4831,#3279,.T.);
#10429=EDGE_CURVE('',#4830,#5607,#3565,.T.);
#10431=EDGE_CURVE('',#5607,#5605,#3494,.T.);
#10435=EDGE_CURVE('',#4697,#5602,#4375,.T.);
#10437=EDGE_CURVE('',#5602,#5603,#3439,.T.);
#10439=EDGE_CURVE('',#5603,#4839,#4310,.T.);
#10441=EDGE_CURVE('',#4838,#4839,#3287,.T.);
#10443=EDGE_CURVE('',#4838,#5614,#4272,.T.);
#10453=EDGE_CURVE('',#5711,#5623,#3291,.T.);
#10455=EDGE_CURVE('',#5622,#5623,#3295,.T.);
#10457=EDGE_CURVE('',#5622,#5755,#3299,.T.);
#10459=EDGE_CURVE('',#5755,#5711,#3303,.T.);
#10469=EDGE_CURVE('',#5763,#5627,#3307,.T.);
#10471=EDGE_CURVE('',#5626,#5627,#3311,.T.);
#10473=EDGE_CURVE('',#5629,#5626,#3316,.T.);
#10475=EDGE_CURVE('',#5639,#5629,#3320,.T.);
#10477=EDGE_CURVE('',#5639,#5767,#3324,.T.);
#10479=EDGE_CURVE('',#5767,#5686,#3328,.T.);
#10481=EDGE_CURVE('',#5686,#5687,#3333,.T.);
#10483=EDGE_CURVE('',#5687,#5763,#3337,.T.);
#10493=EDGE_CURVE('',#5771,#5643,#3341,.T.);
#10495=EDGE_CURVE('',#5642,#5643,#3345,.T.);
#10497=EDGE_CURVE('',#5642,#5775,#3349,.T.);
#10499=EDGE_CURVE('',#5775,#5771,#3353,.T.);
#10509=EDGE_CURVE('',#5779,#5647,#3357,.T.);
#10511=EDGE_CURVE('',#5646,#5647,#3361,.T.);
#10513=EDGE_CURVE('',#5646,#5735,#3365,.T.);
#10515=EDGE_CURVE('',#5735,#5779,#3369,.T.);
#10525=EDGE_CURVE('',#5731,#5633,#3373,.T.);
#10527=EDGE_CURVE('',#5632,#5633,#3377,.T.);
#10529=EDGE_CURVE('',#5632,#5739,#3381,.T.);
#10531=EDGE_CURVE('',#5739,#5731,#3385,.T.);
#10541=EDGE_CURVE('',#5743,#5637,#3389,.T.);
#10543=EDGE_CURVE('',#5636,#5637,#3393,.T.);
#10545=EDGE_CURVE('',#5650,#5636,#3398,.T.);
#10547=EDGE_CURVE('',#5650,#5651,#3603,.T.);
#10549=EDGE_CURVE('',#5651,#5751,#3402,.T.);
#10551=EDGE_CURVE('',#5751,#5682,#3406,.T.);
#10553=EDGE_CURVE('',#5682,#5683,#3411,.T.);
#10555=EDGE_CURVE('',#5683,#5743,#3415,.T.);
#10565=EDGE_CURVE('',#5759,#5659,#3419,.T.);
#10567=EDGE_CURVE('',#5658,#5659,#3423,.T.);
#10569=EDGE_CURVE('',#5658,#5715,#3427,.T.);
#10571=EDGE_CURVE('',#5715,#5759,#3431,.T.);
#10581=EDGE_CURVE('',#5723,#5603,#3435,.T.);
#10584=EDGE_CURVE('',#5618,#5602,#3444,.T.);
#10586=EDGE_CURVE('',#5618,#5619,#4359,.T.);
#10588=EDGE_CURVE('',#5619,#5719,#3448,.T.);
#10590=EDGE_CURVE('',#5719,#5690,#3452,.T.);
#10592=EDGE_CURVE('',#5690,#5691,#3457,.T.);
#10594=EDGE_CURVE('',#5691,#5723,#3461,.T.);
#10604=EDGE_CURVE('',#5699,#5611,#3465,.T.);
#10607=EDGE_CURVE('',#5610,#5707,#3473,.T.);
#10609=EDGE_CURVE('',#5707,#5699,#3477,.T.);
#10619=EDGE_CURVE('',#5747,#5655,#3481,.T.);
#10621=EDGE_CURVE('',#5654,#5655,#3485,.T.);
#10625=EDGE_CURVE('',#5607,#5695,#3498,.T.);
#10627=EDGE_CURVE('',#5678,#5695,#4189,.T.);
#10629=EDGE_CURVE('',#5678,#5679,#3503,.T.);
#10631=EDGE_CURVE('',#5747,#5679,#4173,.T.);
#10641=EDGE_CURVE('',#5614,#5727,#3507,.T.);
#10643=EDGE_CURVE('',#5727,#5703,#3511,.T.);
#10645=EDGE_CURVE('',#5703,#5615,#3515,.T.);
#10656=EDGE_CURVE('',#5881,#5860,#3523,.T.);
#10658=EDGE_CURVE('',#5860,#4835,#3528,.T.);
#10660=EDGE_CURVE('',#5623,#4835,#3532,.T.);
#10663=EDGE_CURVE('',#5710,#5711,#3536,.T.);
#10665=EDGE_CURVE('',#5714,#5710,#3540,.T.);
#10667=EDGE_CURVE('',#5714,#5715,#3544,.T.);
#10670=EDGE_CURVE('',#4870,#5658,#3548,.T.);
#10672=EDGE_CURVE('',#4870,#5881,#3553,.T.);
#10682=EDGE_CURVE('',#5854,#5855,#3557,.T.);
#10684=EDGE_CURVE('',#5857,#5854,#4210,.T.);
#10686=EDGE_CURVE('',#5857,#5879,#4193,.T.);
#10688=EDGE_CURVE('',#5879,#5877,#4239,.T.);
#10690=EDGE_CURVE('',#5875,#5877,#4214,.T.);
#10692=EDGE_CURVE('',#5873,#5875,#4243,.T.);
#10694=EDGE_CURVE('',#5873,#5871,#4247,.T.);
#10696=EDGE_CURVE('',#5871,#5869,#4293,.T.);
#10698=EDGE_CURVE('',#5867,#5869,#4264,.T.);
#10700=EDGE_CURVE('',#5865,#5867,#4297,.T.);
#10702=EDGE_CURVE('',#5865,#5863,#4301,.T.);
#10704=EDGE_CURVE('',#5863,#5861,#4330,.T.);
#10706=EDGE_CURVE('',#5860,#5861,#4371,.T.);
#10709=EDGE_CURVE('',#5907,#5881,#3599,.T.);
#10711=EDGE_CURVE('',#5907,#5855,#3574,.T.);
#10721=EDGE_CURVE('',#5884,#5885,#3686,.T.);
#10723=EDGE_CURVE('',#5905,#5884,#3682,.T.);
#10725=EDGE_CURVE('',#5905,#5903,#3661,.T.);
#10727=EDGE_CURVE('',#5901,#5903,#3657,.T.);
#10729=EDGE_CURVE('',#5899,#5901,#3640,.T.);
#10731=EDGE_CURVE('',#5897,#5899,#3619,.T.);
#10733=EDGE_CURVE('',#5895,#5897,#3901,.T.);
#10735=EDGE_CURVE('',#5895,#5893,#3867,.T.);
#10737=EDGE_CURVE('',#5892,#5893,#3863,.T.);
#10739=EDGE_CURVE('',#5909,#5892,#3842,.T.);
#10741=EDGE_CURVE('',#5909,#5911,#3825,.T.);
#10743=EDGE_CURVE('',#5913,#5911,#3821,.T.);
#10745=EDGE_CURVE('',#5915,#5913,#3808,.T.);
#10747=EDGE_CURVE('',#5918,#5915,#3804,.T.);
#10749=EDGE_CURVE('',#5918,#5919,#3779,.T.);
#10751=EDGE_CURVE('',#5921,#5919,#3775,.T.);
#10753=EDGE_CURVE('',#5923,#5921,#3762,.T.);
#10755=EDGE_CURVE('',#5888,#5923,#3750,.T.);
#10757=EDGE_CURVE('',#5888,#5889,#3720,.T.);
#10759=EDGE_CURVE('',#5885,#5889,#3716,.T.);
#10770=EDGE_CURVE('',#5781,#5855,#3595,.T.);
#10772=EDGE_CURVE('',#5781,#5694,#3946,.T.);
#10774=EDGE_CURVE('',#5694,#5695,#3561,.T.);
#10778=EDGE_CURVE('',#4830,#5854,#3570,.T.);
#10789=EDGE_CURVE('',#5907,#4871,#3579,.T.);
#10791=EDGE_CURVE('',#5655,#4871,#3583,.T.);
#10794=EDGE_CURVE('',#5746,#5747,#3587,.T.);
#10796=EDGE_CURVE('',#5781,#5746,#3591,.T.);
#10809=EDGE_CURVE('',#4870,#4871,#3611,.T.);
#10820=EDGE_CURVE('',#4858,#5651,#3631,.T.);
#10823=EDGE_CURVE('',#5650,#4707,#4443,.T.);
#10832=EDGE_CURVE('',#5659,#4859,#3876,.T.);
#10834=EDGE_CURVE('',#4858,#4859,#3615,.T.);
#10845=EDGE_CURVE('',#5899,#5785,#3623,.T.);
#10847=EDGE_CURVE('',#5785,#5750,#4016,.T.);
#10849=EDGE_CURVE('',#5750,#5751,#3627,.T.);
#10853=EDGE_CURVE('',#4858,#5897,#3636,.T.);
#10864=EDGE_CURVE('',#5901,#4863,#3645,.T.);
#10866=EDGE_CURVE('',#5637,#4863,#4423,.T.);
#10869=EDGE_CURVE('',#5742,#5743,#3649,.T.);
#10871=EDGE_CURVE('',#5785,#5742,#3653,.T.);
#10883=EDGE_CURVE('',#4862,#5903,#3670,.T.);
#10885=EDGE_CURVE('',#4862,#4863,#4427,.T.);
#10897=EDGE_CURVE('',#4867,#5905,#3678,.T.);
#10899=EDGE_CURVE('',#4867,#5738,#4024,.T.);
#10901=EDGE_CURVE('',#5738,#5739,#3665,.T.);
#10904=EDGE_CURVE('',#4862,#5632,#4431,.T.);
#10915=EDGE_CURVE('',#5884,#4866,#3674,.T.);
#10917=EDGE_CURVE('',#4866,#4867,#4028,.T.);
#10930=EDGE_CURVE('',#5156,#5885,#3691,.T.);
#10932=EDGE_CURVE('',#5161,#5156,#3695,.T.);
#10934=EDGE_CURVE('',#5160,#5161,#3700,.T.);
#10936=EDGE_CURVE('',#5160,#5633,#3704,.T.);
#10939=EDGE_CURVE('',#5730,#5731,#3708,.T.);
#10941=EDGE_CURVE('',#4866,#5730,#3712,.T.);
#10953=EDGE_CURVE('',#5889,#5157,#3742,.T.);
#10955=EDGE_CURVE('',#5156,#5157,#4435,.T.);
#10967=EDGE_CURVE('',#4878,#5888,#3746,.T.);
#10969=EDGE_CURVE('',#5734,#4878,#3724,.T.);
#10971=EDGE_CURVE('',#5734,#5735,#3728,.T.);
#10974=EDGE_CURVE('',#5165,#5646,#4387,.T.);
#10976=EDGE_CURVE('',#5163,#5165,#3733,.T.);
#10978=EDGE_CURVE('',#5157,#5163,#3737,.T.);
#10991=EDGE_CURVE('',#5923,#4879,#3754,.T.);
#10993=EDGE_CURVE('',#4878,#4879,#3758,.T.);
#11004=EDGE_CURVE('',#5921,#4887,#3767,.T.);
#11006=EDGE_CURVE('',#5647,#4887,#4391,.T.);
#11009=EDGE_CURVE('',#5778,#5779,#3771,.T.);
#11011=EDGE_CURVE('',#5778,#4879,#4032,.T.);
#11023=EDGE_CURVE('',#4886,#5919,#3788,.T.);
#11025=EDGE_CURVE('',#4886,#4887,#4395,.T.);
#11037=EDGE_CURVE('',#4874,#5918,#3800,.T.);
#11039=EDGE_CURVE('',#4874,#5774,#4048,.T.);
#11041=EDGE_CURVE('',#5774,#5775,#3783,.T.);
#11044=EDGE_CURVE('',#4886,#5642,#4399,.T.);
#11055=EDGE_CURVE('',#5915,#4875,#3792,.T.);
#11057=EDGE_CURVE('',#4874,#4875,#3796,.T.);
#11070=EDGE_CURVE('',#5913,#4883,#3813,.T.);
#11072=EDGE_CURVE('',#5643,#4883,#4403,.T.);
#11075=EDGE_CURVE('',#5770,#5771,#3817,.T.);
#11077=EDGE_CURVE('',#5770,#4875,#4040,.T.);
#11089=EDGE_CURVE('',#4882,#5911,#3838,.T.);
#11091=EDGE_CURVE('',#4882,#4883,#4407,.T.);
#11103=EDGE_CURVE('',#5909,#5787,#3829,.T.);
#11105=EDGE_CURVE('',#5787,#5766,#4065,.T.);
#11107=EDGE_CURVE('',#5766,#5767,#3833,.T.);
#11110=EDGE_CURVE('',#4882,#5639,#4411,.T.);
#11122=EDGE_CURVE('',#5892,#4855,#3847,.T.);
#11124=EDGE_CURVE('',#5627,#4855,#3851,.T.);
#11127=EDGE_CURVE('',#5762,#5763,#3855,.T.);
#11129=EDGE_CURVE('',#5787,#5762,#3859,.T.);
#11141=EDGE_CURVE('',#4854,#5893,#3897,.T.);
#11143=EDGE_CURVE('',#4854,#4855,#4351,.T.);
#11155=EDGE_CURVE('',#5895,#4859,#3872,.T.);
#11159=EDGE_CURVE('',#5758,#5759,#3880,.T.);
#11161=EDGE_CURVE('',#5754,#5758,#3884,.T.);
#11163=EDGE_CURVE('',#5754,#5755,#3888,.T.);
#11166=EDGE_CURVE('',#4854,#5622,#3892,.T.);
#11190=EDGE_CURVE('',#5714,#5758,#3999,.T.);
#11202=EDGE_CURVE('',#5822,#5823,#3906,.T.);
#11204=EDGE_CURVE('',#5835,#5822,#3910,.T.);
#11206=EDGE_CURVE('',#5833,#5835,#3915,.T.);
#11208=EDGE_CURVE('',#5831,#5833,#3919,.T.);
#11210=EDGE_CURVE('',#5829,#5831,#3924,.T.);
#11212=EDGE_CURVE('',#5827,#5829,#3928,.T.);
#11214=EDGE_CURVE('',#5825,#5827,#3933,.T.);
#11216=EDGE_CURVE('',#5823,#5825,#3937,.T.);
#11221=EDGE_CURVE('',#5663,#5746,#4169,.T.);
#11223=EDGE_CURVE('',#5662,#5663,#3942,.T.);
#11225=EDGE_CURVE('',#5694,#5662,#4185,.T.);
#11230=EDGE_CURVE('',#5698,#4846,#3950,.T.);
#11232=EDGE_CURVE('',#5706,#5698,#3954,.T.);
#11234=EDGE_CURVE('',#4847,#5706,#3958,.T.);
#11236=EDGE_CURVE('',#4846,#4847,#3962,.T.);
#11240=EDGE_CURVE('',#5702,#4851,#3966,.T.);
#11242=EDGE_CURVE('',#5726,#5702,#3970,.T.);
#11244=EDGE_CURVE('',#4850,#5726,#3974,.T.);
#11246=EDGE_CURVE('',#4850,#4851,#4285,.T.);
#11250=EDGE_CURVE('',#5722,#5783,#3978,.T.);
#11252=EDGE_CURVE('',#5675,#5722,#3982,.T.);
#11254=EDGE_CURVE('',#5674,#5675,#3987,.T.);
#11256=EDGE_CURVE('',#5718,#5674,#3991,.T.);
#11258=EDGE_CURVE('',#5718,#5783,#4334,.T.);
#11263=EDGE_CURVE('',#5754,#5710,#3995,.T.);
#11270=EDGE_CURVE('',#5667,#5742,#4003,.T.);
#11272=EDGE_CURVE('',#5666,#5667,#4008,.T.);
#11274=EDGE_CURVE('',#5750,#5666,#4012,.T.);
#11280=EDGE_CURVE('',#5738,#5730,#4020,.T.);
#11287=EDGE_CURVE('',#5734,#5778,#4036,.T.);
#11294=EDGE_CURVE('',#5774,#5770,#4044,.T.);
#11301=EDGE_CURVE('',#5671,#5762,#4052,.T.);
#11303=EDGE_CURVE('',#5670,#5671,#4057,.T.);
#11305=EDGE_CURVE('',#5766,#5670,#4061,.T.);
#11316=EDGE_CURVE('',#5841,#5843,#4074,.T.);
#11318=EDGE_CURVE('',#5841,#5822,#4069,.T.);
#11321=EDGE_CURVE('',#5843,#5823,#4090,.T.);
#11332=EDGE_CURVE('',#5595,#5843,#4078,.T.);
#11335=EDGE_CURVE('',#5597,#5841,#4161,.T.);
#11345=EDGE_CURVE('',#5845,#5843,#4082,.T.);
#11347=EDGE_CURVE('',#5593,#5845,#4086,.T.);
#11362=EDGE_CURVE('',#5845,#5825,#4094,.T.);
#11372=EDGE_CURVE('',#5845,#5847,#4099,.T.);
#11376=EDGE_CURVE('',#5847,#5827,#4115,.T.);
#11387=EDGE_CURVE('',#5591,#5847,#4103,.T.);
#11399=EDGE_CURVE('',#5849,#5847,#4107,.T.);
#11401=EDGE_CURVE('',#5589,#5849,#4111,.T.);
#11416=EDGE_CURVE('',#5849,#5829,#4119,.T.);
#11426=EDGE_CURVE('',#5849,#5851,#4124,.T.);
#11430=EDGE_CURVE('',#5851,#5831,#4140,.T.);
#11441=EDGE_CURVE('',#5587,#5851,#4128,.T.);
#11453=EDGE_CURVE('',#5838,#5851,#4132,.T.);
#11455=EDGE_CURVE('',#5586,#5838,#4136,.T.);
#11470=EDGE_CURVE('',#5838,#5833,#4144,.T.);
#11480=EDGE_CURVE('',#5838,#5839,#4149,.T.);
#11484=EDGE_CURVE('',#5839,#5835,#4165,.T.);
#11495=EDGE_CURVE('',#5599,#5839,#4153,.T.);
#11507=EDGE_CURVE('',#5841,#5839,#4157,.T.);
#11535=EDGE_CURVE('',#5663,#5679,#4177,.T.);
#11548=EDGE_CURVE('',#5662,#5678,#4181,.T.);
#11571=EDGE_CURVE('',#5857,#4831,#4198,.T.);
#11575=EDGE_CURVE('',#5698,#5699,#4206,.T.);
#11578=EDGE_CURVE('',#5879,#4846,#4231,.T.);
#11602=EDGE_CURVE('',#5706,#5707,#4218,.T.);
#11614=EDGE_CURVE('',#4847,#5877,#4235,.T.);
#11620=EDGE_CURVE('',#4842,#5875,#4227,.T.);
#11645=EDGE_CURVE('',#5873,#4843,#4252,.T.);
#11659=EDGE_CURVE('',#5702,#5703,#4260,.T.);
#11662=EDGE_CURVE('',#5871,#4851,#4281,.T.);
#11674=EDGE_CURVE('',#5726,#5727,#4268,.T.);
#11686=EDGE_CURVE('',#4850,#5869,#4289,.T.);
#11692=EDGE_CURVE('',#4838,#5867,#4277,.T.);
#11717=EDGE_CURVE('',#5865,#4839,#4306,.T.);
#11731=EDGE_CURVE('',#5722,#5723,#4314,.T.);
#11734=EDGE_CURVE('',#5783,#5863,#4318,.T.);
#11746=EDGE_CURVE('',#5675,#5691,#4322,.T.);
#11760=EDGE_CURVE('',#5674,#5690,#4326,.T.);
#11770=EDGE_CURVE('',#5718,#5719,#4338,.T.);
#11788=EDGE_CURVE('',#4834,#5619,#4342,.T.);
#11790=EDGE_CURVE('',#4834,#5861,#4347,.T.);
#11805=EDGE_CURVE('',#4834,#4835,#4355,.T.);
#11809=EDGE_CURVE('',#4699,#5618,#4363,.T.);
#11812=EDGE_CURVE('',#4701,#5626,#4379,.T.);
#11848=EDGE_CURVE('',#4703,#5629,#4415,.T.);
#11860=EDGE_CURVE('',#5165,#5160,#4383,.T.);
#11874=EDGE_CURVE('',#4705,#5636,#4447,.T.);
#11891=EDGE_CURVE('',#5163,#5161,#4439,.T.);
#11941=EDGE_CURVE('',#5667,#5683,#4451,.T.);
#11955=EDGE_CURVE('',#5666,#5682,#4455,.T.);
#12015=EDGE_CURVE('',#5671,#5687,#4459,.T.);
#12029=EDGE_CURVE('',#5670,#5686,#4463,.T.);
#12051=EDGE_CURVE('',#5357,#5332,#4467,.T.);
#12053=EDGE_CURVE('',#5153,#5332,#4471,.T.);
#12056=EDGE_CURVE('',#5152,#5357,#4475,.T.);
#12067=EDGE_CURVE('',#5328,#5332,#4485,.T.);
#12070=EDGE_CURVE('',#5355,#5357,#4480,.T.);
#12081=EDGE_CURVE('',#5329,#5333,#4490,.T.);
#12083=EDGE_CURVE('',#5332,#5333,#4576,.T.);
#12095=EDGE_CURVE('',#5335,#5337,#4495,.T.);
#12097=EDGE_CURVE('',#5333,#5337,#4567,.T.);
#12109=EDGE_CURVE('',#5339,#5341,#4500,.T.);
#12111=EDGE_CURVE('',#5337,#5341,#4559,.T.);
#12123=EDGE_CURVE('',#5343,#5345,#4505,.T.);
#12125=EDGE_CURVE('',#5341,#5345,#4550,.T.);
#12137=EDGE_CURVE('',#5347,#5349,#4510,.T.);
#12139=EDGE_CURVE('',#5345,#5349,#4542,.T.);
#12151=EDGE_CURVE('',#5351,#5353,#4515,.T.);
#12153=EDGE_CURVE('',#5349,#5353,#4529,.T.);
#12166=EDGE_CURVE('',#5353,#5357,#4520,.T.);
#12180=EDGE_CURVE('',#5149,#5353,#4533,.T.);
#12193=EDGE_CURVE('',#5137,#5349,#4537,.T.);
#12206=EDGE_CURVE('',#5135,#5345,#4546,.T.);
#12219=EDGE_CURVE('',#5133,#5341,#4554,.T.);
#12232=EDGE_CURVE('',#5132,#5337,#4563,.T.);
#12245=EDGE_CURVE('',#5147,#5333,#4571,.T.);
#12286=CLOSED_SHELL('',(#5941,#5967,#5993,#6019,#6044,#6061,#6075,#6089,#6231,
#6246,#6268,#6283,#6306,#6321,#6336,#6350,#6371,#6442,#6456,#6470,#6609,#6626,
#6641,#6657,#6671,#6687,#6705,#6723,#6741,#6758,#6773,#6788,#6801,#6818,#6833,
#6848,#6861,#6875,#6887,#6901,#6913,#6927,#6939,#6953,#6965,#6982,#6997,#7012,
#7025,#7040,#7054,#7068,#7082,#7096,#7110,#7124,#7137,#7152,#7166,#7180,#7194,
#7208,#7222,#7236,#7249,#7413,#7433,#7448,#7461,#7479,#7492,#7505,#7519,#7533,
#7548,#7560,#7573,#7586,#7598,#7617,#7632,#7645,#7662,#7675,#7688,#7700,#7716,
#7732,#7748,#7764,#7780,#7796,#7812,#7828,#7840,#7855,#7872,#7885,#7901,#7913,
#7928,#7946,#7959,#7976,#7988,#8002,#8016,#8029,#8042,#8060,#8074,#8087,#8103,
#8115,#8133,#8147,#8164,#8176,#8188,#8203,#8216,#8229,#8242,#8257,#8269,#8294,
#8307,#8320,#8338,#8352,#8365,#8381,#8393,#8411,#8425,#8442,#8454,#8466,#8484,
#8499,#8537,#8551,#8565,#8579,#8603,#8617,#8631,#8645,#8657,#8671,#8691,#8704,
#8735,#8750,#8779,#8793,#8807,#8820,#8832,#8846,#8886,#8900,#8914,#8927,#8967,
#8981,#8996,#9037,#9089,#9103,#9114,#9127,#9178,#9219,#9257,#9269,#9281,#9293,
#9306,#9319,#9331,#9345,#9358,#9373,#9388,#9403,#9418,#9432,#9446,#9460,#9476,
#9490,#9506,#9518,#9533,#9548,#9563,#9578,#9592,#9606,#9621,#9634,#9649,#9662,
#9677,#9690,#9705,#9718,#9733,#9746,#9761,#9774,#9789,#9801,#9813,#9827,#9841,
#9856,#9869,#9883,#9897,#9916,#9930,#9946,#9960,#9974,#9987,#10000,#10013,
#10026,#10039,#10050,#10063,#10076,#10088,#10103,#10116,#10129,#10142,#10157,
#10169,#10182,#10196,#10209,#10227,#10241,#10254,#10270,#10282,#10300,#10314,
#10327,#10343,#10355,#10370,#10382,#10394,#10409,#10447,#10463,#10487,#10503,
#10519,#10535,#10559,#10575,#10598,#10613,#10635,#10650,#10676,#10715,#10763,
#10782,#10801,#10814,#10838,#10857,#10876,#10890,#10909,#10923,#10946,#10960,
#10983,#10997,#11016,#11030,#11049,#11063,#11082,#11096,#11115,#11134,#11148,
#11171,#11183,#11196,#11310,#11325,#11339,#11353,#11366,#11380,#11393,#11407,
#11420,#11434,#11447,#11461,#11474,#11488,#11501,#11514,#11526,#11539,#11552,
#11564,#11582,#11594,#11607,#11624,#11636,#11649,#11666,#11679,#11696,#11708,
#11721,#11738,#11751,#11764,#11777,#11794,#11817,#11829,#11841,#11854,#11884,
#11897,#11909,#11921,#11933,#11946,#11959,#11971,#11983,#11995,#12007,#12020,
#12033,#12045,#12060,#12074,#12088,#12102,#12116,#12130,#12144,#12158,#12171,
#12184,#12197,#12210,#12223,#12236,#12249,#12261,#12273,#12285));
#12287=MANIFOLD_SOLID_BREP('',#12286);
#12288=(LENGTH_UNIT()NAMED_UNIT(*)SI_UNIT(.MILLI.,.METRE.));
#12290=(NAMED_UNIT(*)PLANE_ANGLE_UNIT()SI_UNIT($,.RADIAN.));
#12293=(NAMED_UNIT(*)SI_UNIT($,.STERADIAN.)SOLID_ANGLE_UNIT());
#12296=ADVANCED_BREP_SHAPE_REPRESENTATION('',(#12287),#12295);
#12303=PRODUCT_DEFINITION('design','',#12302,#12299);
#12304=PRODUCT_DEFINITION_SHAPE('','SHAPE FOR XIAKE.',#12303);
#12305=SHAPE_DEFINITION_REPRESENTATION(#12304,#12296);
ENDSEC;
END-ISO-10303-21;
