ISO-10303-21;
HEADER;
FILE_DESCRIPTION((''),'2;1');
FILE_NAME('SHANGKE','2025-09-17T15:11:47',('seeed'),(''),
'CREO PARAMETRIC BY PTC INC, 2021284','CREO PARAMETRIC BY PTC INC, 2021284','');
FILE_SCHEMA(('CONFIG_CONTROL_DESIGN'));
ENDSEC;
DATA;
#1=CARTESIAN_POINT('',(-3.989999601560E1,3.764842485543E-5,-3.024993812277E1));
#2=DIRECTION('',(0.E0,1.E0,-1.732870212380E-7));
#3=DIRECTION('',(-6.059272675598E-4,1.732869894271E-7,9.999998164260E-1));
#4=AXIS2_PLACEMENT_3D('',#1,#2,#3);
#6=DIRECTION('',(9.999998164261E-1,1.125252893950E-10,6.059272673116E-4));
#7=VECTOR('',#6,3.100000015467E0);
#8=CARTESIAN_POINT('',(-4.300181322663E1,3.816792532842E-5,-2.725181704802E1));
#9=LINE('',#8,#7);
#10=CARTESIAN_POINT('',(-3.999999599555E1,3.764841434373E-5,-3.024999870981E1));
#11=DIRECTION('',(0.E0,1.E0,-1.732870212380E-7));
#12=DIRECTION('',(6.059258008667E-4,-1.732869894272E-7,-9.999998164269E-1));
#13=AXIS2_PLACEMENT_3D('',#10,#11,#12);
#15=CARTESIAN_POINT('',(-3.989999601561E1,3.456210175856E-5,-3.024993811706E1));
#16=DIRECTION('',(1.434574122455E-14,-1.E0,1.732872165116E-7));
#17=DIRECTION('',(9.999998164261E-1,1.050137953538E-10,6.059272676231E-4));
#18=AXIS2_PLACEMENT_3D('',#15,#16,#17);
#20=CARTESIAN_POINT('',(-3.989999601561E1,3.456210180719E-5,-3.024993811706E1));
#21=DIRECTION('',(-2.880760768100E-14,-1.E0,1.732868223397E-7));
#22=DIRECTION('',(6.059272674163E-4,-1.732867905462E-7,-9.999998164260E-1));
#23=AXIS2_PLACEMENT_3D('',#20,#21,#22);
#25=CARTESIAN_POINT('',(-3.989999601561E1,3.456210173658E-5,-3.024993811706E1));
#26=DIRECTION('',(-2.880760768100E-14,-1.E0,1.732868223397E-7));
#27=DIRECTION('',(-9.999998164261E-1,-1.049704031731E-10,-6.059272676274E-4));
#28=AXIS2_PLACEMENT_3D('',#25,#26,#27);
#30=CARTESIAN_POINT('',(-3.989999601561E1,3.456210180053E-5,-3.024993811706E1));
#31=DIRECTION('',(1.434574122455E-14,-1.E0,1.732872165116E-7));
#32=DIRECTION('',(-6.059272674120E-4,1.732871846919E-7,9.999998164260E-1));
#33=AXIS2_PLACEMENT_3D('',#30,#31,#32);
#35=DIRECTION('',(-6.059272675303E-4,1.732869891115E-7,9.999998164260E-1));
#36=VECTOR('',#35,3.000000018145E0);
#37=CARTESIAN_POINT('',(-3.689817878453E1,3.712887888787E-5,-3.324811978710E1));
#38=LINE('',#37,#36);
#39=DIRECTION('',(1.486049378745E-12,-1.E0,1.708367699952E-7));
#40=VECTOR('',#39,7.000000000208E0);
#41=CARTESIAN_POINT('',(-3.689999656634E1,3.764873985835E-5,-3.024812031967E1));
#42=LINE('',#41,#40);
#43=DIRECTION('',(0.E0,-1.E0,1.732870210781E-7));
#44=VECTOR('',#43,9.E0);
#45=CARTESIAN_POINT('',(2.060205303244E1,2.000037134696E0,-3.321327916640E1));
#46=LINE('',#45,#44);
#47=DIRECTION('',(0.E0,-1.E0,1.732870210781E-7));
#48=VECTOR('',#47,9.E0);
#49=CARTESIAN_POINT('',(-1.049794125841E1,2.000037131431E0,-3.323212350442E1));
#50=LINE('',#49,#48);
#51=DIRECTION('',(0.E0,1.E0,-1.732870202886E-7));
#52=VECTOR('',#51,9.E0);
#53=CARTESIAN_POINT('',(2.160205284887E1,-6.999962865199E0,-3.321267167955E1));
#54=LINE('',#53,#52);
#55=DIRECTION('',(0.E0,-1.E0,1.732870210781E-7));
#56=VECTOR('',#55,9.E0);
#57=CARTESIAN_POINT('',(-1.149794107483E1,2.000037131326E0,-3.323272943168E1));
#58=LINE('',#57,#56);
#59=DIRECTION('',(-1.654549513229E-13,-1.E0,1.735584516696E-7));
#60=VECTOR('',#59,7.000000000173E0);
#61=CARTESIAN_POINT('',(-3.689817878453E1,3.712887888787E-5,-3.324811978710E1));
#62=LINE('',#61,#60);
#63=DIRECTION('',(9.999998164266E-1,1.050010104655E-10,6.059264502144E-4));
#64=VECTOR('',#63,3.100000014074E0);
#65=CARTESIAN_POINT('',(-3.999817822952E1,3.712855338474E-5,-3.324999815910E1));
#66=LINE('',#65,#64);
#67=DIRECTION('',(0.E0,-1.732870217843E-7,-1.E0));
#68=VECTOR('',#67,8.000001468592E-1);
#69=CARTESIAN_POINT('',(2.060205303244E1,-6.999962726674E0,-3.241327745996E1));
#70=LINE('',#69,#68);
#71=DIRECTION('',(0.E0,9.486832258370E-1,-3.162279826574E-1));
#72=VECTOR('',#71,1.581138859110E0);
#73=CARTESIAN_POINT('',(2.060205303244E1,5.000372733260E-1,-3.241327875961E1));
#74=LINE('',#73,#72);
#75=DIRECTION('',(0.E0,1.E0,-1.732870202886E-7));
#76=VECTOR('',#75,7.5E0);
#77=CARTESIAN_POINT('',(2.060205303244E1,-6.999962726674E0,-3.241327745996E1));
#78=LINE('',#77,#76);
#79=DIRECTION('',(9.999998164261E-1,1.049996756208E-10,6.059272674293E-4));
#80=VECTOR('',#79,1.E0);
#81=CARTESIAN_POINT('',(2.060205303244E1,5.000372733260E-1,-3.241327875961E1));
#82=LINE('',#81,#80);
#83=DIRECTION('',(0.E0,1.E0,-1.732870202886E-7));
#84=VECTOR('',#83,7.5E0);
#85=CARTESIAN_POINT('',(2.160205284887E1,-6.999962726569E0,-3.241267153269E1));
#86=LINE('',#85,#84);
#87=DIRECTION('',(0.E0,-9.486832258370E-1,3.162279826574E-1));
#88=VECTOR('',#87,1.581138859110E0);
#89=CARTESIAN_POINT('',(2.160205284887E1,2.000037186787E0,-3.291267318406E1));
#90=LINE('',#89,#88);
#91=CARTESIAN_POINT('',(4.7E1,-6.999956196651E0,5.270001213002E0));
#92=DIRECTION('',(0.E0,1.E0,-1.732870212380E-7));
#93=DIRECTION('',(1.E0,0.E0,0.E0));
#94=AXIS2_PLACEMENT_3D('',#91,#92,#93);
#96=CARTESIAN_POINT('',(4.7E1,-6.999956196651E0,5.270001213002E0));
#97=DIRECTION('',(0.E0,1.E0,-1.732870212380E-7));
#98=DIRECTION('',(-1.E0,0.E0,0.E0));
#99=AXIS2_PLACEMENT_3D('',#96,#97,#98);
#101=CARTESIAN_POINT('',(-2.E0,-6.999954983642E0,1.227000121300E1));
#102=DIRECTION('',(0.E0,1.E0,-1.732870212380E-7));
#103=DIRECTION('',(1.E0,0.E0,0.E0));
#104=AXIS2_PLACEMENT_3D('',#101,#102,#103);
#106=CARTESIAN_POINT('',(-2.E0,-6.999954983642E0,1.227000121300E1));
#107=DIRECTION('',(0.E0,1.E0,-1.732870212380E-7));
#108=DIRECTION('',(-1.E0,0.E0,0.E0));
#109=AXIS2_PLACEMENT_3D('',#106,#107,#108);
#111=CARTESIAN_POINT('',(4.7E1,-6.999960528826E0,-1.972999878700E1));
#112=DIRECTION('',(0.E0,1.E0,-1.732870212380E-7));
#113=DIRECTION('',(1.E0,0.E0,0.E0));
#114=AXIS2_PLACEMENT_3D('',#111,#112,#113);
#116=CARTESIAN_POINT('',(4.7E1,-6.999960528826E0,-1.972999878700E1));
#117=DIRECTION('',(0.E0,1.E0,-1.732870212380E-7));
#118=DIRECTION('',(-1.E0,0.E0,0.E0));
#119=AXIS2_PLACEMENT_3D('',#116,#117,#118);
#121=CARTESIAN_POINT('',(-2.E0,-6.999961741835E0,-2.672999878700E1));
#122=DIRECTION('',(0.E0,1.E0,-1.732870212380E-7));
#123=DIRECTION('',(1.E0,0.E0,0.E0));
#124=AXIS2_PLACEMENT_3D('',#121,#122,#123);
#126=CARTESIAN_POINT('',(-2.E0,-6.999961741835E0,-2.672999878700E1));
#127=DIRECTION('',(0.E0,1.E0,-1.732870212380E-7));
#128=DIRECTION('',(-1.E0,0.E0,0.E0));
#129=AXIS2_PLACEMENT_3D('',#126,#127,#128);
#131=DIRECTION('',(-9.999998164261E-1,-1.049987337152E-10,-6.059272674213E-4));
#132=VECTOR('',#131,3.100000000200E0);
#133=CARTESIAN_POINT('',(5.307393204122E1,-6.999954890690E0,1.280640643785E1));
#134=LINE('',#133,#132);
#135=DIRECTION('',(-6.059272674209E-4,1.732869894832E-7,9.999998164260E-1));
#136=VECTOR('',#135,3.000000000264E0);
#137=CARTESIAN_POINT('',(4.697211537902E1,-6.999954371469E0,1.580270973080E1));
#138=LINE('',#137,#136);
#139=DIRECTION('',(-9.999998164261E-1,-1.049993916070E-10,-6.059272674205E-4));
#140=VECTOR('',#139,2.539975762898E1);
#141=CARTESIAN_POINT('',(4.697029759721E1,-6.999953851608E0,1.880270918034E1));
#142=LINE('',#141,#140);
#143=DIRECTION('',(1.211854312381E-3,-1.732868929985E-7,-9.999992657043E-1));
#144=VECTOR('',#143,8.000001468592E-1);
#145=CARTESIAN_POINT('',(2.157054463096E1,-6.999953854275E0,1.878731877461E1));
#146=LINE('',#145,#144);
#147=DIRECTION('',(-9.999998164261E-1,-1.049977882417E-10,-6.059272674115E-4));
#148=VECTOR('',#147,1.E0);
#149=CARTESIAN_POINT('',(2.157151411459E1,-6.999953992905E0,1.798731921518E1));
#150=LINE('',#149,#148);
#151=DIRECTION('',(-1.211854312381E-3,1.732868918883E-7,9.999992657043E-1));
#152=VECTOR('',#151,8.000001468592E-1);
#153=CARTESIAN_POINT('',(2.057151429817E1,-6.999953993010E0,1.798671328792E1));
#154=LINE('',#153,#152);
#155=DIRECTION('',(-9.999998164261E-1,-1.049991390725E-10,-6.059272674207E-4));
#156=VECTOR('',#155,3.11E1);
#157=CARTESIAN_POINT('',(2.057054481454E1,-6.999953854380E0,1.878671284734E1));
#158=LINE('',#157,#156);
#159=DIRECTION('',(1.211854312377E-3,-1.732868941087E-7,-9.999992657043E-1));
#160=VECTOR('',#159,8.000001468592E-1);
#161=CARTESIAN_POINT('',(-1.052944947631E1,-6.999953857646E0,1.876786850932E1));
#162=LINE('',#161,#160);
#163=DIRECTION('',(-9.999998164261E-1,-1.049986764201E-10,-6.059272674221E-4));
#164=VECTOR('',#163,1.E0);
#165=CARTESIAN_POINT('',(-1.052847999268E1,-6.999953996275E0,1.796786894990E1));
#166=LINE('',#165,#164);
#167=DIRECTION('',(1.211854312377E-3,-1.732868941087E-7,-9.999992657043E-1));
#168=VECTOR('',#167,8.000001468592E-1);
#169=CARTESIAN_POINT('',(-1.152944929274E1,-6.999953857751E0,1.876726258205E1));
#170=LINE('',#169,#168);
#171=CARTESIAN_POINT('',(-3.992786866991E1,-6.999954380522E0,1.575005465149E1));
#172=DIRECTION('',(0.E0,-1.E0,1.732870212380E-7));
#173=DIRECTION('',(6.059272675336E-4,-1.732869894985E-7,-9.999998164260E-1));
#174=AXIS2_PLACEMENT_3D('',#171,#172,#173);
#176=DIRECTION('',(-6.059273055403E-4,1.732903249020E-7,9.999998164260E-1));
#177=VECTOR('',#176,1.049315115229E1);
#178=CARTESIAN_POINT('',(-4.301969223092E1,-6.999956719107E0,2.255027601666E0));
#179=LINE('',#178,#177);
#180=DIRECTION('',(9.999992657043E-1,2.099979064090E-10,1.211854312376E-3));
#181=VECTOR('',#180,9.000001652166E-1);
#182=CARTESIAN_POINT('',(-4.301969223092E1,-6.999956719107E0,2.255027601666E0));
#183=LINE('',#182,#181);
#184=DIRECTION('',(6.059272674251E-4,-1.732869893658E-7,-9.999998164260E-1));
#185=VECTOR('',#184,1.000000183574E0);
#186=CARTESIAN_POINT('',(-4.211969272657E1,-6.999956718918E0,2.256118270747E0));
#187=LINE('',#186,#185);
#188=DIRECTION('',(9.999992657043E-1,2.099979064090E-10,1.211854312376E-3));
#189=VECTOR('',#188,9.000001652166E-1);
#190=CARTESIAN_POINT('',(-4.301908630354E1,-6.999956892394E0,1.255027601666E0));
#191=LINE('',#190,#189);
#192=DIRECTION('',(-6.059272674201E-4,1.732869894189E-7,9.999998164260E-1));
#193=VECTOR('',#192,1.701369732822E1);
#194=CARTESIAN_POINT('',(-4.300877724041E1,-6.999959840646E0,
-1.575866660328E1));
#195=LINE('',#194,#193);
#196=DIRECTION('',(1.E0,0.E0,0.E0));
#197=VECTOR('',#196,9.000001652166E-1);
#198=CARTESIAN_POINT('',(-4.300877724041E1,-6.999959840646E0,
-1.575866660328E1));
#199=LINE('',#198,#197);
#200=DIRECTION('',(6.059272674180E-4,-1.732869911422E-7,-9.999998164260E-1));
#201=VECTOR('',#200,1.000000183574E0);
#202=CARTESIAN_POINT('',(-4.210877707520E1,-6.999959840646E0,
-1.575866660328E1));
#203=LINE('',#202,#201);
#204=DIRECTION('',(1.E0,0.E0,0.E0));
#205=VECTOR('',#204,9.000001652166E-1);
#206=CARTESIAN_POINT('',(-4.300817131303E1,-6.999960013933E0,
-1.675866660328E1));
#207=LINE('',#206,#205);
#208=DIRECTION('',(-6.059272102397E-4,1.732858775466E-7,9.999998164261E-1));
#209=VECTOR('',#208,1.049315115800E1);
#210=CARTESIAN_POINT('',(-4.300181322723E1,-6.999961832248E0,
-2.725181583501E1));
#211=LINE('',#210,#209);
#212=DIRECTION('',(-9.999998164261E-1,-1.148990576263E-10,-6.059272667738E-4));
#213=VECTOR('',#212,3.100000010349E0);
#214=CARTESIAN_POINT('',(-3.990181378596E1,-6.999961831892E0,
-2.724993746047E1));
#215=LINE('',#214,#213);
#216=CARTESIAN_POINT('',(-3.989999601560E1,-6.999962351738E0,
-3.024993690976E1));
#217=DIRECTION('',(0.E0,-1.E0,1.732870212380E-7));
#218=DIRECTION('',(9.999998164252E-1,1.049995645986E-10,6.059286472870E-4));
#219=AXIS2_PLACEMENT_3D('',#216,#217,#218);
#221=DIRECTION('',(-6.059272675248E-4,1.732753209588E-7,9.999998164260E-1));
#222=VECTOR('',#221,2.999999999093E0);
#223=CARTESIAN_POINT('',(-3.689817878453E1,-6.999962871294E0,
-3.324811857219E1));
#224=LINE('',#223,#222);
#225=DIRECTION('',(-9.999998164260E-1,-1.031617083443E-10,-6.059272923543E-4));
#226=VECTOR('',#225,2.540024237252E1);
#227=CARTESIAN_POINT('',(-1.149794107483E1,-6.999962868674E0,
-3.323272787210E1));
#228=LINE('',#227,#226);
#229=DIRECTION('',(0.E0,1.732870240048E-7,1.E0));
#230=VECTOR('',#229,8.000001468592E-1);
#231=CARTESIAN_POINT('',(-1.149794107483E1,-6.999962868674E0,
-3.323272787210E1));
#232=LINE('',#231,#230);
#233=DIRECTION('',(9.999998164261E-1,1.049986764201E-10,6.059272674150E-4));
#234=VECTOR('',#233,1.E0);
#235=CARTESIAN_POINT('',(-1.149794107483E1,-6.999962730044E0,
-3.243272772524E1));
#236=LINE('',#235,#234);
#237=DIRECTION('',(0.E0,1.732870228945E-7,1.E0));
#238=VECTOR('',#237,8.000001468592E-1);
#239=CARTESIAN_POINT('',(-1.049794125841E1,-6.999962868569E0,
-3.323212194483E1));
#240=LINE('',#239,#238);
#241=DIRECTION('',(9.999998164261E-1,1.049992818665E-10,6.059272674202E-4));
#242=VECTOR('',#241,3.11E1);
#243=CARTESIAN_POINT('',(-1.049794125841E1,-6.999962868569E0,
-3.323212194483E1));
#244=LINE('',#243,#242);
#245=DIRECTION('',(9.999998164261E-1,1.049977882417E-10,6.059272674150E-4));
#246=VECTOR('',#245,1.E0);
#247=CARTESIAN_POINT('',(2.060205303244E1,-6.999962726674E0,-3.241327745996E1));
#248=LINE('',#247,#246);
#249=DIRECTION('',(0.E0,-1.732870206741E-7,-1.E0));
#250=VECTOR('',#249,8.000001468592E-1);
#251=CARTESIAN_POINT('',(2.160205284887E1,-6.999962726569E0,-3.241267153269E1));
#252=LINE('',#251,#250);
#253=DIRECTION('',(9.999998164261E-1,1.049993566390E-10,6.059272674199E-4));
#254=VECTOR('',#253,2.539975762898E1);
#255=CARTESIAN_POINT('',(2.160205284887E1,-6.999962865199E0,-3.321267167955E1));
#256=LINE('',#255,#254);
#257=DIRECTION('',(-6.059272674138E-4,1.732869900753E-7,9.999998164260E-1));
#258=VECTOR('',#257,3.000000000264E0);
#259=CARTESIAN_POINT('',(4.700180581512E1,-6.999962862532E0,-3.319728127382E1));
#260=LINE('',#259,#258);
#261=DIRECTION('',(9.999998164261E-1,1.049987337152E-10,6.059272674167E-4));
#262=VECTOR('',#261,3.100000000200E0);
#263=CARTESIAN_POINT('',(4.999816970079E1,-6.999961822495E0,-2.719546459319E1));
#264=LINE('',#263,#262);
#265=DIRECTION('',(-6.059272674212E-4,1.732869894094E-7,9.999998164260E-1));
#266=VECTOR('',#265,1.043492153097E1);
#267=CARTESIAN_POINT('',(5.309816913191E1,-6.999961822169E0,-2.719358621866E1));
#268=LINE('',#267,#266);
#269=DIRECTION('',(-1.E0,0.E0,0.E0));
#270=VECTOR('',#269,8.000001468592E-1);
#271=CARTESIAN_POINT('',(5.309184632842E1,-6.999960013933E0,-1.675866660328E1));
#272=LINE('',#271,#270);
#273=DIRECTION('',(-6.059272674109E-4,1.732869902540E-7,9.999998164260E-1));
#274=VECTOR('',#273,1.000000183574E0);
#275=CARTESIAN_POINT('',(5.229184618157E1,-6.999960013933E0,-1.675866660328E1));
#276=LINE('',#275,#274);
#277=DIRECTION('',(1.E0,0.E0,0.E0));
#278=VECTOR('',#277,8.000001468592E-1);
#279=CARTESIAN_POINT('',(5.229124025419E1,-6.999959840646E0,-1.575866660328E1));
#280=LINE('',#279,#278);
#281=DIRECTION('',(-6.059272674213E-4,1.732869894031E-7,9.999998164260E-1));
#282=VECTOR('',#281,1.713015657039E1);
#283=CARTESIAN_POINT('',(5.309124040105E1,-6.999959840646E0,-1.575866660328E1));
#284=LINE('',#283,#282);
#285=DIRECTION('',(-9.999992657043E-1,-2.100008670032E-10,-1.211854312375E-3));
#286=VECTOR('',#285,8.000001468592E-1);
#287=CARTESIAN_POINT('',(5.308086077208E1,-6.999956872213E0,1.371486822464E0));
#288=LINE('',#287,#286);
#289=DIRECTION('',(-6.059272674393E-4,1.732869902540E-7,9.999998164260E-1));
#290=VECTOR('',#289,1.000000183574E0);
#291=CARTESIAN_POINT('',(5.228086121266E1,-6.999956872381E0,1.370517338836E0));
#292=LINE('',#291,#290);
#293=DIRECTION('',(9.999992657043E-1,2.099975363347E-10,1.211854312383E-3));
#294=VECTOR('',#293,8.000001468592E-1);
#295=CARTESIAN_POINT('',(5.228025528528E1,-6.999956699094E0,2.370517338836E0));
#296=LINE('',#295,#294);
#297=DIRECTION('',(-6.059272674199E-4,1.732869894945E-7,9.999998164260E-1));
#298=VECTOR('',#297,1.043492153097E1);
#299=CARTESIAN_POINT('',(5.308025484471E1,-6.999956698926E0,2.371486822464E0));
#300=LINE('',#299,#298);
#301=CARTESIAN_POINT('',(-2.537746070456E1,-6.999958793790E0,
-9.717499363501E0));
#302=CARTESIAN_POINT('',(-2.537748541615E1,-6.999958794030E0,
-9.718883697732E0));
#303=CARTESIAN_POINT('',(-2.537846428703E1,-6.999958800886E0,
-9.758446852620E0));
#304=CARTESIAN_POINT('',(-2.539617053403E1,-6.999958815661E0,
-9.843711711631E0));
#305=CARTESIAN_POINT('',(-2.550553794378E1,-6.999958835540E0,
-9.958429447746E0));
#306=CARTESIAN_POINT('',(-2.559748289058E1,-6.999958838724E0,
-9.976803782068E0));
#307=CARTESIAN_POINT('',(-2.563265728844E1,-6.999958839062E0,
-9.978755775641E0));
#308=CARTESIAN_POINT('',(-2.563562835144E1,-6.999958839083E0,
-9.978873883092E0));
#310=DIRECTION('',(9.999994418E-1,1.830947447914E-10,1.056598177255E-3));
#311=VECTOR('',#310,7.627454735152E0);
#312=CARTESIAN_POINT('',(-3.326307882895E1,-6.999958840479E0,
-9.986933037862E0));
#313=LINE('',#312,#311);
#314=CARTESIAN_POINT('',(-3.326307882895E1,-6.999958840479E0,
-9.986933037862E0));
#315=CARTESIAN_POINT('',(-3.326446316319E1,-6.999958840475E0,
-9.986908326270E0));
#316=CARTESIAN_POINT('',(-3.330402631805E1,-6.999958840306E0,
-9.985929455392E0));
#317=CARTESIAN_POINT('',(-3.338929117706E1,-6.999958837237E0,
-9.968223208415E0));
#318=CARTESIAN_POINT('',(-3.350400891323E1,-6.999958818285E0,
-9.858855798605E0));
#319=CARTESIAN_POINT('',(-3.352238324752E1,-6.999958802352E0,
-9.766910851795E0));
#320=CARTESIAN_POINT('',(-3.352433524110E1,-6.999958796257E0,
-9.731736453992E0));
#321=CARTESIAN_POINT('',(-3.352445334855E1,-6.999958795742E0,
-9.728765390980E0));
#323=DIRECTION('',(1.056598177256E-3,-1.732869244456E-7,-9.999994418E-1));
#324=VECTOR('',#323,5.087608101421E0);
#325=CARTESIAN_POINT('',(-3.352982890600E1,-6.999957914126E0,
-4.641160129462E0));
#326=LINE('',#325,#324);
#327=CARTESIAN_POINT('',(-3.352982890600E1,-6.999957914126E0,
-4.641160129462E0));
#328=CARTESIAN_POINT('',(-3.352979976988E1,-6.999957913854E0,
-4.639590417788E0));
#329=CARTESIAN_POINT('',(-3.352871736854E1,-6.999957906883E0,
-4.599361189413E0));
#330=CARTESIAN_POINT('',(-3.350925089705E1,-6.999957891471E0,
-4.510420149147E0));
#331=CARTESIAN_POINT('',(-3.339988187654E1,-6.999957872475E0,
-4.400796844262E0));
#332=CARTESIAN_POINT('',(-3.331095421031E1,-6.999957869069E0,
-4.381141364555E0));
#333=CARTESIAN_POINT('',(-3.327074610805E1,-6.999957868865E0,
-4.379969099307E0));
#334=CARTESIAN_POINT('',(-3.326916853573E1,-6.999957868860E0,
-4.379936342410E0));
#336=DIRECTION('',(-9.999994418E-1,-1.830946088234E-10,-1.056598177255E-3));
#337=VECTOR('',#336,7.624962172431E0);
#338=CARTESIAN_POINT('',(-2.564421061955E1,-6.999957867464E0,
-4.371879821277E0));
#339=LINE('',#338,#337);
#340=CARTESIAN_POINT('',(-2.564421061955E1,-6.999957867464E0,
-4.371879821277E0));
#341=CARTESIAN_POINT('',(-2.564282628532E1,-6.999957867468E0,
-4.371904532868E0));
#342=CARTESIAN_POINT('',(-2.560326313045E1,-6.999957867638E0,
-4.372883403746E0));
#343=CARTESIAN_POINT('',(-2.551799827145E1,-6.999957870706E0,
-4.390589650727E0));
#344=CARTESIAN_POINT('',(-2.540328053532E1,-6.999957889658E0,
-4.499957060478E0));
#345=CARTESIAN_POINT('',(-2.538490620099E1,-6.999957905591E0,
-4.591902007272E0));
#346=CARTESIAN_POINT('',(-2.538295420741E1,-6.999957911686E0,
-4.627076405146E0));
#347=CARTESIAN_POINT('',(-2.538283609996E1,-6.999957912201E0,
-4.630047468151E0));
#349=DIRECTION('',(-1.056598177256E-3,1.732869248521E-7,9.999994418E-1));
#350=VECTOR('',#349,5.087454735167E0);
#351=CARTESIAN_POINT('',(-2.537746070456E1,-6.999958793790E0,
-9.717499363501E0));
#352=LINE('',#351,#350);
#353=CARTESIAN_POINT('',(-1.802918146533E1,-6.999957299102E0,
-1.091995488576E0));
#354=DIRECTION('',(0.E0,1.E0,-1.732870212336E-7));
#355=DIRECTION('',(-1.E0,0.E0,2.886579864025E-14));
#356=AXIS2_PLACEMENT_3D('',#353,#354,#355);
#358=DIRECTION('',(0.E0,1.732870208632E-7,1.E0));
#359=VECTOR('',#358,2.263797609188E0);
#360=CARTESIAN_POINT('',(-1.822918146533E1,-6.999957691389E0,
-3.355793097764E0));
#361=LINE('',#360,#359);
#362=DIRECTION('',(1.E0,0.E0,0.E0));
#363=VECTOR('',#362,1.015999432869E1);
#364=CARTESIAN_POINT('',(-2.858917579402E1,-6.999957726046E0,
-3.555793097764E0));
#365=LINE('',#364,#363);
#366=DIRECTION('',(0.E0,-1.732870208632E-7,-1.E0));
#367=VECTOR('',#366,2.263797609188E0);
#368=CARTESIAN_POINT('',(-2.878917579402E1,-6.999957299102E0,
-1.091995488576E0));
#369=LINE('',#368,#367);
#370=CARTESIAN_POINT('',(-2.898917579402E1,-6.999957299102E0,
-1.091995488576E0));
#371=DIRECTION('',(0.E0,1.E0,-1.732870212336E-7));
#372=DIRECTION('',(0.E0,1.732870202886E-7,1.E0));
#373=AXIS2_PLACEMENT_3D('',#370,#371,#372);
#375=DIRECTION('',(1.E0,0.E0,0.E0));
#376=VECTOR('',#375,3.655701933337E0);
#377=CARTESIAN_POINT('',(-3.264487772736E1,-6.999957264445E0,
-8.919954885763E-1));
#378=LINE('',#377,#376);
#379=DIRECTION('',(0.E0,-1.732870210781E-7,-1.E0));
#380=VECTOR('',#379,8.837269836130E0);
#381=CARTESIAN_POINT('',(-3.284487772736E1,-6.999955698403E0,8.145274347554E0));
#382=LINE('',#381,#380);
#383=DIRECTION('',(-1.E0,0.E0,0.E0));
#384=VECTOR('',#383,1.827730603673E1);
#385=CARTESIAN_POINT('',(-1.436757169062E1,-6.999955663746E0,8.345274347554E0));
#386=LINE('',#385,#384);
#387=DIRECTION('',(0.E0,1.732870211786E-7,1.E0));
#388=VECTOR('',#387,8.837269836130E0);
#389=CARTESIAN_POINT('',(-1.416757169062E1,-6.999957229787E0,
-6.919954885763E-1));
#390=LINE('',#389,#388);
#391=DIRECTION('',(1.E0,0.E0,0.E0));
#392=VECTOR('',#391,3.661609774709E0);
#393=CARTESIAN_POINT('',(-1.802918146533E1,-6.999957264445E0,
-8.919954885763E-1));
#394=LINE('',#393,#392);
#395=CARTESIAN_POINT('',(-2.898917579402E1,-6.999959409716E0,
-1.327187058715E1));
#396=DIRECTION('',(0.E0,1.E0,-1.732870212558E-7));
#397=DIRECTION('',(1.E0,0.E0,-2.664535259100E-14));
#398=AXIS2_PLACEMENT_3D('',#395,#396,#397);
#400=DIRECTION('',(0.E0,-1.732870212556E-7,-1.E0));
#401=VECTOR('',#400,2.263797609188E0);
#402=CARTESIAN_POINT('',(-2.878917579402E1,-6.999959017430E0,
-1.100807297796E1));
#403=LINE('',#402,#401);
#404=DIRECTION('',(-1.E0,0.E0,0.E0));
#405=VECTOR('',#404,1.015999432869E1);
#406=CARTESIAN_POINT('',(-1.842918146533E1,-6.999958982772E0,
-1.080807297796E1));
#407=LINE('',#406,#405);
#408=DIRECTION('',(0.E0,1.732870212556E-7,1.E0));
#409=VECTOR('',#408,2.263797609188E0);
#410=CARTESIAN_POINT('',(-1.822918146533E1,-6.999959409717E0,
-1.327187058715E1));
#411=LINE('',#410,#409);
#412=CARTESIAN_POINT('',(-1.802918146533E1,-6.999959409716E0,
-1.327187058715E1));
#413=DIRECTION('',(0.E0,1.E0,-1.732870212558E-7));
#414=DIRECTION('',(-3.552713678800E-14,-1.732870202886E-7,-1.E0));
#415=AXIS2_PLACEMENT_3D('',#412,#413,#414);
#417=DIRECTION('',(-1.E0,0.E0,0.E0));
#418=VECTOR('',#417,3.661609774709E0);
#419=CARTESIAN_POINT('',(-1.436757169062E1,-6.999959444374E0,
-1.347187058715E1));
#420=LINE('',#419,#418);
#421=DIRECTION('',(0.E0,1.732870208771E-7,1.E0));
#422=VECTOR('',#421,8.837269836130E0);
#423=CARTESIAN_POINT('',(-1.416757169062E1,-6.999961010415E0,
-2.250914042328E1));
#424=LINE('',#423,#422);
#425=DIRECTION('',(1.E0,0.E0,0.E0));
#426=VECTOR('',#425,1.827730603673E1);
#427=CARTESIAN_POINT('',(-3.264487772736E1,-6.999961045073E0,
-2.270914042328E1));
#428=LINE('',#427,#426);
#429=DIRECTION('',(0.E0,-1.732870212791E-7,-1.E0));
#430=VECTOR('',#429,8.837269836130E0);
#431=CARTESIAN_POINT('',(-3.284487772736E1,-6.999959479031E0,
-1.367187058715E1));
#432=LINE('',#431,#430);
#433=DIRECTION('',(-1.E0,0.E0,0.E0));
#434=VECTOR('',#433,3.655701933337E0);
#435=CARTESIAN_POINT('',(-2.898917579402E1,-6.999959444374E0,
-1.347187058715E1));
#436=LINE('',#435,#434);
#437=CARTESIAN_POINT('',(-2.E0,-6.999954983642E0,1.227000121300E1));
#438=DIRECTION('',(0.E0,1.E0,-1.732870212380E-7));
#439=DIRECTION('',(-1.E0,0.E0,0.E0));
#440=AXIS2_PLACEMENT_3D('',#437,#438,#439);
#442=CARTESIAN_POINT('',(-2.E0,-6.999954983642E0,1.227000121300E1));
#443=DIRECTION('',(0.E0,1.E0,-1.732870212380E-7));
#444=DIRECTION('',(1.E0,0.E0,0.E0));
#445=AXIS2_PLACEMENT_3D('',#442,#443,#444);
#447=CARTESIAN_POINT('',(-2.E0,-6.999961741835E0,-2.672999878700E1));
#448=DIRECTION('',(0.E0,1.E0,-1.732870212380E-7));
#449=DIRECTION('',(-1.E0,0.E0,0.E0));
#450=AXIS2_PLACEMENT_3D('',#447,#448,#449);
#452=CARTESIAN_POINT('',(-2.E0,-6.999961741835E0,-2.672999878700E1));
#453=DIRECTION('',(0.E0,1.E0,-1.732870212380E-7));
#454=DIRECTION('',(1.E0,0.E0,0.E0));
#455=AXIS2_PLACEMENT_3D('',#452,#453,#454);
#457=DIRECTION('',(1.E0,0.E0,0.E0));
#458=VECTOR('',#457,4.992764560883E-1);
#459=CARTESIAN_POINT('',(4.444337492336E1,-6.999956664526E0,2.570001213002E0));
#460=LINE('',#459,#458);
#461=CARTESIAN_POINT('',(3.502E1,-6.999956976443E0,7.700001143620E-1));
#462=DIRECTION('',(0.E0,1.E0,-1.732870212380E-7));
#463=DIRECTION('',(9.714819508621E-1,4.108869476544E-8,2.371135153237E-1));
#464=AXIS2_PLACEMENT_3D('',#461,#462,#463);
#466=DIRECTION('',(1.E0,0.E0,0.E0));
#467=VECTOR('',#466,2.353825683381E0);
#468=CARTESIAN_POINT('',(4.518617431662E1,-6.999957005901E0,5.999999722666E-1));
#469=LINE('',#468,#467);
#470=DIRECTION('',(0.E0,-1.732870211823E-7,-1.E0));
#471=VECTOR('',#470,1.365999751853E1);
#472=CARTESIAN_POINT('',(4.854E1,-6.999957179188E0,-4.000000277333E-1));
#473=LINE('',#472,#471);
#474=DIRECTION('',(-1.E0,0.E0,0.E0));
#475=VECTOR('',#474,2.350638973062E0);
#476=CARTESIAN_POINT('',(4.754E1,-6.999959719576E0,-1.505999754626E1));
#477=LINE('',#476,#475);
#478=CARTESIAN_POINT('',(3.502E1,-6.999959755966E0,-1.526999988564E1));
#479=DIRECTION('',(0.E0,1.E0,-1.732870212380E-7));
#480=DIRECTION('',(9.969961791116E-1,-1.342120994051E-8,-7.745075104169E-2));
#481=AXIS2_PLACEMENT_3D('',#478,#479,#480);
#483=DIRECTION('',(-1.E0,0.E0,0.E0));
#484=VECTOR('',#483,4.896028284334E-1);
#485=CARTESIAN_POINT('',(4.494265137945E1,-6.999960060951E0,-1.702999878700E1));
#486=LINE('',#485,#484);
#487=CARTESIAN_POINT('',(3.507E1,-6.999959755966E0,-1.526999988564E1));
#488=DIRECTION('',(0.E0,1.E0,-1.732870212380E-7));
#489=DIRECTION('',(8.407497435822E-1,-9.382173952274E-8,-5.414239269430E-1));
#490=AXIS2_PLACEMENT_3D('',#487,#488,#489);
#492=DIRECTION('',(1.E0,0.E0,0.E0));
#493=VECTOR('',#492,2.537E1);
#494=CARTESIAN_POINT('',(9.7E0,-6.999961558151E0,-2.566999988564E1));
#495=LINE('',#494,#493);
#496=CARTESIAN_POINT('',(9.7E0,-6.999959755966E0,-1.526999988564E1));
#497=DIRECTION('',(0.E0,1.E0,-1.732870212380E-7));
#498=DIRECTION('',(0.E0,-1.732870212280E-7,-1.E0));
#499=AXIS2_PLACEMENT_3D('',#496,#497,#498);
#501=DIRECTION('',(0.E0,-1.732870213075E-7,-1.E0));
#502=VECTOR('',#501,1.604E1);
#503=CARTESIAN_POINT('',(-6.999999999999E-1,-6.999956976443E0,
7.700001143620E-1));
#504=LINE('',#503,#502);
#505=CARTESIAN_POINT('',(9.7E0,-6.999956976443E0,7.700001143620E-1));
#506=DIRECTION('',(0.E0,1.E0,-1.732870212380E-7));
#507=DIRECTION('',(-1.E0,0.E0,0.E0));
#508=AXIS2_PLACEMENT_3D('',#505,#506,#507);
#510=DIRECTION('',(-1.E0,0.E0,0.E0));
#511=VECTOR('',#510,2.537E1);
#512=CARTESIAN_POINT('',(3.507E1,-6.999955174258E0,1.117000011436E1));
#513=LINE('',#512,#511);
#514=CARTESIAN_POINT('',(3.507E1,-6.999956976443E0,7.700001143620E-1));
#515=DIRECTION('',(0.E0,1.E0,-1.732870212380E-7));
#516=DIRECTION('',(0.E0,1.732870212280E-7,1.E0));
#517=AXIS2_PLACEMENT_3D('',#514,#515,#516);
#519=CARTESIAN_POINT('',(4.7E1,-3.499956196651E0,5.270000606497E0));
#520=DIRECTION('',(0.E0,-1.E0,1.732870212380E-7));
#521=DIRECTION('',(-1.E0,0.E0,0.E0));
#522=AXIS2_PLACEMENT_3D('',#519,#520,#521);
#524=DIRECTION('',(2.174484085330E-10,1.E0,-1.689006583216E-7));
#525=VECTOR('',#524,3.499999999239E0);
#526=CARTESIAN_POINT('',(4.615E1,-6.999956196651E0,5.270001213002E0));
#527=LINE('',#526,#525);
#528=DIRECTION('',(7.071067811865E-1,-7.071067811865E-1,9.826675637827E-8));
#529=VECTOR('',#528,7.071067799836E-1);
#530=CARTESIAN_POINT('',(4.565000000161E1,-2.999956198262E0,5.270000552364E0));
#531=LINE('',#530,#529);
#532=CARTESIAN_POINT('',(4.7E1,-2.999956196651E0,5.270000519854E0));
#533=DIRECTION('',(0.E0,-1.E0,1.732870212380E-7));
#534=DIRECTION('',(-1.E0,0.E0,0.E0));
#535=AXIS2_PLACEMENT_3D('',#532,#533,#534);
#537=CARTESIAN_POINT('',(4.7E1,-2.999956196651E0,5.270000519854E0));
#538=DIRECTION('',(0.E0,-1.E0,1.732870212380E-7));
#539=DIRECTION('',(1.E0,0.E0,0.E0));
#540=AXIS2_PLACEMENT_3D('',#537,#538,#539);
#542=CARTESIAN_POINT('',(-2.E0,-2.999954983642E0,1.227000051985E1));
#543=DIRECTION('',(0.E0,-1.E0,1.732870212380E-7));
#544=DIRECTION('',(-1.E0,0.E0,0.E0));
#545=AXIS2_PLACEMENT_3D('',#542,#543,#544);
#547=CARTESIAN_POINT('',(-2.E0,-2.999954983642E0,1.227000051985E1));
#548=DIRECTION('',(0.E0,-1.E0,1.732870212380E-7));
#549=DIRECTION('',(1.E0,0.E0,0.E0));
#550=AXIS2_PLACEMENT_3D('',#547,#548,#549);
#552=CARTESIAN_POINT('',(-2.E0,-2.999961741836E0,-2.672999948015E1));
#553=DIRECTION('',(0.E0,-1.E0,1.732870212380E-7));
#554=DIRECTION('',(-1.E0,0.E0,0.E0));
#555=AXIS2_PLACEMENT_3D('',#552,#553,#554);
#557=CARTESIAN_POINT('',(-2.E0,-2.999961741836E0,-2.672999948015E1));
#558=DIRECTION('',(0.E0,-1.E0,1.732870212380E-7));
#559=DIRECTION('',(1.E0,0.E0,0.E0));
#560=AXIS2_PLACEMENT_3D('',#557,#558,#559);
#562=CARTESIAN_POINT('',(4.7E1,-2.999960528826E0,-1.972999948015E1));
#563=DIRECTION('',(0.E0,-1.E0,1.732870212380E-7));
#564=DIRECTION('',(-1.E0,0.E0,0.E0));
#565=AXIS2_PLACEMENT_3D('',#562,#563,#564);
#567=CARTESIAN_POINT('',(4.7E1,-2.999960528826E0,-1.972999948015E1));
#568=DIRECTION('',(0.E0,-1.E0,1.732870212380E-7));
#569=DIRECTION('',(1.E0,0.E0,0.E0));
#570=AXIS2_PLACEMENT_3D('',#567,#568,#569);
#572=CARTESIAN_POINT('',(4.7E1,-2.999956196651E0,5.270000519854E0));
#573=DIRECTION('',(0.E0,1.E0,-1.732870212380E-7));
#574=DIRECTION('',(-1.E0,0.E0,0.E0));
#575=AXIS2_PLACEMENT_3D('',#572,#573,#574);
#577=CARTESIAN_POINT('',(4.7E1,-2.999956196651E0,5.270000519854E0));
#578=DIRECTION('',(0.E0,1.E0,-1.732870212380E-7));
#579=DIRECTION('',(1.E0,0.E0,0.E0));
#580=AXIS2_PLACEMENT_3D('',#577,#578,#579);
#582=CARTESIAN_POINT('',(-2.E0,-2.999954983642E0,1.227000051985E1));
#583=DIRECTION('',(0.E0,1.E0,-1.732870212380E-7));
#584=DIRECTION('',(-1.E0,0.E0,0.E0));
#585=AXIS2_PLACEMENT_3D('',#582,#583,#584);
#587=CARTESIAN_POINT('',(-2.E0,-2.999954983642E0,1.227000051985E1));
#588=DIRECTION('',(0.E0,1.E0,-1.732870212380E-7));
#589=DIRECTION('',(1.E0,0.E0,0.E0));
#590=AXIS2_PLACEMENT_3D('',#587,#588,#589);
#592=CARTESIAN_POINT('',(-2.E0,-2.999961741836E0,-2.672999948015E1));
#593=DIRECTION('',(0.E0,1.E0,-1.732870212380E-7));
#594=DIRECTION('',(-1.E0,0.E0,0.E0));
#595=AXIS2_PLACEMENT_3D('',#592,#593,#594);
#597=CARTESIAN_POINT('',(-2.E0,-2.999961741836E0,-2.672999948015E1));
#598=DIRECTION('',(0.E0,1.E0,-1.732870212380E-7));
#599=DIRECTION('',(1.E0,0.E0,0.E0));
#600=AXIS2_PLACEMENT_3D('',#597,#598,#599);
#602=CARTESIAN_POINT('',(4.7E1,-2.999960528826E0,-1.972999948015E1));
#603=DIRECTION('',(0.E0,1.E0,-1.732870212380E-7));
#604=DIRECTION('',(-1.E0,0.E0,0.E0));
#605=AXIS2_PLACEMENT_3D('',#602,#603,#604);
#607=CARTESIAN_POINT('',(4.7E1,-2.999960528826E0,-1.972999948015E1));
#608=DIRECTION('',(0.E0,1.E0,-1.732870212380E-7));
#609=DIRECTION('',(1.E0,0.E0,0.E0));
#610=AXIS2_PLACEMENT_3D('',#607,#608,#609);
#612=DIRECTION('',(-7.071067811865E-1,-7.071067811865E-1,1.467980983140E-7));
#613=VECTOR('',#612,7.071067799836E-1);
#614=CARTESIAN_POINT('',(4.834999999839E1,-2.999956198262E0,5.270000487343E0));
#615=LINE('',#614,#613);
#616=CARTESIAN_POINT('',(4.7E1,-3.499956196651E0,5.270000606497E0));
#617=DIRECTION('',(0.E0,-1.E0,1.732870212380E-7));
#618=DIRECTION('',(1.E0,0.E0,0.E0));
#619=AXIS2_PLACEMENT_3D('',#616,#617,#618);
#621=DIRECTION('',(-2.174341976783E-10,1.E0,-1.776733843612E-7));
#622=VECTOR('',#621,3.499999999239E0);
#623=CARTESIAN_POINT('',(4.785E1,-6.999956196651E0,5.270001213002E0));
#624=LINE('',#623,#622);
#625=DIRECTION('',(7.071067811865E-1,-7.071067811865E-1,9.826675637827E-8));
#626=VECTOR('',#625,7.071067799836E-1);
#627=CARTESIAN_POINT('',(-3.349999998388E0,-2.999954985253E0,1.227000055236E1));
#628=LINE('',#627,#626);
#629=DIRECTION('',(-7.071067811865E-1,-7.071067811865E-1,1.467980983140E-7));
#630=VECTOR('',#629,7.071067799836E-1);
#631=CARTESIAN_POINT('',(-6.500000016116E-1,-2.999954985253E0,
1.227000048734E1));
#632=LINE('',#631,#630);
#633=CARTESIAN_POINT('',(-2.E0,-3.499954983642E0,1.227000060650E1));
#634=DIRECTION('',(0.E0,-1.E0,1.732870212380E-7));
#635=DIRECTION('',(1.E0,0.E0,0.E0));
#636=AXIS2_PLACEMENT_3D('',#633,#634,#635);
#638=DIRECTION('',(-2.174420644014E-10,1.E0,-1.776733838536E-7));
#639=VECTOR('',#638,3.499999999239E0);
#640=CARTESIAN_POINT('',(-1.15E0,-6.999954983642E0,1.227000121300E1));
#641=LINE('',#640,#639);
#642=CARTESIAN_POINT('',(-2.E0,-3.499954983642E0,1.227000060650E1));
#643=DIRECTION('',(0.E0,-1.E0,1.732870212380E-7));
#644=DIRECTION('',(-1.E0,0.E0,0.E0));
#645=AXIS2_PLACEMENT_3D('',#642,#643,#644);
#647=DIRECTION('',(2.174439676409E-10,1.E0,-1.689006583216E-7));
#648=VECTOR('',#647,3.499999999239E0);
#649=CARTESIAN_POINT('',(-2.85E0,-6.999954983642E0,1.227000121300E1));
#650=LINE('',#649,#648);
#651=DIRECTION('',(7.071067811865E-1,-7.071067811865E-1,9.826675637827E-8));
#652=VECTOR('',#651,7.071067799836E-1);
#653=CARTESIAN_POINT('',(-3.349999998388E0,-2.999961743447E0,
-2.672999944764E1));
#654=LINE('',#653,#652);
#655=DIRECTION('',(-7.071067811865E-1,-7.071067811865E-1,1.467980983140E-7));
#656=VECTOR('',#655,7.071067799836E-1);
#657=CARTESIAN_POINT('',(-6.500000016116E-1,-2.999961743447E0,
-2.672999951266E1));
#658=LINE('',#657,#656);
#659=CARTESIAN_POINT('',(-2.E0,-3.499961741836E0,-2.672999939350E1));
#660=DIRECTION('',(0.E0,-1.E0,1.732870212380E-7));
#661=DIRECTION('',(1.E0,0.E0,0.E0));
#662=AXIS2_PLACEMENT_3D('',#659,#660,#661);
#664=DIRECTION('',(-2.174424450493E-10,1.E0,-1.776733853762E-7));
#665=VECTOR('',#664,3.499999999239E0);
#666=CARTESIAN_POINT('',(-1.15E0,-6.999961741835E0,-2.672999878700E1));
#667=LINE('',#666,#665);
#668=CARTESIAN_POINT('',(-2.E0,-3.499961741836E0,-2.672999939350E1));
#669=DIRECTION('',(0.E0,-1.E0,1.732870212380E-7));
#670=DIRECTION('',(-1.E0,0.E0,0.E0));
#671=AXIS2_PLACEMENT_3D('',#668,#669,#670);
#673=DIRECTION('',(2.174435869930E-10,1.E0,-1.689006562915E-7));
#674=VECTOR('',#673,3.499999999239E0);
#675=CARTESIAN_POINT('',(-2.85E0,-6.999961741835E0,-2.672999878700E1));
#676=LINE('',#675,#674);
#677=DIRECTION('',(7.071067811865E-1,-7.071067811865E-1,9.826675637827E-8));
#678=VECTOR('',#677,7.071067799836E-1);
#679=CARTESIAN_POINT('',(4.565000000161E1,-2.999960530438E0,-1.972999944764E1));
#680=LINE('',#679,#678);
#681=DIRECTION('',(-7.071067811865E-1,-7.071067811865E-1,1.467980983140E-7));
#682=VECTOR('',#681,7.071067799836E-1);
#683=CARTESIAN_POINT('',(4.834999999839E1,-2.999960530438E0,-1.972999951266E1));
#684=LINE('',#683,#682);
#685=CARTESIAN_POINT('',(4.7E1,-3.499960528826E0,-1.972999939350E1));
#686=DIRECTION('',(0.E0,-1.E0,1.732870212380E-7));
#687=DIRECTION('',(1.E0,0.E0,0.E0));
#688=AXIS2_PLACEMENT_3D('',#685,#686,#687);
#690=DIRECTION('',(-2.174341976783E-10,1.E0,-1.776733833461E-7));
#691=VECTOR('',#690,3.499999999239E0);
#692=CARTESIAN_POINT('',(4.785E1,-6.999960528826E0,-1.972999878700E1));
#693=LINE('',#692,#691);
#694=CARTESIAN_POINT('',(4.7E1,-3.499960528826E0,-1.972999939350E1));
#695=DIRECTION('',(0.E0,-1.E0,1.732870212380E-7));
#696=DIRECTION('',(-1.E0,0.E0,0.E0));
#697=AXIS2_PLACEMENT_3D('',#694,#695,#696);
#699=DIRECTION('',(2.174463784109E-10,1.E0,-1.689006573065E-7));
#700=VECTOR('',#699,3.499999999239E0);
#701=CARTESIAN_POINT('',(4.615E1,-6.999960528826E0,-1.972999878700E1));
#702=LINE('',#701,#700);
#703=CARTESIAN_POINT('',(4.5E1,-3.499956196651E0,5.270000604307E0));
#704=DIRECTION('',(-1.094878819552E-9,1.732870212681E-7,1.E0));
#705=DIRECTION('',(5.684341886081E-14,1.E0,-1.732870220650E-7));
#706=AXIS2_PLACEMENT_3D('',#703,#704,#705);
#708=CARTESIAN_POINT('',(4.9E1,-3.499956196651E0,5.270000608687E0));
#709=DIRECTION('',(1.094877938312E-9,-1.732870211998E-7,-1.E0));
#710=DIRECTION('',(-5.684341886081E-14,1.E0,-1.732870220650E-7));
#711=AXIS2_PLACEMENT_3D('',#708,#709,#710);
#713=DIRECTION('',(0.E0,1.E0,-1.732723458048E-7));
#714=VECTOR('',#713,2.5E0);
#715=CARTESIAN_POINT('',(4.95E1,-5.999956196651E0,5.270001039715E0));
#716=LINE('',#715,#714);
#717=CARTESIAN_POINT('',(4.7E1,-3.499956196651E0,5.270000606497E0));
#718=DIRECTION('',(0.E0,1.E0,-1.732870212380E-7));
#719=DIRECTION('',(1.E0,0.E0,0.E0));
#720=AXIS2_PLACEMENT_3D('',#717,#718,#719);
#722=CARTESIAN_POINT('',(4.7E1,-5.999960528826E0,-1.972999896028E1));
#723=DIRECTION('',(0.E0,1.E0,-1.732870212380E-7));
#724=DIRECTION('',(-1.E0,0.E0,0.E0));
#725=AXIS2_PLACEMENT_3D('',#722,#723,#724);
#727=CARTESIAN_POINT('',(4.7E1,-5.999960528826E0,-1.972999896028E1));
#728=DIRECTION('',(0.E0,1.E0,-1.732870212380E-7));
#729=DIRECTION('',(1.E0,0.E0,0.E0));
#730=AXIS2_PLACEMENT_3D('',#727,#728,#729);
#732=CARTESIAN_POINT('',(3.502E1,-5.999959755966E0,-1.527000005892E1));
#733=DIRECTION('',(0.E0,-1.E0,1.732870212380E-7));
#734=DIRECTION('',(9.739412769693E-1,-3.930155335195E-8,-2.268003285170E-1));
#735=AXIS2_PLACEMENT_3D('',#732,#733,#734);
#737=CARTESIAN_POINT('',(3.502E1,-5.999959755966E0,-1.527000005892E1));
#738=DIRECTION('',(0.E0,-1.E0,1.732870212380E-7));
#739=DIRECTION('',(2.637065823440E-14,-1.732870212043E-7,-1.E0));
#740=AXIS2_PLACEMENT_3D('',#737,#738,#739);
#742=DIRECTION('',(1.E0,-2.966600124021E-11,2.966600124021E-11));
#743=VECTOR('',#742,2.531999987458E1);
#744=CARTESIAN_POINT('',(9.700000050813E0,-5.999961437403E0,-2.497000005837E1));
#745=LINE('',#744,#743);
#746=CARTESIAN_POINT('',(9.7E0,-5.999959755966E0,-1.527000005892E1));
#747=DIRECTION('',(0.E0,-1.E0,1.732870212380E-7));
#748=DIRECTION('',(-1.E0,0.E0,2.838508351619E-14));
#749=AXIS2_PLACEMENT_3D('',#746,#747,#748);
#751=DIRECTION('',(2.255509857549E-11,-1.733095757684E-7,-1.E0));
#752=VECTOR('',#751,1.603999989848E1);
#753=CARTESIAN_POINT('',(5.529243081911E-10,-5.999956976995E0,
7.699998902624E-1));
#754=LINE('',#753,#752);
#755=CARTESIAN_POINT('',(9.7E0,-5.999956976443E0,7.699999410752E-1));
#756=DIRECTION('',(0.E0,-1.E0,1.732870212380E-7));
#757=DIRECTION('',(-1.172029254862E-14,1.732870212043E-7,1.E0));
#758=AXIS2_PLACEMENT_3D('',#755,#756,#757);
#760=DIRECTION('',(-1.E0,-5.848963609596E-12,-5.849139000280E-12));
#761=VECTOR('',#760,2.531999987763E1);
#762=CARTESIAN_POINT('',(3.501999992834E1,-5.999955296325E0,1.046999994031E1));
#763=LINE('',#762,#761);
#764=CARTESIAN_POINT('',(3.502E1,-5.999956976443E0,7.699999410751E-1));
#765=DIRECTION('',(0.E0,-1.E0,1.732870212380E-7));
#766=DIRECTION('',(8.851053866110E-1,8.064615898338E-8,4.653906472976E-1));
#767=AXIS2_PLACEMENT_3D('',#764,#765,#766);
#769=CARTESIAN_POINT('',(4.445437503160E1,-5.999956585775E0,3.024455033337E0));
#770=CARTESIAN_POINT('',(4.431808536876E1,-5.999956559001E0,3.178957487389E0));
#771=CARTESIAN_POINT('',(4.407789128634E1,-5.999897762724E0,3.506929006181E0));
#772=CARTESIAN_POINT('',(4.380853499411E1,-6.000161994294E0,4.060517981251E0));
#773=CARTESIAN_POINT('',(4.364189739856E1,-5.999192690361E0,4.655482662483E0));
#774=CARTESIAN_POINT('',(4.360689819294E1,-6.001600936362E0,5.066491821012E0));
#775=CARTESIAN_POINT('',(4.360746502735E1,-6.001600900382E0,5.274121893016E0));
#777=CARTESIAN_POINT('',(3.502E1,-5.999956976443E0,7.699999410751E-1));
#778=DIRECTION('',(0.E0,-1.E0,1.732870212380E-7));
#779=DIRECTION('',(9.826315905005E-1,3.215637405836E-8,1.855671235711E-1));
#780=AXIS2_PLACEMENT_3D('',#777,#778,#779);
#782=DIRECTION('',(-1.E0,0.E0,0.E0));
#783=VECTOR('',#782,3.911249515961E-1);
#784=CARTESIAN_POINT('',(4.494265137945E1,-5.999956664526E0,2.570001039715E0));
#785=LINE('',#784,#783);
#786=CARTESIAN_POINT('',(3.507E1,-5.999956976443E0,7.699999410750E-1));
#787=DIRECTION('',(0.E0,1.E0,-1.732870212380E-7));
#788=DIRECTION('',(0.E0,1.732870212280E-7,1.E0));
#789=AXIS2_PLACEMENT_3D('',#786,#787,#788);
#791=DIRECTION('',(-1.E0,0.E0,0.E0));
#792=VECTOR('',#791,2.537E1);
#793=CARTESIAN_POINT('',(3.507E1,-5.999955174258E0,1.116999994107E1));
#794=LINE('',#793,#792);
#795=CARTESIAN_POINT('',(9.7E0,-5.999956976443E0,7.699999410750E-1));
#796=DIRECTION('',(0.E0,1.E0,-1.732870212380E-7));
#797=DIRECTION('',(-1.E0,0.E0,0.E0));
#798=AXIS2_PLACEMENT_3D('',#795,#796,#797);
#800=DIRECTION('',(0.E0,-1.732870211967E-7,-1.E0));
#801=VECTOR('',#800,1.604E1);
#802=CARTESIAN_POINT('',(-6.999999999999E-1,-5.999956976443E0,
7.699999410750E-1));
#803=LINE('',#802,#801);
#804=CARTESIAN_POINT('',(9.7E0,-5.999959755966E0,-1.527000005892E1));
#805=DIRECTION('',(0.E0,1.E0,-1.732870212380E-7));
#806=DIRECTION('',(0.E0,-1.732870212280E-7,-1.E0));
#807=AXIS2_PLACEMENT_3D('',#804,#805,#806);
#809=DIRECTION('',(1.E0,0.E0,0.E0));
#810=VECTOR('',#809,2.537E1);
#811=CARTESIAN_POINT('',(9.7E0,-5.999961558151E0,-2.567000005892E1));
#812=LINE('',#811,#810);
#813=CARTESIAN_POINT('',(3.507E1,-5.999959755966E0,-1.527000005892E1));
#814=DIRECTION('',(0.E0,1.E0,-1.732870212380E-7));
#815=DIRECTION('',(8.407497435822E-1,-9.382173952274E-8,-5.414239269431E-1));
#816=AXIS2_PLACEMENT_3D('',#813,#814,#815);
#818=DIRECTION('',(-1.E0,0.E0,0.E0));
#819=VECTOR('',#818,3.836575191316E-1);
#820=CARTESIAN_POINT('',(4.494265137945E1,-5.999960060951E0,-1.702999896028E1));
#821=LINE('',#820,#819);
#822=CARTESIAN_POINT('',(-2.E0,-5.999961741835E0,-2.672999896028E1));
#823=DIRECTION('',(0.E0,1.E0,-1.732870212380E-7));
#824=DIRECTION('',(-1.E0,0.E0,0.E0));
#825=AXIS2_PLACEMENT_3D('',#822,#823,#824);
#827=CARTESIAN_POINT('',(-2.E0,-5.999961741835E0,-2.672999896028E1));
#828=DIRECTION('',(0.E0,1.E0,-1.732870212380E-7));
#829=DIRECTION('',(1.E0,0.E0,0.E0));
#830=AXIS2_PLACEMENT_3D('',#827,#828,#829);
#832=CARTESIAN_POINT('',(-2.E0,-5.999954983642E0,1.227000103971E1));
#833=DIRECTION('',(0.E0,1.E0,-1.732870212380E-7));
#834=DIRECTION('',(-1.E0,0.E0,0.E0));
#835=AXIS2_PLACEMENT_3D('',#832,#833,#834);
#837=CARTESIAN_POINT('',(-2.E0,-5.999954983642E0,1.227000103971E1));
#838=DIRECTION('',(0.E0,1.E0,-1.732870212380E-7));
#839=DIRECTION('',(1.E0,0.E0,0.E0));
#840=AXIS2_PLACEMENT_3D('',#837,#838,#839);
#842=CARTESIAN_POINT('',(4.7E1,-5.999956196651E0,5.270001039715E0));
#843=DIRECTION('',(0.E0,1.E0,-1.732870212380E-7));
#844=DIRECTION('',(-1.E0,0.E0,0.E0));
#845=AXIS2_PLACEMENT_3D('',#842,#843,#844);
#847=CARTESIAN_POINT('',(4.7E1,-5.999956196651E0,5.270001039715E0));
#848=DIRECTION('',(0.E0,1.E0,-1.732870212380E-7));
#849=DIRECTION('',(1.E0,0.E0,0.E0));
#850=AXIS2_PLACEMENT_3D('',#847,#848,#849);
#852=DIRECTION('',(0.E0,1.E0,-1.733016972594E-7));
#853=VECTOR('',#852,2.5E0);
#854=CARTESIAN_POINT('',(4.45E1,-5.999960528826E0,-1.972999896028E1));
#855=LINE('',#854,#853);
#856=CARTESIAN_POINT('',(4.7E1,-3.499960528826E0,-1.972999939350E1));
#857=DIRECTION('',(0.E0,1.E0,-1.732870212380E-7));
#858=DIRECTION('',(-1.E0,0.E0,0.E0));
#859=AXIS2_PLACEMENT_3D('',#856,#857,#858);
#861=DIRECTION('',(0.E0,1.E0,-1.732723433179E-7));
#862=VECTOR('',#861,2.5E0);
#863=CARTESIAN_POINT('',(4.95E1,-5.999960528826E0,-1.972999896028E1));
#864=LINE('',#863,#862);
#865=CARTESIAN_POINT('',(4.7E1,-3.499960528826E0,-1.972999939350E1));
#866=DIRECTION('',(0.E0,1.E0,-1.732870212380E-7));
#867=DIRECTION('',(1.E0,0.E0,0.E0));
#868=AXIS2_PLACEMENT_3D('',#865,#866,#867);
#870=CARTESIAN_POINT('',(4.9E1,-3.499960528826E0,-1.972999939131E1));
#871=DIRECTION('',(1.094879707730E-9,-1.732870211998E-7,-1.E0));
#872=DIRECTION('',(-7.105427357601E-14,1.E0,-1.732870202886E-7));
#873=AXIS2_PLACEMENT_3D('',#870,#871,#872);
#875=CARTESIAN_POINT('',(4.5E1,-3.499960528826E0,-1.972999939569E1));
#876=DIRECTION('',(-1.094878743224E-9,1.732870212681E-7,1.E0));
#877=DIRECTION('',(7.105427357601E-14,1.E0,-1.732870202886E-7));
#878=AXIS2_PLACEMENT_3D('',#875,#876,#877);
#880=CARTESIAN_POINT('',(4.455899386032E1,-5.999960060951E0,-1.702999896028E1));
#881=CARTESIAN_POINT('',(4.454130546798E1,-6.017354851249E0,-1.702999895727E1));
#882=CARTESIAN_POINT('',(4.450595953581E1,-6.052110905789E0,-1.702999895125E1));
#883=CARTESIAN_POINT('',(4.447067527356E1,-6.086799872590E0,-1.702999894524E1));
#884=CARTESIAN_POINT('',(4.445304855102E1,-6.104127574989E0,-1.702999894223E1));
#886=CARTESIAN_POINT('',(4.396680893499E1,-6.499960127408E0,-1.741350408491E1));
#887=CARTESIAN_POINT('',(4.397663053777E1,-6.499960120304E0,-1.737250952695E1));
#888=CARTESIAN_POINT('',(4.400692075505E1,-6.488588270681E0,-1.729233157773E1));
#889=CARTESIAN_POINT('',(4.408207602040E1,-6.437720914598E0,-1.718628126546E1));
#890=CARTESIAN_POINT('',(4.418504764222E1,-6.353996285625E0,-1.710079397708E1));
#891=CARTESIAN_POINT('',(4.430940595467E1,-6.242668605300E0,-1.704443314275E1));
#892=CARTESIAN_POINT('',(4.440388518241E1,-6.152456935015E0,-1.702999893386E1));
#893=CARTESIAN_POINT('',(4.445304855102E1,-6.104127574989E0,-1.702999894223E1));
#895=DIRECTION('',(3.045480961989E-8,-7.071066586541E-1,7.071069037190E-1));
#896=VECTOR('',#895,7.071067806542E-1);
#897=CARTESIAN_POINT('',(3.501999992540E1,-5.999961438155E0,-2.497000005762E1));
#898=LINE('',#897,#896);
#899=CARTESIAN_POINT('',(4.7E1,-5.999960528826E0,-1.972999896028E1));
#900=DIRECTION('',(0.E0,1.E0,-1.732870212380E-7));
#901=DIRECTION('',(-6.060815673640E-1,1.378329295801E-7,7.954024979227E-1));
#902=AXIS2_PLACEMENT_3D('',#899,#900,#901);
#904=CARTESIAN_POINT('',(4.7E1,-6.999960528826E0,-1.972999878700E1));
#905=DIRECTION('',(0.E0,-1.E0,1.732870212380E-7));
#906=DIRECTION('',(-9.386346518581E-1,-5.976894950181E-8,-3.449130185007E-1));
#907=AXIS2_PLACEMENT_3D('',#904,#905,#906);
#909=CARTESIAN_POINT('',(4.446723038660E1,-5.999960137191E0,-1.746996324554E1));
#910=CARTESIAN_POINT('',(4.434841500654E1,-6.085480073723E0,-1.760311687173E1));
#911=CARTESIAN_POINT('',(4.413688623303E1,-6.220147855562E0,-1.788311052455E1));
#912=CARTESIAN_POINT('',(4.390120086563E1,-6.315068979437E0,-1.831615993256E1));
#913=CARTESIAN_POINT('',(4.373111330577E1,-6.315106117572E0,-1.877295410947E1));
#914=CARTESIAN_POINT('',(4.362616273693E1,-6.220166278945E0,-1.925492559451E1));
#915=CARTESIAN_POINT('',(4.360309946454E1,-6.085483165172E0,-1.960510247053E1));
#916=CARTESIAN_POINT('',(4.360591450379E1,-5.999960538105E0,-1.978354324954E1));
#918=CARTESIAN_POINT('',(4.7E1,-5.999960528826E0,-1.972999896028E1));
#919=DIRECTION('',(0.E0,1.E0,-1.732870212380E-7));
#920=DIRECTION('',(-9.998755858690E-1,-2.733395037504E-9,-1.577380052726E-2));
#921=AXIS2_PLACEMENT_3D('',#918,#919,#920);
#923=DIRECTION('',(0.E0,1.E0,-1.732870344995E-7));
#924=VECTOR('',#923,1.E0);
#925=CARTESIAN_POINT('',(4.381379733326E1,-6.999960731712E0,-2.090080872585E1));
#926=LINE('',#925,#924);
#927=DIRECTION('',(0.E0,1.E0,-1.732870202886E-7));
#928=VECTOR('',#927,1.E0);
#929=CARTESIAN_POINT('',(3.507E1,-6.999961558151E0,-2.566999988564E1));
#930=LINE('',#929,#928);
#931=DIRECTION('',(0.E0,1.E0,-1.732870202886E-7));
#932=VECTOR('',#931,1.E0);
#933=CARTESIAN_POINT('',(9.7E0,-6.999961558151E0,-2.566999988564E1));
#934=LINE('',#933,#932);
#935=DIRECTION('',(0.E0,1.E0,-1.732870202886E-7));
#936=VECTOR('',#935,1.E0);
#937=CARTESIAN_POINT('',(-6.999999999999E-1,-6.999959755966E0,
-1.526999988564E1));
#938=LINE('',#937,#936);
#939=DIRECTION('',(0.E0,1.E0,-1.732870220650E-7));
#940=VECTOR('',#939,1.E0);
#941=CARTESIAN_POINT('',(-6.999999999999E-1,-6.999956976443E0,
7.700001143620E-1));
#942=LINE('',#941,#940);
#943=DIRECTION('',(0.E0,1.E0,-1.732870238413E-7));
#944=VECTOR('',#943,1.E0);
#945=CARTESIAN_POINT('',(9.7E0,-6.999955174258E0,1.117000011436E1));
#946=LINE('',#945,#944);
#947=DIRECTION('',(-1.421085471520E-14,1.E0,-1.732870140714E-7));
#948=VECTOR('',#947,1.E0);
#949=CARTESIAN_POINT('',(4.380450638344E1,-6.999955998201E0,6.415210317498E0));
#950=LINE('',#949,#948);
#951=DIRECTION('',(0.E0,1.E0,-1.732870238413E-7));
#952=VECTOR('',#951,1.E0);
#953=CARTESIAN_POINT('',(3.507E1,-6.999955174258E0,1.117000011436E1));
#954=LINE('',#953,#952);
#955=CARTESIAN_POINT('',(4.7E1,-5.999956196651E0,5.270001039715E0));
#956=DIRECTION('',(0.E0,1.E0,-1.732870212380E-7));
#957=DIRECTION('',(-9.413717054464E-1,5.846204657023E-8,3.373711786518E-1));
#958=AXIS2_PLACEMENT_3D('',#955,#956,#957);
#960=CARTESIAN_POINT('',(4.7E1,-6.999956196651E0,5.270001213002E0));
#961=DIRECTION('',(0.E0,-1.E0,1.732870212380E-7));
#962=DIRECTION('',(-6.060815673640E-1,-1.378329295801E-7,-7.954024979227E-1));
#963=AXIS2_PLACEMENT_3D('',#960,#961,#962);
#965=CARTESIAN_POINT('',(4.360746502735E1,-6.001600900382E0,5.274121893016E0));
#966=CARTESIAN_POINT('',(4.360645262767E1,-6.001600900047E0,5.276053436880E0));
#967=CARTESIAN_POINT('',(4.361144304106E1,-5.999188666864E0,5.276032734788E0));
#968=CARTESIAN_POINT('',(4.360690880294E1,-6.000175488707E0,5.280790545810E0));
#969=CARTESIAN_POINT('',(4.360617525020E1,-5.999956194390E0,5.283047308601E0));
#970=CARTESIAN_POINT('',(4.360552225013E1,-5.999956194175E0,5.284289219862E0));
#972=CARTESIAN_POINT('',(4.444337492336E1,-6.106208757614E0,2.570001058127E0));
#973=CARTESIAN_POINT('',(4.439440720987E1,-6.154306865657E0,2.570001066462E0));
#974=CARTESIAN_POINT('',(4.430026796894E1,-6.244068911440E0,2.584321457114E0));
#975=CARTESIAN_POINT('',(4.417621673938E1,-6.354823551393E0,2.640313064291E0));
#976=CARTESIAN_POINT('',(4.407335391859E1,-6.438089335903E0,2.725308900775E0));
#977=CARTESIAN_POINT('',(4.399810222531E1,-6.488655281801E0,2.830806095192E0));
#978=CARTESIAN_POINT('',(4.396759851079E1,-6.499956605501E0,2.910618383073E0));
#979=CARTESIAN_POINT('',(4.395763394793E1,-6.499956598426E0,2.951444368696E0));
#981=CARTESIAN_POINT('',(4.444337492336E1,-6.106208757614E0,2.570001058127E0));
#982=CARTESIAN_POINT('',(4.446136712646E1,-6.088536073580E0,2.570001055064E0));
#983=CARTESIAN_POINT('',(4.449738456730E1,-6.053154694124E0,2.570001048933E0));
#984=CARTESIAN_POINT('',(4.453346811653E1,-6.017701331703E0,2.570001042790E0));
#985=CARTESIAN_POINT('',(4.455152642785E1,-5.999956664526E0,2.570001039715E0));
#987=CARTESIAN_POINT('',(4.445437503160E1,-5.999956585775E0,3.024455033337E0));
#988=CARTESIAN_POINT('',(4.433649614174E1,-6.083549106584E0,3.158086442791E0));
#989=CARTESIAN_POINT('',(4.412819427518E1,-6.213371211236E0,3.437184610263E0));
#990=CARTESIAN_POINT('',(4.389911495204E1,-6.301573290424E0,3.862681228227E0));
#991=CARTESIAN_POINT('',(4.373727737841E1,-6.299946288460E0,4.296658948385E0));
#992=CARTESIAN_POINT('',(4.363177903239E1,-6.214080174050E0,4.758087941633E0));
#993=CARTESIAN_POINT('',(4.360697914071E1,-6.084655728467E0,5.096142806320E0));
#994=CARTESIAN_POINT('',(4.360746502735E1,-6.001600900382E0,5.274121893016E0));
#996=DIRECTION('',(2.925322915595E-8,-7.071069037190E-1,-7.071066586541E-1));
#997=VECTOR('',#996,7.071067808736E-1);
#998=CARTESIAN_POINT('',(3.501999992834E1,-5.999955296325E0,1.046999994031E1));
#999=LINE('',#998,#997);
#1000=DIRECTION('',(-2.070166405438E-8,-7.071069037190E-1,-7.071066586541E-1));
#1001=VECTOR('',#1000,7.071067808132E-1);
#1002=CARTESIAN_POINT('',(9.700000050711E0,-5.999955296473E0,1.046999994016E1));
#1003=LINE('',#1002,#1001);
#1004=DIRECTION('',(7.071067811865E-1,-7.071067811866E-1,1.432754509164E-7));
#1005=VECTOR('',#1004,7.071067809608E-1);
#1006=CARTESIAN_POINT('',(5.529243081911E-10,-5.999956976995E0,
7.699998902624E-1));
#1007=LINE('',#1006,#1005);
#1008=DIRECTION('',(7.071067811865E-1,-7.071067811866E-1,1.018307807331E-7));
#1009=VECTOR('',#1008,7.071067808132E-1);
#1010=CARTESIAN_POINT('',(9.147080870520E-10,-5.999959756881E0,
-1.527000000821E1));
#1011=LINE('',#1010,#1009);
#1012=DIRECTION('',(-2.074302405365E-8,-7.071066586541E-1,7.071069037190E-1));
#1013=VECTOR('',#1012,7.071067809608E-1);
#1014=CARTESIAN_POINT('',(9.700000050813E0,-5.999961437403E0,
-2.497000005837E1));
#1015=LINE('',#1014,#1013);
#1016=DIRECTION('',(1.E0,-2.110258613875E-11,2.110272645130E-11));
#1017=VECTOR('',#1016,2.531999991079E1);
#1018=CARTESIAN_POINT('',(9.700000036145E0,-6.499961350600E0,
-2.446999997189E1));
#1019=LINE('',#1018,#1017);
#1020=DIRECTION('',(3.537892706911E-8,-1.E0,1.726686540003E-7));
#1021=VECTOR('',#1020,1.499999999072E0);
#1022=CARTESIAN_POINT('',(3.501999994693E1,-6.499961351135E0,
-2.446999997135E1));
#1023=LINE('',#1022,#1021);
#1024=DIRECTION('',(0.E0,1.E0,-1.732870558157E-7));
#1025=VECTOR('',#1024,5.000000000002E-1);
#1026=CARTESIAN_POINT('',(4.396680893499E1,-6.999960127408E0,
-1.741350399827E1));
#1027=LINE('',#1026,#1025);
#1028=DIRECTION('',(0.E0,1.E0,-1.732870291704E-7));
#1029=VECTOR('',#1028,1.E0);
#1030=CARTESIAN_POINT('',(4.419236484783E1,-7.999959879441E0,
-1.598254662193E1));
#1031=LINE('',#1030,#1029);
#1032=CARTESIAN_POINT('',(3.502E1,-6.499959755966E0,-1.526999997228E1));
#1033=DIRECTION('',(0.E0,-1.E0,1.732870212380E-7));
#1034=DIRECTION('',(0.E0,-1.732870212540E-7,-1.E0));
#1035=AXIS2_PLACEMENT_3D('',#1032,#1033,#1034);
#1037=CARTESIAN_POINT('',(4.445304855102E1,-6.999960147595E0,
-1.752999878700E1));
#1038=DIRECTION('',(0.E0,-1.E0,1.732870212130E-7));
#1039=DIRECTION('',(-9.947598300641E-14,1.732870220650E-7,1.E0));
#1040=AXIS2_PLACEMENT_3D('',#1037,#1038,#1039);
#1042=DIRECTION('',(0.E0,1.E0,-1.732870202886E-7));
#1043=VECTOR('',#1042,1.E0);
#1044=CARTESIAN_POINT('',(4.494265137945E1,-6.999960060951E0,
-1.702999878700E1));
#1045=LINE('',#1044,#1043);
#1046=DIRECTION('',(3.172658937444E-14,1.E0,-1.732870182979E-7));
#1047=VECTOR('',#1046,8.958324859620E-1);
#1048=CARTESIAN_POINT('',(4.445304855102E1,-6.999960060951E0,
-1.702999878700E1));
#1049=LINE('',#1048,#1047);
#1050=CARTESIAN_POINT('',(4.518936102694E1,-6.999959892863E0,
-1.605999754626E1));
#1051=DIRECTION('',(0.E0,1.E0,-1.732870212781E-7));
#1052=DIRECTION('',(-9.969961791116E-1,1.342120992120E-8,7.745075104168E-2));
#1053=AXIS2_PLACEMENT_3D('',#1050,#1051,#1052);
#1055=CARTESIAN_POINT('',(4.518936102694E1,-7.999959892863E0,
-1.605999737298E1));
#1056=DIRECTION('',(0.E0,-1.E0,1.732870212781E-7));
#1057=DIRECTION('',(-4.973799150321E-14,1.732870211768E-7,1.E0));
#1058=AXIS2_PLACEMENT_3D('',#1055,#1056,#1057);
#1060=DIRECTION('',(0.E0,-1.E0,1.732870220650E-7));
#1061=VECTOR('',#1060,1.E0);
#1062=CARTESIAN_POINT('',(4.754E1,-6.999959719576E0,-1.505999754626E1));
#1063=LINE('',#1062,#1061);
#1064=DIRECTION('',(2.131628207280E-14,1.E0,-1.732870202886E-7));
#1065=VECTOR('',#1064,1.E0);
#1066=CARTESIAN_POINT('',(4.518936102694E1,-7.999959719576E0,
-1.505999737298E1));
#1067=LINE('',#1066,#1065);
#1068=CARTESIAN_POINT('',(4.754E1,-6.999959546289E0,-1.405999754626E1));
#1069=DIRECTION('',(0.E0,-1.E0,1.732870212455E-7));
#1070=DIRECTION('',(-4.973799150321E-14,-1.732870211768E-7,-1.E0));
#1071=AXIS2_PLACEMENT_3D('',#1068,#1069,#1070);
#1073=CARTESIAN_POINT('',(3.502E1,-7.999959755966E0,-1.526999971235E1));
#1074=DIRECTION('',(0.E0,1.E0,-1.732870212380E-7));
#1075=DIRECTION('',(9.969961791116E-1,-1.342120994051E-8,-7.745075104169E-2));
#1076=AXIS2_PLACEMENT_3D('',#1073,#1074,#1075);
#1078=DIRECTION('',(-1.E0,0.E0,0.E0));
#1079=VECTOR('',#1078,2.350638973062E0);
#1080=CARTESIAN_POINT('',(4.754E1,-7.999959719576E0,-1.505999737298E1));
#1081=LINE('',#1080,#1079);
#1082=CARTESIAN_POINT('',(4.754E1,-7.999959546289E0,-1.405999737298E1));
#1083=DIRECTION('',(0.E0,1.E0,-1.732870212455E-7));
#1084=DIRECTION('',(1.E0,0.E0,0.E0));
#1085=AXIS2_PLACEMENT_3D('',#1082,#1083,#1084);
#1087=DIRECTION('',(0.E0,-1.732870212473E-7,-1.E0));
#1088=VECTOR('',#1087,1.365999751853E1);
#1089=CARTESIAN_POINT('',(4.854E1,-7.999957179188E0,-3.999998544463E-1));
#1090=LINE('',#1089,#1088);
#1091=CARTESIAN_POINT('',(4.754E1,-7.999957179188E0,-3.999998544463E-1));
#1092=DIRECTION('',(0.E0,1.E0,-1.732870212374E-7));
#1093=DIRECTION('',(0.E0,1.732870211768E-7,1.E0));
#1094=AXIS2_PLACEMENT_3D('',#1091,#1092,#1093);
#1096=DIRECTION('',(1.E0,0.E0,0.E0));
#1097=VECTOR('',#1096,2.353825683381E0);
#1098=CARTESIAN_POINT('',(4.518617431662E1,-7.999957005901E0,
6.000001455537E-1));
#1099=LINE('',#1098,#1097);
#1100=CARTESIAN_POINT('',(3.502E1,-7.999956976443E0,7.700002876490E-1));
#1101=DIRECTION('',(0.E0,1.E0,-1.732870212380E-7));
#1102=DIRECTION('',(1.490595086975E-13,1.732870212540E-7,1.E0));
#1103=AXIS2_PLACEMENT_3D('',#1100,#1101,#1102);
#1105=DIRECTION('',(1.E0,0.E0,0.E0));
#1106=VECTOR('',#1105,2.532E1);
#1107=CARTESIAN_POINT('',(9.7E0,-7.999955382202E0,9.970000287649E0));
#1108=LINE('',#1107,#1106);
#1109=CARTESIAN_POINT('',(9.7E0,-7.999956976443E0,7.700002876490E-1));
#1110=DIRECTION('',(0.E0,1.E0,-1.732870212380E-7));
#1111=DIRECTION('',(-1.E0,0.E0,0.E0));
#1112=AXIS2_PLACEMENT_3D('',#1109,#1110,#1111);
#1114=DIRECTION('',(0.E0,1.732870211414E-7,1.E0));
#1115=VECTOR('',#1114,1.604E1);
#1116=CARTESIAN_POINT('',(5.E-1,-7.999959755966E0,-1.526999971235E1));
#1117=LINE('',#1116,#1115);
#1118=CARTESIAN_POINT('',(9.7E0,-7.999959755966E0,-1.526999971235E1));
#1119=DIRECTION('',(0.E0,1.E0,-1.732870212380E-7));
#1120=DIRECTION('',(-1.488664264323E-13,-1.732870212540E-7,-1.E0));
#1121=AXIS2_PLACEMENT_3D('',#1118,#1119,#1120);
#1123=DIRECTION('',(-1.E0,0.E0,0.E0));
#1124=VECTOR('',#1123,2.532E1);
#1125=CARTESIAN_POINT('',(3.502E1,-7.999961350207E0,-2.446999971235E1));
#1126=LINE('',#1125,#1124);
#1127=CARTESIAN_POINT('',(3.311E1,-7.999959720670E0,-1.506631043378E1));
#1128=DIRECTION('',(0.E0,1.E0,-1.732870212380E-7));
#1129=DIRECTION('',(1.E0,0.E0,-1.509903313490E-14));
#1130=AXIS2_PLACEMENT_3D('',#1127,#1128,#1129);
#1132=DIRECTION('',(-1.E0,0.E0,0.E0));
#1133=VECTOR('',#1132,2.311E1);
#1134=CARTESIAN_POINT('',(3.311E1,-7.999961106966E0,-2.306631043378E1));
#1135=LINE('',#1134,#1133);
#1136=CARTESIAN_POINT('',(1.E1,-7.999959720670E0,-1.506631043378E1));
#1137=DIRECTION('',(0.E0,1.E0,-1.732870212380E-7));
#1138=DIRECTION('',(0.E0,-1.732870212878E-7,-1.E0));
#1139=AXIS2_PLACEMENT_3D('',#1136,#1137,#1138);
#1141=DIRECTION('',(0.E0,1.732870211632E-7,1.E0));
#1142=VECTOR('',#1141,1.564E1);
#1143=CARTESIAN_POINT('',(2.E0,-7.999959720670E0,-1.506631043378E1));
#1144=LINE('',#1143,#1142);
#1145=CARTESIAN_POINT('',(1.E1,-7.999957010461E0,5.736895662172E-1));
#1146=DIRECTION('',(0.E0,1.E0,-1.732870212380E-7));
#1147=DIRECTION('',(-1.E0,0.E0,0.E0));
#1148=AXIS2_PLACEMENT_3D('',#1145,#1146,#1147);
#1150=DIRECTION('',(1.E0,0.E0,0.E0));
#1151=VECTOR('',#1150,2.311E1);
#1152=CARTESIAN_POINT('',(1.E1,-7.999955624164E0,8.573689566217E0));
#1153=LINE('',#1152,#1151);
#1154=CARTESIAN_POINT('',(3.311E1,-7.999957010461E0,5.736895662172E-1));
#1155=DIRECTION('',(0.E0,1.E0,-1.732870212380E-7));
#1156=DIRECTION('',(0.E0,1.732870212878E-7,1.E0));
#1157=AXIS2_PLACEMENT_3D('',#1154,#1155,#1156);
#1159=DIRECTION('',(0.E0,-1.732870211632E-7,-1.E0));
#1160=VECTOR('',#1159,1.564E1);
#1161=CARTESIAN_POINT('',(4.111E1,-7.999957010461E0,5.736895662172E-1));
#1162=LINE('',#1161,#1160);
#1163=DIRECTION('',(0.E0,-1.E0,1.732869924220E-7));
#1164=VECTOR('',#1163,1.E0);
#1165=CARTESIAN_POINT('',(4.854E1,-6.999957179188E0,-4.000000277333E-1));
#1166=LINE('',#1165,#1164);
#1167=DIRECTION('',(0.E0,-1.E0,1.732870487103E-7));
#1168=VECTOR('',#1167,1.E0);
#1169=CARTESIAN_POINT('',(4.854E1,-6.999959546289E0,-1.405999754626E1));
#1170=LINE('',#1169,#1168);
#1171=CARTESIAN_POINT('',(4.754E1,-6.999957179188E0,-4.000000277333E-1));
#1172=DIRECTION('',(0.E0,-1.E0,1.732870212374E-7));
#1173=DIRECTION('',(1.E0,0.E0,8.659739592076E-14));
#1174=AXIS2_PLACEMENT_3D('',#1171,#1172,#1173);
#1176=DIRECTION('',(0.E0,-1.E0,1.732870191784E-7));
#1177=VECTOR('',#1176,1.E0);
#1178=CARTESIAN_POINT('',(4.518617431662E1,-6.999957005901E0,
5.999999722666E-1));
#1179=LINE('',#1178,#1177);
#1180=DIRECTION('',(1.421085471520E-14,-1.E0,1.732870210658E-7));
#1181=VECTOR('',#1180,1.E0);
#1182=CARTESIAN_POINT('',(4.754E1,-6.999957005901E0,5.999999722666E-1));
#1183=LINE('',#1182,#1181);
#1184=CARTESIAN_POINT('',(4.518617431662E1,-6.999956832614E0,1.599999972267E0));
#1185=DIRECTION('',(0.E0,-1.E0,1.732870212414E-7));
#1186=DIRECTION('',(-9.966837565312E-1,-1.410080407993E-8,-8.137253508868E-2));
#1187=AXIS2_PLACEMENT_3D('',#1184,#1185,#1186);
#1189=CARTESIAN_POINT('',(4.518617431662E1,-7.999956832614E0,1.600000145554E0));
#1190=DIRECTION('',(0.E0,-1.E0,1.732870212414E-7));
#1191=DIRECTION('',(-9.966837565312E-1,-1.410080407993E-8,-8.137253508869E-2));
#1192=AXIS2_PLACEMENT_3D('',#1189,#1190,#1191);
#1194=DIRECTION('',(4.263256414559E-14,-1.E0,1.732869021608E-7));
#1195=VECTOR('',#1194,5.000000000002E-1);
#1196=CARTESIAN_POINT('',(4.395763394793E1,-6.499956598426E0,2.951444368696E0));
#1197=LINE('',#1196,#1195);
#1198=CARTESIAN_POINT('',(3.502E1,-6.499956976443E0,7.700000277185E-1));
#1199=DIRECTION('',(0.E0,-1.E0,1.732870212380E-7));
#1200=DIRECTION('',(9.714819508621E-1,4.108869476544E-8,2.371135153237E-1));
#1201=AXIS2_PLACEMENT_3D('',#1198,#1199,#1200);
#1203=DIRECTION('',(3.398305164433E-8,-1.E0,1.736505162518E-7));
#1204=VECTOR('',#1203,1.499999999455E0);
#1205=CARTESIAN_POINT('',(3.501999994903E1,-6.499955382747E0,9.970000027173E0));
#1206=LINE('',#1205,#1204);
#1207=DIRECTION('',(1.421085471520E-14,-1.E0,1.732870174020E-7));
#1208=VECTOR('',#1207,1.E0);
#1209=CARTESIAN_POINT('',(4.418949056009E1,-6.999956846715E0,1.518627437178E0));
#1210=LINE('',#1209,#1208);
#1211=CARTESIAN_POINT('',(4.444337492336E1,-6.999956577882E0,3.070001213002E0));
#1212=DIRECTION('',(0.E0,-1.E0,1.732870212374E-7));
#1213=DIRECTION('',(-9.714819508621E-1,-4.108869511299E-8,-2.371135153237E-1));
#1214=AXIS2_PLACEMENT_3D('',#1211,#1212,#1213);
#1216=DIRECTION('',(0.E0,1.E0,-1.732870220650E-7));
#1217=VECTOR('',#1216,1.E0);
#1218=CARTESIAN_POINT('',(4.494265137945E1,-6.999956664526E0,2.570001213002E0));
#1219=LINE('',#1218,#1217);
#1220=DIRECTION('',(-1.590029426118E-14,-1.E0,1.732870206560E-7));
#1221=VECTOR('',#1220,8.937479069113E-1);
#1222=CARTESIAN_POINT('',(4.444337492336E1,-6.106208757614E0,2.570001058127E0));
#1223=LINE('',#1222,#1221);
#1224=DIRECTION('',(-1.E0,-4.160617801058E-12,-4.160828269879E-12));
#1225=VECTOR('',#1224,2.531999991295E1);
#1226=CARTESIAN_POINT('',(3.501999994903E1,-6.499955382747E0,9.970000027173E0));
#1227=LINE('',#1226,#1225);
#1228=DIRECTION('',(-2.404889088913E-8,-1.E0,1.737207486765E-7));
#1229=VECTOR('',#1228,1.499999999349E0);
#1230=CARTESIAN_POINT('',(9.700000036073E0,-6.499955382853E0,9.970000027068E0));
#1231=LINE('',#1230,#1229);
#1232=CARTESIAN_POINT('',(9.7E0,-6.499956976443E0,7.700000277185E-1));
#1233=DIRECTION('',(0.E0,-1.E0,1.732870212380E-7));
#1234=DIRECTION('',(0.E0,1.732870212540E-7,1.E0));
#1235=AXIS2_PLACEMENT_3D('',#1232,#1233,#1234);
#1237=DIRECTION('',(-2.622096614597E-10,-1.E0,1.973836803411E-7));
#1238=VECTOR('',#1237,1.499999999607E0);
#1239=CARTESIAN_POINT('',(5.000000003933E-1,-6.499956976836E0,
7.699999915735E-1));
#1240=LINE('',#1239,#1238);
#1241=DIRECTION('',(1.604442548919E-11,-1.733030653919E-7,-1.E0));
#1242=VECTOR('',#1241,1.603999992778E1);
#1243=CARTESIAN_POINT('',(5.000000003933E-1,-6.499956976836E0,
7.699999915735E-1));
#1244=LINE('',#1243,#1242);
#1245=DIRECTION('',(-4.337779026747E-10,-1.E0,1.492384373765E-7));
#1246=VECTOR('',#1245,1.499999999349E0);
#1247=CARTESIAN_POINT('',(5.000000006507E-1,-6.499959756617E0,
-1.526999993621E1));
#1248=LINE('',#1247,#1246);
#1249=CARTESIAN_POINT('',(9.7E0,-6.499959755966E0,-1.526999997228E1));
#1250=DIRECTION('',(0.E0,-1.E0,1.732870212380E-7));
#1251=DIRECTION('',(-1.E0,0.E0,0.E0));
#1252=AXIS2_PLACEMENT_3D('',#1249,#1250,#1251);
#1254=DIRECTION('',(-2.409696620652E-8,-1.E0,1.730248655916E-7));
#1255=VECTOR('',#1254,1.499999999607E0);
#1256=CARTESIAN_POINT('',(9.700000036145E0,-6.499961350600E0,
-2.446999997189E1));
#1257=LINE('',#1256,#1255);
#1258=CARTESIAN_POINT('',(3.311E1,-8.499959720670E0,-1.506631034714E1));
#1259=DIRECTION('',(0.E0,1.E0,-1.732870212380E-7));
#1260=DIRECTION('',(1.E0,0.E0,0.E0));
#1261=AXIS2_PLACEMENT_3D('',#1258,#1259,#1260);
#1263=DIRECTION('',(1.421085471520E-14,-1.E0,1.732910739349E-7));
#1264=VECTOR('',#1263,5.E-1);
#1265=CARTESIAN_POINT('',(4.111E1,-7.999959720670E0,-1.506631043378E1));
#1266=LINE('',#1265,#1264);
#1267=CARTESIAN_POINT('',(4.161E1,-8.499959720670E0,-1.506631034714E1));
#1268=DIRECTION('',(0.E0,-1.732870212380E-7,-1.E0));
#1269=DIRECTION('',(4.263256414561E-14,-1.E0,1.732870202886E-7));
#1270=AXIS2_PLACEMENT_3D('',#1267,#1268,#1269);
#1272=DIRECTION('',(2.137738386350E-12,1.732870208769E-7,1.E0));
#1273=VECTOR('',#1272,2.163797609349E0);
#1274=CARTESIAN_POINT('',(-2.908917579402E1,-8.999959392388E0,
-1.317187024057E1));
#1275=LINE('',#1274,#1273);
#1276=DIRECTION('',(1.E0,0.E0,1.584891916947E-10));
#1277=VECTOR('',#1276,3.555701934559E0);
#1278=CARTESIAN_POINT('',(-3.264487772858E1,-8.999959392388E0,
-1.317187024114E1));
#1279=LINE('',#1278,#1277);
#1280=CARTESIAN_POINT('',(-3.264487772736E1,-8.999959479031E0,
-1.367187024057E1));
#1281=DIRECTION('',(0.E0,1.E0,-1.732870212558E-7));
#1282=DIRECTION('',(-1.E0,0.E0,0.E0));
#1283=AXIS2_PLACEMENT_3D('',#1280,#1281,#1282);
#1285=DIRECTION('',(-6.324497567975E-11,1.732870210509E-7,1.E0));
#1286=VECTOR('',#1285,8.837269837514E0);
#1287=CARTESIAN_POINT('',(-3.314487772679E1,-8.999961010415E0,
-2.250914007793E1));
#1288=LINE('',#1287,#1286);
#1289=CARTESIAN_POINT('',(-3.264487772736E1,-8.999961010415E0,
-2.250914007670E1));
#1290=DIRECTION('',(0.E0,1.E0,-1.732870212558E-7));
#1291=DIRECTION('',(0.E0,-1.732870202886E-7,-1.E0));
#1292=AXIS2_PLACEMENT_3D('',#1289,#1290,#1291);
#1294=DIRECTION('',(-1.E0,0.E0,-3.057922263576E-11));
#1295=VECTOR('',#1294,1.827730603812E1);
#1296=CARTESIAN_POINT('',(-1.436757168940E1,-8.999961097059E0,
-2.300914007614E1));
#1297=LINE('',#1296,#1295);
#1298=CARTESIAN_POINT('',(-1.436757169062E1,-8.999961010415E0,
-2.250914007670E1));
#1299=DIRECTION('',(0.E0,1.E0,-1.732870212558E-7));
#1300=DIRECTION('',(1.E0,0.E0,0.E0));
#1301=AXIS2_PLACEMENT_3D('',#1298,#1299,#1300);
#1303=DIRECTION('',(6.324437265748E-11,-1.732870210509E-7,-1.E0));
#1304=VECTOR('',#1303,8.837269837514E0);
#1305=CARTESIAN_POINT('',(-1.386757169118E1,-8.999959479031E0,
-1.367187023935E1));
#1306=LINE('',#1305,#1304);
#1307=CARTESIAN_POINT('',(-1.436757169062E1,-8.999959479031E0,
-1.367187024057E1));
#1308=DIRECTION('',(0.E0,1.E0,-1.732870212558E-7));
#1309=DIRECTION('',(-1.421085471520E-14,1.732870202886E-7,1.E0));
#1310=AXIS2_PLACEMENT_3D('',#1307,#1308,#1309);
#1312=DIRECTION('',(1.E0,0.E0,-1.300742902786E-12));
#1313=VECTOR('',#1312,3.561609774870E0);
#1314=CARTESIAN_POINT('',(-1.792918146533E1,-8.999959392388E0,
-1.317187024057E1));
#1315=LINE('',#1314,#1313);
#1316=DIRECTION('',(2.604412257232E-10,-1.732870224338E-7,-1.E0));
#1317=VECTOR('',#1316,2.163797610411E0);
#1318=CARTESIAN_POINT('',(-1.792918146589E1,-8.999959017430E0,
-1.100807263016E1));
#1319=LINE('',#1318,#1317);
#1320=CARTESIAN_POINT('',(-1.842918146533E1,-8.999959017430E0,
-1.100807263139E1));
#1321=DIRECTION('',(0.E0,1.E0,-1.732870212558E-7));
#1322=DIRECTION('',(0.E0,1.732870202886E-7,1.E0));
#1323=AXIS2_PLACEMENT_3D('',#1320,#1321,#1322);
#1325=DIRECTION('',(1.E0,0.E0,5.501079479749E-11));
#1326=VECTOR('',#1325,1.015999433007E1);
#1327=CARTESIAN_POINT('',(-2.858917579524E1,-8.999958930786E0,
-1.050807263195E1));
#1328=LINE('',#1327,#1326);
#1329=CARTESIAN_POINT('',(-2.858917579402E1,-8.999959017430E0,
-1.100807263139E1));
#1330=DIRECTION('',(0.E0,1.E0,-1.732870212558E-7));
#1331=DIRECTION('',(-1.E0,0.E0,0.E0));
#1332=AXIS2_PLACEMENT_3D('',#1329,#1330,#1331);
#1334=DIRECTION('',(-1.E0,0.E0,-1.582259850871E-10));
#1335=VECTOR('',#1334,3.561609775932E0);
#1336=CARTESIAN_POINT('',(-1.436757168940E1,-8.999957316431E0,
-1.191995141439E0));
#1337=LINE('',#1336,#1335);
#1338=CARTESIAN_POINT('',(-1.436757169062E1,-8.999957229787E0,
-6.919951420023E-1));
#1339=DIRECTION('',(0.E0,1.E0,-1.732870212364E-7));
#1340=DIRECTION('',(1.E0,0.E0,0.E0));
#1341=AXIS2_PLACEMENT_3D('',#1338,#1339,#1340);
#1343=DIRECTION('',(6.324437265748E-11,-1.732870214530E-7,-1.E0));
#1344=VECTOR('',#1343,8.837269837514E0);
#1345=CARTESIAN_POINT('',(-1.386757169118E1,-8.999955698403E0,
8.145274695350E0));
#1346=LINE('',#1345,#1344);
#1347=CARTESIAN_POINT('',(-1.436757169062E1,-8.999955698403E0,
8.145274694128E0));
#1348=DIRECTION('',(0.E0,1.E0,-1.732870212115E-7));
#1349=DIRECTION('',(0.E0,1.732870202886E-7,1.E0));
#1350=AXIS2_PLACEMENT_3D('',#1347,#1348,#1349);
#1352=DIRECTION('',(1.E0,0.E0,3.057941701417E-11));
#1353=VECTOR('',#1352,1.827730603812E1);
#1354=CARTESIAN_POINT('',(-3.264487772858E1,-8.999955611760E0,
8.645274693564E0));
#1355=LINE('',#1354,#1353);
#1356=CARTESIAN_POINT('',(-3.264487772736E1,-8.999955698403E0,
8.145274694128E0));
#1357=DIRECTION('',(0.E0,1.E0,-1.732870212115E-7));
#1358=DIRECTION('',(-1.E0,0.E0,0.E0));
#1359=AXIS2_PLACEMENT_3D('',#1356,#1357,#1358);
#1361=DIRECTION('',(-6.324577970944E-11,1.732870206489E-7,1.E0));
#1362=VECTOR('',#1361,8.837269837514E0);
#1363=CARTESIAN_POINT('',(-3.314487772679E1,-8.999957229787E0,
-6.919951432249E-1));
#1364=LINE('',#1363,#1362);
#1365=CARTESIAN_POINT('',(-3.264487772736E1,-8.999957229787E0,
-6.919951420023E-1));
#1366=DIRECTION('',(0.E0,1.E0,-1.732870212364E-7));
#1367=DIRECTION('',(0.E0,-1.732870202886E-7,-1.E0));
#1368=AXIS2_PLACEMENT_3D('',#1365,#1366,#1367);
#1370=DIRECTION('',(-1.E0,0.E0,1.302466970387E-12));
#1371=VECTOR('',#1370,3.555701933497E0);
#1372=CARTESIAN_POINT('',(-2.908917579402E1,-8.999957316431E0,
-1.191995142002E0));
#1373=LINE('',#1372,#1371);
#1374=DIRECTION('',(-2.604379419469E-10,1.732870207919E-7,1.E0));
#1375=VECTOR('',#1374,2.163797610411E0);
#1376=CARTESIAN_POINT('',(-2.908917579345E1,-8.999957691389E0,
-3.355792752413E0));
#1377=LINE('',#1376,#1375);
#1378=CARTESIAN_POINT('',(-2.858917579402E1,-8.999957691389E0,
-3.355792751190E0));
#1379=DIRECTION('',(0.E0,1.E0,-1.732870212447E-7));
#1380=DIRECTION('',(0.E0,-1.732870202886E-7,-1.E0));
#1381=AXIS2_PLACEMENT_3D('',#1378,#1379,#1380);
#1383=DIRECTION('',(-1.E0,0.E0,-5.501088221668E-11));
#1384=VECTOR('',#1383,1.015999433007E1);
#1385=CARTESIAN_POINT('',(-1.842918146411E1,-8.999957778032E0,
-3.855792750627E0));
#1386=LINE('',#1385,#1384);
#1387=CARTESIAN_POINT('',(-1.842918146533E1,-8.999957691389E0,
-3.355792751190E0));
#1388=DIRECTION('',(0.E0,1.E0,-1.732870212447E-7));
#1389=DIRECTION('',(1.E0,0.E0,0.E0));
#1390=AXIS2_PLACEMENT_3D('',#1387,#1388,#1389);
#1392=DIRECTION('',(-2.141022162674E-12,-1.732870208769E-7,-1.E0));
#1393=VECTOR('',#1392,2.163797609349E0);
#1394=CARTESIAN_POINT('',(-1.792918146533E1,-8.999957316431E0,
-1.191995142002E0));
#1395=LINE('',#1394,#1393);
#1396=CARTESIAN_POINT('',(-3.326473290036E1,-8.999959668641E0,
-1.019906498550E1));
#1397=CARTESIAN_POINT('',(-3.329198504942E1,-8.999959668571E0,
-1.019866162160E1));
#1398=CARTESIAN_POINT('',(-3.334827747788E1,-8.999958509311E0,
-1.019331988757E1));
#1399=CARTESIAN_POINT('',(-3.342636851824E1,-8.999958969728E0,
-1.017210772901E1));
#1400=CARTESIAN_POINT('',(-3.350172809929E1,-8.999958844673E0,
-1.013641741307E1));
#1401=CARTESIAN_POINT('',(-3.356774095451E1,-8.999958847821E0,
-1.008885829975E1));
#1402=CARTESIAN_POINT('',(-3.362484628898E1,-8.999958911357E0,
-1.003244006817E1));
#1403=CARTESIAN_POINT('',(-3.367335227456E1,-8.999958595134E0,
-9.965590252142E0));
#1404=CARTESIAN_POINT('',(-3.370855604052E1,-8.999959727365E0,
-9.890495705013E0));
#1405=CARTESIAN_POINT('',(-3.372989148039E1,-8.999955437436E0,
-9.812052355799E0));
#1406=CARTESIAN_POINT('',(-3.373579016994E1,-8.999966068344E0,
-9.759203146691E0));
#1407=CARTESIAN_POINT('',(-3.373658155879E1,-8.999966063717E0,
-9.732500128097E0));
#1409=DIRECTION('',(-9.999994420190E-1,-2.020792216028E-6,-1.056388943114E-3));
#1410=VECTOR('',#1409,7.632844750392E0);
#1411=CARTESIAN_POINT('',(-2.563189240895E1,-8.999944244247E0,
-1.019100173270E1));
#1412=LINE('',#1411,#1410);
#1413=CARTESIAN_POINT('',(-2.516532857615E1,-8.999959574382E0,
-9.719141225946E0));
#1414=CARTESIAN_POINT('',(-2.516569715156E1,-8.999959578633E0,
-9.743671926942E0));
#1415=CARTESIAN_POINT('',(-2.517009968087E1,-8.999958445216E0,
-9.794681981101E0));
#1416=CARTESIAN_POINT('',(-2.518734689908E1,-8.999958915731E0,
-9.865127086123E0));
#1417=CARTESIAN_POINT('',(-2.521636019919E1,-8.999958807848E0,
-9.934157107349E0));
#1418=CARTESIAN_POINT('',(-2.525557892425E1,-8.999958839717E0,
-9.996453870345E0));
#1419=CARTESIAN_POINT('',(-2.530281557701E1,-8.999958884816E0,
-1.005156391671E1));
#1420=CARTESIAN_POINT('',(-2.535786489629E1,-8.999958729864E0,
-1.009957687898E1));
#1421=CARTESIAN_POINT('',(-2.542076291549E1,-8.999959354279E0,
-1.013924645005E1));
#1422=CARTESIAN_POINT('',(-2.548940370686E1,-8.999957052353E0,
-1.016789821292E1));
#1423=CARTESIAN_POINT('',(-2.556011237309E1,-8.999965665404E0,
-1.018537666340E1));
#1424=CARTESIAN_POINT('',(-2.560782546225E1,-8.999944244124E0,
-1.019028937333E1));
#1425=CARTESIAN_POINT('',(-2.563189240895E1,-8.999944244247E0,
-1.019100173270E1));
#1427=DIRECTION('',(1.056255131388E-3,-4.109928458972E-6,-9.999994421539E-1));
#1428=VECTOR('',#1427,5.092833051133E0);
#1429=CARTESIAN_POINT('',(-2.517070790719E1,-8.999938643203E0,
-4.626311015829E0));
#1430=LINE('',#1429,#1428);
#1431=CARTESIAN_POINT('',(-2.564256840959E1,-8.999958608085E0,
-4.159747345531E0));
#1432=CARTESIAN_POINT('',(-2.561803857621E1,-8.999958608149E0,
-4.160116012281E0));
#1433=CARTESIAN_POINT('',(-2.556702994756E1,-8.999957471001E0,
-4.164518378228E0));
#1434=CARTESIAN_POINT('',(-2.549658581823E1,-8.999957930300E0,
-4.181764913297E0));
#1435=CARTESIAN_POINT('',(-2.542755634257E1,-8.999957816954E0,
-4.210775278439E0));
#1436=CARTESIAN_POINT('',(-2.536526061189E1,-8.999957840932E0,
-4.249995854734E0));
#1437=CARTESIAN_POINT('',(-2.531015197059E1,-8.999957898764E0,
-4.297229026237E0));
#1438=CARTESIAN_POINT('',(-2.526213438144E1,-8.999957692531E0,
-4.352276570879E0));
#1439=CARTESIAN_POINT('',(-2.522247260330E1,-8.999958516872E0,
-4.415170379169E0));
#1440=CARTESIAN_POINT('',(-2.519381456611E1,-8.999955490768E0,
-4.483815949106E0));
#1441=CARTESIAN_POINT('',(-2.517633324553E1,-8.999966841572E0,
-4.554501732353E0));
#1442=CARTESIAN_POINT('',(-2.517142007129E1,-8.999938639030E0,
-4.602231786712E0));
#1443=CARTESIAN_POINT('',(-2.517070790719E1,-8.999938643203E0,
-4.626311015829E0));
#1445=DIRECTION('',(9.999994433790E-1,5.417852102060E-7,1.055102558183E-3));
#1446=VECTOR('',#1445,7.628142341588E0);
#1447=CARTESIAN_POINT('',(-3.327070650520E1,-8.999962740900E0,
-4.167795818030E0));
#1448=LINE('',#1447,#1446);
#1449=CARTESIAN_POINT('',(-3.374196232297E1,-8.999960232259E0,
-4.639382311523E0));
#1450=CARTESIAN_POINT('',(-3.374033640579E1,-8.999960223211E0,
-4.587169038572E0));
#1451=CARTESIAN_POINT('',(-3.372335115369E1,-8.999956858263E0,
-4.486419241175E0));
#1452=CARTESIAN_POINT('',(-3.365852262787E1,-8.999957989723E0,
-4.361782949930E0));
#1453=CARTESIAN_POINT('',(-3.354874701385E1,-8.999958379682E0,
-4.251875683892E0));
#1454=CARTESIAN_POINT('',(-3.342467952636E1,-8.999955579323E0,
-4.186758383924E0));
#1455=CARTESIAN_POINT('',(-3.332292436657E1,-8.999962741202E0,
-4.169539236346E0));
#1456=CARTESIAN_POINT('',(-3.327070650520E1,-8.999962740900E0,
-4.167795818030E0));
#1458=DIRECTION('',(-1.056476871261E-3,1.144967531364E-6,9.999994419275E-1));
#1459=VECTOR('',#1458,5.093120658904E0);
#1460=CARTESIAN_POINT('',(-3.373658155879E1,-8.999966063717E0,
-9.732500128097E0));
#1461=LINE('',#1460,#1459);
#1462=DIRECTION('',(-9.999998164260E-1,2.146393284069E-7,-6.059272674575E-4));
#1463=VECTOR('',#1462,1.857971664867E1);
#1464=CARTESIAN_POINT('',(5.010271415408E1,-8.999967112030E0,
-3.469543021208E1));
#1465=LINE('',#1464,#1463);
#1466=DIRECTION('',(-9.999998164261E-1,-1.049990316915E-10,-6.059272674264E-4));
#1467=VECTOR('',#1466,2.5E0);
#1468=CARTESIAN_POINT('',(3.152300091616E1,-8.999963072106E0,
-3.440668682218E1));
#1469=LINE('',#1468,#1467);
#1470=DIRECTION('',(-9.999998164261E-1,-1.049996371752E-10,-6.059272674202E-4));
#1471=VECTOR('',#1470,6.019806529383E0);
#1472=CARTESIAN_POINT('',(2.902300137510E1,-8.999963124355E0,
-3.470820298719E1));
#1473=LINE('',#1472,#1471);
#1474=DIRECTION('',(-9.999998164261E-1,-1.049983211487E-10,-6.059272674236E-4));
#1475=VECTOR('',#1474,2.5E0);
#1476=CARTESIAN_POINT('',(2.300319595079E1,-8.999963073E0,-3.441184920527E1));
#1477=LINE('',#1476,#1475);
#1478=DIRECTION('',(-9.999998164261E-1,-1.049996371752E-10,-6.059272674213E-4));
#1479=VECTOR('',#1478,6.019806529384E0);
#1480=CARTESIAN_POINT('',(2.050319640973E1,-8.999963125249E0,
-3.471336537028E1));
#1481=LINE('',#1480,#1479);
#1482=DIRECTION('',(-9.999998164261E-1,-1.049990316915E-10,-6.059272674207E-4));
#1483=VECTOR('',#1482,2.5E0);
#1484=CARTESIAN_POINT('',(1.448339098542E1,-8.999963073895E0,
-3.441701158836E1));
#1485=LINE('',#1484,#1483);
#1486=DIRECTION('',(-9.999998164261E-1,-1.049994371233E-10,-6.059272674203E-4));
#1487=VECTOR('',#1486,3.157922611753E1);
#1488=CARTESIAN_POINT('',(1.198339144436E1,-8.999963126144E0,
-3.471852775337E1));
#1489=LINE('',#1488,#1487);
#1490=DIRECTION('',(-9.999998164261E-1,-1.049997422342E-10,-6.059272674236E-4));
#1491=VECTOR('',#1490,2.5E0);
#1492=CARTESIAN_POINT('',(-1.959582887605E1,-8.999963077473E0,
-3.443766112071E1));
#1493=LINE('',#1492,#1491);
#1494=DIRECTION('',(-9.999998164261E-1,-1.049993420898E-10,-6.059272674202E-4));
#1495=VECTOR('',#1494,6.019806529383E0);
#1496=CARTESIAN_POINT('',(-2.209582841712E1,-8.999963129722E0,
-3.473917728573E1));
#1497=LINE('',#1496,#1495);
#1498=DIRECTION('',(-9.999998164261E-1,-1.050004527769E-10,-6.059272674207E-4));
#1499=VECTOR('',#1498,2.5E0);
#1500=CARTESIAN_POINT('',(-2.811563384142E1,-8.999963078368E0,
-3.444282350380E1));
#1501=LINE('',#1500,#1499);
#1502=DIRECTION('',(-9.999998164261E-1,-2.855839642588E-10,-6.059272674198E-4));
#1503=VECTOR('',#1502,9.381637645659E0);
#1504=CARTESIAN_POINT('',(-3.061563338249E1,-8.999963130617E0,
-3.474433966881E1));
#1505=LINE('',#1504,#1503);
#1506=CARTESIAN_POINT('',(-3.999999597941E1,-8.999950730957E0,
-3.025002379321E1));
#1507=DIRECTION('',(1.565437663496E-9,9.999999999962E-1,-2.756827190161E-6));
#1508=DIRECTION('',(6.059272674112E-4,-2.756827632715E-6,-9.999998164223E-1));
#1509=AXIS2_PLACEMENT_3D('',#1506,#1507,#1508);
#1511=DIRECTION('',(-6.059272674202E-4,8.658721249226E-8,9.999998164261E-1));
#1512=VECTOR('',#1511,4.600005584221E1);
#1513=CARTESIAN_POINT('',(-4.449999515254E1,-8.999958478667E0,
-3.025275175766E1));
#1514=LINE('',#1513,#1512);
#1515=CARTESIAN_POINT('',(-4.002786866598E1,-8.999954724330E0,
1.575002102107E1));
#1516=DIRECTION('',(-1.565437663497E-9,9.999999999971E-1,2.410253155153E-6));
#1517=DIRECTION('',(-9.999998166E-1,-1.056912383804E-10,-6.056402073840E-4));
#1518=AXIS2_PLACEMENT_3D('',#1515,#1516,#1517);
#1520=DIRECTION('',(9.999998164261E-1,4.436554666866E-8,6.059272674127E-4));
#1521=VECTOR('',#1520,9.01E1);
#1522=CARTESIAN_POINT('',(-4.003059533946E1,-8.999957590696E0,
2.025002148678E1));
#1523=LINE('',#1522,#1521);
#1524=CARTESIAN_POINT('',(5.007211479401E1,-8.999942751244E0,1.580461506790E1));
#1525=DIRECTION('',(-1.565437663497E-9,9.999999999971E-1,2.410253155153E-6));
#1526=DIRECTION('',(-6.059272674278E-4,-2.410253661120E-6,9.999998164232E-1));
#1527=AXIS2_PLACEMENT_3D('',#1524,#1525,#1526);
#1529=DIRECTION('',(6.059272676099E-4,-2.599798257323E-7,-9.999998164260E-1));
#1530=VECTOR('',#1529,4.600005584221E1);
#1531=CARTESIAN_POINT('',(5.457211396714E1,-8.999950497369E0,1.580734303235E1));
#1532=LINE('',#1531,#1530);
#1533=CARTESIAN_POINT('',(5.009998748059E1,-8.999962686081E0,
-3.019542974638E1));
#1534=DIRECTION('',(1.565437824913E-9,9.999999999962E-1,-2.756827190161E-6));
#1535=DIRECTION('',(9.999998166E-1,1.042077833249E-10,6.056402075904E-4));
#1536=AXIS2_PLACEMENT_3D('',#1533,#1534,#1535);
#1538=DIRECTION('',(1.E0,0.E0,0.E0));
#1539=VECTOR('',#1538,2.311E1);
#1540=CARTESIAN_POINT('',(1.E1,-8.999955537521E0,9.073689739504E0));
#1541=LINE('',#1540,#1539);
#1542=CARTESIAN_POINT('',(1.E1,-8.999957010461E0,5.736897395043E-1));
#1543=DIRECTION('',(0.E0,1.E0,-1.732870212380E-7));
#1544=DIRECTION('',(-1.E0,0.E0,0.E0));
#1545=AXIS2_PLACEMENT_3D('',#1542,#1543,#1544);
#1547=DIRECTION('',(0.E0,1.732870212200E-7,1.E0));
#1548=VECTOR('',#1547,1.564E1);
#1549=CARTESIAN_POINT('',(1.5E0,-8.999959720670E0,-1.506631026050E1));
#1550=LINE('',#1549,#1548);
#1551=CARTESIAN_POINT('',(1.E1,-8.999959720670E0,-1.506631026050E1));
#1552=DIRECTION('',(0.E0,1.E0,-1.732870212380E-7));
#1553=DIRECTION('',(0.E0,-1.732870213335E-7,-1.E0));
#1554=AXIS2_PLACEMENT_3D('',#1551,#1552,#1553);
#1556=DIRECTION('',(-1.E0,0.E0,0.E0));
#1557=VECTOR('',#1556,2.311E1);
#1558=CARTESIAN_POINT('',(3.311E1,-8.999961193609E0,-2.356631026050E1));
#1559=LINE('',#1558,#1557);
#1560=CARTESIAN_POINT('',(3.311E1,-8.999959720670E0,-1.506631026050E1));
#1561=DIRECTION('',(0.E0,1.E0,-1.732870212380E-7));
#1562=DIRECTION('',(1.E0,0.E0,0.E0));
#1563=AXIS2_PLACEMENT_3D('',#1560,#1561,#1562);
#1565=DIRECTION('',(0.E0,-1.732870212200E-7,-1.E0));
#1566=VECTOR('',#1565,1.564E1);
#1567=CARTESIAN_POINT('',(4.161E1,-8.999957010461E0,5.736897395042E-1));
#1568=LINE('',#1567,#1566);
#1569=CARTESIAN_POINT('',(3.311E1,-8.999957010461E0,5.736897395043E-1));
#1570=DIRECTION('',(0.E0,1.E0,-1.732870212380E-7));
#1571=DIRECTION('',(0.E0,1.732870213335E-7,1.E0));
#1572=AXIS2_PLACEMENT_3D('',#1569,#1570,#1571);
#1574=DIRECTION('',(2.836777975661E-14,-1.732870212210E-7,-1.E0));
#1575=VECTOR('',#1574,4.899922513347E1);
#1576=CARTESIAN_POINT('',(-5.693442369535E0,-8.999954117274E0,
1.726961412631E1));
#1577=LINE('',#1576,#1575);
#1578=CARTESIAN_POINT('',(-6.693467871240E0,-8.999954117169E0,
1.727022054312E1));
#1579=CARTESIAN_POINT('',(-6.693610711094E0,-8.999954076312E0,
1.750599429480E1));
#1580=CARTESIAN_POINT('',(-6.619360602136E0,-8.999954004273E0,
1.792171705270E1));
#1581=CARTESIAN_POINT('',(-6.378545720066E0,-8.999953951192E0,
1.822803163429E1));
#1582=CARTESIAN_POINT('',(-6.193764674049E0,-8.999953940138E0,
1.829182561734E1));
#1583=CARTESIAN_POINT('',(-6.008944911542E0,-8.999953951231E0,
1.822780750786E1));
#1584=CARTESIAN_POINT('',(-5.767944365016E0,-8.999954004362E0,
1.792120075275E1));
#1585=CARTESIAN_POINT('',(-5.693442369532E0,-8.999954076417E0,
1.750538779137E1));
#1586=CARTESIAN_POINT('',(-5.693442369532E0,-8.999954117274E0,
1.726961412631E1));
#1588=DIRECTION('',(0.E0,1.732870212482E-7,1.E0));
#1589=VECTOR('',#1588,4.900043796709E1);
#1590=CARTESIAN_POINT('',(-6.693467871240E0,-8.999962608308E0,
-3.173021742397E1));
#1591=LINE('',#1590,#1589);
#1592=CARTESIAN_POINT('',(-5.693442369532E0,-8.999962608203E0,
-3.172961100716E1));
#1593=CARTESIAN_POINT('',(-5.693442369532E0,-8.999962649060E0,
-3.196538467232E1));
#1594=CARTESIAN_POINT('',(-5.767944365016E0,-8.999962721115E0,
-3.238119763389E1));
#1595=CARTESIAN_POINT('',(-6.008944911542E0,-8.999962774246E0,
-3.268780438914E1));
#1596=CARTESIAN_POINT('',(-6.193764674049E0,-8.999962785339E0,
-3.275182249865E1));
#1597=CARTESIAN_POINT('',(-6.378545720066E0,-8.999962774285E0,
-3.268802851557E1));
#1598=CARTESIAN_POINT('',(-6.619360602136E0,-8.999962721204E0,
-3.238171393385E1));
#1599=CARTESIAN_POINT('',(-6.693610711094E0,-8.999962649165E0,
-3.196599117575E1));
#1600=CARTESIAN_POINT('',(-6.693467871240E0,-8.999962608308E0,
-3.173021742397E1));
#1602=CARTESIAN_POINT('',(-2.908917579402E1,-8.699959017430E0,
-1.100807268337E1));
#1603=DIRECTION('',(0.E0,1.732870212558E-7,1.E0));
#1604=DIRECTION('',(2.368475785867E-14,-1.E0,1.732870202886E-7));
#1605=AXIS2_PLACEMENT_3D('',#1602,#1603,#1604);
#1607=CARTESIAN_POINT('',(-2.858917579402E1,-8.699958930786E0,
-1.050807268337E1));
#1608=DIRECTION('',(1.E0,0.E0,0.E0));
#1609=DIRECTION('',(0.E0,-1.E0,1.732870202886E-7));
#1610=AXIS2_PLACEMENT_3D('',#1607,#1608,#1609);
#1612=CARTESIAN_POINT('',(-1.842918146533E1,-8.699958930786E0,
-1.050807268337E1));
#1613=DIRECTION('',(1.E0,0.E0,0.E0));
#1614=DIRECTION('',(0.E0,-1.E0,1.732870202886E-7));
#1615=AXIS2_PLACEMENT_3D('',#1612,#1613,#1614);
#1617=CARTESIAN_POINT('',(-1.792918146533E1,-8.699959017430E0,
-1.100807268337E1));
#1618=DIRECTION('',(0.E0,-1.732870212441E-7,-1.E0));
#1619=DIRECTION('',(0.E0,-1.E0,1.732870202886E-7));
#1620=AXIS2_PLACEMENT_3D('',#1617,#1618,#1619);
#1622=DIRECTION('',(1.098519281522E-8,-1.732875732579E-7,-1.E0));
#1623=VECTOR('',#1622,2.263797609450E0);
#1624=CARTESIAN_POINT('',(-1.822918146533E1,-8.699959017430E0,
-1.100807268311E1));
#1625=LINE('',#1624,#1623);
#1626=DIRECTION('',(1.462838425554E-8,-1.E0,1.732870265580E-7));
#1627=VECTOR('',#1626,1.700000000001E0);
#1628=CARTESIAN_POINT('',(-1.822918146533E1,-6.999959409717E0,
-1.327187058715E1));
#1629=LINE('',#1628,#1627);
#1630=DIRECTION('',(0.E0,1.E0,-1.734413021047E-7));
#1631=VECTOR('',#1630,1.7E0);
#1632=CARTESIAN_POINT('',(-1.822918146533E1,-8.699959017430E0,
-1.100807268311E1));
#1633=LINE('',#1632,#1631);
#1634=CARTESIAN_POINT('',(-1.802918146533E1,-8.699959434981E0,
-1.327187029256E1));
#1635=DIRECTION('',(0.E0,-1.E0,1.732870212558E-7));
#1636=DIRECTION('',(-1.E0,0.E0,0.E0));
#1637=AXIS2_PLACEMENT_3D('',#1634,#1635,#1636);
#1639=CARTESIAN_POINT('',(-1.792918146533E1,-8.999959392388E0,
-1.317187024057E1));
#1640=CARTESIAN_POINT('',(-1.794782422389E1,-8.999953801822E0,
-1.317820930823E1));
#1641=CARTESIAN_POINT('',(-1.798329231786E1,-8.996474027185E0,
-1.318984783543E1));
#1642=CARTESIAN_POINT('',(-1.802918539717E1,-8.983969367217E0,
-1.320523334124E1));
#1643=CARTESIAN_POINT('',(-1.806783380921E1,-8.966996945798E0,
-1.321807763686E1));
#1644=CARTESIAN_POINT('',(-1.810073461291E1,-8.947001861927E0,
-1.322906049472E1));
#1645=CARTESIAN_POINT('',(-1.812941668589E1,-8.924336310534E0,
-1.323861472170E1));
#1646=CARTESIAN_POINT('',(-1.815509629024E1,-8.898471573039E0,
-1.324717653113E1));
#1647=CARTESIAN_POINT('',(-1.817750438058E1,-8.869602854359E0,
-1.325464459318E1));
#1648=CARTESIAN_POINT('',(-1.819616156086E1,-8.838377977085E0,
-1.326086330854E1));
#1649=CARTESIAN_POINT('',(-1.821084716386E1,-8.805307383033E0,
-1.326575803401E1));
#1650=CARTESIAN_POINT('',(-1.822141075881E1,-8.770890555386E0,
-1.326927924749E1));
#1651=CARTESIAN_POINT('',(-1.822776791364E1,-8.735629934740E0,
-1.327139848787E1));
#1652=CARTESIAN_POINT('',(-1.822918158923E1,-8.711837506840E0,
-1.327187029052E1));
#1653=CARTESIAN_POINT('',(-1.822918144046E1,-8.699959409718E0,
-1.327187029256E1));
#1655=CARTESIAN_POINT('',(-1.802918146533E1,-8.699959444531E0,
-1.347187000636E1));
#1656=CARTESIAN_POINT('',(-1.802918047702E1,-8.711837487875E0,
-1.347187163191E1));
#1657=CARTESIAN_POINT('',(-1.802870493736E1,-8.735629845082E0,
-1.347045617461E1));
#1658=CARTESIAN_POINT('',(-1.802658662472E1,-8.770890244322E0,
-1.346409981050E1));
#1659=CARTESIAN_POINT('',(-1.802306974352E1,-8.805307437735E0,
-1.345353594557E1));
#1660=CARTESIAN_POINT('',(-1.801817679056E1,-8.838378323266E0,
-1.343885021426E1));
#1661=CARTESIAN_POINT('',(-1.801195626403E1,-8.869602969359E0,
-1.342019309467E1));
#1662=CARTESIAN_POINT('',(-1.800448581E1,-8.898471279642E0,-1.339778533483E1));
#1663=CARTESIAN_POINT('',(-1.799592286652E1,-8.924335823538E0,
-1.337210604617E1));
#1664=CARTESIAN_POINT('',(-1.798636939564E1,-8.947001512494E0,
-1.334342391653E1));
#1665=CARTESIAN_POINT('',(-1.797538577677E1,-8.966996545198E0,
-1.331052341092E1));
#1666=CARTESIAN_POINT('',(-1.796254381690E1,-8.983969324089E0,
-1.327187441931E1));
#1667=CARTESIAN_POINT('',(-1.794715895286E1,-8.996474030518E0,
-1.322598112641E1));
#1668=CARTESIAN_POINT('',(-1.793552053388E1,-8.999953803953E0,
-1.319051300173E1));
#1669=CARTESIAN_POINT('',(-1.792918146533E1,-8.999959392388E0,
-1.317187024057E1));
#1671=CARTESIAN_POINT('',(-1.436757169062E1,-8.699959392388E0,
-1.317187029256E1));
#1672=DIRECTION('',(1.E0,0.E0,0.E0));
#1673=DIRECTION('',(0.E0,-1.E0,1.732870202886E-7));
#1674=AXIS2_PLACEMENT_3D('',#1671,#1672,#1673);
#1676=CARTESIAN_POINT('',(-1.386757169062E1,-8.699959479031E0,
-1.367187029256E1));
#1677=DIRECTION('',(0.E0,-1.732870212715E-7,-1.E0));
#1678=DIRECTION('',(0.E0,-1.E0,1.732870202886E-7));
#1679=AXIS2_PLACEMENT_3D('',#1676,#1677,#1678);
#1681=CARTESIAN_POINT('',(-1.386757169062E1,-8.699961010415E0,
-2.250914012869E1));
#1682=DIRECTION('',(0.E0,-1.732870212558E-7,-1.E0));
#1683=DIRECTION('',(0.E0,-1.E0,1.732870202886E-7));
#1684=AXIS2_PLACEMENT_3D('',#1681,#1682,#1683);
#1686=CARTESIAN_POINT('',(-1.436757169062E1,-8.699961097059E0,
-2.300914012869E1));
#1687=DIRECTION('',(-1.E0,0.E0,0.E0));
#1688=DIRECTION('',(0.E0,-1.E0,1.732870202886E-7));
#1689=AXIS2_PLACEMENT_3D('',#1686,#1687,#1688);
#1691=CARTESIAN_POINT('',(-3.264487772736E1,-8.699961097059E0,
-2.300914012869E1));
#1692=DIRECTION('',(-1.E0,0.E0,0.E0));
#1693=DIRECTION('',(0.E0,-1.E0,1.732870321310E-7));
#1694=AXIS2_PLACEMENT_3D('',#1691,#1692,#1693);
#1696=CARTESIAN_POINT('',(-3.314487772736E1,-8.699961010415E0,
-2.250914012869E1));
#1697=DIRECTION('',(0.E0,1.732870212715E-7,1.E0));
#1698=DIRECTION('',(0.E0,-1.E0,1.732870202886E-7));
#1699=AXIS2_PLACEMENT_3D('',#1696,#1697,#1698);
#1701=CARTESIAN_POINT('',(-3.314487772736E1,-8.699959479031E0,
-1.367187029256E1));
#1702=DIRECTION('',(0.E0,1.732870212558E-7,1.E0));
#1703=DIRECTION('',(0.E0,-1.E0,1.732870202886E-7));
#1704=AXIS2_PLACEMENT_3D('',#1701,#1702,#1703);
#1706=CARTESIAN_POINT('',(-3.264487772736E1,-8.699959392388E0,
-1.317187029256E1));
#1707=DIRECTION('',(1.E0,0.E0,0.E0));
#1708=DIRECTION('',(0.E0,-1.E0,1.732870202886E-7));
#1709=AXIS2_PLACEMENT_3D('',#1706,#1707,#1708);
#1711=DIRECTION('',(1.E0,-3.401398172405E-13,6.802593232748E-9));
#1712=VECTOR('',#1711,3.655701933599E0);
#1713=CARTESIAN_POINT('',(-3.264487772762E1,-8.699959444374E0,
-1.347187029256E1));
#1714=LINE('',#1713,#1712);
#1715=DIRECTION('',(0.E0,-1.E0,1.879154055890E-7));
#1716=VECTOR('',#1715,1.700000000001E0);
#1717=CARTESIAN_POINT('',(-2.898917579402E1,-6.999959444374E0,
-1.347187058715E1));
#1718=LINE('',#1717,#1716);
#1719=DIRECTION('',(1.542671872598E-10,1.E0,-1.732870213335E-7));
#1720=VECTOR('',#1719,1.7E0);
#1721=CARTESIAN_POINT('',(-3.264487772762E1,-8.699959444374E0,
-1.347187029256E1));
#1722=LINE('',#1721,#1720);
#1723=CARTESIAN_POINT('',(-2.898917579402E1,-8.699959434981E0,
-1.327187029256E1));
#1724=DIRECTION('',(0.E0,-1.E0,1.732870212558E-7));
#1725=DIRECTION('',(0.E0,-1.732870202886E-7,-1.E0));
#1726=AXIS2_PLACEMENT_3D('',#1723,#1724,#1725);
#1728=CARTESIAN_POINT('',(-2.908917579402E1,-8.999959392388E0,
-1.317187024057E1));
#1729=CARTESIAN_POINT('',(-2.908283672636E1,-8.999953803954E0,
-1.319051299913E1));
#1730=CARTESIAN_POINT('',(-2.907119819977E1,-8.996474033447E0,
-1.322598109371E1));
#1731=CARTESIAN_POINT('',(-2.905581269613E1,-8.983969378765E0,
-1.327187417518E1));
#1732=CARTESIAN_POINT('',(-2.904296840345E1,-8.966996961817E0,
-1.331052259016E1));
#1733=CARTESIAN_POINT('',(-2.903198554905E1,-8.947001881745E0,
-1.334342339733E1));
#1734=CARTESIAN_POINT('',(-2.902243132600E1,-8.924336333667E0,
-1.337210547424E1));
#1735=CARTESIAN_POINT('',(-2.901386952105E1,-8.898471599138E0,
-1.339778508307E1));
#1736=CARTESIAN_POINT('',(-2.900640146400E1,-8.869602883046E0,
-1.342019317841E1));
#1737=CARTESIAN_POINT('',(-2.900018275406E1,-8.838378007928E0,
-1.343885036410E1));
#1738=CARTESIAN_POINT('',(-2.899528803431E1,-8.805307415572E0,
-1.345353597283E1));
#1739=CARTESIAN_POINT('',(-2.899176682679E1,-8.770890589146E0,
-1.346409957375E1));
#1740=CARTESIAN_POINT('',(-2.898964759253E1,-8.735629969235E0,
-1.347045673469E1));
#1741=CARTESIAN_POINT('',(-2.898917579400E1,-8.711837541497E0,
-1.347187041440E1));
#1742=CARTESIAN_POINT('',(-2.898917579402E1,-8.699959444375E0,
-1.347187026769E1));
#1744=CARTESIAN_POINT('',(-2.878917608022E1,-8.699959409873E0,
-1.327187029256E1));
#1745=CARTESIAN_POINT('',(-2.878917445261E1,-8.711837453217E0,
-1.327186930219E1));
#1746=CARTESIAN_POINT('',(-2.879058990579E1,-8.735629810587E0,
-1.327139375840E1));
#1747=CARTESIAN_POINT('',(-2.879694626378E1,-8.770890210561E0,
-1.326927543966E1));
#1748=CARTESIAN_POINT('',(-2.880751012276E1,-8.805307405196E0,
-1.326575855249E1));
#1749=CARTESIAN_POINT('',(-2.882219584834E1,-8.838378292423E0,
-1.326086559380E1));
#1750=CARTESIAN_POINT('',(-2.884085296251E1,-8.869602940671E0,
-1.325464506187E1));
#1751=CARTESIAN_POINT('',(-2.886326071735E1,-8.898471253543E0,
-1.324717460283E1));
#1752=CARTESIAN_POINT('',(-2.888894000153E1,-8.924335800406E0,
-1.323861165487E1));
#1753=CARTESIAN_POINT('',(-2.891762212724E1,-8.947001492676E0,
-1.322905818006E1));
#1754=CARTESIAN_POINT('',(-2.895052262938E1,-8.966996529178E0,
-1.321807455773E1));
#1755=CARTESIAN_POINT('',(-2.898917161806E1,-8.983969312541E0,
-1.320523259492E1));
#1756=CARTESIAN_POINT('',(-2.903506490879E1,-8.996474024257E0,
-1.318984772871E1));
#1757=CARTESIAN_POINT('',(-2.907053303286E1,-8.999953801821E0,
-1.317820930912E1));
#1758=CARTESIAN_POINT('',(-2.908917579402E1,-8.999959392388E0,
-1.317187024057E1));
#1760=DIRECTION('',(1.264247036927E-7,1.733563159555E-7,1.E0));
#1761=VECTOR('',#1760,2.263797609236E0);
#1762=CARTESIAN_POINT('',(-2.878917608022E1,-8.699959409873E0,
-1.327187029256E1));
#1763=LINE('',#1762,#1761);
#1764=DIRECTION('',(0.E0,1.E0,-1.733150637385E-7));
#1765=VECTOR('',#1764,1.7E0);
#1766=CARTESIAN_POINT('',(-2.878917579402E1,-8.699959017430E0,
-1.100807268332E1));
#1767=LINE('',#1766,#1765);
#1768=DIRECTION('',(-1.683529070244E-7,-1.E0,1.732870516201E-7));
#1769=VECTOR('',#1768,1.700000000157E0);
#1770=CARTESIAN_POINT('',(-2.878917579402E1,-6.999959409717E0,
-1.327187058715E1));
#1771=LINE('',#1770,#1769);
#1772=CARTESIAN_POINT('',(-2.858917579402E1,-8.699959017430E0,
-1.100807268337E1));
#1773=DIRECTION('',(0.E0,1.E0,-1.732870212558E-7));
#1774=DIRECTION('',(-1.E0,0.E0,0.E0));
#1775=AXIS2_PLACEMENT_3D('',#1772,#1773,#1774);
#1777=CARTESIAN_POINT('',(-2.858917579402E1,-6.999959017430E0,
-1.100807297796E1));
#1778=DIRECTION('',(0.E0,-1.E0,1.732870212558E-7));
#1779=DIRECTION('',(-7.105427357601E-14,1.732870202886E-7,1.E0));
#1780=AXIS2_PLACEMENT_3D('',#1777,#1778,#1779);
#1782=DIRECTION('',(1.E0,0.E0,0.E0));
#1783=VECTOR('',#1782,1.015999432897E1);
#1784=CARTESIAN_POINT('',(-2.858917579428E1,-8.699958982772E0,
-1.080807268337E1));
#1785=LINE('',#1784,#1783);
#1786=DIRECTION('',(-1.402694953653E-11,1.E0,-1.732870213335E-7));
#1787=VECTOR('',#1786,1.7E0);
#1788=CARTESIAN_POINT('',(-1.842918146531E1,-8.699958982772E0,
-1.080807268337E1));
#1789=LINE('',#1788,#1787);
#1790=DIRECTION('',(1.542797262493E-10,1.E0,-1.732870213335E-7));
#1791=VECTOR('',#1790,1.7E0);
#1792=CARTESIAN_POINT('',(-2.858917579428E1,-8.699958982772E0,
-1.080807268337E1));
#1793=LINE('',#1792,#1791);
#1794=CARTESIAN_POINT('',(-1.842918146533E1,-8.699959017430E0,
-1.100807268337E1));
#1795=DIRECTION('',(0.E0,1.E0,-1.732870212558E-7));
#1796=DIRECTION('',(0.E0,1.732870202886E-7,1.E0));
#1797=AXIS2_PLACEMENT_3D('',#1794,#1795,#1796);
#1799=CARTESIAN_POINT('',(-1.842918146533E1,-6.999959017430E0,
-1.100807297796E1));
#1800=DIRECTION('',(0.E0,-1.E0,1.732870212558E-7));
#1801=DIRECTION('',(1.E0,0.E0,-3.552713678801E-14));
#1802=AXIS2_PLACEMENT_3D('',#1799,#1800,#1801);
#1804=CARTESIAN_POINT('',(-3.264487772736E1,-8.699959479031E0,
-1.367187029256E1));
#1805=DIRECTION('',(0.E0,1.E0,-1.732870212558E-7));
#1806=DIRECTION('',(-1.E0,0.E0,0.E0));
#1807=AXIS2_PLACEMENT_3D('',#1804,#1805,#1806);
#1809=CARTESIAN_POINT('',(-3.264487772736E1,-6.999959479031E0,
-1.367187058715E1));
#1810=DIRECTION('',(0.E0,-1.E0,1.732870212558E-7));
#1811=DIRECTION('',(-1.065814103640E-13,1.732870202886E-7,1.E0));
#1812=AXIS2_PLACEMENT_3D('',#1809,#1810,#1811);
#1814=DIRECTION('',(0.E0,1.732870210725E-7,1.E0));
#1815=VECTOR('',#1814,8.837269836416E0);
#1816=CARTESIAN_POINT('',(-3.284487772736E1,-8.699961010415E0,
-2.250914012895E1));
#1817=LINE('',#1816,#1815);
#1818=DIRECTION('',(0.E0,1.E0,-1.733010399238E-7));
#1819=VECTOR('',#1818,1.7E0);
#1820=CARTESIAN_POINT('',(-3.284487772736E1,-8.699959479031E0,
-1.367187029254E1));
#1821=LINE('',#1820,#1819);
#1822=DIRECTION('',(0.E0,1.E0,-1.731327426522E-7));
#1823=VECTOR('',#1822,1.7E0);
#1824=CARTESIAN_POINT('',(-3.284487772736E1,-8.699961010415E0,
-2.250914012895E1));
#1825=LINE('',#1824,#1823);
#1826=CARTESIAN_POINT('',(-3.264487772736E1,-8.699961010415E0,
-2.250914012869E1));
#1827=DIRECTION('',(0.E0,1.E0,-1.732870212558E-7));
#1828=DIRECTION('',(0.E0,-1.732870202886E-7,-1.E0));
#1829=AXIS2_PLACEMENT_3D('',#1826,#1827,#1828);
#1831=CARTESIAN_POINT('',(-3.264487772736E1,-6.999961010415E0,
-2.250914042328E1));
#1832=DIRECTION('',(0.E0,-1.E0,1.732870212558E-7));
#1833=DIRECTION('',(-1.E0,0.E0,-5.329070518201E-14));
#1834=AXIS2_PLACEMENT_3D('',#1831,#1832,#1833);
#1836=DIRECTION('',(-1.E0,0.E0,0.E0));
#1837=VECTOR('',#1836,1.827730603702E1);
#1838=CARTESIAN_POINT('',(-1.436757169036E1,-8.699961045073E0,
-2.270914012869E1));
#1839=LINE('',#1838,#1837);
#1840=DIRECTION('',(1.403948852599E-11,1.E0,-1.732870244683E-7));
#1841=VECTOR('',#1840,1.7E0);
#1842=CARTESIAN_POINT('',(-3.264487772738E1,-8.699961045073E0,
-2.270914012869E1));
#1843=LINE('',#1842,#1841);
#1844=DIRECTION('',(-1.542901754072E-10,1.E0,-1.732870223785E-7));
#1845=VECTOR('',#1844,1.7E0);
#1846=CARTESIAN_POINT('',(-1.436757169036E1,-8.699961045073E0,
-2.270914012869E1));
#1847=LINE('',#1846,#1845);
#1848=CARTESIAN_POINT('',(-1.436757169062E1,-8.699961010415E0,
-2.250914012869E1));
#1849=DIRECTION('',(0.E0,1.E0,-1.732870212558E-7));
#1850=DIRECTION('',(1.E0,0.E0,0.E0));
#1851=AXIS2_PLACEMENT_3D('',#1848,#1849,#1850);
#1853=CARTESIAN_POINT('',(-1.436757169062E1,-6.999961010415E0,
-2.250914042328E1));
#1854=DIRECTION('',(0.E0,-1.E0,1.732870212558E-7));
#1855=DIRECTION('',(-2.930988785010E-13,-1.732870202886E-7,-1.E0));
#1856=AXIS2_PLACEMENT_3D('',#1853,#1854,#1855);
#1858=DIRECTION('',(0.E0,-1.732870212735E-7,-1.E0));
#1859=VECTOR('',#1858,8.837269836416E0);
#1860=CARTESIAN_POINT('',(-1.416757169062E1,-8.699959479031E0,
-1.367187029230E1));
#1861=LINE('',#1860,#1859);
#1862=DIRECTION('',(0.E0,1.E0,-1.732729870696E-7));
#1863=VECTOR('',#1862,1.7E0);
#1864=CARTESIAN_POINT('',(-1.416757169062E1,-8.699961010415E0,
-2.250914012871E1));
#1865=LINE('',#1864,#1863);
#1866=DIRECTION('',(0.E0,1.E0,-1.734413031496E-7));
#1867=VECTOR('',#1866,1.7E0);
#1868=CARTESIAN_POINT('',(-1.416757169062E1,-8.699959479031E0,
-1.367187029230E1));
#1869=LINE('',#1868,#1867);
#1870=CARTESIAN_POINT('',(-1.436757169062E1,-8.699959479031E0,
-1.367187029256E1));
#1871=DIRECTION('',(0.E0,1.E0,-1.732870212558E-7));
#1872=DIRECTION('',(0.E0,1.732870202886E-7,1.E0));
#1873=AXIS2_PLACEMENT_3D('',#1870,#1871,#1872);
#1875=CARTESIAN_POINT('',(-1.436757169062E1,-6.999959479031E0,
-1.367187058715E1));
#1876=DIRECTION('',(0.E0,-1.E0,1.732870212558E-7));
#1877=DIRECTION('',(1.E0,0.E0,-2.664535259100E-14));
#1878=AXIS2_PLACEMENT_3D('',#1875,#1876,#1877);
#1880=DIRECTION('',(1.E0,4.282873394481E-11,-7.816232689911E-8));
#1881=VECTOR('',#1880,3.661609774757E0);
#1882=CARTESIAN_POINT('',(-1.802918146533E1,-8.699959444531E0,
-1.347187000636E1));
#1883=LINE('',#1882,#1881);
#1884=DIRECTION('',(-2.805598890465E-11,1.E0,-1.732870213335E-7));
#1885=VECTOR('',#1884,1.7E0);
#1886=CARTESIAN_POINT('',(-1.436757169057E1,-8.699959444374E0,
-1.347187029256E1));
#1887=LINE('',#1886,#1885);
#1888=DIRECTION('',(2.298814733129E-14,-9.999999999999E-1,3.416399272970E-7));
#1889=VECTOR('',#1888,1.700000000157E0);
#1890=CARTESIAN_POINT('',(-1.802918146533E1,-6.999959444374E0,
-1.347187058715E1));
#1891=LINE('',#1890,#1889);
#1892=CARTESIAN_POINT('',(-1.436757169062E1,-8.699957316431E0,
-1.191995193988E0));
#1893=DIRECTION('',(-1.E0,0.E0,0.E0));
#1894=DIRECTION('',(0.E0,-1.E0,1.732870217689E-7));
#1895=AXIS2_PLACEMENT_3D('',#1892,#1893,#1894);
#1897=DIRECTION('',(-1.E0,-3.420166671876E-13,-6.791617769208E-9));
#1898=VECTOR('',#1897,3.661609774971E0);
#1899=CARTESIAN_POINT('',(-1.436757169036E1,-8.699957264445E0,
-8.919951939884E-1));
#1900=LINE('',#1899,#1898);
#1901=DIRECTION('',(0.E0,-1.E0,1.586586366207E-7));
#1902=VECTOR('',#1901,1.700000000001E0);
#1903=CARTESIAN_POINT('',(-1.802918146533E1,-6.999957264445E0,
-8.919954885763E-1));
#1904=LINE('',#1903,#1902);
#1905=DIRECTION('',(-1.542807711651E-10,1.E0,-1.732870212029E-7));
#1906=VECTOR('',#1905,1.7E0);
#1907=CARTESIAN_POINT('',(-1.436757169036E1,-8.699957264445E0,
-8.919951939884E-1));
#1908=LINE('',#1907,#1906);
#1909=CARTESIAN_POINT('',(-1.802918146533E1,-8.699957324366E0,
-1.091995193988E0));
#1910=DIRECTION('',(0.E0,-1.E0,1.732870212336E-7));
#1911=DIRECTION('',(0.E0,1.732870202886E-7,1.E0));
#1912=AXIS2_PLACEMENT_3D('',#1909,#1910,#1911);
#1914=CARTESIAN_POINT('',(-1.792918146533E1,-8.999957316431E0,
-1.191995142002E0));
#1915=CARTESIAN_POINT('',(-1.793552053299E1,-8.999951721536E0,
-1.173352383448E0));
#1916=CARTESIAN_POINT('',(-1.794715905958E1,-8.996471938736E0,
-1.137884290077E0));
#1917=CARTESIAN_POINT('',(-1.796254456322E1,-8.983967268150E0,
-1.091991212939E0));
#1918=CARTESIAN_POINT('',(-1.797538885590E1,-8.966994837807E0,
-1.053342803837E0));
#1919=CARTESIAN_POINT('',(-1.798637171030E1,-8.946999746332E0,
-1.020442003596E0));
#1920=CARTESIAN_POINT('',(-1.799592593335E1,-8.924334188313E0,
-9.917599345498E-1));
#1921=CARTESIAN_POINT('',(-1.800448773830E1,-8.898469444885E0,
-9.660803346769E-1));
#1922=CARTESIAN_POINT('',(-1.801195579535E1,-8.869600721027E0,
-9.436722493406E-1));
#1923=CARTESIAN_POINT('',(-1.801817450529E1,-8.838375839443E0,
-9.250150744755E-1));
#1924=CARTESIAN_POINT('',(-1.802306922504E1,-8.805305241997E0,
-9.103294772080E-1));
#1925=CARTESIAN_POINT('',(-1.802659043255E1,-8.770888411910E0,
-8.997658882201E-1));
#1926=CARTESIAN_POINT('',(-1.802870966682E1,-8.735627789795E0,
-8.934087394952E-1));
#1927=CARTESIAN_POINT('',(-1.802918146535E1,-8.711835361568E0,
-8.919950680337E-1));
#1928=CARTESIAN_POINT('',(-1.802918146533E1,-8.699957264446E0,
-8.919952188566E-1));
#1930=CARTESIAN_POINT('',(-1.822918117913E1,-8.699957299259E0,
-1.091995193988E0));
#1931=CARTESIAN_POINT('',(-1.822918280674E1,-8.711835342603E0,
-1.091996180239E0));
#1932=CARTESIAN_POINT('',(-1.822776735356E1,-8.735627700138E0,
-1.092471715781E0));
#1933=CARTESIAN_POINT('',(-1.822141099557E1,-8.770888100846E0,
-1.094590022303E0));
#1934=CARTESIAN_POINT('',(-1.821084713659E1,-8.805305296699E0,
-1.098106897547E0));
#1935=CARTESIAN_POINT('',(-1.819616141101E1,-8.838376185623E0,
-1.102999844771E0));
#1936=CARTESIAN_POINT('',(-1.817750429684E1,-8.869600836027E0,
-1.109220365889E0));
#1937=CARTESIAN_POINT('',(-1.815509654200E1,-8.898469151488E0,
-1.116690814917E0));
#1938=CARTESIAN_POINT('',(-1.812941725782E1,-8.924333701318E0,
-1.125253753914E0));
#1939=CARTESIAN_POINT('',(-1.810073513211E1,-8.946999396899E0,
-1.134807220871E0));
#1940=CARTESIAN_POINT('',(-1.806783462997E1,-8.966994437208E0,
-1.145790836272E0));
#1941=CARTESIAN_POINT('',(-1.802918564129E1,-8.983967225021E0,
-1.158632793201E0));
#1942=CARTESIAN_POINT('',(-1.798329235056E1,-8.996471942069E0,
-1.174017655077E0));
#1943=CARTESIAN_POINT('',(-1.794782422649E1,-8.999951723667E0,
-1.185656073458E0));
#1944=CARTESIAN_POINT('',(-1.792918146533E1,-8.999957316431E0,
-1.191995142002E0));
#1946=CARTESIAN_POINT('',(-1.792918146533E1,-8.699957691389E0,
-3.355792803176E0));
#1947=DIRECTION('',(0.E0,-1.732870212447E-7,-1.E0));
#1948=DIRECTION('',(0.E0,-1.E0,1.732870217689E-7));
#1949=AXIS2_PLACEMENT_3D('',#1946,#1947,#1948);
#1951=CARTESIAN_POINT('',(-1.842918146533E1,-8.699957778032E0,
-3.855792803176E0));
#1952=DIRECTION('',(-1.E0,0.E0,0.E0));
#1953=DIRECTION('',(0.E0,-1.E0,1.732870202886E-7));
#1954=AXIS2_PLACEMENT_3D('',#1951,#1952,#1953);
#1956=CARTESIAN_POINT('',(-2.858917579402E1,-8.699957778032E0,
-3.855792803176E0));
#1957=DIRECTION('',(-1.E0,0.E0,0.E0));
#1958=DIRECTION('',(0.E0,-1.E0,1.732870202886E-7));
#1959=AXIS2_PLACEMENT_3D('',#1956,#1957,#1958);
#1961=CARTESIAN_POINT('',(-2.908917579402E1,-8.699957691389E0,
-3.355792803176E0));
#1962=DIRECTION('',(0.E0,1.732870212440E-7,1.E0));
#1963=DIRECTION('',(1.184237892934E-14,-1.E0,1.732870217689E-7));
#1964=AXIS2_PLACEMENT_3D('',#1961,#1962,#1963);
#1966=DIRECTION('',(-1.098519438458E-8,1.732864684284E-7,1.E0));
#1967=VECTOR('',#1966,2.263797609450E0);
#1968=CARTESIAN_POINT('',(-2.878917579402E1,-8.699957691389E0,
-3.355792803439E0));
#1969=LINE('',#1968,#1967);
#1970=DIRECTION('',(-1.462838425554E-8,-1.E0,1.732870181987E-7));
#1971=VECTOR('',#1970,1.700000000001E0);
#1972=CARTESIAN_POINT('',(-2.878917579402E1,-6.999957299102E0,
-1.091995488576E0));
#1973=LINE('',#1972,#1971);
#1974=DIRECTION('',(0.E0,1.E0,-1.731327444808E-7));
#1975=VECTOR('',#1974,1.7E0);
#1976=CARTESIAN_POINT('',(-2.878917579402E1,-8.699957691389E0,
-3.355792803439E0));
#1977=LINE('',#1976,#1975);
#1978=CARTESIAN_POINT('',(-2.898917579402E1,-8.699957324366E0,
-1.091995193988E0));
#1979=DIRECTION('',(0.E0,-1.E0,1.732870212336E-7));
#1980=DIRECTION('',(1.E0,0.E0,0.E0));
#1981=AXIS2_PLACEMENT_3D('',#1978,#1979,#1980);
#1983=CARTESIAN_POINT('',(-2.908917579402E1,-8.999957316431E0,
-1.191995142002E0));
#1984=CARTESIAN_POINT('',(-2.907053303546E1,-8.999951723668E0,
-1.185656074344E0));
#1985=CARTESIAN_POINT('',(-2.903506494149E1,-8.996471944998E0,
-1.174017548353E0));
#1986=CARTESIAN_POINT('',(-2.898917186218E1,-8.983967279698E0,
-1.158632046881E0));
#1987=CARTESIAN_POINT('',(-2.895052345014E1,-8.966994853827E0,
-1.145787757142E0));
#1988=CARTESIAN_POINT('',(-2.891762264644E1,-8.946999766150E0,
-1.134804906214E0));
#1989=CARTESIAN_POINT('',(-2.888894057346E1,-8.924334211446E0,
-1.125250687087E0));
#1990=CARTESIAN_POINT('',(-2.886326096911E1,-8.898469470983E0,
-1.116688886623E0));
#1991=CARTESIAN_POINT('',(-2.884085287877E1,-8.869600749714E0,
-1.109220834574E0));
#1992=CARTESIAN_POINT('',(-2.882219569849E1,-8.838375870286E0,
-1.103002130039E0));
#1993=CARTESIAN_POINT('',(-2.880751009549E1,-8.805305274537E0,
-1.098107416027E0));
#1994=CARTESIAN_POINT('',(-2.879694650054E1,-8.770888445670E0,
-1.094586214473E0));
#1995=CARTESIAN_POINT('',(-2.879058934571E1,-8.735627824290E0,
-1.092466986317E0));
#1996=CARTESIAN_POINT('',(-2.878917567012E1,-8.711835396226E0,
-1.091995191916E0));
#1997=CARTESIAN_POINT('',(-2.878917581889E1,-8.699957299103E0,
-1.091995193988E0));
#1999=CARTESIAN_POINT('',(-2.898917579402E1,-8.699957264602E0,
-8.919954801883E-1));
#2000=CARTESIAN_POINT('',(-2.898917678233E1,-8.711835307946E0,
-8.919938505178E-1));
#2001=CARTESIAN_POINT('',(-2.898965232199E1,-8.735627665643E0,
-8.934092995755E-1));
#2002=CARTESIAN_POINT('',(-2.899177063463E1,-8.770888067086E0,
-8.997656514611E-1));
#2003=CARTESIAN_POINT('',(-2.899528751583E1,-8.805305264160E0,
-9.103295044706E-1));
#2004=CARTESIAN_POINT('',(-2.900018046879E1,-8.838376154780E0,
-9.250152243195E-1));
#2005=CARTESIAN_POINT('',(-2.900640099532E1,-8.869600807339E0,
-9.436723330850E-1));
#2006=CARTESIAN_POINT('',(-2.901387144935E1,-8.898469125389E0,
-9.660800829217E-1));
#2007=CARTESIAN_POINT('',(-2.902243439283E1,-8.924333678185E0,
-9.917593626146E-1));
#2008=CARTESIAN_POINT('',(-2.903198786371E1,-8.946999377081E0,
-1.020441484404E0));
#2009=CARTESIAN_POINT('',(-2.904297148258E1,-8.966994421188E0,
-1.053341983076E0));
#2010=CARTESIAN_POINT('',(-2.905581344245E1,-8.983967213473E0,
-1.091990968811E0));
#2011=CARTESIAN_POINT('',(-2.907119830649E1,-8.996471935808E0,
-1.137884257375E0));
#2012=CARTESIAN_POINT('',(-2.908283672547E1,-8.999951721535E0,
-1.173352380843E0));
#2013=CARTESIAN_POINT('',(-2.908917579402E1,-8.999957316431E0,
-1.191995142002E0));
#2015=CARTESIAN_POINT('',(-3.264487772736E1,-8.699957316431E0,
-1.191995193988E0));
#2016=DIRECTION('',(-1.E0,0.E0,0.E0));
#2017=DIRECTION('',(0.E0,-1.E0,1.732870299106E-7));
#2018=AXIS2_PLACEMENT_3D('',#2015,#2016,#2017);
#2020=CARTESIAN_POINT('',(-3.314487772736E1,-8.699957229787E0,
-6.919951939884E-1));
#2021=DIRECTION('',(0.E0,1.732870210786E-7,1.E0));
#2022=DIRECTION('',(0.E0,-1.E0,1.732870210288E-7));
#2023=AXIS2_PLACEMENT_3D('',#2020,#2021,#2022);
#2025=CARTESIAN_POINT('',(-3.314487772736E1,-8.699955698403E0,
8.145274642142E0));
#2026=DIRECTION('',(0.E0,1.732870212115E-7,1.E0));
#2027=DIRECTION('',(0.E0,-1.E0,1.732870202886E-7));
#2028=AXIS2_PLACEMENT_3D('',#2025,#2026,#2027);
#2030=CARTESIAN_POINT('',(-3.264487772736E1,-8.699955611760E0,
8.645274642142E0));
#2031=DIRECTION('',(1.E0,0.E0,0.E0));
#2032=DIRECTION('',(0.E0,-1.E0,1.732870202886E-7));
#2033=AXIS2_PLACEMENT_3D('',#2030,#2031,#2032);
#2035=CARTESIAN_POINT('',(-1.436757169062E1,-8.699955611760E0,
8.645274642142E0));
#2036=DIRECTION('',(1.E0,0.E0,0.E0));
#2037=DIRECTION('',(0.E0,-1.E0,1.732870202886E-7));
#2038=AXIS2_PLACEMENT_3D('',#2035,#2036,#2037);
#2040=CARTESIAN_POINT('',(-1.386757169062E1,-8.699955698403E0,
8.145274642142E0));
#2041=DIRECTION('',(0.E0,-1.732870212715E-7,-1.E0));
#2042=DIRECTION('',(0.E0,-1.E0,1.732870202886E-7));
#2043=AXIS2_PLACEMENT_3D('',#2040,#2041,#2042);
#2045=CARTESIAN_POINT('',(-1.386757169062E1,-8.699957229787E0,
-6.919951939884E-1));
#2046=DIRECTION('',(0.E0,-1.732870212364E-7,-1.E0));
#2047=DIRECTION('',(0.E0,-1.E0,1.732870213988E-7));
#2048=AXIS2_PLACEMENT_3D('',#2045,#2046,#2047);
#2050=CARTESIAN_POINT('',(-1.436757169062E1,-8.699957229787E0,
-6.919951939884E-1));
#2051=DIRECTION('',(0.E0,1.E0,-1.732870212364E-7));
#2052=DIRECTION('',(1.E0,0.E0,0.E0));
#2053=AXIS2_PLACEMENT_3D('',#2050,#2051,#2052);
#2055=CARTESIAN_POINT('',(-1.436757169062E1,-6.999957229787E0,
-6.919954885763E-1));
#2056=DIRECTION('',(0.E0,-1.E0,1.732870212364E-7));
#2057=DIRECTION('',(9.769962616701E-14,-1.732870202886E-7,-1.E0));
#2058=AXIS2_PLACEMENT_3D('',#2055,#2056,#2057);
#2060=DIRECTION('',(0.E0,-1.732870210725E-7,-1.E0));
#2061=VECTOR('',#2060,8.837269836416E0);
#2062=CARTESIAN_POINT('',(-1.416757169062E1,-8.699955698403E0,
8.145274642404E0));
#2063=LINE('',#2062,#2061);
#2064=DIRECTION('',(0.E0,1.E0,-1.732729929472E-7));
#2065=VECTOR('',#2064,1.7E0);
#2066=CARTESIAN_POINT('',(-1.416757169062E1,-8.699957229787E0,
-6.919951940122E-1));
#2067=LINE('',#2066,#2065);
#2068=DIRECTION('',(0.E0,1.E0,-1.734413062844E-7));
#2069=VECTOR('',#2068,1.7E0);
#2070=CARTESIAN_POINT('',(-1.416757169062E1,-8.699955698403E0,
8.145274642404E0));
#2071=LINE('',#2070,#2069);
#2072=CARTESIAN_POINT('',(-1.436757169062E1,-8.699955698403E0,
8.145274642142E0));
#2073=DIRECTION('',(0.E0,1.E0,-1.732870212115E-7));
#2074=DIRECTION('',(0.E0,1.732870202886E-7,1.E0));
#2075=AXIS2_PLACEMENT_3D('',#2072,#2073,#2074);
#2077=CARTESIAN_POINT('',(-1.436757169062E1,-6.999955698403E0,
8.145274347554E0));
#2078=DIRECTION('',(0.E0,-1.E0,1.732870212115E-7));
#2079=DIRECTION('',(1.E0,0.E0,-8.881784197001E-14));
#2080=AXIS2_PLACEMENT_3D('',#2077,#2078,#2079);
#2082=DIRECTION('',(1.E0,0.E0,0.E0));
#2083=VECTOR('',#2082,1.827730603702E1);
#2084=CARTESIAN_POINT('',(-3.264487772762E1,-8.699955663746E0,
8.345274642142E0));
#2085=LINE('',#2084,#2083);
#2086=DIRECTION('',(-1.403948852599E-11,1.E0,-1.732870213335E-7));
#2087=VECTOR('',#2086,1.7E0);
#2088=CARTESIAN_POINT('',(-1.436757169060E1,-8.699955663746E0,
8.345274642142E0));
#2089=LINE('',#2088,#2087);
#2090=DIRECTION('',(1.542964449019E-10,1.E0,-1.732870202886E-7));
#2091=VECTOR('',#2090,1.7E0);
#2092=CARTESIAN_POINT('',(-3.264487772762E1,-8.699955663746E0,
8.345274642142E0));
#2093=LINE('',#2092,#2091);
#2094=CARTESIAN_POINT('',(-3.264487772736E1,-8.699955698403E0,
8.145274642142E0));
#2095=DIRECTION('',(0.E0,1.E0,-1.732870212115E-7));
#2096=DIRECTION('',(-1.E0,0.E0,0.E0));
#2097=AXIS2_PLACEMENT_3D('',#2094,#2095,#2096);
#2099=CARTESIAN_POINT('',(-3.264487772736E1,-6.999955698403E0,
8.145274347554E0));
#2100=DIRECTION('',(0.E0,-1.E0,1.732870212115E-7));
#2101=DIRECTION('',(2.486899575160E-13,1.732870202886E-7,1.E0));
#2102=AXIS2_PLACEMENT_3D('',#2099,#2100,#2101);
#2104=DIRECTION('',(0.E0,1.732870210725E-7,1.E0));
#2105=VECTOR('',#2104,8.837269836416E0);
#2106=CARTESIAN_POINT('',(-3.284487772736E1,-8.699957229787E0,
-6.919951942506E-1));
#2107=LINE('',#2106,#2105);
#2108=DIRECTION('',(0.E0,1.E0,-1.733010451483E-7));
#2109=VECTOR('',#2108,1.7E0);
#2110=CARTESIAN_POINT('',(-3.284487772736E1,-8.699955698403E0,
8.145274642166E0));
#2111=LINE('',#2110,#2109);
#2112=DIRECTION('',(0.E0,1.E0,-1.731327463094E-7));
#2113=VECTOR('',#2112,1.7E0);
#2114=CARTESIAN_POINT('',(-3.284487772736E1,-8.699957229787E0,
-6.919951942506E-1));
#2115=LINE('',#2114,#2113);
#2116=CARTESIAN_POINT('',(-3.264487772736E1,-8.699957229787E0,
-6.919951939884E-1));
#2117=DIRECTION('',(0.E0,1.E0,-1.732870212364E-7));
#2118=DIRECTION('',(0.E0,-1.732870202886E-7,-1.E0));
#2119=AXIS2_PLACEMENT_3D('',#2116,#2117,#2118);
#2121=CARTESIAN_POINT('',(-3.264487772736E1,-6.999957229787E0,
-6.919954885763E-1));
#2122=DIRECTION('',(0.E0,-1.E0,1.732870212364E-7));
#2123=DIRECTION('',(-1.E0,0.E0,-1.526556658860E-13));
#2124=AXIS2_PLACEMENT_3D('',#2121,#2122,#2123);
#2126=DIRECTION('',(-1.E0,4.292515902425E-11,7.828864189167E-8));
#2127=VECTOR('',#2126,3.655701933384E0);
#2128=CARTESIAN_POINT('',(-2.898917579402E1,-8.699957264602E0,
-8.919954801883E-1));
#2129=LINE('',#2128,#2127);
#2130=DIRECTION('',(2.804971940992E-11,1.E0,-1.732870204845E-7));
#2131=VECTOR('',#2130,1.7E0);
#2132=CARTESIAN_POINT('',(-3.264487772740E1,-8.699957264445E0,
-8.919951939884E-1));
#2133=LINE('',#2132,#2131);
#2134=DIRECTION('',(-2.716781048244E-14,-1.E0,4.934115076844E-9));
#2135=VECTOR('',#2134,1.700000000157E0);
#2136=CARTESIAN_POINT('',(-2.898917579402E1,-6.999957264445E0,
-8.919954885763E-1));
#2137=LINE('',#2136,#2135);
#2138=CARTESIAN_POINT('',(-2.858917579402E1,-8.699957691389E0,
-3.355792803176E0));
#2139=DIRECTION('',(0.E0,1.E0,-1.732870212447E-7));
#2140=DIRECTION('',(0.E0,-1.732870202886E-7,-1.E0));
#2141=AXIS2_PLACEMENT_3D('',#2138,#2139,#2140);
#2143=CARTESIAN_POINT('',(-2.858917579402E1,-6.999957691389E0,
-3.355793097764E0));
#2144=DIRECTION('',(0.E0,-1.E0,1.732870212447E-7));
#2145=DIRECTION('',(-1.E0,0.E0,-1.221245327088E-13));
#2146=AXIS2_PLACEMENT_3D('',#2143,#2144,#2145);
#2148=DIRECTION('',(-1.E0,0.E0,0.E0));
#2149=VECTOR('',#2148,1.015999432897E1);
#2150=CARTESIAN_POINT('',(-1.842918146507E1,-8.699957726046E0,
-3.555792803176E0));
#2151=LINE('',#2150,#2149);
#2152=DIRECTION('',(1.402485970496E-11,1.E0,-1.732870205499E-7));
#2153=VECTOR('',#2152,1.7E0);
#2154=CARTESIAN_POINT('',(-2.858917579404E1,-8.699957726046E0,
-3.555792803176E0));
#2155=LINE('',#2154,#2153);
#2156=DIRECTION('',(-1.542755465861E-10,1.E0,-1.732870205499E-7));
#2157=VECTOR('',#2156,1.7E0);
#2158=CARTESIAN_POINT('',(-1.842918146507E1,-8.699957726046E0,
-3.555792803176E0));
#2159=LINE('',#2158,#2157);
#2160=CARTESIAN_POINT('',(-1.842918146533E1,-8.699957691389E0,
-3.355792803176E0));
#2161=DIRECTION('',(0.E0,1.E0,-1.732870212447E-7));
#2162=DIRECTION('',(1.E0,0.E0,0.E0));
#2163=AXIS2_PLACEMENT_3D('',#2160,#2161,#2162);
#2165=CARTESIAN_POINT('',(-1.842918146533E1,-6.999957691389E0,
-3.355793097764E0));
#2166=DIRECTION('',(0.E0,-1.E0,1.732870212447E-7));
#2167=DIRECTION('',(8.881784197001E-14,-1.732870202886E-7,-1.E0));
#2168=AXIS2_PLACEMENT_3D('',#2165,#2166,#2167);
#2170=DIRECTION('',(-1.264247021233E-7,-1.732177257637E-7,-1.E0));
#2171=VECTOR('',#2170,2.263797609236E0);
#2172=CARTESIAN_POINT('',(-1.822918117913E1,-8.699957299259E0,
-1.091995193988E0));
#2173=LINE('',#2172,#2171);
#2174=DIRECTION('',(0.E0,1.E0,-1.732589739652E-7));
#2175=VECTOR('',#2174,1.7E0);
#2176=CARTESIAN_POINT('',(-1.822918146533E1,-8.699957691389E0,
-3.355792803224E0));
#2177=LINE('',#2176,#2175);
#2178=DIRECTION('',(1.683529049346E-7,-1.E0,1.732869919293E-7));
#2179=VECTOR('',#2178,1.700000000157E0);
#2180=CARTESIAN_POINT('',(-1.822918146533E1,-6.999957299102E0,
-1.091995488576E0));
#2181=LINE('',#2180,#2179);
#2182=CARTESIAN_POINT('',(-3.326480372734E1,-8.787826857485E0,
-1.019906271796E1));
#2183=DIRECTION('',(-9.999071096831E-1,2.653342320031E-4,1.362723753908E-2));
#2184=DIRECTION('',(-2.637247447135E-4,-9.999999580360E-1,1.199049794552E-4));
#2185=AXIS2_PLACEMENT_3D('',#2182,#2183,#2184);
#2187=CARTESIAN_POINT('',(-3.352444672882E1,-8.787826761386E0,
-9.728764765941E0));
#2188=CARTESIAN_POINT('',(-3.352444669615E1,-8.815338996175E0,
-9.728795680530E0));
#2189=CARTESIAN_POINT('',(-3.353527114651E1,-8.870597047715E0,
-9.728016032063E0));
#2190=CARTESIAN_POINT('',(-3.358261207536E1,-8.941816348394E0,
-9.729073645920E0));
#2191=CARTESIAN_POINT('',(-3.365384583674E1,-8.989152381014E0,
-9.729678444989E0));
#2192=CARTESIAN_POINT('',(-3.370907349218E1,-8.999966063599E0,
-9.731823049842E0));
#2193=CARTESIAN_POINT('',(-3.373658155879E1,-8.999966063717E0,
-9.732500128097E0));
#2195=CARTESIAN_POINT('',(-3.326278579749E1,-8.787826806124E0,
-9.986936503233E0));
#2196=CARTESIAN_POINT('',(-3.326417013172E1,-8.787826806120E0,
-9.986911791641E0));
#2197=CARTESIAN_POINT('',(-3.330803231577E1,-8.787826805941E0,
-9.985877533415E0));
#2198=CARTESIAN_POINT('',(-3.338749815452E1,-8.787826802885E0,
-9.968246222245E0));
#2199=CARTESIAN_POINT('',(-3.350455398584E1,-8.787826783928E0,
-9.858847656075E0));
#2200=CARTESIAN_POINT('',(-3.352240265532E1,-8.787826767997E0,
-9.766912338583E0));
#2201=CARTESIAN_POINT('',(-3.352432862137E1,-8.787826761901E0,
-9.731735828953E0));
#2202=CARTESIAN_POINT('',(-3.352444672882E1,-8.787826761386E0,
-9.728764765941E0));
#2204=DIRECTION('',(-3.702581615087E-6,9.999999999931E-1,-3.496001403692E-7));
#2205=VECTOR('',#2204,1.787867965656E0);
#2206=CARTESIAN_POINT('',(-3.352444672882E1,-8.787826761386E0,
-9.728764765941E0));
#2207=LINE('',#2206,#2205);
#2208=DIRECTION('',(-1.058709725226E-3,1.732869240416E-7,9.999994395667E-1));
#2209=VECTOR('',#2208,5.087308949347E0);
#2210=CARTESIAN_POINT('',(-3.352444672882E1,-8.787826761386E0,
-9.728764765941E0));
#2211=LINE('',#2210,#2209);
#2212=DIRECTION('',(2.128952640742E-6,9.999999860566E-1,1.669800178254E-4));
#2213=VECTOR('',#2212,1.787867990625E0);
#2214=CARTESIAN_POINT('',(-3.352983271228E1,-8.787825879822E0,
-4.641458667691E0));
#2215=LINE('',#2214,#2213);
#2216=CARTESIAN_POINT('',(-3.374195929863E1,-8.787825953726E0,
-4.639178361564E0));
#2217=DIRECTION('',(1.502922460209E-2,-5.911944756595E-4,9.998868800504E-1));
#2218=DIRECTION('',(1.401774937327E-4,-9.999998141322E-1,-5.933682465990E-4));
#2219=AXIS2_PLACEMENT_3D('',#2216,#2217,#2218);
#2221=CARTESIAN_POINT('',(-3.326939267405E1,-8.787825797744E0,
-4.167804116651E0));
#2222=DIRECTION('',(9.999994418E-1,1.830946708682E-10,1.056598177255E-3));
#2223=DIRECTION('',(0.E0,-1.E0,1.732870224245E-7));
#2224=AXIS2_PLACEMENT_3D('',#2221,#2222,#2223);
#2226=CARTESIAN_POINT('',(-2.564248571103E1,-8.787825810958E0,
-4.159749534281E0));
#2227=DIRECTION('',(9.999071046539E-1,2.652808028758E-4,-1.362760759181E-2));
#2228=DIRECTION('',(2.636767615491E-4,-9.999999580969E-1,-1.195018673888E-4));
#2229=AXIS2_PLACEMENT_3D('',#2226,#2227,#2228);
#2231=CARTESIAN_POINT('',(-2.538283820442E1,-8.787825877845E0,
-4.630047257518E0));
#2232=CARTESIAN_POINT('',(-2.538283822576E1,-8.815340397071E0,
-4.630027054844E0));
#2233=CARTESIAN_POINT('',(-2.537201959868E1,-8.870607203361E0,
-4.630005078822E0));
#2234=CARTESIAN_POINT('',(-2.532466180120E1,-8.941825220688E0,
-4.629148155632E0));
#2235=CARTESIAN_POINT('',(-2.525344560919E1,-8.989167129296E0,
-4.625931092419E0));
#2236=CARTESIAN_POINT('',(-2.519818990020E1,-8.999938643348E0,
-4.627148478882E0));
#2237=CARTESIAN_POINT('',(-2.517070790719E1,-8.999938643203E0,
-4.626311015829E0));
#2239=CARTESIAN_POINT('',(-2.564450364749E1,-8.787825833107E0,
-4.371875732867E0));
#2240=CARTESIAN_POINT('',(-2.564311931325E1,-8.787825833111E0,
-4.371900444459E0));
#2241=CARTESIAN_POINT('',(-2.559925715765E1,-8.787825833290E0,
-4.372934751602E0));
#2242=CARTESIAN_POINT('',(-2.551979379505E1,-8.787825836346E0,
-4.390566117062E0));
#2243=CARTESIAN_POINT('',(-2.540272633273E1,-8.787825855303E0,
-4.499964152712E0));
#2244=CARTESIAN_POINT('',(-2.538490986652E1,-8.787825871234E0,
-4.591901004693E0));
#2245=CARTESIAN_POINT('',(-2.538295631187E1,-8.787825877330E0,
-4.627076194513E0));
#2246=CARTESIAN_POINT('',(-2.538283820442E1,-8.787825877845E0,
-4.630047257518E0));
#2248=DIRECTION('',(1.177076063836E-6,9.999999999993E-1,-1.178125540032E-7));
#2249=VECTOR('',#2248,1.787867965645E0);
#2250=CARTESIAN_POINT('',(-2.538283820442E1,-8.787825877845E0,
-4.630047257518E0));
#2251=LINE('',#2250,#2249);
#2252=DIRECTION('',(1.057815349739E-3,-1.732869243387E-7,-9.999994405132E-1));
#2253=VECTOR('',#2252,5.087161613867E0);
#2254=CARTESIAN_POINT('',(-2.538283820442E1,-8.787825877845E0,
-4.630047257518E0));
#2255=LINE('',#2254,#2253);
#2256=DIRECTION('',(-2.113011215544E-6,9.999999865380E-1,-1.640715743115E-4));
#2257=VECTOR('',#2256,1.787867989661E0);
#2258=CARTESIAN_POINT('',(-2.537745692678E1,-8.787826759383E0,
-9.717206025185E0));
#2259=LINE('',#2258,#2257);
#2260=CARTESIAN_POINT('',(-2.516533072492E1,-8.787826774336E0,
-9.719223971406E0));
#2261=DIRECTION('',(-1.362759726679E-2,2.650663976460E-4,-9.999071048515E-1));
#2262=DIRECTION('',(-1.196866671165E-4,-9.999999581320E-1,-2.634598189912E-4));
#2263=AXIS2_PLACEMENT_3D('',#2260,#2261,#2262);
#2265=CARTESIAN_POINT('',(-2.563562848784E1,-8.787826804726E0,
-9.978870686073E0));
#2266=CARTESIAN_POINT('',(-2.563560621164E1,-8.815337851677E0,
-9.978870657769E0));
#2267=CARTESIAN_POINT('',(-2.563572393442E1,-8.870597856301E0,
-9.989687674215E0));
#2268=CARTESIAN_POINT('',(-2.563482988918E1,-8.941812514010E0,
-1.003703539405E1));
#2269=CARTESIAN_POINT('',(-2.563208621536E1,-8.989157077763E0,
-1.010824153059E1));
#2270=CARTESIAN_POINT('',(-2.563269942481E1,-8.999944239483E0,
-1.016350885160E1));
#2271=CARTESIAN_POINT('',(-2.563189240895E1,-8.999944244247E0,
-1.019100173270E1));
#2273=CARTESIAN_POINT('',(-2.537745692678E1,-8.787826759383E0,
-9.717206025185E0));
#2274=CARTESIAN_POINT('',(-2.537748163837E1,-8.787826759623E0,
-9.718590359417E0));
#2275=CARTESIAN_POINT('',(-2.537851593382E1,-8.787826767224E0,
-9.762452519320E0));
#2276=CARTESIAN_POINT('',(-2.539614729435E1,-8.787826780994E0,
-9.841916312055E0));
#2277=CARTESIAN_POINT('',(-2.550554541959E1,-8.787826801280E0,
-9.958981757707E0));
#2278=CARTESIAN_POINT('',(-2.559748200770E1,-8.787826804368E0,
-9.976803806616E0));
#2279=CARTESIAN_POINT('',(-2.563265742483E1,-8.787826804706E0,
-9.978752578622E0));
#2280=CARTESIAN_POINT('',(-2.563562848784E1,-8.787826804726E0,
-9.978870686073E0));
#2282=DIRECTION('',(7.628850812632E-8,9.999999999984E-1,-1.788173778765E-6));
#2283=VECTOR('',#2282,1.787867965646E0);
#2284=CARTESIAN_POINT('',(-2.563562848784E1,-8.787826804726E0,
-9.978870686073E0));
#2285=LINE('',#2284,#2283);
#2286=DIRECTION('',(-9.999994408337E-1,-1.832531665198E-10,-1.057512297446E-3));
#2287=VECTOR('',#2286,7.627161574504E0);
#2288=CARTESIAN_POINT('',(-2.563562848784E1,-8.787826804726E0,
-9.978870686073E0));
#2289=LINE('',#2288,#2287);
#2290=DIRECTION('',(-1.638999423392E-4,9.999999865665E-1,1.938269934258E-6));
#2291=VECTOR('',#2290,1.787867989662E0);
#2292=CARTESIAN_POINT('',(-3.326278579749E1,-8.787826806124E0,
-9.986936503233E0));
#2293=LINE('',#2292,#2291);
#2294=DIRECTION('',(9.999994412333E-1,1.831877295756E-10,1.057134358371E-3));
#2295=VECTOR('',#2294,7.624669148652E0);
#2296=CARTESIAN_POINT('',(-3.326916853573E1,-8.787825834504E0,
-4.379936032595E0));
#2297=LINE('',#2296,#2295);
#2298=DIRECTION('',(1.638979712523E-4,9.999999865661E-1,-2.286751349964E-6));
#2299=VECTOR('',#2298,1.787867989661E0);
#2300=CARTESIAN_POINT('',(-2.564450364749E1,-8.787825833107E0,
-4.371875732867E0));
#2301=LINE('',#2300,#2299);
#2302=CARTESIAN_POINT('',(-3.352983271228E1,-8.787825879822E0,
-4.641458667691E0));
#2303=CARTESIAN_POINT('',(-3.352980357617E1,-8.787825879550E0,
-4.639888956017E0));
#2304=CARTESIAN_POINT('',(-3.352867101479E1,-8.787825871897E0,
-4.595721445313E0));
#2305=CARTESIAN_POINT('',(-3.350927164532E1,-8.787825857397E0,
-4.512048875795E0));
#2306=CARTESIAN_POINT('',(-3.339987592959E1,-8.787825838038E0,
-4.400329614290E0));
#2307=CARTESIAN_POINT('',(-3.331095427234E1,-8.787825834713E0,
-4.381145924860E0));
#2308=CARTESIAN_POINT('',(-3.327074610805E1,-8.787825834509E0,
-4.379968789493E0));
#2309=CARTESIAN_POINT('',(-3.326916853573E1,-8.787825834504E0,
-4.379936032595E0));
#2311=DIRECTION('',(2.384547682762E-14,1.E0,-1.732870205320E-7));
#2312=VECTOR('',#2311,1.787867965644E0);
#2313=CARTESIAN_POINT('',(-3.326916853573E1,-8.787825834504E0,
-4.379936032595E0));
#2314=LINE('',#2313,#2312);
#2315=CARTESIAN_POINT('',(5.010271415408E1,-8.499963122141E0,
-3.469543029873E1));
#2316=DIRECTION('',(-9.999998164261E-1,-1.049993334076E-10,-6.059272674204E-4));
#2317=DIRECTION('',(6.059272674150E-4,-2.756827633732E-6,-9.999998164223E-1));
#2318=AXIS2_PLACEMENT_3D('',#2315,#2316,#2317);
#2320=CARTESIAN_POINT('',(3.152300091694E1,-8.499964502506E0,
-3.520668834745E1));
#2321=CARTESIAN_POINT('',(3.152300091668E1,-8.666630753880E0,
-3.520668788798E1));
#2322=CARTESIAN_POINT('',(3.152300091636E1,-8.873737130905E0,
-3.508046121317E1));
#2323=CARTESIAN_POINT('',(3.152300091616E1,-8.999963152973E0,
-3.487335442040E1));
#2324=CARTESIAN_POINT('',(3.152300091616E1,-8.999963124092E0,
-3.470668816902E1));
#2326=DIRECTION('',(0.E0,1.732870181478E-7,1.E0));
#2327=VECTOR('',#2326,3.000000550732E-1);
#2328=CARTESIAN_POINT('',(3.152300093025E1,3.678926031274E-5,
-3.520671178048E1));
#2329=LINE('',#2328,#2327);
#2330=DIRECTION('',(0.E0,-1.732870179969E-7,-1.E0));
#2331=VECTOR('',#2330,3.000013468421E-1);
#2332=CARTESIAN_POINT('',(3.152300091616E1,-8.999963072106E0,
-3.440668682218E1));
#2333=LINE('',#2332,#2331);
#2334=DIRECTION('',(-9.999998164260E-1,1.609506202813E-7,-6.059272678640E-4));
#2335=VECTOR('',#2334,1.858001961149E1);
#2336=CARTESIAN_POINT('',(5.010301711762E1,-8.499967492972E0,
-3.519543020693E1));
#2337=LINE('',#2336,#2335);
#2338=DIRECTION('',(-1.575464715611E-9,-9.999999999962E-1,2.756827184227E-6));
#2339=VECTOR('',#2338,8.500004284215E0);
#2340=CARTESIAN_POINT('',(5.010301713102E1,3.679121120152E-5,
-3.519545363997E1));
#2341=LINE('',#2340,#2339);
#2342=DIRECTION('',(-9.999998164261E-1,-1.049992848209E-10,-6.059272674207E-4));
#2343=VECTOR('',#2342,1.858001961157E1);
#2344=CARTESIAN_POINT('',(5.010301713102E1,3.679121120152E-5,
-3.519545363997E1));
#2345=LINE('',#2344,#2343);
#2346=DIRECTION('',(1.565436588010E-9,9.999999999962E-1,-2.756827191771E-6));
#2347=VECTOR('',#2346,8.500001291799E0);
#2348=CARTESIAN_POINT('',(3.152300091694E1,-8.499964502506E0,
-3.520668834745E1));
#2349=LINE('',#2348,#2347);
#2350=DIRECTION('',(-9.999998164261E-1,-1.049978599881E-10,-6.059272674204E-4));
#2351=VECTOR('',#2350,9.381334682678E0);
#2352=CARTESIAN_POINT('',(-3.061563338170E1,-8.499964509031E0,
-3.524433984724E1));
#2353=LINE('',#2352,#2351);
#2354=DIRECTION('',(1.565437423943E-9,9.999999999962E-1,-2.756827189264E-6));
#2355=VECTOR('',#2354,8.500001291799E0);
#2356=CARTESIAN_POINT('',(-3.061563338170E1,-8.499964509031E0,
-3.524433984724E1));
#2357=LINE('',#2356,#2355);
#2358=DIRECTION('',(-9.999998164261E-1,-1.049993918363E-10,-6.059272674209E-4));
#2359=VECTOR('',#2358,9.381334682753E0);
#2360=CARTESIAN_POINT('',(-3.061563336840E1,3.678273579634E-5,
-3.524436328028E1));
#2361=LINE('',#2360,#2359);
#2362=DIRECTION('',(-1.556597437721E-9,-9.999999999962E-1,2.756827195951E-6));
#2363=VECTOR('',#2362,8.500001291799E0);
#2364=CARTESIAN_POINT('',(-3.999696632898E1,3.678175076190E-5,
-3.525004768677E1));
#2365=LINE('',#2364,#2363);
#2366=DIRECTION('',(-9.999998164261E-1,-1.049999322606E-10,-6.059272674202E-4));
#2367=VECTOR('',#2366,6.019806529383E0);
#2368=CARTESIAN_POINT('',(-2.209582841633E1,-8.499964508136E0,
-3.523917746415E1));
#2369=LINE('',#2368,#2367);
#2370=DIRECTION('',(1.565437005976E-9,9.999999999962E-1,-2.756827189264E-6));
#2371=VECTOR('',#2370,8.500001291799E0);
#2372=CARTESIAN_POINT('',(-2.209582841633E1,-8.499964508136E0,
-3.523917746415E1));
#2373=LINE('',#2372,#2371);
#2374=DIRECTION('',(-9.999998164261E-1,-1.049992401173E-10,-6.059272674214E-4));
#2375=VECTOR('',#2374,6.019806529383E0);
#2376=CARTESIAN_POINT('',(-2.209582840303E1,3.678363037047E-5,
-3.523920089719E1));
#2377=LINE('',#2376,#2375);
#2378=DIRECTION('',(1.565438259875E-9,9.999999999962E-1,-2.756827189264E-6));
#2379=VECTOR('',#2378,8.500001291799E0);
#2380=CARTESIAN_POINT('',(-2.811563384064E1,-8.499964508768E0,
-3.524282502907E1));
#2381=LINE('',#2380,#2379);
#2382=DIRECTION('',(-9.999998164261E-1,-1.049993808725E-10,-6.059272674203E-4));
#2383=VECTOR('',#2382,3.157922611753E1);
#2384=CARTESIAN_POINT('',(1.198339144514E1,-8.499964504558E0,
-3.521852793180E1));
#2385=LINE('',#2384,#2383);
#2386=DIRECTION('',(1.565436588010E-9,9.999999999962E-1,-2.756827189264E-6));
#2387=VECTOR('',#2386,8.500001291799E0);
#2388=CARTESIAN_POINT('',(1.198339144514E1,-8.499964504558E0,
-3.521852793180E1));
#2389=LINE('',#2388,#2387);
#2390=DIRECTION('',(-9.999998164261E-1,-1.049993643344E-10,-6.059272674206E-4));
#2391=VECTOR('',#2390,3.157922611753E1);
#2392=CARTESIAN_POINT('',(1.198339145845E1,3.678720866637E-5,
-3.521855136483E1));
#2393=LINE('',#2392,#2391);
#2394=DIRECTION('',(1.565437841909E-9,9.999999999962E-1,-2.756827189264E-6));
#2395=VECTOR('',#2394,8.500001291799E0);
#2396=CARTESIAN_POINT('',(-1.959582887527E1,-8.499964507874E0,
-3.523766264598E1));
#2397=LINE('',#2396,#2395);
#2398=DIRECTION('',(-9.999998164261E-1,-1.049993420898E-10,-6.059272674189E-4));
#2399=VECTOR('',#2398,6.019806529384E0);
#2400=CARTESIAN_POINT('',(2.050319641051E1,-8.499964503663E0,
-3.521336554871E1));
#2401=LINE('',#2400,#2399);
#2402=DIRECTION('',(1.565436588010E-9,9.999999999962E-1,-2.756827189264E-6));
#2403=VECTOR('',#2402,8.500001291799E0);
#2404=CARTESIAN_POINT('',(2.050319641051E1,-8.499964503663E0,
-3.521336554871E1));
#2405=LINE('',#2404,#2403);
#2406=DIRECTION('',(-9.999998164261E-1,-1.049993876600E-10,-6.059272674213E-4));
#2407=VECTOR('',#2406,6.019806529384E0);
#2408=CARTESIAN_POINT('',(2.050319642382E1,3.678810323990E-5,
-3.521338898174E1));
#2409=LINE('',#2408,#2407);
#2410=DIRECTION('',(1.565436796993E-9,9.999999999962E-1,-2.756827191771E-6));
#2411=VECTOR('',#2410,8.500001291799E0);
#2412=CARTESIAN_POINT('',(1.448339098621E1,-8.499964504295E0,
-3.521701311363E1));
#2413=LINE('',#2412,#2411);
#2414=DIRECTION('',(-9.999998164261E-1,-1.049993420898E-10,-6.059272674202E-4));
#2415=VECTOR('',#2414,6.019806529383E0);
#2416=CARTESIAN_POINT('',(2.902300137588E1,-8.499964502769E0,
-3.520820316562E1));
#2417=LINE('',#2416,#2415);
#2418=DIRECTION('',(1.565436588010E-9,9.999999999962E-1,-2.756827189264E-6));
#2419=VECTOR('',#2418,8.500001291799E0);
#2420=CARTESIAN_POINT('',(2.902300137588E1,-8.499964502769E0,
-3.520820316562E1));
#2421=LINE('',#2420,#2419);
#2422=DIRECTION('',(-9.999998164261E-1,-1.049994368401E-10,-6.059272674214E-4));
#2423=VECTOR('',#2422,6.019806529383E0);
#2424=CARTESIAN_POINT('',(2.902300138919E1,3.678899781403E-5,
-3.520822659865E1));
#2425=LINE('',#2424,#2423);
#2426=DIRECTION('',(1.565436170044E-9,9.999999999962E-1,-2.756827190935E-6));
#2427=VECTOR('',#2426,8.500001291799E0);
#2428=CARTESIAN_POINT('',(2.300319595158E1,-8.499964503401E0,
-3.521185073054E1));
#2429=LINE('',#2428,#2427);
#2430=CARTESIAN_POINT('',(5.009998748137E1,-8.499962686083E0,
-3.019543112479E1));
#2431=DIRECTION('',(1.565437824913E-9,9.999999999962E-1,-2.756827190161E-6));
#2432=DIRECTION('',(9.999998164261E-1,1.049993869628E-10,6.059272676104E-4));
#2433=AXIS2_PLACEMENT_3D('',#2430,#2431,#2432);
#2435=CARTESIAN_POINT('',(5.459998666496E1,-8.499962685655E0,
-3.019272045372E1));
#2436=DIRECTION('',(6.023713490231E-4,-2.756827632976E-6,-9.999998185706E-1));
#2437=DIRECTION('',(9.999998185741E-1,6.875619682489E-7,6.023713471279E-4));
#2438=AXIS2_PLACEMENT_3D('',#2435,#2436,#2437);
#2440=CARTESIAN_POINT('',(5.457211395745E1,-8.499954370663E0,1.580735895045E1));
#2441=DIRECTION('',(6.059272676099E-4,-1.732869894011E-7,-9.999998164260E-1));
#2442=DIRECTION('',(9.999998164261E-1,1.050004527769E-10,6.059272676104E-4));
#2443=AXIS2_PLACEMENT_3D('',#2440,#2441,#2442);
#2445=DIRECTION('',(6.059272676092E-4,-2.364384801666E-7,-9.999998164260E-1));
#2446=VECTOR('',#2445,4.600005584206E1);
#2447=CARTESIAN_POINT('',(5.507211387536E1,-8.499951465641E0,1.580764590926E1));
#2448=LINE('',#2447,#2446);
#2449=DIRECTION('',(-1.565444048384E-9,9.999999999971E-1,2.410262359914E-6));
#2450=VECTOR('',#2449,8.499997095055E0);
#2451=CARTESIAN_POINT('',(5.507211387536E1,-8.499951465641E0,1.580764590926E1));
#2452=LINE('',#2451,#2450);
#2453=DIRECTION('',(-1.565446021173E-9,-9.999999999962E-1,2.756836025651E-6));
#2454=VECTOR('',#2453,8.500000000027E0);
#2455=CARTESIAN_POINT('',(5.509998657681E1,3.765817114534E-5,
-3.019242492149E1));
#2456=LINE('',#2455,#2454);
#2457=CARTESIAN_POINT('',(5.007211479323E1,-8.499942751246E0,1.580461627302E1));
#2458=DIRECTION('',(-1.565437663497E-9,9.999999999971E-1,2.410253155153E-6));
#2459=DIRECTION('',(-6.059272674193E-4,-2.410253661367E-6,9.999998164232E-1));
#2460=AXIS2_PLACEMENT_3D('',#2457,#2458,#2459);
#2462=CARTESIAN_POINT('',(5.006938812052E1,-8.499953597388E0,2.030461544693E1));
#2463=DIRECTION('',(9.999998164261E-1,1.049992680310E-10,6.059272674203E-4));
#2464=DIRECTION('',(-6.059272674150E-4,-2.398172910034E-6,9.999998164232E-1));
#2465=AXIS2_PLACEMENT_3D('',#2462,#2463,#2464);
#2467=CARTESIAN_POINT('',(-4.003059533946E1,-8.499953600808E0,
2.025002140013E1));
#2468=DIRECTION('',(9.999998164261E-1,1.049993501712E-10,6.059272674204E-4));
#2469=DIRECTION('',(-6.059272674150E-4,-2.410253660656E-6,9.999998164232E-1));
#2470=AXIS2_PLACEMENT_3D('',#2467,#2468,#2469);
#2472=CARTESIAN_POINT('',(-1.854034583069E1,-5.199953511913E0,
2.076301454339E1));
#2473=DIRECTION('',(-6.059272674204E-4,1.732869894271E-7,9.999998164260E-1));
#2474=DIRECTION('',(0.E0,-1.E0,1.732870202895E-7));
#2475=AXIS2_PLACEMENT_3D('',#2472,#2473,#2474);
#2477=DIRECTION('',(-5.243787627007E-10,9.999999999998E-1,6.878578827404E-7));
#2478=VECTOR('',#2477,1.999999999746E0);
#2479=CARTESIAN_POINT('',(-1.694034613240E1,-5.199953511652E0,
2.076399617130E1));
#2480=LINE('',#2479,#2478);
#2481=CARTESIAN_POINT('',(-1.854034583069E1,-3.199953511913E0,
2.076301419668E1));
#2482=DIRECTION('',(-6.059272674204E-4,1.732869894271E-7,9.999998164260E-1));
#2483=DIRECTION('',(9.999998164261E-1,1.122915649349E-10,6.059272674201E-4));
#2484=AXIS2_PLACEMENT_3D('',#2481,#2482,#2483);
#2486=DIRECTION('',(-9.999998164261E-1,-1.055211029693E-10,-6.059272697237E-4));
#2487=VECTOR('',#2486,9.999999999746E0);
#2488=CARTESIAN_POINT('',(-1.854034584001E1,-1.599953512529E0,
2.076302916400E1));
#2489=LINE('',#2488,#2487);
#2490=CARTESIAN_POINT('',(-2.854034399496E1,-3.199953512963E0,
2.075695492394E1));
#2491=DIRECTION('',(-6.059272674204E-4,1.732869894271E-7,9.999998164260E-1));
#2492=DIRECTION('',(0.E0,1.E0,-1.732870202878E-7));
#2493=AXIS2_PLACEMENT_3D('',#2490,#2491,#2492);
#2495=DIRECTION('',(5.243965262691E-10,-9.999999999998E-1,-6.878578827404E-7));
#2496=VECTOR('',#2495,1.999999999746E0);
#2497=CARTESIAN_POINT('',(-3.014034370901E1,-3.199953513195E0,
2.075599930706E1));
#2498=LINE('',#2497,#2496);
#2499=CARTESIAN_POINT('',(-2.854034399496E1,-5.199953512962E0,
2.075695527065E1));
#2500=DIRECTION('',(-6.059272674204E-4,1.732869894271E-7,9.999998164260E-1));
#2501=DIRECTION('',(-9.999998164261E-1,-9.769296482932E-11,-6.059272674214E-4));
#2502=AXIS2_PLACEMENT_3D('',#2499,#2500,#2501);
#2504=DIRECTION('',(9.999998164261E-1,1.055227905083E-10,6.059272697231E-4));
#2505=VECTOR('',#2504,9.999999999745E0);
#2506=CARTESIAN_POINT('',(-2.854034400140E1,-6.799953512318E0,
2.075696631437E1));
#2507=LINE('',#2506,#2505);
#2508=DIRECTION('',(9.999998164261E-1,3.331717023868E-8,6.059272675004E-4));
#2509=VECTOR('',#2508,9.009999999983E1);
#2510=CARTESIAN_POINT('',(-4.003089830301E1,-8.499957798351E0,
2.075002130834E1));
#2511=LINE('',#2510,#2509);
#2512=DIRECTION('',(1.575460535950E-9,-9.999999999971E-1,-2.410253149056E-6));
#2513=VECTOR('',#2512,8.500004284215E0);
#2514=CARTESIAN_POINT('',(-4.003089831640E1,4.648583945753E-5,
2.075004179550E1));
#2515=LINE('',#2514,#2513);
#2516=DIRECTION('',(9.999998167295E-1,1.049124541366E-10,6.054262254825E-4));
#2517=VECTOR('',#2516,6.635184323903E1);
#2518=CARTESIAN_POINT('',(-4.003089831640E1,4.648583945753E-5,
2.075004179550E1));
#2519=LINE('',#2518,#2517);
#2520=DIRECTION('',(7.545013062194E-10,-9.999999999998E-1,-6.878675440147E-7));
#2521=VECTOR('',#2520,4.185000003106E0);
#2522=CARTESIAN_POINT('',(2.632093276229E1,4.649280059224E-5,2.079021294151E1));
#2523=LINE('',#2522,#2521);
#2524=CARTESIAN_POINT('',(2.732093258879E1,-4.184953506977E0,2.079080297161E1));
#2525=DIRECTION('',(-6.059272674204E-4,1.732869894255E-7,9.999998164260E-1));
#2526=DIRECTION('',(-9.999998164261E-1,-9.329959027654E-11,-6.059272674197E-4));
#2527=AXIS2_PLACEMENT_3D('',#2524,#2525,#2526);
#2529=DIRECTION('',(9.999998178987E-1,-6.794534620501E-11,6.034919459163E-4));
#2530=VECTOR('',#2529,1.248005563615E0);
#2531=CARTESIAN_POINT('',(2.732093257978E1,-5.184953506743E0,2.079081530217E1));
#2532=LINE('',#2531,#2530);
#2533=DIRECTION('',(-6.978140242515E-9,-9.999999999572E-1,9.255913003843E-6));
#2534=VECTOR('',#2533,4.532235784002E-1);
#2535=CARTESIAN_POINT('',(2.856893791613E1,-5.184953506828E0,2.079156846347E1));
#2536=LINE('',#2535,#2534);
#2537=DIRECTION('',(-7.505195363125E-9,-9.999999999299E-1,1.184349524683E-5));
#2538=VECTOR('',#2537,4.532235786460E-1);
#2539=CARTESIAN_POINT('',(3.899342201317E1,-5.184953505757E0,2.079788494380E1));
#2540=LINE('',#2539,#2538);
#2541=DIRECTION('',(9.999998149475E-1,5.105394776074E-10,6.083626013046E-4));
#2542=VECTOR('',#2541,1.248005558042E0);
#2543=CARTESIAN_POINT('',(3.899342201317E1,-5.184953505757E0,2.079788494380E1));
#2544=LINE('',#2543,#2542);
#2545=CARTESIAN_POINT('',(4.024142734662E1,-4.184953505621E0,2.079863185317E1));
#2546=DIRECTION('',(-6.059272674204E-4,1.732869894255E-7,9.999998164260E-1));
#2547=DIRECTION('',(0.E0,-1.E0,1.732870202900E-7));
#2548=AXIS2_PLACEMENT_3D('',#2545,#2546,#2547);
#2550=DIRECTION('',(-4.692366498974E-10,9.999999999998E-1,6.878640306134E-7));
#2551=VECTOR('',#2550,4.185000001511E0);
#2552=CARTESIAN_POINT('',(4.124142715494E1,-4.184953507143E0,2.079925079885E1));
#2553=LINE('',#2552,#2551);
#2554=DIRECTION('',(9.999998141370E-1,1.056524381385E-10,6.096932776044E-4));
#2555=VECTOR('',#2554,8.827659631340E0);
#2556=CARTESIAN_POINT('',(4.124142715298E1,4.649436723249E-5,2.079925367756E1));
#2557=LINE('',#2556,#2555);
#2558=DIRECTION('',(-1.555747294365E-9,9.999999999971E-1,2.410253160815E-6));
#2559=VECTOR('',#2558,8.500001291799E0);
#2560=CARTESIAN_POINT('',(5.006908515681E1,-8.499954796474E0,2.080461535514E1));
#2561=LINE('',#2560,#2559);
#2562=CARTESIAN_POINT('',(-1.854016405251E1,-6.799953563899E0,
2.046301487572E1));
#2563=DIRECTION('',(9.999998164261E-1,1.049991364884E-10,6.059272674204E-4));
#2564=DIRECTION('',(0.E0,1.E0,-1.732856820998E-7));
#2565=AXIS2_PLACEMENT_3D('',#2562,#2563,#2564);
#2567=CARTESIAN_POINT('',(-1.854016405251E1,-5.199953563899E0,
2.046301459846E1));
#2568=DIRECTION('',(-6.059272674204E-4,1.732869894271E-7,9.999998164260E-1));
#2569=DIRECTION('',(0.E0,-1.E0,1.732870202886E-7));
#2570=AXIS2_PLACEMENT_3D('',#2567,#2568,#2569);
#2572=DIRECTION('',(6.059277424441E-4,-1.732869894366E-7,-9.999998164258E-1));
#2573=VECTOR('',#2572,1.700000000265E0);
#2574=CARTESIAN_POINT('',(-1.854016405332E1,-6.499953563899E0,
2.046301482373E1));
#2575=LINE('',#2574,#2573);
#2576=DIRECTION('',(9.999998164261E-1,1.050012521490E-10,6.059272691574E-4));
#2577=VECTOR('',#2576,9.999999998908E0);
#2578=CARTESIAN_POINT('',(-2.854016221649E1,-6.499953564949E0,
2.045695555104E1));
#2579=LINE('',#2578,#2577);
#2580=DIRECTION('',(-9.999998164261E-1,-1.050011633197E-10,-6.059272674200E-4));
#2581=VECTOR('',#2580,1.E1);
#2582=CARTESIAN_POINT('',(-1.853913397616E1,-6.499953858487E0,
1.876301513554E1));
#2583=LINE('',#2582,#2581);
#2584=CARTESIAN_POINT('',(-2.854016221677E1,-6.799953564949E0,
2.045695560305E1));
#2585=DIRECTION('',(9.999998164261E-1,1.049993227025E-10,6.059272674203E-4));
#2586=DIRECTION('',(0.E0,1.E0,-1.732870321310E-7));
#2587=AXIS2_PLACEMENT_3D('',#2584,#2585,#2586);
#2589=CARTESIAN_POINT('',(-3.014016192306E1,-5.199953565196E0,
2.045598584209E1));
#2590=DIRECTION('',(4.977252159808E-11,-1.E0,1.732870513966E-7));
#2591=DIRECTION('',(9.999998164260E-1,1.547710108222E-10,6.059272910382E-4));
#2592=AXIS2_PLACEMENT_3D('',#2589,#2590,#2591);
#2594=CARTESIAN_POINT('',(-2.854016221677E1,-5.199953564949E0,
2.045695532572E1));
#2595=DIRECTION('',(-6.059272674204E-4,1.732869894271E-7,9.999998164260E-1));
#2596=DIRECTION('',(-9.999998164261E-1,-1.049990863486E-10,-6.059272674199E-4));
#2597=AXIS2_PLACEMENT_3D('',#2594,#2595,#2596);
#2599=DIRECTION('',(6.059272674226E-4,-1.737620123397E-7,-9.999998164260E-1));
#2600=VECTOR('',#2599,1.700000000203E0);
#2601=CARTESIAN_POINT('',(-2.984016197813E1,-5.199953564277E0,
2.045616762028E1));
#2602=LINE('',#2601,#2600);
#2603=DIRECTION('',(-6.059271003224E-4,1.732869883934E-7,9.999998164261E-1));
#2604=VECTOR('',#2603,1.700000000248E0);
#2605=CARTESIAN_POINT('',(-2.853913214042E1,-6.499953859537E0,
1.875695586287E1));
#2606=LINE('',#2605,#2604);
#2607=DIRECTION('',(-2.486899576518E-14,-1.E0,1.733337758716E-7));
#2608=VECTOR('',#2607,1.999999998908E0);
#2609=CARTESIAN_POINT('',(-2.984016197813E1,-3.199953565369E0,
2.045616727361E1));
#2610=LINE('',#2609,#2608);
#2611=DIRECTION('',(6.059272674246E-4,-1.731198935729E-7,-9.999998164260E-1));
#2612=VECTOR('',#2611,1.700000000109E0);
#2613=CARTESIAN_POINT('',(-2.984016197813E1,-3.199953565369E0,
2.045616727361E1));
#2614=LINE('',#2613,#2612);
#2615=DIRECTION('',(0.E0,1.E0,-1.732870202886E-7));
#2616=VECTOR('',#2615,2.E0);
#2617=CARTESIAN_POINT('',(-2.983913190177E1,-5.199953859673E0,
1.875616793215E1));
#2618=LINE('',#2617,#2616);
#2619=CARTESIAN_POINT('',(-3.014016192306E1,-3.199953565196E0,
2.045598549544E1));
#2620=DIRECTION('',(-2.463650719236E-14,-1.E0,1.733260243562E-7));
#2621=DIRECTION('',(9.999998164261E-1,1.049989724796E-10,6.059272674008E-4));
#2622=AXIS2_PLACEMENT_3D('',#2619,#2620,#2621);
#2624=CARTESIAN_POINT('',(-2.854016221678E1,-1.599953564949E0,
2.045695470175E1));
#2625=DIRECTION('',(-9.999998164261E-1,-1.049992058790E-10,-6.059272674204E-4));
#2626=DIRECTION('',(0.E0,-1.E0,1.732856820998E-7));
#2627=AXIS2_PLACEMENT_3D('',#2624,#2625,#2626);
#2629=CARTESIAN_POINT('',(-2.854016221678E1,-3.199953564949E0,
2.045695497901E1));
#2630=DIRECTION('',(-6.059272674204E-4,1.732869894271E-7,9.999998164260E-1));
#2631=DIRECTION('',(0.E0,1.E0,-1.732870202886E-7));
#2632=AXIS2_PLACEMENT_3D('',#2629,#2630,#2631);
#2634=DIRECTION('',(6.059267923954E-4,-1.732869893266E-7,-9.999998164263E-1));
#2635=VECTOR('',#2634,1.700000000062E0);
#2636=CARTESIAN_POINT('',(-2.854016221597E1,-1.899953564949E0,
2.045695475374E1));
#2637=LINE('',#2636,#2635);
#2638=DIRECTION('',(-9.999998164261E-1,-1.050001863349E-10,-6.059272691573E-4));
#2639=VECTOR('',#2638,9.999999998909E0);
#2640=CARTESIAN_POINT('',(-1.854016405280E1,-1.899953563899E0,
2.046301402643E1));
#2641=LINE('',#2640,#2639);
#2642=DIRECTION('',(6.059274345213E-4,-1.732869890636E-7,-9.999998164259E-1));
#2643=VECTOR('',#2642,1.700000000080E0);
#2644=CARTESIAN_POINT('',(-1.854016405280E1,-1.899953563899E0,
2.046301402643E1));
#2645=LINE('',#2644,#2643);
#2646=DIRECTION('',(9.999998164261E-1,1.050002307323E-10,6.059272674204E-4));
#2647=VECTOR('',#2646,1.E1);
#2648=CARTESIAN_POINT('',(-2.853913214042E1,-1.899953859537E0,
1.875695506575E1));
#2649=LINE('',#2648,#2647);
#2650=CARTESIAN_POINT('',(-1.854016405251E1,-1.599953563899E0,
2.046301397443E1));
#2651=DIRECTION('',(-9.999998164261E-1,-1.049993442450E-10,-6.059272674206E-4));
#2652=DIRECTION('',(0.E0,-1.E0,1.732870202886E-7));
#2653=AXIS2_PLACEMENT_3D('',#2650,#2651,#2652);
#2655=CARTESIAN_POINT('',(-1.694016434623E1,-3.199953563810E0,
2.046398373538E1));
#2656=DIRECTION('',(4.977101408359E-11,1.E0,-1.732869910804E-7));
#2657=DIRECTION('',(-9.999998164260E-1,-5.522841443432E-11,-6.059272910264E-4));
#2658=AXIS2_PLACEMENT_3D('',#2655,#2656,#2657);
#2660=CARTESIAN_POINT('',(-1.854016405251E1,-3.199953563899E0,
2.046301425175E1));
#2661=DIRECTION('',(-6.059272674204E-4,1.732869894271E-7,9.999998164260E-1));
#2662=DIRECTION('',(9.999998164261E-1,1.049994279557E-10,6.059272674200E-4));
#2663=AXIS2_PLACEMENT_3D('',#2660,#2661,#2662);
#2665=DIRECTION('',(6.059272674211E-4,-1.728119662929E-7,-9.999998164260E-1));
#2666=VECTOR('',#2665,1.700000000125E0);
#2667=CARTESIAN_POINT('',(-1.724016429116E1,-3.199953564570E0,
2.046380195719E1));
#2668=LINE('',#2667,#2666);
#2669=DIRECTION('',(4.618527784962E-14,1.E0,-1.733337740952E-7));
#2670=VECTOR('',#2669,1.999999998908E0);
#2671=CARTESIAN_POINT('',(-1.724016429116E1,-5.199953563478E0,
2.046380230386E1));
#2672=LINE('',#2671,#2670);
#2673=DIRECTION('',(6.059272674212E-4,-1.734540861046E-7,-9.999998164260E-1));
#2674=VECTOR('',#2673,1.700000000218E0);
#2675=CARTESIAN_POINT('',(-1.724016429116E1,-5.199953563478E0,
2.046380230386E1));
#2676=LINE('',#2675,#2674);
#2677=DIRECTION('',(-1.776356839400E-14,-1.E0,1.732870220650E-7));
#2678=VECTOR('',#2677,2.E0);
#2679=CARTESIAN_POINT('',(-1.723913421481E1,-3.199953858350E0,
1.876380226915E1));
#2680=LINE('',#2679,#2678);
#2681=CARTESIAN_POINT('',(-1.694016434623E1,-5.199953563810E0,
2.046398408203E1));
#2682=DIRECTION('',(2.309672549283E-14,1.E0,-1.733260228164E-7));
#2683=DIRECTION('',(-9.999998164261E-1,-1.050004527769E-10,-6.059272674127E-4));
#2684=AXIS2_PLACEMENT_3D('',#2681,#2682,#2683);
#2686=DIRECTION('',(9.999998164261E-1,1.049993389841E-10,6.059272674205E-4));
#2687=VECTOR('',#2686,3.11E1);
#2688=CARTESIAN_POINT('',(-1.052944947631E1,2.000046142354E0,1.876786694974E1));
#2689=LINE('',#2688,#2687);
#2690=DIRECTION('',(0.E0,-1.E0,1.732870226571E-7));
#2691=VECTOR('',#2690,9.E0);
#2692=CARTESIAN_POINT('',(-1.052944947631E1,2.000046142354E0,1.876786694974E1));
#2693=LINE('',#2692,#2691);
#2694=DIRECTION('',(0.E0,1.E0,-1.732870228208E-7));
#2695=VECTOR('',#2694,7.000000000220E0);
#2696=CARTESIAN_POINT('',(4.697029759721E1,-6.999953851608E0,1.880270918034E1));
#2697=LINE('',#2696,#2695);
#2698=DIRECTION('',(0.E0,-1.E0,1.732870210141E-7));
#2699=VECTOR('',#2698,6.884999999880E0);
#2700=CARTESIAN_POINT('',(4.181588596361E1,2.000046147851E0,1.879958442163E1));
#2701=LINE('',#2700,#2699);
#2702=DIRECTION('',(0.E0,-1.E0,1.732870204980E-7));
#2703=VECTOR('',#2702,6.884999999880E0);
#2704=CARTESIAN_POINT('',(2.567559776786E1,2.000046146156E0,1.878980457911E1));
#2705=LINE('',#2704,#2703);
#2706=DIRECTION('',(9.999998164261E-1,1.049994854364E-10,6.059272674237E-4));
#2707=VECTOR('',#2706,4.105053890472E0);
#2708=CARTESIAN_POINT('',(2.157054463096E1,2.000046145725E0,1.878731721502E1));
#2709=LINE('',#2708,#2707);
#2710=DIRECTION('',(0.E0,1.E0,-1.732866645054E-7));
#2711=VECTOR('',#2710,7.000000000175E0);
#2712=CARTESIAN_POINT('',(-3.692968700243E1,-6.999953860418E0,
1.875187188260E1));
#2713=LINE('',#2712,#2711);
#2714=DIRECTION('',(-9.999998164261E-1,-1.049990662080E-10,-6.059272675190E-4));
#2715=VECTOR('',#2714,2.540024237252E1);
#2716=CARTESIAN_POINT('',(-1.152944929274E1,-6.999953857751E0,
1.876726258205E1));
#2717=LINE('',#2716,#2715);
#2718=DIRECTION('',(0.E0,1.E0,-1.732870222624E-7));
#2719=VECTOR('',#2718,9.E0);
#2720=CARTESIAN_POINT('',(-1.152944929274E1,-6.999953857751E0,
1.876726258205E1));
#2721=LINE('',#2720,#2719);
#2722=DIRECTION('',(9.999998164261E-1,1.049994507476E-10,6.059272674202E-4));
#2723=VECTOR('',#2722,2.850024237471E1);
#2724=CARTESIAN_POINT('',(-4.002968643555E1,2.000046139257E0,1.874999194849E1));
#2725=LINE('',#2724,#2723);
#2726=CARTESIAN_POINT('',(-1.853913397616E1,-5.199953858487E0,
1.876301491027E1));
#2727=DIRECTION('',(-6.059272674204E-4,1.732869894271E-7,9.999998164260E-1));
#2728=DIRECTION('',(0.E0,-1.E0,1.732870202886E-7));
#2729=AXIS2_PLACEMENT_3D('',#2726,#2727,#2728);
#2731=CARTESIAN_POINT('',(-2.853913214042E1,-5.199953859536E0,
1.875695563760E1));
#2732=DIRECTION('',(-6.059272674204E-4,1.732869894271E-7,9.999998164260E-1));
#2733=DIRECTION('',(-9.999998164261E-1,-1.049984031344E-10,-6.059272674199E-4));
#2734=AXIS2_PLACEMENT_3D('',#2731,#2732,#2733);
#2736=CARTESIAN_POINT('',(-2.853913214042E1,-3.199953859537E0,
1.875695529102E1));
#2737=DIRECTION('',(-6.059272674204E-4,1.732869894271E-7,9.999998164260E-1));
#2738=DIRECTION('',(0.E0,1.E0,-1.732870202886E-7));
#2739=AXIS2_PLACEMENT_3D('',#2736,#2737,#2738);
#2741=CARTESIAN_POINT('',(-1.853913397616E1,-3.199953858487E0,
1.876301456370E1));
#2742=DIRECTION('',(-6.059272674204E-4,1.732869894271E-7,9.999998164260E-1));
#2743=DIRECTION('',(9.999998164261E-1,1.049994279557E-10,6.059272674200E-4));
#2744=AXIS2_PLACEMENT_3D('',#2741,#2742,#2743);
#2746=DIRECTION('',(0.E0,-1.E0,1.732870234466E-7));
#2747=VECTOR('',#2746,9.E0);
#2748=CARTESIAN_POINT('',(2.057054481454E1,2.000046145620E0,1.878671128775E1));
#2749=LINE('',#2748,#2747);
#2750=DIRECTION('',(0.E0,1.E0,-1.732870226571E-7));
#2751=VECTOR('',#2750,7.5E0);
#2752=CARTESIAN_POINT('',(2.057151429817E1,-6.999953993010E0,1.798671328792E1));
#2753=LINE('',#2752,#2751);
#2754=DIRECTION('',(3.832220452585E-4,-9.486833354333E-1,-3.162274216637E-1));
#2755=VECTOR('',#2754,1.581138859110E0);
#2756=CARTESIAN_POINT('',(2.057090837090E1,2.000046093634E0,1.848671145297E1));
#2757=LINE('',#2756,#2755);
#2758=DIRECTION('',(0.E0,1.E0,-1.732870212360E-7));
#2759=VECTOR('',#2758,7.5E0);
#2760=CARTESIAN_POINT('',(2.157151411459E1,-6.999953992905E0,1.798731921518E1));
#2761=LINE('',#2760,#2759);
#2762=DIRECTION('',(-9.999998164261E-1,-1.050042275352E-10,-6.059272674150E-4));
#2763=VECTOR('',#2762,1.E0);
#2764=CARTESIAN_POINT('',(2.157151411459E1,5.000460070953E-1,1.798731791553E1));
#2765=LINE('',#2764,#2763);
#2766=DIRECTION('',(0.E0,1.E0,-1.732870222624E-7));
#2767=VECTOR('',#2766,9.E0);
#2768=CARTESIAN_POINT('',(2.157054463096E1,-6.999953854275E0,1.878731877461E1));
#2769=LINE('',#2768,#2767);
#2770=DIRECTION('',(-3.832220452562E-4,9.486833354333E-1,3.162274216637E-1));
#2771=VECTOR('',#2770,1.581138859110E0);
#2772=CARTESIAN_POINT('',(2.157151411459E1,5.000460070953E-1,1.798731791553E1));
#2773=LINE('',#2772,#2771);
#2774=DIRECTION('',(9.999994418E-1,1.830941561486E-10,1.056598177256E-3));
#2775=VECTOR('',#2774,7.000000710868E-1);
#2776=CARTESIAN_POINT('',(-4.370917982187E1,2.000040274450E0,
-1.509447477974E1));
#2777=LINE('',#2776,#2775);
#2778=CARTESIAN_POINT('',(-3.999999599535E1,2.000048116999E0,
-3.024999905623E1));
#2779=DIRECTION('',(-1.269745835534E-14,1.E0,-1.732870159152E-7));
#2780=DIRECTION('',(6.059266727796E-4,-1.732869840942E-7,-9.999998164264E-1));
#2781=AXIS2_PLACEMENT_3D('',#2778,#2779,#2780);
#2783=CARTESIAN_POINT('',(5.009998746424E1,2.000048126470E0,-3.019540500935E1));
#2784=DIRECTION('',(-2.651040177597E-13,1.E0,-1.732873008832E-7));
#2785=DIRECTION('',(9.999998164266E-1,1.052644751405E-10,6.059263647614E-4));
#2786=AXIS2_PLACEMENT_3D('',#2783,#2784,#2785);
#2788=DIRECTION('',(-6.059272673927E-4,1.732869902882E-7,9.999998164260E-1));
#2789=VECTOR('',#2788,7.650782851963E-1);
#2790=CARTESIAN_POINT('',(5.309124040105E1,2.000040159354E0,-1.575866816286E1));
#2791=LINE('',#2790,#2789);
#2792=DIRECTION('',(1.E0,0.E0,-1.776356513307E-14));
#2793=VECTOR('',#2792,3.000000550722E-1);
#2794=CARTESIAN_POINT('',(5.279124034597E1,2.000040159354E0,-1.575866816286E1));
#2795=LINE('',#2794,#2793);
#2796=DIRECTION('',(-6.059272674180E-4,1.732869889217E-7,9.999998164260E-1));
#2797=VECTOR('',#2796,1.000000183574E0);
#2798=CARTESIAN_POINT('',(5.279184627335E1,2.000039986067E0,-1.675866816286E1));
#2799=LINE('',#2798,#2797);
#2800=DIRECTION('',(-1.E0,0.E0,1.184237675538E-14));
#2801=VECTOR('',#2800,3.000000550722E-1);
#2802=CARTESIAN_POINT('',(5.309184632842E1,2.000039986067E0,-1.675866816286E1));
#2803=LINE('',#2802,#2801);
#2804=DIRECTION('',(-6.059272674205E-4,1.732869896341E-7,9.999998164260E-1));
#2805=VECTOR('',#2804,1.343492154840E1);
#2806=CARTESIAN_POINT('',(5.309998691373E1,2.000037657970E0,-3.019358724496E1));
#2807=LINE('',#2806,#2805);
#2808=CARTESIAN_POINT('',(5.009998746444E1,2.000037657655E0,-3.019540500959E1));
#2809=DIRECTION('',(0.E0,-1.E0,1.732870212380E-7));
#2810=DIRECTION('',(6.059285342818E-4,-1.732869894984E-7,-9.999998164253E-1));
#2811=AXIS2_PLACEMENT_3D('',#2808,#2809,#2810);
#2813=DIRECTION('',(9.999998164261E-1,1.049993979443E-10,6.059272674202E-4));
#2814=VECTOR('',#2813,2.849975763270E1);
#2815=CARTESIAN_POINT('',(2.160205284887E1,2.000037134801E0,-3.321267323913E1));
#2816=LINE('',#2815,#2814);
#2817=DIRECTION('',(0.E0,-1.732870269654E-7,-1.E0));
#2818=VECTOR('',#2817,3.000000550722E-1);
#2819=CARTESIAN_POINT('',(2.160205284887E1,2.000037186787E0,-3.291267318406E1));
#2820=LINE('',#2819,#2818);
#2821=DIRECTION('',(9.999998164261E-1,1.050000086877E-10,6.059272674150E-4));
#2822=VECTOR('',#2821,1.E0);
#2823=CARTESIAN_POINT('',(2.060205303244E1,2.000037186682E0,-3.291327911133E1));
#2824=LINE('',#2823,#2822);
#2825=DIRECTION('',(1.184237675538E-14,1.732870240048E-7,1.E0));
#2826=VECTOR('',#2825,3.000000550722E-1);
#2827=CARTESIAN_POINT('',(2.060205303244E1,2.000037134696E0,-3.321327916640E1));
#2828=LINE('',#2827,#2826);
#2829=DIRECTION('',(9.999998164261E-1,1.049993104253E-10,6.059272674205E-4));
#2830=VECTOR('',#2829,3.11E1);
#2831=CARTESIAN_POINT('',(-1.049794125841E1,2.000037131431E0,
-3.323212350442E1));
#2832=LINE('',#2831,#2830);
#2833=DIRECTION('',(0.E0,-1.732870240048E-7,-1.E0));
#2834=VECTOR('',#2833,3.000000550722E-1);
#2835=CARTESIAN_POINT('',(-1.049794125841E1,2.000037183417E0,
-3.293212344934E1));
#2836=LINE('',#2835,#2834);
#2837=DIRECTION('',(9.999998164261E-1,1.050000086877E-10,6.059272674150E-4));
#2838=VECTOR('',#2837,1.E0);
#2839=CARTESIAN_POINT('',(-1.149794107483E1,2.000037183312E0,
-3.293272937661E1));
#2840=LINE('',#2839,#2838);
#2841=DIRECTION('',(-1.184237675538E-14,1.732870240048E-7,1.E0));
#2842=VECTOR('',#2841,3.000000550722E-1);
#2843=CARTESIAN_POINT('',(-1.149794107483E1,2.000037131326E0,
-3.323272943168E1));
#2844=LINE('',#2843,#2842);
#2845=DIRECTION('',(9.999998164261E-1,1.049993883563E-10,6.059272674208E-4));
#2846=VECTOR('',#2845,2.850024239194E1);
#2847=CARTESIAN_POINT('',(-3.999817823487E1,2.000037128333E0,
-3.324999850568E1));
#2848=LINE('',#2847,#2846);
#2849=CARTESIAN_POINT('',(-3.999999599555E1,2.000037648194E0,
-3.024999905639E1));
#2850=DIRECTION('',(0.E0,-1.E0,1.732870212380E-7));
#2851=DIRECTION('',(-9.999998164253E-1,-1.049995645985E-10,-6.059285372947E-4));
#2852=AXIS2_PLACEMENT_3D('',#2849,#2850,#2851);
#2854=DIRECTION('',(6.059272674210E-4,-1.732869895292E-7,-9.999998164260E-1));
#2855=VECTOR('',#2854,1.349315115630E1);
#2856=CARTESIAN_POINT('',(-4.300817131303E1,2.000039986067E0,
-1.675866816286E1));
#2857=LINE('',#2856,#2855);
#2858=DIRECTION('',(-1.E0,0.E0,0.E0));
#2859=VECTOR('',#2858,4.000000734296E-1);
#2860=CARTESIAN_POINT('',(-4.260817123961E1,2.000039986067E0,
-1.675866816286E1));
#2861=LINE('',#2860,#2859);
#2862=DIRECTION('',(6.059272674251E-4,-1.732869898099E-7,-9.999998164260E-1));
#2863=VECTOR('',#2862,1.000000183574E0);
#2864=CARTESIAN_POINT('',(-4.260877716698E1,2.000040159354E0,
-1.575866816286E1));
#2865=LINE('',#2864,#2863);
#2866=DIRECTION('',(1.E0,0.E0,0.E0));
#2867=VECTOR('',#2866,4.000000734296E-1);
#2868=CARTESIAN_POINT('',(-4.300877724041E1,2.000040159354E0,
-1.575866816286E1));
#2869=LINE('',#2868,#2867);
#2870=DIRECTION('',(6.059272673987E-4,-1.732869897909E-7,-9.999998164260E-1));
#2871=VECTOR('',#2870,6.649331239820E-1);
#2872=CARTESIAN_POINT('',(-4.300918014152E1,2.000040274578E0,
-1.509373516094E1));
#2873=LINE('',#2872,#2871);
#2874=CARTESIAN_POINT('',(-4.002786864965E1,2.000056088203E0,1.574999249905E1));
#2875=DIRECTION('',(1.078088362263E-14,1.E0,-1.732870058330E-7));
#2876=DIRECTION('',(-9.999998164264E-1,-1.049884194537E-10,-6.059266646694E-4));
#2877=AXIS2_PLACEMENT_3D('',#2874,#2875,#2876);
#2879=DIRECTION('',(9.999994418E-1,1.830947905617E-10,1.056598177258E-3));
#2880=VECTOR('',#2879,7.000000710865E-1);
#2881=CARTESIAN_POINT('',(-4.371863228820E1,2.000042977727E0,
5.055239407178E-1));
#2882=LINE('',#2881,#2880);
#2883=DIRECTION('',(6.059272674372E-4,-1.732869889563E-7,-9.999998164260E-1));
#2884=VECTOR('',#2883,7.487626200190E-1);
#2885=CARTESIAN_POINT('',(-4.301908630354E1,2.000043107606E0,1.255026042083E0));
#2886=LINE('',#2885,#2884);
#2887=DIRECTION('',(-9.999992657043E-1,-2.099997567804E-10,-1.211854312377E-3));
#2888=VECTOR('',#2887,4.000000734296E-1);
#2889=CARTESIAN_POINT('',(-4.261908652383E1,2.000043107690E0,1.255510783897E0));
#2890=LINE('',#2889,#2888);
#2891=DIRECTION('',(6.059272674180E-4,-1.732869884776E-7,-9.999998164260E-1));
#2892=VECTOR('',#2891,1.000000183574E0);
#2893=CARTESIAN_POINT('',(-4.261969245121E1,2.000043280977E0,2.255510783897E0));
#2894=LINE('',#2893,#2892);
#2895=DIRECTION('',(9.999992657043E-1,2.099964261119E-10,1.211854312374E-3));
#2896=VECTOR('',#2895,4.000000734296E-1);
#2897=CARTESIAN_POINT('',(-4.301969223092E1,2.000043280893E0,2.255026042083E0));
#2898=LINE('',#2897,#2896);
#2899=DIRECTION('',(6.059272673952E-4,-1.732869896171E-7,-9.999998164260E-1));
#2900=VECTOR('',#2899,1.349315116739E1);
#2901=CARTESIAN_POINT('',(-4.302786809914E1,2.000045619081E0,1.574817473249E1));
#2902=LINE('',#2901,#2900);
#2903=CARTESIAN_POINT('',(-4.002786864985E1,2.000045619396E0,1.574999249921E1));
#2904=DIRECTION('',(0.E0,-1.E0,1.732870212380E-7));
#2905=DIRECTION('',(-6.059285341187E-4,1.732869894985E-7,9.999998164253E-1));
#2906=AXIS2_PLACEMENT_3D('',#2903,#2904,#2905);
#2908=DIRECTION('',(-1.211854312384E-3,1.732868952189E-7,9.999992657043E-1));
#2909=VECTOR('',#2908,3.000000550722E-1);
#2910=CARTESIAN_POINT('',(-1.152908573638E1,2.000046090263E0,1.846726118769E1));
#2911=LINE('',#2910,#2909);
#2912=DIRECTION('',(-9.999998164261E-1,-1.050004527769E-10,-6.059272674257E-4));
#2913=VECTOR('',#2912,1.E0);
#2914=CARTESIAN_POINT('',(-1.052908591995E1,2.000046090368E0,1.846786711495E1));
#2915=LINE('',#2914,#2913);
#2916=DIRECTION('',(1.211854312372E-3,-1.732868922583E-7,-9.999992657043E-1));
#2917=VECTOR('',#2916,3.000000550722E-1);
#2918=CARTESIAN_POINT('',(-1.052944947631E1,2.000046142354E0,1.876786694974E1));
#2919=LINE('',#2918,#2917);
#2920=DIRECTION('',(-1.211854312384E-3,1.732868937387E-7,9.999992657043E-1));
#2921=VECTOR('',#2920,3.000000550722E-1);
#2922=CARTESIAN_POINT('',(2.057090837090E1,2.000046093634E0,1.848671145297E1));
#2923=LINE('',#2922,#2921);
#2924=DIRECTION('',(-9.999998164261E-1,-1.049991205093E-10,-6.059272674221E-4));
#2925=VECTOR('',#2924,1.E0);
#2926=CARTESIAN_POINT('',(2.157090818733E1,2.000046093739E0,1.848731738024E1));
#2927=LINE('',#2926,#2925);
#2928=DIRECTION('',(1.211854312384E-3,-1.732868952189E-7,-9.999992657043E-1));
#2929=VECTOR('',#2928,3.000000550722E-1);
#2930=CARTESIAN_POINT('',(2.157054463096E1,2.000046145725E0,1.878731721502E1));
#2931=LINE('',#2930,#2929);
#2932=DIRECTION('',(-5.517884755001E-1,-1.445186196303E-7,-8.339840995518E-1));
#2933=VECTOR('',#2932,8.396813213529E-1);
#2934=CARTESIAN_POINT('',(2.613892424407E1,2.000046267505E0,1.949008544981E1));
#2935=LINE('',#2934,#2933);
#2936=DIRECTION('',(-9.999998164261E-1,-1.049989828567E-10,-6.059272674196E-4));
#2937=VECTOR('',#2936,8.254412628260E0);
#2938=CARTESIAN_POINT('',(5.007029707658E1,2.000046148717E0,1.880458599531E1));
#2939=LINE('',#2938,#2937);
#2940=CARTESIAN_POINT('',(5.007211481014E1,2.000045628856E0,1.580458654601E1));
#2941=DIRECTION('',(0.E0,-1.E0,1.732870396597E-7));
#2942=DIRECTION('',(9.999998164261E-1,1.049992685391E-10,6.059272673997E-4));
#2943=AXIS2_PLACEMENT_3D('',#2940,#2941,#2942);
#2945=DIRECTION('',(-6.059272674219E-4,1.732869893266E-7,9.999998164260E-1));
#2946=VECTOR('',#2945,1.343492153124E1);
#2947=CARTESIAN_POINT('',(5.308025484471E1,2.000043301074E0,2.371485262881E0));
#2948=LINE('',#2947,#2946);
#2949=DIRECTION('',(9.999992657043E-1,2.100038275974E-10,1.211854312377E-3));
#2950=VECTOR('',#2949,3.000000550722E-1);
#2951=CARTESIAN_POINT('',(5.278025500992E1,2.000043301011E0,2.371121706520E0));
#2952=LINE('',#2951,#2950);
#2953=DIRECTION('',(-6.059272674180E-4,1.732869902540E-7,9.999998164260E-1));
#2954=VECTOR('',#2953,1.000000183574E0);
#2955=CARTESIAN_POINT('',(5.278086093730E1,2.000043127724E0,1.371121706521E0));
#2956=LINE('',#2955,#2954);
#2957=DIRECTION('',(-9.999992657043E-1,-2.100053078945E-10,-1.211854312375E-3));
#2958=VECTOR('',#2957,3.000000550722E-1);
#2959=CARTESIAN_POINT('',(5.308086077208E1,2.000043127787E0,1.371485262881E0));
#2960=LINE('',#2959,#2958);
#2961=DIRECTION('',(-6.059272674112E-4,1.732869891273E-7,9.999998164260E-1));
#2962=VECTOR('',#2961,7.650782851964E-1);
#2963=CARTESIAN_POINT('',(5.308132435388E1,2.000042995209E0,6.064071181330E-1));
#2964=LINE('',#2963,#2962);
#2965=CARTESIAN_POINT('',(5.007211480994E1,2.000056097669E0,1.580458654576E1));
#2966=DIRECTION('',(-3.032484930884E-13,1.E0,-1.732868911536E-7));
#2967=DIRECTION('',(-6.059263755077E-4,1.732868591452E-7,9.999998164266E-1));
#2968=AXIS2_PLACEMENT_3D('',#2965,#2966,#2967);
#2970=DIRECTION('',(5.243338357686E-1,-1.475561144898E-7,-8.515127883175E-1));
#2971=VECTOR('',#2970,8.217598822086E-1);
#2972=CARTESIAN_POINT('',(4.138500945249E1,2.000046269106E0,1.949932347025E1));
#2973=LINE('',#2972,#2971);
#2974=DIRECTION('',(0.E0,-1.E0,1.732870214729E-7));
#2975=VECTOR('',#2974,9.E0);
#2976=CARTESIAN_POINT('',(-4.300817131303E1,2.000039986067E0,
-1.675866816286E1));
#2977=LINE('',#2976,#2975);
#2978=DIRECTION('',(-3.641531521171E-12,1.E0,-1.672830318895E-7));
#2979=VECTOR('',#2978,1.999999999780E0);
#2980=CARTESIAN_POINT('',(-4.299999544482E1,3.764809934806E-5,
-3.025181650761E1));
#2981=LINE('',#2980,#2979);
#2982=DIRECTION('',(6.059272674284E-4,-1.732753261905E-7,-9.999998164260E-1));
#2983=VECTOR('',#2982,3.000000010312E0);
#2984=CARTESIAN_POINT('',(-4.300181322663E1,3.816792532842E-5,
-2.725181704802E1));
#2985=LINE('',#2984,#2983);
#2986=DIRECTION('',(8.571378527367E-11,1.E0,-1.732869700388E-7));
#2987=VECTOR('',#2986,7.000000000173E0);
#2988=CARTESIAN_POINT('',(-4.300181322723E1,-6.999961832248E0,
-2.725181583501E1));
#2989=LINE('',#2988,#2987);
#2990=DIRECTION('',(0.E0,-1.E0,1.732870210781E-7));
#2991=VECTOR('',#2990,9.E0);
#2992=CARTESIAN_POINT('',(-4.301969223092E1,2.000043280893E0,2.255026042083E0));
#2993=LINE('',#2992,#2991);
#2994=DIRECTION('',(2.568964764112E-11,-1.E0,1.308769722809E-7));
#2995=VECTOR('',#2994,2.064999932772E0);
#2996=CARTESIAN_POINT('',(-4.301101553125E1,4.079947477487E-5,
-1.206467590035E1));
#2997=LINE('',#2996,#2995);
#2998=DIRECTION('',(6.059272674207E-4,-1.732869893024E-7,-9.999998164260E-1));
#2999=VECTOR('',#2998,3.029059470080E0);
#3000=CARTESIAN_POINT('',(-4.301101553125E1,4.079947477487E-5,
-1.206467590035E1));
#3001=LINE('',#3000,#2999);
#3002=DIRECTION('',(0.E0,-1.E0,1.732870202886E-7));
#3003=VECTOR('',#3002,2.E0);
#3004=CARTESIAN_POINT('',(-4.300918014152E1,2.000040274578E0,
-1.509373516094E1));
#3005=LINE('',#3004,#3003);
#3006=DIRECTION('',(0.E0,-1.E0,1.732870212755E-7));
#3007=VECTOR('',#3006,9.E0);
#3008=CARTESIAN_POINT('',(-4.300877724041E1,2.000040159354E0,
-1.575866816286E1));
#3009=LINE('',#3008,#3007);
#3010=DIRECTION('',(0.E0,-1.E0,1.732870212015E-7));
#3011=VECTOR('',#3010,9.E0);
#3012=CARTESIAN_POINT('',(-4.301908630354E1,2.000043107606E0,1.255026042083E0));
#3013=LINE('',#3012,#3011);
#3014=DIRECTION('',(0.E0,-1.E0,1.732870211768E-7));
#3015=VECTOR('',#3014,2.E0);
#3016=CARTESIAN_POINT('',(-4.301863260786E1,2.000042977855E0,
5.062635595170E-1));
#3017=LINE('',#3016,#3015);
#3018=DIRECTION('',(6.059272674150E-4,-1.732869896369E-7,-9.999998164260E-1));
#3019=VECTOR('',#3018,3.030942937191E0);
#3020=CARTESIAN_POINT('',(-4.301863260786E1,4.297785548867E-5,
5.062639060910E-1));
#3021=LINE('',#3020,#3019);
#3022=DIRECTION('',(2.569997029621E-11,1.E0,-2.156970683104E-7));
#3023=VECTOR('',#3022,2.064999932772E0);
#3024=CARTESIAN_POINT('',(-4.301679607694E1,-2.064957480140E0,
-2.524678029284E0));
#3025=LINE('',#3024,#3023);
#3026=CARTESIAN_POINT('',(-4.301583871185E1,-2.064957820941E0,
-4.104677739237E0));
#3027=DIRECTION('',(-9.999998164261E-1,-1.049993312582E-10,-6.059272674204E-4));
#3028=DIRECTION('',(0.E0,-1.E0,1.732870229869E-7));
#3029=AXIS2_PLACEMENT_3D('',#3026,#3027,#3028);
#3031=DIRECTION('',(-6.059272674207E-4,1.732869887163E-7,9.999998164260E-1));
#3032=VECTOR('',#3031,6.379999352097E0);
#3033=CARTESIAN_POINT('',(-4.301197289628E1,-3.644958926512E0,
-1.048467564634E1));
#3034=LINE('',#3033,#3032);
#3035=CARTESIAN_POINT('',(-4.301197289628E1,-2.064958926512E0,
-1.048467592013E1));
#3036=DIRECTION('',(-9.999998164261E-1,-1.049993312582E-10,-6.059272674204E-4));
#3037=DIRECTION('',(6.059272674224E-4,-1.308769441626E-7,-9.999998164260E-1));
#3038=AXIS2_PLACEMENT_3D('',#3035,#3036,#3037);
#3040=DIRECTION('',(-6.059272674055E-4,0.E0,9.999998164261E-1));
#3041=VECTOR('',#3040,5.999993024190E-1);
#3042=CARTESIAN_POINT('',(-4.300615089582E1,-2.140000000226E0,
-2.009308883966E1));
#3043=LINE('',#3042,#3041);
#3044=CARTESIAN_POINT('',(-4.300615089590E1,-1.390000000226E0,
-2.009308883966E1));
#3045=DIRECTION('',(-9.999998164261E-1,-1.049993312582E-10,-6.059272674204E-4));
#3046=DIRECTION('',(-1.049992685391E-10,1.E0,-5.684341886081E-14));
#3047=AXIS2_PLACEMENT_3D('',#3044,#3045,#3046);
#3049=DIRECTION('',(6.059272674291E-4,0.E0,-9.999998164261E-1));
#3050=VECTOR('',#3049,5.999993024190E-1);
#3051=CARTESIAN_POINT('',(-4.300651445192E1,-6.400000002264E-1,
-1.949308964739E1));
#3052=LINE('',#3051,#3050);
#3053=CARTESIAN_POINT('',(-4.300651445184E1,-1.390000000226E0,
-1.949308964739E1));
#3054=DIRECTION('',(-9.999998164261E-1,-1.049993312582E-10,-6.059272674204E-4));
#3055=DIRECTION('',(1.049992685391E-10,-1.E0,5.210646728907E-14));
#3056=AXIS2_PLACEMENT_3D('',#3053,#3054,#3055);
#3058=DIRECTION('',(3.162278182629E-1,-9.486832806351E-1,1.643945011458E-7));
#3059=VECTOR('',#3058,1.581138859110E0);
#3060=CARTESIAN_POINT('',(-4.260817123961E1,2.000039986067E0,
-1.675866816286E1));
#3061=LINE('',#3060,#3059);
#3062=DIRECTION('',(0.E0,-1.E0,1.732870217097E-7));
#3063=VECTOR('',#3062,7.5E0);
#3064=CARTESIAN_POINT('',(-4.210817114782E1,5.000399860669E-1,
-1.675866790293E1));
#3065=LINE('',#3064,#3063);
#3066=DIRECTION('',(6.059272674180E-4,-1.732869893658E-7,-9.999998164260E-1));
#3067=VECTOR('',#3066,1.000000183574E0);
#3068=CARTESIAN_POINT('',(-4.210877707520E1,5.000401593539E-1,
-1.575866790293E1));
#3069=LINE('',#3068,#3067);
#3070=DIRECTION('',(0.E0,-1.E0,1.732870212360E-7));
#3071=VECTOR('',#3070,7.5E0);
#3072=CARTESIAN_POINT('',(-4.210877707520E1,5.000401593539E-1,
-1.575866790293E1));
#3073=LINE('',#3072,#3071);
#3074=DIRECTION('',(-3.162278182629E-1,9.486832806351E-1,-1.643944988989E-7));
#3075=VECTOR('',#3074,1.581138859110E0);
#3076=CARTESIAN_POINT('',(-4.210877707520E1,5.000401593539E-1,
-1.575866790293E1));
#3077=LINE('',#3076,#3075);
#3078=DIRECTION('',(-2.676408428509E-9,1.E0,-1.732886474506E-7));
#3079=VECTOR('',#3078,1.999999999780E0);
#3080=CARTESIAN_POINT('',(-3.999817822952E1,3.712855338474E-5,
-3.324999815910E1));
#3081=LINE('',#3080,#3079);
#3082=DIRECTION('',(-8.167495885769E-10,-1.E0,1.732862889330E-7));
#3083=VECTOR('',#3082,7.000000000166E0);
#3084=CARTESIAN_POINT('',(-3.990181378024E1,3.816827415682E-5,
-2.724993867348E1));
#3085=LINE('',#3084,#3083);
#3086=DIRECTION('',(-3.162275860582E-1,9.486832805687E-1,-3.833864397543E-4));
#3087=VECTOR('',#3086,1.581138859110E0);
#3088=CARTESIAN_POINT('',(-4.211969272657E1,5.000432810823E-1,
2.256116971095E0));
#3089=LINE('',#3088,#3087);
#3090=DIRECTION('',(3.162275860582E-1,-9.486832805687E-1,3.833864397544E-4));
#3091=VECTOR('',#3090,1.581138859110E0);
#3092=CARTESIAN_POINT('',(-4.261908652383E1,2.000043107690E0,1.255510783897E0));
#3093=LINE('',#3092,#3091);
#3094=DIRECTION('',(0.E0,-1.E0,1.732870212360E-7));
#3095=VECTOR('',#3094,7.5E0);
#3096=CARTESIAN_POINT('',(-4.211908679919E1,5.000431077953E-1,
1.256116971095E0));
#3097=LINE('',#3096,#3095);
#3098=DIRECTION('',(6.059272674251E-4,-1.732869906981E-7,-9.999998164260E-1));
#3099=VECTOR('',#3098,1.000000183574E0);
#3100=CARTESIAN_POINT('',(-4.211969272657E1,5.000432810823E-1,
2.256116971095E0));
#3101=LINE('',#3100,#3099);
#3102=DIRECTION('',(0.E0,-1.E0,1.732870212360E-7));
#3103=VECTOR('',#3102,7.5E0);
#3104=CARTESIAN_POINT('',(-4.211969272657E1,5.000432810823E-1,
2.256116971095E0));
#3105=LINE('',#3104,#3103);
#3106=DIRECTION('',(9.999998164261E-1,1.049993623010E-10,6.059272674196E-4));
#3107=VECTOR('',#3106,3.100000010335E0);
#3108=CARTESIAN_POINT('',(-4.302605031793E1,4.509943990367E-5,
1.274817561468E1));
#3109=LINE('',#3108,#3107);
#3110=DIRECTION('',(-2.857193846521E-11,1.E0,-1.732870393164E-7));
#3111=VECTOR('',#3110,7.000000000185E0);
#3112=CARTESIAN_POINT('',(-4.302605031773E1,-6.999954900745E0,
1.274817682768E1));
#3113=LINE('',#3112,#3111);
#3114=DIRECTION('',(-9.999998164261E-1,-1.173644694467E-10,-6.059272674188E-4));
#3115=VECTOR('',#3114,3.099999998700E0);
#3116=CARTESIAN_POINT('',(-3.992605088811E1,-6.999954900381E0,
1.275005520221E1));
#3117=LINE('',#3116,#3115);
#3118=DIRECTION('',(1.633506282586E-9,1.E0,-1.732860316155E-7));
#3119=VECTOR('',#3118,7.000000000147E0);
#3120=CARTESIAN_POINT('',(-3.992605088811E1,-6.999954900381E0,
1.275005520221E1));
#3121=LINE('',#3120,#3119);
#3122=DIRECTION('',(-6.059271339750E-4,1.732869896770E-7,9.999998164261E-1));
#3123=VECTOR('',#3122,3.000000013404E0);
#3124=CARTESIAN_POINT('',(-4.302605031793E1,4.509943990367E-5,
1.274817561468E1));
#3125=LINE('',#3124,#3123);
#3126=CARTESIAN_POINT('',(-3.992786866991E1,4.561962637206E-5,
1.575005343848E1));
#3127=DIRECTION('',(0.E0,1.E0,-1.732870212380E-7));
#3128=DIRECTION('',(9.999998164269E-1,1.049990915860E-10,6.059258843207E-4));
#3129=AXIS2_PLACEMENT_3D('',#3126,#3127,#3128);
#3131=DIRECTION('',(9.999998164261E-1,9.048244415762E-11,6.059272674158E-4));
#3132=VECTOR('',#3131,3.100000013902E0);
#3133=CARTESIAN_POINT('',(-4.002968644726E1,4.613947684053E-5,
1.874999229505E1));
#3134=LINE('',#3133,#3132);
#3135=CARTESIAN_POINT('',(-4.002786864985E1,4.561961587579E-5,
1.574999284579E1));
#3136=DIRECTION('',(0.E0,1.E0,-1.732870212380E-7));
#3137=DIRECTION('',(-9.999998164265E-1,-1.049992157859E-10,-6.059266010534E-4));
#3138=AXIS2_PLACEMENT_3D('',#3135,#3136,#3137);
#3140=CARTESIAN_POINT('',(-3.992786866991E1,4.253330328741E-5,
1.575005343848E1));
#3141=DIRECTION('',(1.458785137784E-14,-1.E0,1.732868169420E-7));
#3142=DIRECTION('',(-9.999998164261E-1,-1.050137953538E-10,-6.059272676188E-4));
#3143=AXIS2_PLACEMENT_3D('',#3140,#3141,#3142);
#3145=CARTESIAN_POINT('',(-3.992786866991E1,4.253330326942E-5,
1.575005343848E1));
#3146=DIRECTION('',(1.434628898508E-14,-1.E0,1.732872156076E-7));
#3147=DIRECTION('',(-6.059272674120E-4,1.732871837879E-7,9.999998164260E-1));
#3148=AXIS2_PLACEMENT_3D('',#3145,#3146,#3147);
#3150=CARTESIAN_POINT('',(-3.992786866991E1,4.253330326609E-5,
1.575005343848E1));
#3151=DIRECTION('',(1.434628898508E-14,-1.E0,1.732872156076E-7));
#3152=DIRECTION('',(9.999998164261E-1,1.050137953497E-10,6.059272676166E-4));
#3153=AXIS2_PLACEMENT_3D('',#3150,#3151,#3152);
#3155=CARTESIAN_POINT('',(-3.992786866991E1,4.253330326653E-5,
1.575005343848E1));
#3156=DIRECTION('',(1.458785137784E-14,-1.E0,1.732868169420E-7));
#3157=DIRECTION('',(6.059272674078E-4,-1.732867851222E-7,-9.999998164260E-1));
#3158=AXIS2_PLACEMENT_3D('',#3155,#3156,#3157);
#3160=DIRECTION('',(-6.059272673076E-4,1.732764336539E-7,9.999998164260E-1));
#3161=VECTOR('',#3160,3.000000021347E0);
#3162=CARTESIAN_POINT('',(-3.692786922062E1,4.561992803145E-5,
1.575187119897E1));
#3163=LINE('',#3162,#3161);
#3164=DIRECTION('',(4.963648539680E-13,1.E0,-1.741037708877E-7));
#3165=VECTOR('',#3164,7.000000000183E0);
#3166=CARTESIAN_POINT('',(-3.692786922062E1,-6.999954380255E0,
1.575187241769E1));
#3167=LINE('',#3166,#3165);
#3168=DIRECTION('',(6.059272673094E-4,-1.732790808473E-7,-9.999998164260E-1));
#3169=VECTOR('',#3168,3.000000015627E0);
#3170=CARTESIAN_POINT('',(-3.692968700243E1,-6.999953860418E0,
1.875187188260E1));
#3171=LINE('',#3170,#3169);
#3172=DIRECTION('',(-5.853799223776E-9,-1.E0,1.732834782521E-7));
#3173=VECTOR('',#3172,1.999999999780E0);
#3174=CARTESIAN_POINT('',(-4.002968643555E1,2.000046139257E0,1.874999194849E1));
#3175=LINE('',#3174,#3173);
#3176=DIRECTION('',(9.948664115839E-11,1.E0,-1.724355733946E-7));
#3177=VECTOR('',#3176,1.999999999780E0);
#3178=CARTESIAN_POINT('',(-4.302786809934E1,4.561930087502E-5,
1.574817507736E1));
#3179=LINE('',#3178,#3177);
#3180=DIRECTION('',(-7.071066513848E-1,-7.071067812602E-1,-4.283259420857E-4));
#3181=VECTOR('',#3180,9.192388155407E-1);
#3182=CARTESIAN_POINT('',(-3.827786897280E1,4.561980048807E-5,
1.575105321222E1));
#3183=LINE('',#3182,#3181);
#3184=DIRECTION('',(-7.071066513849E-1,7.071067811117E-1,-4.285710069400E-4));
#3185=VECTOR('',#3184,9.192388155407E-1);
#3186=CARTESIAN_POINT('',(-4.092786848633E1,-6.499543804759E-1,
1.574944762385E1));
#3187=LINE('',#3186,#3185);
#3188=CARTESIAN_POINT('',(-3.992786866991E1,-6.499543803707E-1,
1.575005355112E1));
#3189=DIRECTION('',(0.E0,-1.E0,1.732870212380E-7));
#3190=DIRECTION('',(9.999998164261E-1,1.049993425539E-10,6.059272674275E-4));
#3191=AXIS2_PLACEMENT_3D('',#3188,#3189,#3190);
#3193=CARTESIAN_POINT('',(-3.992786866991E1,-6.999954380594E0,
1.575005465149E1));
#3194=DIRECTION('',(0.E0,1.E0,-1.732870212380E-7));
#3195=DIRECTION('',(-9.999998164261E-1,-1.049995645985E-10,-6.059272674115E-4));
#3196=AXIS2_PLACEMENT_3D('',#3193,#3194,#3195);
#3198=DIRECTION('',(0.E0,-1.E0,1.732870211218E-7));
#3199=VECTOR('',#3198,6.350000000223E0);
#3200=CARTESIAN_POINT('',(-4.092786848633E1,-6.499543804759E-1,
1.574944762385E1));
#3201=LINE('',#3200,#3199);
#3202=CARTESIAN_POINT('',(-3.992786866991E1,-6.499543803707E-1,
1.575005355112E1));
#3203=DIRECTION('',(0.E0,-1.E0,1.732870212380E-7));
#3204=DIRECTION('',(-9.999998164261E-1,-1.049993425539E-10,-6.059272674186E-4));
#3205=AXIS2_PLACEMENT_3D('',#3202,#3203,#3204);
#3207=DIRECTION('',(0.E0,1.E0,-1.732870216813E-7));
#3208=VECTOR('',#3207,6.350000000223E0);
#3209=CARTESIAN_POINT('',(-3.892786885348E1,-6.999954380489E0,
1.575066057876E1));
#3210=LINE('',#3209,#3208);
#3211=CARTESIAN_POINT('',(-3.992786866991E1,-6.999954380594E0,
1.575005465149E1));
#3212=DIRECTION('',(0.E0,1.E0,-1.732870212380E-7));
#3213=DIRECTION('',(9.999998164261E-1,1.049995645985E-10,6.059272674186E-4));
#3214=AXIS2_PLACEMENT_3D('',#3211,#3212,#3213);
#3216=DIRECTION('',(9.999998164261E-1,3.360894273996E-8,6.059272674168E-4));
#3217=VECTOR('',#3216,2.E0);
#3218=CARTESIAN_POINT('',(-4.501101516405E1,-2.064959200515E0,
-1.206588748462E1));
#3219=LINE('',#3218,#3217);
#3220=DIRECTION('',(9.999998164261E-1,1.049993425539E-10,6.059272674204E-4));
#3221=VECTOR('',#3220,2.E0);
#3222=CARTESIAN_POINT('',(-4.501197252913E1,-3.644958926722E0,
-1.048588750087E1));
#3223=LINE('',#3222,#3221);
#3224=DIRECTION('',(9.999998164261E-1,1.049995645985E-10,6.059272674208E-4));
#3225=VECTOR('',#3224,2.E0);
#3226=CARTESIAN_POINT('',(-4.501583834471E1,-3.644957821151E0,
-4.105889319978E0));
#3227=LINE('',#3226,#3225);
#3228=DIRECTION('',(9.999998164261E-1,3.360894140769E-8,6.059272674133E-4));
#3229=VECTOR('',#3228,2.E0);
#3230=CARTESIAN_POINT('',(-4.501679570979E1,-2.064957547357E0,
-2.525889883818E0));
#3231=LINE('',#3230,#3229);
#3232=CARTESIAN_POINT('',(-4.002786868007E1,5.406497157168E-5,
1.575004271337E1));
#3233=DIRECTION('',(-1.565437663497E-9,9.999999999971E-1,2.410253155153E-6));
#3234=DIRECTION('',(-9.999998164261E-1,-1.049992679988E-10,-6.059272674335E-4));
#3235=AXIS2_PLACEMENT_3D('',#3232,#3233,#3234);
#3237=DIRECTION('',(-9.999998164261E-1,-1.049990427280E-10,-6.059272674202E-4));
#3238=VECTOR('',#3237,2.E0);
#3239=CARTESIAN_POINT('',(-4.301679607688E1,4.245263251133E-5,
-2.524678474698E0));
#3240=LINE('',#3239,#3238);
#3241=DIRECTION('',(9.999994418E-1,1.830930432433E-10,1.056598177256E-3));
#3242=VECTOR('',#3241,1.000000101552E0);
#3243=CARTESIAN_POINT('',(-4.401863215121E1,4.297767239561E-5,
5.052073078065E-1));
#3244=LINE('',#3243,#3242);
#3245=CARTESIAN_POINT('',(-4.002786864965E1,4.561939587672E-5,
1.574999284563E1));
#3246=DIRECTION('',(0.E0,-1.E0,1.732870212380E-7));
#3247=DIRECTION('',(-6.059273173472E-4,1.732869894270E-7,9.999998164260E-1));
#3248=AXIS2_PLACEMENT_3D('',#3245,#3246,#3247);
#3250=DIRECTION('',(5.517884755001E-1,1.445186206985E-7,8.339840995518E-1));
#3251=VECTOR('',#3250,5.143023698367E-1);
#3252=CARTESIAN_POINT('',(2.633749273388E1,4.631951240117E-5,1.979020616954E1));
#3253=LINE('',#3252,#3251);
#3254=CARTESIAN_POINT('',(2.632111455054E1,4.644080376792E-5,2.049019637405E1));
#3255=DIRECTION('',(2.370084126906E-14,1.E0,-1.733260228939E-7));
#3256=DIRECTION('',(-6.059272674482E-4,1.733259910902E-7,9.999998164260E-1));
#3257=AXIS2_PLACEMENT_3D('',#3254,#3255,#3256);
#3259=CARTESIAN_POINT('',(5.009998749468E1,4.610321319021E-5,
-3.019545455785E1));
#3260=DIRECTION('',(1.565437824913E-9,9.999999999962E-1,-2.756827190161E-6));
#3261=DIRECTION('',(9.999998164261E-1,1.049992291057E-10,6.059272676232E-4));
#3262=AXIS2_PLACEMENT_3D('',#3259,#3260,#3261);
#3264=DIRECTION('',(-6.059272676098E-4,1.732869894186E-7,9.999998164260E-1));
#3265=VECTOR('',#3264,4.600009976239E1);
#3266=CARTESIAN_POINT('',(5.509998657681E1,3.765817114534E-5,
-3.019242492149E1));
#3267=LINE('',#3266,#3265);
#3268=CARTESIAN_POINT('',(5.007211477992E1,5.407443201122E-5,1.580463676017E1));
#3269=DIRECTION('',(-1.565437663497E-9,9.999999999971E-1,2.410253155153E-6));
#3270=DIRECTION('',(-6.059272674122E-4,-2.410253661235E-6,9.999998164232E-1));
#3271=AXIS2_PLACEMENT_3D('',#3268,#3269,#3270);
#3273=CARTESIAN_POINT('',(4.124160894123E1,4.644237040718E-5,2.049923711010E1));
#3274=DIRECTION('',(2.370623208441E-14,1.E0,-1.733260228654E-7));
#3275=DIRECTION('',(-9.999998164261E-1,-1.049992571504E-10,-6.059272672942E-4));
#3276=AXIS2_PLACEMENT_3D('',#3273,#3274,#3275);
#3278=DIRECTION('',(5.243338357686E-1,-1.475561149782E-7,-8.515127883175E-1));
#3279=VECTOR('',#3278,4.931390268958E-1);
#3280=CARTESIAN_POINT('',(4.094177861305E1,4.639383867020E-5,2.021912616834E1));
#3281=LINE('',#3280,#3279);
#3282=CARTESIAN_POINT('',(5.007211480994E1,4.562885631507E-5,1.580458689234E1));
#3283=DIRECTION('',(0.E0,-1.E0,1.732870212380E-7));
#3284=DIRECTION('',(9.999998164260E-1,1.049993415718E-10,6.059273269344E-4));
#3285=AXIS2_PLACEMENT_3D('',#3282,#3283,#3284);
#3287=DIRECTION('',(-6.059272665192E-4,1.732869895989E-7,9.999998164260E-1));
#3288=VECTOR('',#3287,1.519999998866E1);
#3289=CARTESIAN_POINT('',(5.408132417031E1,4.299531406476E-5,
6.070133919744E-1));
#3290=LINE('',#3289,#3288);
#3291=DIRECTION('',(-6.059272674222E-4,1.732869895430E-7,9.999998164260E-1));
#3292=VECTOR('',#3291,1.56E1);
#3293=CARTESIAN_POINT('',(5.309077681925E1,4.029193203162E-5,
-1.499358967154E1));
#3294=LINE('',#3293,#3292);
#3295=CARTESIAN_POINT('',(5.009998746424E1,3.765765478986E-5,
-3.019540466278E1));
#3296=DIRECTION('',(0.E0,-1.E0,1.732870212380E-7));
#3297=DIRECTION('',(6.059273175412E-4,-1.732869894270E-7,-9.999998164260E-1));
#3298=AXIS2_PLACEMENT_3D('',#3295,#3296,#3297);
#3300=CARTESIAN_POINT('',(-3.999999599535E1,3.764819435623E-5,
-3.024999870965E1));
#3301=DIRECTION('',(0.E0,-1.E0,1.732870212380E-7));
#3302=DIRECTION('',(-9.999998164260E-1,-1.049993381909E-10,-6.059273074249E-4));
#3303=AXIS2_PLACEMENT_3D('',#3300,#3301,#3302);
#3305=DIRECTION('',(6.059272683433E-4,-1.732869896822E-7,-9.999998164260E-1));
#3306=VECTOR('',#3305,1.515763376616E1);
#3307=CARTESIAN_POINT('',(-4.400917968488E1,4.027439508407E-5,
-1.509479141265E1));
#3308=LINE('',#3307,#3306);
#3309=DIRECTION('',(-9.999994418E-1,-1.830948010940E-10,-1.056598177256E-3));
#3310=VECTOR('',#3309,1.000000101552E0);
#3311=CARTESIAN_POINT('',(-4.300918014152E1,4.027457817889E-5,
-1.509373481437E1));
#3312=LINE('',#3311,#3310);
#3313=DIRECTION('',(-9.999998164261E-1,-1.049990242288E-10,-6.059272674204E-4));
#3314=VECTOR('',#3313,2.E0);
#3315=CARTESIAN_POINT('',(-4.301101553125E1,4.079947477487E-5,
-1.206467590035E1));
#3316=LINE('',#3315,#3314);
#3317=CARTESIAN_POINT('',(-3.999999596532E1,4.609375274711E-5,
-3.025004860464E1));
#3318=DIRECTION('',(1.565437663496E-9,9.999999999962E-1,-2.756827190161E-6));
#3319=DIRECTION('',(6.059272674065E-4,-2.756827632620E-6,-9.999998164223E-1));
#3320=AXIS2_PLACEMENT_3D('',#3317,#3318,#3319);
#3322=DIRECTION('',(2.368475351069E-14,1.732870201215E-7,1.E0));
#3323=VECTOR('',#3322,3.000000550732E-1);
#3324=CARTESIAN_POINT('',(-3.061563336840E1,3.678273579634E-5,
-3.524436328028E1));
#3325=LINE('',#3324,#3323);
#3326=DIRECTION('',(0.E0,1.732870196281E-7,1.E0));
#3327=VECTOR('',#3326,3.000000550732E-1);
#3328=CARTESIAN_POINT('',(-2.209582840303E1,3.678363037047E-5,
-3.523920089719E1));
#3329=LINE('',#3328,#3327);
#3330=DIRECTION('',(1.776356513302E-14,1.732870201216E-7,1.E0));
#3331=VECTOR('',#3330,3.000000550732E-1);
#3332=CARTESIAN_POINT('',(1.198339145845E1,3.678720866637E-5,
-3.521855136483E1));
#3333=LINE('',#3332,#3331);
#3334=DIRECTION('',(1.184237675534E-14,1.732870211084E-7,1.E0));
#3335=VECTOR('',#3334,3.000000550732E-1);
#3336=CARTESIAN_POINT('',(2.050319642382E1,3.678810323990E-5,
-3.521338898174E1));
#3337=LINE('',#3336,#3335);
#3338=DIRECTION('',(2.368475351069E-14,1.732870206150E-7,1.E0));
#3339=VECTOR('',#3338,3.000000550732E-1);
#3340=CARTESIAN_POINT('',(2.902300138919E1,3.678899781403E-5,
-3.520822659865E1));
#3341=LINE('',#3340,#3339);
#3342=CARTESIAN_POINT('',(-4.002786866676E1,-8.499954724333E0,
1.575002222620E1));
#3343=DIRECTION('',(-1.565437663497E-9,9.999999999971E-1,2.410253155153E-6));
#3344=DIRECTION('',(-9.999998164261E-1,-1.049993869628E-10,-6.059272674200E-4));
#3345=AXIS2_PLACEMENT_3D('',#3342,#3343,#3344);
#3347=CARTESIAN_POINT('',(-4.452786785035E1,-8.499954724844E0,
1.574731155513E1));
#3348=DIRECTION('',(-6.023713488232E-4,-2.410253660846E-6,9.999998185715E-1));
#3349=DIRECTION('',(-9.999998185741E-1,6.873532072405E-7,-6.023713471670E-4));
#3350=AXIS2_PLACEMENT_3D('',#3347,#3348,#3349);
#3352=CARTESIAN_POINT('',(-4.449999514284E1,-8.499962352286E0,
-3.025276784904E1));
#3353=DIRECTION('',(-6.059272674204E-4,1.732869894395E-7,9.999998164260E-1));
#3354=DIRECTION('',(-9.999998164261E-1,-1.049933473496E-10,-6.059272674221E-4));
#3355=AXIS2_PLACEMENT_3D('',#3352,#3353,#3354);
#3357=DIRECTION('',(-6.059272674055E-4,0.E0,9.999998164261E-1));
#3358=VECTOR('',#3357,5.999993024190E-1);
#3359=CARTESIAN_POINT('',(-4.500615052867E1,-2.140000000436E0,
-2.009430069419E1));
#3360=LINE('',#3359,#3358);
#3361=CARTESIAN_POINT('',(-4.500651408469E1,-1.390000000436E0,
-1.949430150192E1));
#3362=DIRECTION('',(-9.999998164261E-1,-1.049993312582E-10,-6.059272674204E-4));
#3363=DIRECTION('',(1.049992685391E-10,-1.E0,5.684341886081E-14));
#3364=AXIS2_PLACEMENT_3D('',#3361,#3362,#3363);
#3366=DIRECTION('',(6.059272674291E-4,0.E0,-9.999998164261E-1));
#3367=VECTOR('',#3366,5.999993024190E-1);
#3368=CARTESIAN_POINT('',(-4.500651408477E1,-6.400000004364E-1,
-1.949430150192E1));
#3369=LINE('',#3368,#3367);
#3370=CARTESIAN_POINT('',(-4.500615052875E1,-1.390000000436E0,
-2.009430069419E1));
#3371=DIRECTION('',(-9.999998164261E-1,-1.049993312582E-10,-6.059272674204E-4));
#3372=DIRECTION('',(-1.049992685391E-10,1.E0,-6.631732200428E-14));
#3373=AXIS2_PLACEMENT_3D('',#3370,#3371,#3372);
#3375=DIRECTION('',(-6.059272674196E-4,1.101302932873E-7,9.999998164261E-1));
#3376=VECTOR('',#3375,4.600005584205E1);
#3377=CARTESIAN_POINT('',(-4.499999506075E1,-8.499959447123E0,
-3.025305480785E1));
#3378=LINE('',#3377,#3376);
#3379=DIRECTION('',(-1.565445720294E-9,-9.999999999962E-1,2.756837211583E-6));
#3380=VECTOR('',#3379,8.499997094816E0);
#3381=CARTESIAN_POINT('',(-4.499999504745E1,3.764766071189E-5,
-3.025307824096E1));
#3382=LINE('',#3381,#3380);
#3383=DIRECTION('',(-6.059272674201E-4,1.732869894772E-7,9.999998164260E-1));
#3384=VECTOR('',#3383,1.818719382477E1);
#3385=CARTESIAN_POINT('',(-4.499999504745E1,3.764766071189E-5,
-3.025307824096E1));
#3386=LINE('',#3385,#3384);
#3387=DIRECTION('',(2.569652857734E-11,-1.E0,1.308769697545E-7));
#3388=VECTOR('',#3387,2.064999999780E0);
#3389=CARTESIAN_POINT('',(-4.501101516410E1,4.079926477683E-5,
-1.206588775488E1));
#3390=LINE('',#3389,#3388);
#3391=CARTESIAN_POINT('',(-4.501197252913E1,-2.064958926722E0,
-1.048588777467E1));
#3392=DIRECTION('',(-9.999998164261E-1,-1.049993312582E-10,-6.059272674204E-4));
#3393=DIRECTION('',(6.059272674224E-4,-1.732869962853E-7,-9.999998164260E-1));
#3394=AXIS2_PLACEMENT_3D('',#3391,#3392,#3393);
#3396=DIRECTION('',(-6.059272674207E-4,1.732869885075E-7,9.999998164260E-1));
#3397=VECTOR('',#3396,6.379999352097E0);
#3398=CARTESIAN_POINT('',(-4.501197252913E1,-3.644958926722E0,
-1.048588750087E1));
#3399=LINE('',#3398,#3397);
#3400=CARTESIAN_POINT('',(-4.501583834471E1,-2.064957821151E0,
-4.105889593772E0));
#3401=DIRECTION('',(-9.999998164261E-1,-1.049993312582E-10,-6.059272674204E-4));
#3402=DIRECTION('',(0.E0,-1.E0,1.732870201762E-7));
#3403=AXIS2_PLACEMENT_3D('',#3400,#3401,#3402);
#3405=DIRECTION('',(-2.569652857734E-11,-1.E0,2.156970673328E-7));
#3406=VECTOR('',#3405,2.064999999780E0);
#3407=CARTESIAN_POINT('',(-4.501679570974E1,4.245242251324E-5,
-2.525890329233E0));
#3408=LINE('',#3407,#3406);
#3409=DIRECTION('',(-6.059272674202E-4,1.732869893528E-7,9.999998164260E-1));
#3410=VECTOR('',#3409,1.827290676068E1);
#3411=CARTESIAN_POINT('',(-4.501679570974E1,4.245242251324E-5,
-2.525890329233E0));
#3412=LINE('',#3411,#3410);
#3413=DIRECTION('',(1.565446857106E-9,-9.999999999971E-1,-2.410261989881E-6));
#3414=VECTOR('',#3413,8.500000000027E0);
#3415=CARTESIAN_POINT('',(-4.502786776220E1,4.561887951253E-5,
1.574701307702E1));
#3416=LINE('',#3415,#3414);
#3417=DIRECTION('',(9.999998164261E-1,1.049995645985E-10,6.059272674204E-4));
#3418=VECTOR('',#3417,2.E0);
#3419=CARTESIAN_POINT('',(-4.500615052867E1,-2.140000000436E0,
-2.009430069419E1));
#3420=LINE('',#3419,#3418);
#3421=DIRECTION('',(9.999998164261E-1,1.049995645985E-10,6.059272674186E-4));
#3422=VECTOR('',#3421,2.E0);
#3423=CARTESIAN_POINT('',(-4.500651408461E1,-2.140000000436E0,
-1.949430150192E1));
#3424=LINE('',#3423,#3422);
#3425=DIRECTION('',(9.999998164261E-1,1.049993425539E-10,6.059272674186E-4));
#3426=VECTOR('',#3425,2.E0);
#3427=CARTESIAN_POINT('',(-4.500651408477E1,-6.400000004364E-1,
-1.949430150192E1));
#3428=LINE('',#3427,#3426);
#3429=DIRECTION('',(9.999998164261E-1,1.049993425539E-10,6.059272674204E-4));
#3430=VECTOR('',#3429,2.E0);
#3431=CARTESIAN_POINT('',(-4.500615052883E1,-6.400000004364E-1,
-2.009430069419E1));
#3432=LINE('',#3431,#3430);
#3433=CARTESIAN_POINT('',(-3.999999597862E1,-8.499950730960E0,
-3.025002517162E1));
#3434=DIRECTION('',(1.565437663496E-9,9.999999999962E-1,-2.756827190161E-6));
#3435=DIRECTION('',(6.059272674179E-4,-2.756827632666E-6,-9.999998164223E-1));
#3436=AXIS2_PLACEMENT_3D('',#3433,#3434,#3435);
#3438=CARTESIAN_POINT('',(-3.999726930592E1,-8.499963136684E0,
-3.475002434552E1));
#3439=DIRECTION('',(-9.999998164261E-1,-1.049993899623E-10,-6.059272674203E-4));
#3440=DIRECTION('',(6.059272674150E-4,-2.746662559616E-6,-9.999998164223E-1));
#3441=AXIS2_PLACEMENT_3D('',#3438,#3439,#3440);
#3443=CARTESIAN_POINT('',(-3.061563338249E1,-8.999963130617E0,
-3.474433966881E1));
#3444=CARTESIAN_POINT('',(-3.061563338249E1,-8.999963159498E0,
-3.491100592019E1));
#3445=CARTESIAN_POINT('',(-3.061563338229E1,-8.873737137430E0,
-3.511811271296E1));
#3446=CARTESIAN_POINT('',(-3.061563338196E1,-8.666630760405E0,
-3.524433938777E1));
#3447=CARTESIAN_POINT('',(-3.061563338170E1,-8.499964509031E0,
-3.524433984724E1));
#3449=DIRECTION('',(0.E0,1.732870179970E-7,1.E0));
#3450=VECTOR('',#3449,3.000013468421E-1);
#3451=CARTESIAN_POINT('',(-3.061563338249E1,-8.999963130617E0,
-3.474433966881E1));
#3452=LINE('',#3451,#3450);
#3453=DIRECTION('',(1.400166829933E-9,8.944261563475E-1,-4.472156647988E-1));
#3454=VECTOR('',#3453,1.118035185192E0);
#3455=CARTESIAN_POINT('',(-2.811563384142E1,-8.999963078368E0,
-3.444282350380E1));
#3456=LINE('',#3455,#3454);
#3457=DIRECTION('',(-1.400166829933E-9,-8.944261563475E-1,4.472156647988E-1));
#3458=VECTOR('',#3457,1.118035185192E0);
#3459=CARTESIAN_POINT('',(-3.061563338092E1,-7.999963165278E0,
-3.494434117059E1));
#3460=LINE('',#3459,#3458);
#3461=DIRECTION('',(-1.184237675534E-14,1.732870181478E-7,1.E0));
#3462=VECTOR('',#3461,3.000000550732E-1);
#3463=CARTESIAN_POINT('',(-2.811563382733E1,3.678299829535E-5,
-3.524284846211E1));
#3464=LINE('',#3463,#3462);
#3465=DIRECTION('',(0.E0,-1.732870239181E-7,-1.E0));
#3466=VECTOR('',#3465,3.000013468421E-1);
#3467=CARTESIAN_POINT('',(-2.811563384142E1,-8.999963078368E0,
-3.444282350380E1));
#3468=LINE('',#3467,#3466);
#3469=CARTESIAN_POINT('',(-2.811563384064E1,-8.499964508768E0,
-3.524282502907E1));
#3470=CARTESIAN_POINT('',(-2.811563384090E1,-8.666630760142E0,
-3.524282456960E1));
#3471=CARTESIAN_POINT('',(-2.811563384122E1,-8.873737137167E0,
-3.511659789480E1));
#3472=CARTESIAN_POINT('',(-2.811563384142E1,-8.999963159235E0,
-3.490949110202E1));
#3473=CARTESIAN_POINT('',(-2.811563384142E1,-8.999963130354E0,
-3.474282485065E1));
#3475=DIRECTION('',(-9.999998164261E-1,-1.049997422342E-10,-6.059272674236E-4));
#3476=VECTOR('',#3475,2.5E0);
#3477=CARTESIAN_POINT('',(-2.811563383985E1,-7.999963165015E0,
-3.494282635242E1));
#3478=LINE('',#3477,#3476);
#3479=DIRECTION('',(1.565438001444E-9,9.999999999962E-1,-2.756827189632E-6));
#3480=VECTOR('',#3479,8.000000000030E0);
#3481=CARTESIAN_POINT('',(-2.811563383985E1,-7.999963165015E0,
-3.494282635242E1));
#3482=LINE('',#3481,#3480);
#3483=DIRECTION('',(-9.999998164261E-1,-1.049993683959E-10,-6.059272674236E-4));
#3484=VECTOR('',#3483,2.5E0);
#3485=CARTESIAN_POINT('',(-2.811563382733E1,3.683498441034E-5,
-3.494284840704E1));
#3486=LINE('',#3485,#3484);
#3487=DIRECTION('',(1.565438001444E-9,9.999999999962E-1,-2.756827189632E-6));
#3488=VECTOR('',#3487,8.000000000030E0);
#3489=CARTESIAN_POINT('',(-3.061563338092E1,-7.999963165278E0,
-3.494434117059E1));
#3490=LINE('',#3489,#3488);
#3491=DIRECTION('',(-9.999998164261E-1,-1.049993869628E-10,-6.059272674236E-4));
#3492=VECTOR('',#3491,2.5E0);
#3493=CARTESIAN_POINT('',(-1.959582887449E1,-7.999963164121E0,
-3.493766396933E1));
#3494=LINE('',#3493,#3492);
#3495=DIRECTION('',(1.565437557355E-9,9.999999999962E-1,-2.756827190521E-6));
#3496=VECTOR('',#3495,8.000000000030E0);
#3497=CARTESIAN_POINT('',(-1.959582887449E1,-7.999963164121E0,
-3.493766396933E1));
#3498=LINE('',#3497,#3496);
#3499=DIRECTION('',(-9.999998164261E-1,-1.049997828782E-10,-6.059272674236E-4));
#3500=VECTOR('',#3499,2.5E0);
#3501=CARTESIAN_POINT('',(-1.959582886196E1,3.683587898535E-5,
-3.493768602395E1));
#3502=LINE('',#3501,#3500);
#3503=DIRECTION('',(1.565437557355E-9,9.999999999962E-1,-2.756827189632E-6));
#3504=VECTOR('',#3503,8.000000000030E0);
#3505=CARTESIAN_POINT('',(-2.209582841555E1,-7.999963164383E0,
-3.493917878750E1));
#3506=LINE('',#3505,#3504);
#3507=DIRECTION('',(-9.999998164261E-1,-1.049986764201E-10,-6.059272674207E-4));
#3508=VECTOR('',#3507,2.5E0);
#3509=CARTESIAN_POINT('',(1.448339098699E1,-7.999963160542E0,
-3.491701443697E1));
#3510=LINE('',#3509,#3508);
#3511=DIRECTION('',(1.565436891221E-9,9.999999999962E-1,-2.756827190521E-6));
#3512=VECTOR('',#3511,8.000000000030E0);
#3513=CARTESIAN_POINT('',(1.448339098699E1,-7.999963160542E0,
-3.491701443697E1));
#3514=LINE('',#3513,#3512);
#3515=DIRECTION('',(-9.999998164261E-1,-1.049993683932E-10,-6.059272674236E-4));
#3516=VECTOR('',#3515,2.5E0);
#3517=CARTESIAN_POINT('',(1.448339099951E1,3.683945728037E-5,
-3.491703649159E1));
#3518=LINE('',#3517,#3516);
#3519=DIRECTION('',(1.565437335310E-9,9.999999999962E-1,-2.756827189632E-6));
#3520=VECTOR('',#3519,8.000000000030E0);
#3521=CARTESIAN_POINT('',(1.198339144592E1,-7.999963160805E0,
-3.491852925514E1));
#3522=LINE('',#3521,#3520);
#3523=DIRECTION('',(-9.999998164261E-1,-1.049986764201E-10,-6.059272674236E-4));
#3524=VECTOR('',#3523,2.5E0);
#3525=CARTESIAN_POINT('',(2.300319595236E1,-7.999963159648E0,
-3.491185205388E1));
#3526=LINE('',#3525,#3524);
#3527=DIRECTION('',(1.565437113265E-9,9.999999999962E-1,-2.756827190521E-6));
#3528=VECTOR('',#3527,8.000000000030E0);
#3529=CARTESIAN_POINT('',(2.300319595236E1,-7.999963159648E0,
-3.491185205388E1));
#3530=LINE('',#3529,#3528);
#3531=DIRECTION('',(-9.999998164261E-1,-1.049993683959E-10,-6.059272674236E-4));
#3532=VECTOR('',#3531,2.5E0);
#3533=CARTESIAN_POINT('',(2.300319596488E1,3.684035185420E-5,
-3.491187410850E1));
#3534=LINE('',#3533,#3532);
#3535=DIRECTION('',(1.565436669176E-9,9.999999999962E-1,-2.756827189632E-6));
#3536=VECTOR('',#3535,8.000000000030E0);
#3537=CARTESIAN_POINT('',(2.050319641129E1,-7.999963159910E0,
-3.491336687205E1));
#3538=LINE('',#3537,#3536);
#3539=DIRECTION('',(-9.999998164261E-1,-1.049990316915E-10,-6.059272674207E-4));
#3540=VECTOR('',#3539,2.5E0);
#3541=CARTESIAN_POINT('',(3.152300091773E1,-7.999963158753E0,
-3.490668967079E1));
#3542=LINE('',#3541,#3540);
#3543=DIRECTION('',(1.565436669176E-9,9.999999999962E-1,-2.756827190521E-6));
#3544=VECTOR('',#3543,8.000000000030E0);
#3545=CARTESIAN_POINT('',(3.152300091773E1,-7.999963158753E0,
-3.490668967079E1));
#3546=LINE('',#3545,#3544);
#3547=DIRECTION('',(-9.999998164261E-1,-1.049991907575E-10,-6.059272674179E-4));
#3548=VECTOR('',#3547,2.5E0);
#3549=CARTESIAN_POINT('',(3.152300093025E1,3.684124642773E-5,
-3.490671172541E1));
#3550=LINE('',#3549,#3548);
#3551=DIRECTION('',(1.565436669176E-9,9.999999999962E-1,-2.756827188744E-6));
#3552=VECTOR('',#3551,8.000000000030E0);
#3553=CARTESIAN_POINT('',(2.902300137666E1,-7.999963159016E0,
-3.490820448896E1));
#3554=LINE('',#3553,#3552);
#3555=DIRECTION('',(1.400157297012E-9,8.944261563475E-1,-4.472156647988E-1));
#3556=VECTOR('',#3555,1.118035185192E0);
#3557=CARTESIAN_POINT('',(-1.959582887605E1,-8.999963077473E0,
-3.443766112071E1));
#3558=LINE('',#3557,#3556);
#3559=DIRECTION('',(-1.400157297012E-9,-8.944261563475E-1,4.472156647988E-1));
#3560=VECTOR('',#3559,1.118035185192E0);
#3561=CARTESIAN_POINT('',(-2.209582841555E1,-7.999963164383E0,
-3.493917878750E1));
#3562=LINE('',#3561,#3560);
#3563=DIRECTION('',(0.E0,1.732870270296E-7,1.E0));
#3564=VECTOR('',#3563,3.000000550732E-1);
#3565=CARTESIAN_POINT('',(-1.959582886196E1,3.678389286770E-5,
-3.523768607902E1));
#3566=LINE('',#3565,#3564);
#3567=DIRECTION('',(-3.552697729058E-14,-1.732870239181E-7,-1.E0));
#3568=VECTOR('',#3567,3.000013468421E-1);
#3569=CARTESIAN_POINT('',(-1.959582887605E1,-8.999963077473E0,
-3.443766112071E1));
#3570=LINE('',#3569,#3568);
#3571=CARTESIAN_POINT('',(-1.959582887527E1,-8.499964507874E0,
-3.523766264598E1));
#3572=CARTESIAN_POINT('',(-1.959582887553E1,-8.666630759248E0,
-3.523766218651E1));
#3573=CARTESIAN_POINT('',(-1.959582887585E1,-8.873737136273E0,
-3.511143551171E1));
#3574=CARTESIAN_POINT('',(-1.959582887605E1,-8.999963158341E0,
-3.490432871893E1));
#3575=CARTESIAN_POINT('',(-1.959582887605E1,-8.999963129460E0,
-3.473766246756E1));
#3577=CARTESIAN_POINT('',(1.198339144436E1,-8.999963126144E0,
-3.471852775337E1));
#3578=CARTESIAN_POINT('',(1.198339144436E1,-8.999963155025E0,
-3.488519400474E1));
#3579=CARTESIAN_POINT('',(1.198339144456E1,-8.873737132957E0,
-3.509230079752E1));
#3580=CARTESIAN_POINT('',(1.198339144488E1,-8.666630755932E0,
-3.521852747233E1));
#3581=CARTESIAN_POINT('',(1.198339144514E1,-8.499964504558E0,
-3.521852793180E1));
#3583=DIRECTION('',(-1.776348864529E-14,1.732870120758E-7,1.E0));
#3584=VECTOR('',#3583,3.000013468421E-1);
#3585=CARTESIAN_POINT('',(1.198339144436E1,-8.999963126144E0,
-3.471852775337E1));
#3586=LINE('',#3585,#3584);
#3587=DIRECTION('',(1.400166829933E-9,8.944261563475E-1,-4.472156647988E-1));
#3588=VECTOR('',#3587,1.118035185192E0);
#3589=CARTESIAN_POINT('',(1.448339098542E1,-8.999963073895E0,
-3.441701158836E1));
#3590=LINE('',#3589,#3588);
#3591=DIRECTION('',(-1.400165241112E-9,-8.944261563475E-1,4.472156647988E-1));
#3592=VECTOR('',#3591,1.118035185192E0);
#3593=CARTESIAN_POINT('',(1.198339144592E1,-7.999963160805E0,
-3.491852925514E1));
#3594=LINE('',#3593,#3592);
#3595=CARTESIAN_POINT('',(1.448339098621E1,-8.499964504295E0,
-3.521701311363E1));
#3596=CARTESIAN_POINT('',(1.448339098595E1,-8.666630755670E0,
-3.521701265416E1));
#3597=CARTESIAN_POINT('',(1.448339098562E1,-8.873737132694E0,
-3.509078597935E1));
#3598=CARTESIAN_POINT('',(1.448339098542E1,-8.999963154762E0,
-3.488367918657E1));
#3599=CARTESIAN_POINT('',(1.448339098542E1,-8.999963125881E0,
-3.471701293520E1));
#3601=DIRECTION('',(1.776356513301E-14,1.732870230821E-7,1.E0));
#3602=VECTOR('',#3601,3.000000550732E-1);
#3603=CARTESIAN_POINT('',(1.448339099951E1,3.678747116390E-5,
-3.521703654666E1));
#3604=LINE('',#3603,#3602);
#3605=DIRECTION('',(0.E0,-1.732870239181E-7,-1.E0));
#3606=VECTOR('',#3605,3.000013468421E-1);
#3607=CARTESIAN_POINT('',(1.448339098542E1,-8.999963073895E0,
-3.441701158836E1));
#3608=LINE('',#3607,#3606);
#3609=CARTESIAN_POINT('',(2.050319640973E1,-8.999963125249E0,
-3.471336537028E1));
#3610=CARTESIAN_POINT('',(2.050319640973E1,-8.999963154130E0,
-3.488003162165E1));
#3611=CARTESIAN_POINT('',(2.050319640993E1,-8.873737132062E0,
-3.508713841443E1));
#3612=CARTESIAN_POINT('',(2.050319641025E1,-8.666630755037E0,
-3.521336508924E1));
#3613=CARTESIAN_POINT('',(2.050319641051E1,-8.499964503663E0,
-3.521336554871E1));
#3615=DIRECTION('',(-1.184232576353E-14,1.732870239181E-7,1.E0));
#3616=VECTOR('',#3615,3.000013468421E-1);
#3617=CARTESIAN_POINT('',(2.050319640973E1,-8.999963125249E0,
-3.471336537028E1));
#3618=LINE('',#3617,#3616);
#3619=DIRECTION('',(1.400166829933E-9,8.944261563475E-1,-4.472156647988E-1));
#3620=VECTOR('',#3619,1.118035185192E0);
#3621=CARTESIAN_POINT('',(2.300319595079E1,-8.999963073E0,-3.441184920527E1));
#3622=LINE('',#3621,#3620);
#3623=DIRECTION('',(-1.400170007573E-9,-8.944261563475E-1,4.472156647988E-1));
#3624=VECTOR('',#3623,1.118035185192E0);
#3625=CARTESIAN_POINT('',(2.050319641129E1,-7.999963159910E0,
-3.491336687205E1));
#3626=LINE('',#3625,#3624);
#3627=CARTESIAN_POINT('',(2.300319595158E1,-8.499964503401E0,
-3.521185073054E1));
#3628=CARTESIAN_POINT('',(2.300319595131E1,-8.666630754775E0,
-3.521185027107E1));
#3629=CARTESIAN_POINT('',(2.300319595099E1,-8.873737131800E0,
-3.508562359626E1));
#3630=CARTESIAN_POINT('',(2.300319595079E1,-8.999963153868E0,
-3.487851680348E1));
#3631=CARTESIAN_POINT('',(2.300319595079E1,-8.999963124987E0,
-3.471185055211E1));
#3633=DIRECTION('',(3.552713026603E-14,1.732870230821E-7,1.E0));
#3634=VECTOR('',#3633,3.000000550732E-1);
#3635=CARTESIAN_POINT('',(2.300319596488E1,3.678836573773E-5,
-3.521187416357E1));
#3636=LINE('',#3635,#3634);
#3637=DIRECTION('',(0.E0,-1.732870239181E-7,-1.E0));
#3638=VECTOR('',#3637,3.000013468421E-1);
#3639=CARTESIAN_POINT('',(2.300319595079E1,-8.999963073E0,-3.441184920527E1));
#3640=LINE('',#3639,#3638);
#3641=CARTESIAN_POINT('',(2.902300137510E1,-8.999963124355E0,
-3.470820298719E1));
#3642=CARTESIAN_POINT('',(2.902300137510E1,-8.999963153236E0,
-3.487486923856E1));
#3643=CARTESIAN_POINT('',(2.902300137529E1,-8.873737131168E0,
-3.508197603134E1));
#3644=CARTESIAN_POINT('',(2.902300137562E1,-8.666630754143E0,
-3.520820270615E1));
#3645=CARTESIAN_POINT('',(2.902300137588E1,-8.499964502769E0,
-3.520820316562E1));
#3647=DIRECTION('',(-1.184232576353E-14,1.732870239181E-7,1.E0));
#3648=VECTOR('',#3647,3.000013468421E-1);
#3649=CARTESIAN_POINT('',(2.902300137510E1,-8.999963124355E0,
-3.470820298719E1));
#3650=LINE('',#3649,#3648);
#3651=DIRECTION('',(1.400163652292E-9,8.944261563475E-1,-4.472156647988E-1));
#3652=VECTOR('',#3651,1.118035185192E0);
#3653=CARTESIAN_POINT('',(3.152300091616E1,-8.999963072106E0,
-3.440668682218E1));
#3654=LINE('',#3653,#3652);
#3655=DIRECTION('',(-1.400166829933E-9,-8.944261563475E-1,4.472156647988E-1));
#3656=VECTOR('',#3655,1.118035185192E0);
#3657=CARTESIAN_POINT('',(2.902300137666E1,-7.999963159016E0,
-3.490820448896E1));
#3658=LINE('',#3657,#3656);
#3659=CARTESIAN_POINT('',(-2.209582841712E1,-8.999963129722E0,
-3.473917728573E1));
#3660=CARTESIAN_POINT('',(-2.209582841712E1,-8.999963158603E0,
-3.490584353710E1));
#3661=CARTESIAN_POINT('',(-2.209582841692E1,-8.873737136535E0,
-3.511295032988E1));
#3662=CARTESIAN_POINT('',(-2.209582841659E1,-8.666630759510E0,
-3.523917700468E1));
#3663=CARTESIAN_POINT('',(-2.209582841633E1,-8.499964508136E0,
-3.523917746415E1));
#3665=DIRECTION('',(1.184232576353E-14,1.732870179970E-7,1.E0));
#3666=VECTOR('',#3665,3.000013468421E-1);
#3667=CARTESIAN_POINT('',(-2.209582841712E1,-8.999963129722E0,
-3.473917728573E1));
#3668=LINE('',#3667,#3666);
#3669=DIRECTION('',(-2.873477519401E-1,-9.578262772423E-1,-3.034453015534E-4));
#3670=VECTOR('',#3669,1.044030659645E0);
#3671=CARTESIAN_POINT('',(-4.371863228820E1,2.000042977727E0,
5.055239407178E-1));
#3672=LINE('',#3671,#3670);
#3673=DIRECTION('',(6.059272517455E-4,-1.733364922169E-7,-9.999998164261E-1));
#3674=VECTOR('',#3673,1.524222944880E1);
#3675=CARTESIAN_POINT('',(-4.372786797040E1,2.000045619762E0,1.574775059144E1));
#3676=LINE('',#3675,#3674);
#3677=DIRECTION('',(2.873478329365E-1,9.578262852167E-1,1.739387056950E-4));
#3678=VECTOR('',#3677,1.044030650758E0);
#3679=CARTESIAN_POINT('',(-4.402786791542E1,1.000045619894E0,1.574756899410E1));
#3680=LINE('',#3679,#3678);
#3681=DIRECTION('',(1.741218795066E-4,9.578262352555E-1,-2.873479993627E-1));
#3682=VECTOR('',#3681,1.044030650904E0);
#3683=CARTESIAN_POINT('',(-4.003029228831E1,1.000046315598E0,1.974999193766E1));
#3684=LINE('',#3683,#3682);
#3685=CARTESIAN_POINT('',(-4.002786864965E1,1.000056695005E0,1.574999267234E1));
#3686=DIRECTION('',(1.078088362263E-14,1.E0,-1.732870058330E-7));
#3687=DIRECTION('',(-9.999998164368E-1,-1.049854964591E-10,-6.059096007518E-4));
#3688=AXIS2_PLACEMENT_3D('',#3685,#3686,#3687);
#3690=DIRECTION('',(-9.999998164260E-1,-6.135639531442E-11,-6.059272853419E-4));
#3691=VECTOR('',#3690,6.616904689071E1);
#3692=CARTESIAN_POINT('',(2.613892424407E1,2.000046267505E0,1.949008544981E1));
#3693=LINE('',#3692,#3691);
#3694=DIRECTION('',(1.868387235274E-1,-9.409283113980E-1,2.823919336674E-1));
#3695=VECTOR('',#3694,1.062780167075E0);
#3696=CARTESIAN_POINT('',(2.613892424407E1,2.000046267505E0,1.949008544981E1));
#3697=LINE('',#3696,#3695);
#3698=DIRECTION('',(9.999998164261E-1,1.049993400547E-10,6.059272674202E-4));
#3699=VECTOR('',#3698,1.614029115869E1);
#3700=CARTESIAN_POINT('',(2.567559776786E1,-4.884953853724E0,1.878980577219E1));
#3701=LINE('',#3700,#3699);
#3702=DIRECTION('',(5.243338357686E-1,-1.475561137148E-7,-8.515127883174E-1));
#3703=VECTOR('',#3702,1.667081715765E0);
#3704=CARTESIAN_POINT('',(4.094177861305E1,-4.884953606041E0,2.021912701485E1));
#3705=LINE('',#3704,#3703);
#3706=DIRECTION('',(1.E0,0.E0,0.E0));
#3707=VECTOR('',#3706,7.000001285018E-1);
#3708=CARTESIAN_POINT('',(4.024177848454E1,-4.884953606041E0,2.021912701485E1));
#3709=LINE('',#3708,#3707);
#3710=DIRECTION('',(6.059208099058E-4,-1.732869895379E-7,-9.999998164300E-1));
#3711=VECTOR('',#3710,2.795050660053E-1);
#3712=CARTESIAN_POINT('',(4.024160912661E1,-4.884953557607E0,2.049863202955E1));
#3713=LINE('',#3712,#3711);
#3714=DIRECTION('',(9.999998164261E-1,1.246895888774E-10,6.059272096816E-4));
#3715=VECTOR('',#3714,1.248005558640E0);
#3716=CARTESIAN_POINT('',(3.899360379707E1,-4.884953557762E0,2.049787582902E1));
#3717=LINE('',#3716,#3715);
#3718=CARTESIAN_POINT('',(3.899277973621E1,-4.884953322088E0,2.185787557928E1));
#3719=DIRECTION('',(-9.773426365011E-11,-1.E0,1.733259637178E-7));
#3720=DIRECTION('',(-3.701514751466E-1,-1.609786885499E-7,-9.289714126101E-1));
#3721=AXIS2_PLACEMENT_3D('',#3718,#3719,#3720);
#3723=CARTESIAN_POINT('',(3.378844999592E1,-4.884955585428E0,8.796537517870E0));
#3724=DIRECTION('',(0.E0,1.E0,-1.732870212380E-7));
#3725=DIRECTION('',(-3.712769813367E-1,1.609008393888E-7,9.285221608176E-1));
#3726=AXIS2_PLACEMENT_3D('',#3723,#3724,#3725);
#3728=CARTESIAN_POINT('',(2.856829563830E1,-4.884953323090E0,2.185155909895E1));
#3729=DIRECTION('',(9.768685577528E-11,-1.E0,1.733260820599E-7));
#3730=DIRECTION('',(6.059272889658E-4,-1.733259908155E-7,-9.999998164260E-1));
#3731=AXIS2_PLACEMENT_3D('',#3728,#3729,#3730);
#3733=DIRECTION('',(9.999998164259E-1,1.099806222955E-10,6.059275765405E-4));
#3734=VECTOR('',#3733,1.248005562984E0);
#3735=CARTESIAN_POINT('',(2.732111436564E1,-4.884953558963E0,2.049080314801E1));
#3736=LINE('',#3735,#3734);
#3737=DIRECTION('',(6.059321617049E-4,-1.732869923462E-7,-9.999998164231E-1));
#3738=VECTOR('',#3737,2.716761830368E-1);
#3739=CARTESIAN_POINT('',(2.732111436564E1,-4.884953558963E0,2.049080314801E1));
#3740=LINE('',#3739,#3738);
#3741=DIRECTION('',(1.E0,0.E0,0.E0));
#3742=VECTOR('',#3741,7.000001285017E-1);
#3743=CARTESIAN_POINT('',(2.662127885448E1,-4.884953606041E0,2.021912701485E1));
#3744=LINE('',#3743,#3742);
#3745=DIRECTION('',(5.517884755001E-1,1.445186200786E-7,8.339840995518E-1));
#3746=VECTOR('',#3745,1.713847114627E0);
#3747=CARTESIAN_POINT('',(2.567559776786E1,-4.884953853724E0,1.878980577219E1));
#3748=LINE('',#3747,#3746);
#3749=DIRECTION('',(0.E0,-1.E0,1.732870202886E-7));
#3750=VECTOR('',#3749,7.E-1);
#3751=CARTESIAN_POINT('',(4.094177861305E1,-4.184953606041E0,2.021912689355E1));
#3752=LINE('',#3751,#3750);
#3753=DIRECTION('',(-9.999998164261E-1,-1.921019668082E-10,-6.059272413204E-4));
#3754=VECTOR('',#3753,8.684865045215E0);
#3755=CARTESIAN_POINT('',(5.006987290339E1,2.000046270775E0,1.950458586657E1));
#3756=LINE('',#3755,#3754);
#3757=DIRECTION('',(9.999998164261E-1,2.088929183559E-10,6.059272518255E-4));
#3758=VECTOR('',#3757,8.869344670469E0);
#3759=CARTESIAN_POINT('',(4.120034809059E1,1.000046321073E0,1.979921180724E1));
#3760=LINE('',#3759,#3758);
#3761=DIRECTION('',(-1.741752953657E-1,-9.432145659199E-1,2.828590622922E-1));
#3762=VECTOR('',#3761,1.060204097949E0);
#3763=CARTESIAN_POINT('',(4.138500945249E1,2.000046269106E0,1.949932347025E1));
#3764=LINE('',#3763,#3762);
#3765=DIRECTION('',(-2.873478333872E-1,9.578262850180E-1,-1.742878584097E-4));
#3766=VECTOR('',#3765,1.044030650898E0);
#3767=CARTESIAN_POINT('',(5.407211407532E1,1.000045632338E0,1.580701035779E1));
#3768=LINE('',#3767,#3766);
#3769=DIRECTION('',(-1.741045826449E-4,-9.578262353912E-1,2.873479989211E-1));
#3770=VECTOR('',#3769,1.044030650758E0);
#3771=CARTESIAN_POINT('',(5.006987290339E1,2.000046270775E0,1.950458586657E1));
#3772=LINE('',#3771,#3770);
#3773=DIRECTION('',(-6.059273443243E-4,1.734769906857E-7,9.999998164260E-1));
#3774=VECTOR('',#3773,1.519999991902E1);
#3775=CARTESIAN_POINT('',(5.378132422538E1,2.000042995283E0,6.068312672202E-1));
#3776=LINE('',#3775,#3774);
#3777=DIRECTION('',(2.873478330448E-1,-9.578262851226E-1,1.742778981025E-4));
#3778=VECTOR('',#3777,1.044030650063E0);
#3779=CARTESIAN_POINT('',(5.378132422538E1,2.000042995283E0,6.068312672202E-1));
#3780=LINE('',#3779,#3778);
#3781=DIRECTION('',(9.999998164261E-1,1.050232916506E-10,6.059272674153E-4));
#3782=VECTOR('',#3781,7.E-1);
#3783=CARTESIAN_POINT('',(5.308132435388E1,2.000042995209E0,6.064071181330E-1));
#3784=LINE('',#3783,#3782);
#3785=DIRECTION('',(0.E0,1.E0,-1.732870170690E-7));
#3786=VECTOR('',#3785,2.E0);
#3787=CARTESIAN_POINT('',(5.308132435388E1,4.299520906849E-5,
6.064074647070E-1));
#3788=LINE('',#3787,#3786);
#3789=DIRECTION('',(-9.999998164261E-1,-1.049962671806E-10,-6.059272674250E-4));
#3790=VECTOR('',#3789,1.E0);
#3791=CARTESIAN_POINT('',(5.408132417031E1,4.299531406476E-5,
6.070133919744E-1));
#3792=LINE('',#3791,#3790);
#3793=DIRECTION('',(-6.059273046013E-4,1.734315287308E-7,9.999998164260E-1));
#3794=VECTOR('',#3793,1.519999992942E1);
#3795=CARTESIAN_POINT('',(5.408132417031E1,1.000042996179E0,6.070132186874E-1));
#3796=LINE('',#3795,#3794);
#3797=DIRECTION('',(3.552713675727E-14,1.E0,-1.732870206938E-7));
#3798=VECTOR('',#3797,1.000000000865E0);
#3799=CARTESIAN_POINT('',(5.408132417031E1,4.299531406476E-5,
6.070133919744E-1));
#3800=LINE('',#3799,#3798);
#3801=CARTESIAN_POINT('',(5.007211480994E1,1.000045630695E0,1.580458671905E1));
#3802=DIRECTION('',(0.E0,-1.E0,1.732870212380E-7));
#3803=DIRECTION('',(9.999998164363E-1,1.049964004566E-10,6.059103220854E-4));
#3804=AXIS2_PLACEMENT_3D('',#3801,#3802,#3803);
#3806=DIRECTION('',(-5.429257027319E-10,1.E0,-2.325253422682E-7));
#3807=VECTOR('',#3806,1.000000003062E0);
#3808=CARTESIAN_POINT('',(5.407211407586E1,4.562927630470E-5,1.580701059031E1));
#3809=LINE('',#3808,#3807);
#3810=DIRECTION('',(-1.323513741826E-8,-1.E0,1.734173301139E-7));
#3811=VECTOR('',#3810,1.000000000921E0);
#3812=CARTESIAN_POINT('',(5.006969113287E1,1.000046322926E0,1.980458598488E1));
#3813=LINE('',#3812,#3811);
#3814=DIRECTION('',(9.999998164261E-1,1.049999294769E-10,6.059272674210E-4));
#3815=VECTOR('',#3814,8.869344657234E0);
#3816=CARTESIAN_POINT('',(4.120034809059E1,4.632107299125E-5,1.979921198052E1));
#3817=LINE('',#3816,#3815);
#3818=DIRECTION('',(1.421085471520E-14,1.E0,-1.732870238414E-7));
#3819=VECTOR('',#3818,9.999999999999E-1);
#3820=CARTESIAN_POINT('',(4.120034809059E1,4.632107299125E-5,1.979921198052E1));
#3821=LINE('',#3820,#3819);
#3822=DIRECTION('',(1.522591576581E-14,1.E0,-1.733157439733E-7));
#3823=VECTOR('',#3822,7.000000000220E0);
#3824=CARTESIAN_POINT('',(5.309816913191E1,-6.999961822169E0,
-2.719358621866E1));
#3825=LINE('',#3824,#3823);
#3826=DIRECTION('',(-6.059272674305E-4,1.733236553737E-7,9.999998164260E-1));
#3827=VECTOR('',#3826,3.000000015907E0);
#3828=CARTESIAN_POINT('',(5.309998691373E1,3.765807979203E-5,
-3.019358689706E1));
#3829=LINE('',#3828,#3827);
#3830=DIRECTION('',(-1.116567156159E-14,1.E0,-1.732534745456E-7));
#3831=VECTOR('',#3830,7.000000000220E0);
#3832=CARTESIAN_POINT('',(4.997393261010E1,-6.999954891015E0,1.280452806332E1));
#3833=LINE('',#3832,#3831);
#3834=DIRECTION('',(-2.404679629971E-12,1.E0,-1.732535382424E-7));
#3835=VECTOR('',#3834,7.000000000148E0);
#3836=CARTESIAN_POINT('',(5.307393204122E1,-6.999954890690E0,1.280640643785E1));
#3837=LINE('',#3836,#3835);
#3838=DIRECTION('',(-9.999998164261E-1,-8.188423276868E-11,-6.059272672814E-4));
#3839=VECTOR('',#3838,3.100000000183E0);
#3840=CARTESIAN_POINT('',(5.307393204120E1,4.510945867672E-5,1.280640522507E1));
#3841=LINE('',#3840,#3839);
#3842=CARTESIAN_POINT('',(4.997211482829E1,-6.999954371220E0,1.580452751260E1));
#3843=DIRECTION('',(2.031277228428E-14,-1.E0,1.732534745068E-7));
#3844=DIRECTION('',(-9.999998164261E-1,-1.049992685391E-10,-6.059272673801E-4));
#3845=AXIS2_PLACEMENT_3D('',#3842,#3843,#3844);
#3847=CARTESIAN_POINT('',(4.999998748280E1,3.765786429111E-5,
-3.019546525571E1));
#3848=DIRECTION('',(0.E0,-1.E0,1.732870212380E-7));
#3849=DIRECTION('',(9.999998164261E-1,1.049993312589E-10,6.059272674313E-4));
#3850=AXIS2_PLACEMENT_3D('',#3847,#3848,#3849);
#3852=CARTESIAN_POINT('',(4.999998748280E1,3.765786429133E-5,
-3.019546525571E1));
#3853=DIRECTION('',(0.E0,-1.E0,1.732870212380E-7));
#3854=DIRECTION('',(-9.999998164261E-1,-1.049993312550E-10,-6.059272674049E-4));
#3855=AXIS2_PLACEMENT_3D('',#3852,#3853,#3854);
#3857=CARTESIAN_POINT('',(4.997211482849E1,4.562906580463E-5,1.580452629982E1));
#3858=DIRECTION('',(0.E0,1.E0,-1.732870212380E-7));
#3859=DIRECTION('',(-9.999998164261E-1,-1.049993312395E-10,-6.059272673064E-4));
#3860=AXIS2_PLACEMENT_3D('',#3857,#3858,#3859);
#3862=CARTESIAN_POINT('',(4.997211482849E1,4.562906580441E-5,1.580452629982E1));
#3863=DIRECTION('',(0.E0,1.E0,-1.732870212380E-7));
#3864=DIRECTION('',(9.999998164261E-1,1.049993312744E-10,6.059272675155E-4));
#3865=AXIS2_PLACEMENT_3D('',#3862,#3863,#3864);
#3867=CARTESIAN_POINT('',(4.999998748260E1,3.765779824505E-5,
-3.019546525571E1));
#3868=DIRECTION('',(2.044298236302E-14,1.E0,-1.733205684074E-7));
#3869=DIRECTION('',(-9.999998164261E-1,-1.049992154244E-10,-6.059272674221E-4));
#3870=AXIS2_PLACEMENT_3D('',#3867,#3868,#3869);
#3872=DIRECTION('',(-9.999998164260E-1,-9.370946851956E-11,-6.059272782444E-4));
#3873=VECTOR('',#3872,3.100000013885E0);
#3874=CARTESIAN_POINT('',(5.010180525993E1,3.713786716499E-5,
-3.319540411229E1));
#3875=LINE('',#3874,#3873);
#3876=CARTESIAN_POINT('',(5.009998746444E1,3.765765480557E-5,
-3.019540466302E1));
#3877=DIRECTION('',(0.E0,1.E0,-1.732870212380E-7));
#3878=DIRECTION('',(9.999998164270E-1,1.049990730280E-10,6.059257772315E-4));
#3879=AXIS2_PLACEMENT_3D('',#3876,#3877,#3878);
#3881=CARTESIAN_POINT('',(4.997211482829E1,4.562899975724E-5,1.580452629982E1));
#3882=DIRECTION('',(-2.031277228428E-14,1.E0,-1.732534745068E-7));
#3883=DIRECTION('',(6.059272674411E-4,-1.732534426896E-7,-9.999998164260E-1));
#3884=AXIS2_PLACEMENT_3D('',#3881,#3882,#3883);
#3886=DIRECTION('',(6.059272618654E-4,-1.732619843362E-7,-9.999998164260E-1));
#3887=VECTOR('',#3886,3.000000011412E0);
#3888=CARTESIAN_POINT('',(5.307211425941E1,4.562924463170E-5,1.580640468576E1));
#3889=LINE('',#3888,#3887);
#3890=CARTESIAN_POINT('',(5.007211481014E1,4.562885629222E-5,1.580458689258E1));
#3891=DIRECTION('',(0.E0,1.E0,-1.732870396597E-7));
#3892=DIRECTION('',(-6.059263007311E-4,1.732870078488E-7,9.999998164266E-1));
#3893=AXIS2_PLACEMENT_3D('',#3890,#3891,#3892);
#3895=DIRECTION('',(9.999998164261E-1,6.952112315045E-11,6.059272674248E-4));
#3896=VECTOR('',#3895,3.100000014471E0);
#3897=CARTESIAN_POINT('',(4.697029759721E1,4.614861178006E-5,1.880270796733E1));
#3898=LINE('',#3897,#3896);
#3899=DIRECTION('',(-7.071066514180E-1,-7.071067812608E-1,-4.282703741442E-4));
#3900=VECTOR('',#3899,1.060660153507E0);
#3901=CARTESIAN_POINT('',(5.174998714866E1,3.764512701058E-5,
-3.019440494916E1));
#3902=LINE('',#3901,#3900);
#3903=DIRECTION('',(7.071066513371E-1,-7.071067811123E-1,4.286488711463E-4));
#3904=VECTOR('',#3903,1.060660153507E0);
#3905=CARTESIAN_POINT('',(4.824998781693E1,3.764475953998E-5,
-3.019652556227E1));
#3906=LINE('',#3905,#3904);
#3907=CARTESIAN_POINT('',(4.999998748280E1,-6.999962342356E0,
-3.019546404270E1));
#3908=DIRECTION('',(0.E0,1.E0,-1.732870212380E-7));
#3909=DIRECTION('',(9.999998164261E-1,1.049995645985E-10,6.059272674257E-4));
#3910=AXIS2_PLACEMENT_3D('',#3907,#3908,#3909);
#3912=CARTESIAN_POINT('',(4.999998748280E1,-7.499623421357E-1,
-3.019546512575E1));
#3913=DIRECTION('',(0.E0,-1.E0,1.732870212380E-7));
#3914=DIRECTION('',(-9.999998165118E-1,-1.049748066251E-10,-6.057857412216E-4));
#3915=AXIS2_PLACEMENT_3D('',#3912,#3913,#3914);
#3917=CARTESIAN_POINT('',(4.999998748280E1,-6.999962342356E0,
-3.019546404270E1));
#3918=DIRECTION('',(0.E0,1.E0,-1.732870212380E-7));
#3919=DIRECTION('',(-9.999998164261E-1,-1.049995645985E-10,-6.059272674151E-4));
#3920=AXIS2_PLACEMENT_3D('',#3917,#3918,#3919);
#3922=DIRECTION('',(0.E0,1.E0,-1.732870219878E-7));
#3923=VECTOR('',#3922,6.250000000220E0);
#3924=CARTESIAN_POINT('',(5.099998729922E1,-6.999962342251E0,
-3.019485811544E1));
#3925=LINE('',#3924,#3923);
#3926=CARTESIAN_POINT('',(4.999998748280E1,-7.499623421357E-1,
-3.019546512575E1));
#3927=DIRECTION('',(0.E0,-1.E0,1.732870212380E-7));
#3928=DIRECTION('',(9.999998164261E-1,1.049993425539E-10,6.059272674222E-4));
#3929=AXIS2_PLACEMENT_3D('',#3926,#3927,#3928);
#3931=DIRECTION('',(1.371745383901E-11,-1.E0,1.506428316081E-7));
#3932=VECTOR('',#3931,6.250000000220E0);
#3933=CARTESIAN_POINT('',(4.899998766628E1,-7.499623422407E-1,
-3.019607091149E1));
#3934=LINE('',#3933,#3932);
#3935=CARTESIAN_POINT('',(4.997211482849E1,-6.999954371154E0,1.580452751283E1));
#3936=DIRECTION('',(0.E0,1.E0,-1.732870212380E-7));
#3937=DIRECTION('',(-9.999998164261E-1,-1.049995645985E-10,-6.059272674115E-4));
#3938=AXIS2_PLACEMENT_3D('',#3935,#3936,#3937);
#3940=DIRECTION('',(0.E0,1.E0,-1.732870199983E-7));
#3941=VECTOR('',#3940,6.250000000220E0);
#3942=CARTESIAN_POINT('',(5.097211464492E1,-6.999954371049E0,1.580513344010E1));
#3943=LINE('',#3942,#3941);
#3944=CARTESIAN_POINT('',(4.997211482849E1,-7.499543709342E-1,
1.580452642979E1));
#3945=DIRECTION('',(0.E0,1.E0,-1.732870212380E-7));
#3946=DIRECTION('',(-9.999998165012E-1,-1.049778042272E-10,-6.058032683534E-4));
#3947=AXIS2_PLACEMENT_3D('',#3944,#3945,#3946);
#3949=DIRECTION('',(1.201783561513E-11,-1.E0,1.534471718347E-7));
#3950=VECTOR('',#3949,6.250000000220E0);
#3951=CARTESIAN_POINT('',(4.897211501199E1,-7.499543710392E-1,
1.580392062652E1));
#3952=LINE('',#3951,#3950);
#3953=CARTESIAN_POINT('',(4.997211482849E1,-6.999954371154E0,1.580452751283E1));
#3954=DIRECTION('',(0.E0,1.E0,-1.732870212380E-7));
#3955=DIRECTION('',(9.999998164261E-1,1.049995645985E-10,6.059272674204E-4));
#3956=AXIS2_PLACEMENT_3D('',#3953,#3954,#3955);
#3958=CARTESIAN_POINT('',(4.997211482849E1,-7.499543709342E-1,
1.580452642979E1));
#3959=DIRECTION('',(0.E0,1.E0,-1.732870212380E-7));
#3960=DIRECTION('',(9.999998164261E-1,1.049993425539E-10,6.059272674204E-4));
#3961=AXIS2_PLACEMENT_3D('',#3958,#3959,#3960);
#3963=DIRECTION('',(7.071066513811E-1,7.071067812608E-1,4.283312687179E-4));
#3964=VECTOR('',#3963,1.060660143936E0);
#3965=CARTESIAN_POINT('',(5.097211464492E1,-7.499543708292E-1,
1.580513235706E1));
#3966=LINE('',#3965,#3964);
#3967=DIRECTION('',(-7.071066513102E-1,7.071067811123E-1,-4.286932408993E-4));
#3968=VECTOR('',#3967,1.060660143936E0);
#3969=CARTESIAN_POINT('',(4.897211501199E1,-7.499543710392E-1,
1.580392062652E1));
#3970=LINE('',#3969,#3968);
#3971=CARTESIAN_POINT('',(4.999998748259E1,-6.999962342422E0,
-3.019546404247E1));
#3972=DIRECTION('',(-2.044298236302E-14,-1.E0,1.733205684074E-7));
#3973=DIRECTION('',(-6.059272674648E-4,1.733205365895E-7,9.999998164260E-1));
#3974=AXIS2_PLACEMENT_3D('',#3971,#3972,#3973);
#3976=DIRECTION('',(2.842170942951E-14,1.E0,-1.733205680509E-7));
#3977=VECTOR('',#3976,7.000000000220E0);
#3978=CARTESIAN_POINT('',(4.999816970079E1,-6.999961822495E0,
-2.719546459319E1));
#3979=LINE('',#3978,#3977);
#3980=DIRECTION('',(9.999998164260E-1,1.050005564601E-10,6.059272783121E-4));
#3981=VECTOR('',#3980,3.100000000200E0);
#3982=CARTESIAN_POINT('',(4.999816970079E1,3.817772525918E-5,
-2.719546580644E1));
#3983=LINE('',#3982,#3981);
#3984=DIRECTION('',(2.030122102108E-14,1.E0,-1.733205624681E-7));
#3985=VECTOR('',#3984,7.000000000220E0);
#3986=CARTESIAN_POINT('',(4.699998803332E1,-6.999962342671E0,
-3.019728182427E1));
#3987=LINE('',#3986,#3985);
#3988=DIRECTION('',(0.E0,1.E0,-1.732918123892E-7));
#3989=VECTOR('',#3988,7.000000000108E0);
#3990=CARTESIAN_POINT('',(4.700180581512E1,-6.999962862532E0,
-3.319728127382E1));
#3991=LINE('',#3990,#3989);
#3992=DIRECTION('',(-6.059272674165E-4,1.733242090323E-7,9.999998164260E-1));
#3993=VECTOR('',#3992,3.000000000063E0);
#3994=CARTESIAN_POINT('',(4.700180581512E1,3.713757666563E-5,
-3.319728248686E1));
#3995=LINE('',#3994,#3993);
#3996=DIRECTION('',(5.086089771753E-9,-1.E0,1.732901040505E-7));
#3997=VECTOR('',#3996,1.999999999927E0);
#3998=CARTESIAN_POINT('',(5.010180524975E1,2.000037137794E0,-3.319540445887E1));
#3999=LINE('',#3998,#3997);
#4000=DIRECTION('',(3.836930773316E-13,1.E0,-1.739509301142E-7));
#4001=VECTOR('',#4000,1.999999999890E0);
#4002=CARTESIAN_POINT('',(5.309998691373E1,3.765807979203E-5,
-3.019358689706E1));
#4003=LINE('',#4002,#4001);
#4004=DIRECTION('',(-3.449684982242E-12,-1.E0,1.789739254642E-7));
#4005=VECTOR('',#4004,1.999999999927E0);
#4006=CARTESIAN_POINT('',(5.307211425941E1,2.000045629171E0,1.580640432782E1));
#4007=LINE('',#4006,#4005);
#4008=DIRECTION('',(1.698613516603E-8,1.E0,-1.732767369684E-7));
#4009=VECTOR('',#4008,1.999999999890E0);
#4010=CARTESIAN_POINT('',(5.007029704261E1,4.614882729554E-5,1.880458634187E1));
#4011=LINE('',#4010,#4009);
#4012=DIRECTION('',(-1.928615997003E-14,1.E0,-1.732534791133E-7));
#4013=VECTOR('',#4012,7.000000000220E0);
#4014=CARTESIAN_POINT('',(4.697211537902E1,-6.999954371469E0,1.580270973080E1));
#4015=LINE('',#4014,#4013);
#4016=DIRECTION('',(-6.059272674375E-4,1.732869913486E-7,9.999998164260E-1));
#4017=VECTOR('',#4016,3.000000000029E0);
#4018=CARTESIAN_POINT('',(4.697211537902E1,4.562875080600E-5,1.580270851802E1));
#4019=LINE('',#4018,#4017);
#4020=DIRECTION('',(0.E0,-1.E0,1.732870214729E-7));
#4021=VECTOR('',#4020,9.E0);
#4022=CARTESIAN_POINT('',(5.308025484471E1,2.000043301074E0,2.371485262881E0));
#4023=LINE('',#4022,#4021);
#4024=DIRECTION('',(0.E0,1.E0,-1.732870211768E-7));
#4025=VECTOR('',#4024,7.5E0);
#4026=CARTESIAN_POINT('',(5.228025528528E1,-6.999956699094E0,2.370517338836E0));
#4027=LINE('',#4026,#4025);
#4028=DIRECTION('',(-3.162275860582E-1,-9.486832807015E-1,-3.830576507573E-4));
#4029=VECTOR('',#4028,1.581138859110E0);
#4030=CARTESIAN_POINT('',(5.278025500992E1,2.000043301011E0,2.371121706520E0));
#4031=LINE('',#4030,#4029);
#4032=DIRECTION('',(-6.059272674322E-4,1.732869896989E-7,9.999998164260E-1));
#4033=VECTOR('',#4032,1.000000183574E0);
#4034=CARTESIAN_POINT('',(5.228086121266E1,5.000431276192E-1,1.370516039184E0));
#4035=LINE('',#4034,#4033);
#4036=DIRECTION('',(0.E0,-1.E0,1.732870215025E-7));
#4037=VECTOR('',#4036,7.5E0);
#4038=CARTESIAN_POINT('',(5.228086121266E1,5.000431276192E-1,1.370516039184E0));
#4039=LINE('',#4038,#4037);
#4040=DIRECTION('',(0.E0,1.E0,-1.732870212015E-7));
#4041=VECTOR('',#4040,9.E0);
#4042=CARTESIAN_POINT('',(5.308086077208E1,-6.999956872213E0,1.371486822464E0));
#4043=LINE('',#4042,#4041);
#4044=DIRECTION('',(3.162275860582E-1,9.486832807016E-1,3.830576507568E-4));
#4045=VECTOR('',#4044,1.581138859110E0);
#4046=CARTESIAN_POINT('',(5.228086121266E1,5.000431276192E-1,1.370516039184E0));
#4047=LINE('',#4046,#4045);
#4048=DIRECTION('',(0.E0,-1.E0,1.732870216702E-7));
#4049=VECTOR('',#4048,9.E0);
#4050=CARTESIAN_POINT('',(5.309124040105E1,2.000040159354E0,-1.575866816286E1));
#4051=LINE('',#4050,#4049);
#4052=DIRECTION('',(-3.162278182629E-1,-9.486832806351E-1,1.643945000224E-7));
#4053=VECTOR('',#4052,1.581138859110E0);
#4054=CARTESIAN_POINT('',(5.279124034597E1,2.000040159354E0,-1.575866816286E1));
#4055=LINE('',#4054,#4053);
#4056=DIRECTION('',(0.E0,-1.E0,1.732870212360E-7));
#4057=VECTOR('',#4056,7.5E0);
#4058=CARTESIAN_POINT('',(5.229124025419E1,5.000401593539E-1,
-1.575866790293E1));
#4059=LINE('',#4058,#4057);
#4060=DIRECTION('',(0.E0,1.E0,-1.732870207623E-7));
#4061=VECTOR('',#4060,7.5E0);
#4062=CARTESIAN_POINT('',(5.229184618157E1,-6.999960013933E0,
-1.675866660328E1));
#4063=LINE('',#4062,#4061);
#4064=DIRECTION('',(-6.059272674038E-4,1.732869906981E-7,9.999998164260E-1));
#4065=VECTOR('',#4064,1.000000183574E0);
#4066=CARTESIAN_POINT('',(5.229184618157E1,5.000399860669E-1,
-1.675866790293E1));
#4067=LINE('',#4066,#4065);
#4068=DIRECTION('',(0.E0,1.E0,-1.732870222624E-7));
#4069=VECTOR('',#4068,9.E0);
#4070=CARTESIAN_POINT('',(5.309184632842E1,-6.999960013933E0,
-1.675866660328E1));
#4071=LINE('',#4070,#4069);
#4072=DIRECTION('',(3.162278182629E-1,9.486832806351E-1,-1.643944988989E-7));
#4073=VECTOR('',#4072,1.581138859110E0);
#4074=CARTESIAN_POINT('',(5.229184618157E1,5.000399860669E-1,
-1.675866790293E1));
#4075=LINE('',#4074,#4073);
#4076=DIRECTION('',(-2.873478328168E-1,9.578262851910E-1,-1.742778979643E-4));
#4077=VECTOR('',#4076,1.044030650891E0);
#4078=CARTESIAN_POINT('',(5.409077663568E1,1.000040292037E0,-1.499298391756E1));
#4079=LINE('',#4078,#4077);
#4080=DIRECTION('',(9.999998164261E-1,1.049992647692E-10,6.059272674204E-4));
#4081=VECTOR('',#4080,1.E0);
#4082=CARTESIAN_POINT('',(5.309077681925E1,4.029193203162E-5,
-1.499358967154E1));
#4083=LINE('',#4082,#4081);
#4084=DIRECTION('',(0.E0,-1.E0,1.732870185123E-7));
#4085=VECTOR('',#4084,2.E0);
#4086=CARTESIAN_POINT('',(5.309077681925E1,2.000040291932E0,-1.499359001811E1));
#4087=LINE('',#4086,#4085);
#4088=DIRECTION('',(-9.999998164261E-1,-1.050017216033E-10,-6.059272674110E-4));
#4089=VECTOR('',#4088,7.E-1);
#4090=CARTESIAN_POINT('',(5.379077669075E1,2.000040292006E0,-1.499316586903E1));
#4091=LINE('',#4090,#4089);
#4092=DIRECTION('',(-6.059272533979E-4,1.732371718761E-7,9.999998164260E-1));
#4093=VECTOR('',#4092,1.520000002415E1);
#4094=CARTESIAN_POINT('',(5.379998678502E1,2.000037658800E0,-3.019316310285E1));
#4095=LINE('',#4094,#4093);
#4096=DIRECTION('',(2.873478329482E-1,-9.578262851529E-1,1.742705867430E-4));
#4097=VECTOR('',#4096,1.044030650762E0);
#4098=CARTESIAN_POINT('',(5.379998678502E1,2.000037658800E0,-3.019316310285E1));
#4099=LINE('',#4098,#4097);
#4100=DIRECTION('',(9.999998164261E-1,1.050375325715E-10,6.059272709734E-4));
#4101=VECTOR('',#4100,9.009999993940E1);
#4102=CARTESIAN_POINT('',(-3.999775408771E1,2.000037008853E0,
-3.394999837663E1));
#4103=LINE('',#4102,#4101);
#4104=DIRECTION('',(1.741325073448E-4,-9.578263347915E-1,-2.873476675697E-1));
#4105=VECTOR('',#4104,1.044030649172E0);
#4106=CARTESIAN_POINT('',(5.010222931168E1,2.000037018317E0,-3.389540432955E1));
#4107=LINE('',#4106,#4105);
#4108=DIRECTION('',(2.873478335411E-1,9.578262850307E-1,1.739640015621E-4));
#4109=VECTOR('',#4108,1.044030650276E0);
#4110=CARTESIAN_POINT('',(-4.399999526069E1,1.000037651479E0,
-3.025242253005E1));
#4111=LINE('',#4110,#4109);
#4112=DIRECTION('',(1.741046678528E-4,-9.578263349272E-1,-2.873476671341E-1));
#4113=VECTOR('',#4112,1.044030651250E0);
#4114=CARTESIAN_POINT('',(-3.999775408771E1,2.000037008853E0,
-3.394999837663E1));
#4115=LINE('',#4114,#4113);
#4116=DIRECTION('',(-2.873477519401E-1,-9.578262772423E-1,-3.034453015518E-4));
#4117=VECTOR('',#4116,1.044030659645E0);
#4118=CARTESIAN_POINT('',(-4.370917982187E1,2.000040274450E0,
-1.509447477974E1));
#4119=LINE('',#4118,#4117);
#4120=DIRECTION('',(6.059273463313E-4,-1.730966401972E-7,-9.999998164260E-1));
#4121=VECTOR('',#4120,1.515776890913E1);
#4122=CARTESIAN_POINT('',(-4.370917982187E1,2.000040274450E0,
-1.509447477974E1));
#4123=LINE('',#4122,#4121);
#4124=DIRECTION('',(0.E0,-1.E0,1.732870185122E-7));
#4125=VECTOR('',#4124,1.000000000001E0);
#4126=CARTESIAN_POINT('',(-4.400917968488E1,1.000040274396E0,
-1.509479158594E1));
#4127=LINE('',#4126,#4125);
#4128=DIRECTION('',(-5.671907367191E-10,-1.E0,1.337818313391E-7));
#4129=VECTOR('',#4128,1.000000003705E0);
#4130=CARTESIAN_POINT('',(-4.399999526069E1,1.000037651479E0,
-3.025242253005E1));
#4131=LINE('',#4130,#4129);
#4132=DIRECTION('',(6.059273073425E-4,-1.730425947400E-7,-9.999998164260E-1));
#4133=VECTOR('',#4132,1.515763372666E1);
#4134=CARTESIAN_POINT('',(-4.400917968488E1,1.000040274396E0,
-1.509479158594E1));
#4135=LINE('',#4134,#4133);
#4136=CARTESIAN_POINT('',(-3.999999599535E1,1.000037650033E0,
-3.024999888294E1));
#4137=DIRECTION('',(0.E0,-1.E0,1.732870212380E-7));
#4138=DIRECTION('',(-9.999998164363E-1,-1.049964004588E-10,-6.059103025722E-4));
#4139=AXIS2_PLACEMENT_3D('',#4136,#4137,#4138);
#4141=DIRECTION('',(3.952681722834E-8,-1.E0,1.727273606631E-7));
#4142=VECTOR('',#4141,1.000000003704E0);
#4143=CARTESIAN_POINT('',(5.010241111135E1,1.000036968211E0,-3.419540410146E1));
#4144=LINE('',#4143,#4142);
#4145=DIRECTION('',(9.999998164261E-1,1.287035073861E-10,6.059272723587E-4));
#4146=VECTOR('',#4145,9.009999996846E1);
#4147=CARTESIAN_POINT('',(-3.999757231710E1,1.000036956614E0,
-3.424999814868E1));
#4148=LINE('',#4147,#4146);
#4149=DIRECTION('',(-1.324654162059E-8,1.E0,-1.731570404345E-7));
#4150=VECTOR('',#4149,1.000000001568E0);
#4151=CARTESIAN_POINT('',(-3.999757230385E1,3.695504640105E-5,
-3.424999797553E1));
#4152=LINE('',#4151,#4150);
#4153=DIRECTION('',(-9.999998164261E-1,-1.049992911501E-10,-6.059272674130E-4));
#4154=VECTOR('',#4153,9.009999999474E1);
#4155=CARTESIAN_POINT('',(5.010241115088E1,3.696450683719E-5,
-3.419540392874E1));
#4156=LINE('',#4155,#4154);
#4157=CARTESIAN_POINT('',(5.009998746424E1,1.000037659493E0,-3.019540483606E1));
#4158=DIRECTION('',(0.E0,-1.E0,1.732870212380E-7));
#4159=DIRECTION('',(6.059103025739E-4,-1.732869894140E-7,-9.999998164363E-1));
#4160=AXIS2_PLACEMENT_3D('',#4157,#4158,#4159);
#4162=DIRECTION('',(1.229167877460E-10,-1.E0,1.865258701332E-7));
#4163=VECTOR('',#4162,1.000000000920E0);
#4164=CARTESIAN_POINT('',(5.409998673004E1,1.000037658995E0,-3.019298115902E1));
#4165=LINE('',#4164,#4163);
#4166=DIRECTION('',(-6.059272596811E-4,1.732264306443E-7,9.999998164260E-1));
#4167=VECTOR('',#4166,1.520000003178E1);
#4168=CARTESIAN_POINT('',(5.409998673004E1,1.000037658995E0,-3.019298115902E1));
#4169=LINE('',#4168,#4167);
#4170=DIRECTION('',(6.059272682964E-4,-1.732869894183E-7,-9.999998164260E-1));
#4171=VECTOR('',#4170,1.520000001854E1);
#4172=CARTESIAN_POINT('',(5.409077663568E1,4.029203703089E-5,
-1.499298374427E1));
#4173=LINE('',#4172,#4171);
#4174=DIRECTION('',(0.E0,-1.E0,1.732870185123E-7));
#4175=VECTOR('',#4174,1.E0);
#4176=CARTESIAN_POINT('',(5.409077663568E1,1.000040292037E0,-1.499298391756E1));
#4177=LINE('',#4176,#4175);
#4178=DIRECTION('',(-6.059272674118E-4,1.732869869591E-7,9.999998164260E-1));
#4179=VECTOR('',#4178,2.799292149682E-1);
#4180=CARTESIAN_POINT('',(4.094177861305E1,4.639383867020E-5,2.021912616834E1));
#4181=LINE('',#4180,#4179);
#4182=DIRECTION('',(2.546748156110E-14,1.E0,-1.733282974233E-7));
#4183=VECTOR('',#4182,4.185000001210E0);
#4184=CARTESIAN_POINT('',(4.094160899630E1,-4.184953558863E0,2.049905605730E1));
#4185=LINE('',#4184,#4183);
#4186=DIRECTION('',(6.059272674440E-4,-1.685370155761E-7,-9.999998164260E-1));
#4187=VECTOR('',#4186,2.799292151409E-1);
#4188=CARTESIAN_POINT('',(4.094160899630E1,-4.184953558863E0,2.049905605730E1));
#4189=LINE('',#4188,#4187);
#4190=DIRECTION('',(0.E0,-1.E0,1.732870189353E-7));
#4191=VECTOR('',#4190,4.184999999880E0);
#4192=CARTESIAN_POINT('',(4.094177861305E1,4.639383867020E-5,2.021912616834E1));
#4193=LINE('',#4192,#4191);
#4194=CARTESIAN_POINT('',(4.124160894123E1,-4.184953557551E0,2.049923783547E1));
#4195=DIRECTION('',(2.370623208441E-14,1.E0,-1.733260228654E-7));
#4196=DIRECTION('',(-9.999998164261E-1,-1.050004527769E-10,-6.059272674245E-4));
#4197=AXIS2_PLACEMENT_3D('',#4194,#4195,#4196);
#4199=CARTESIAN_POINT('',(4.024160912480E1,-5.184953557607E0,2.049863208153E1));
#4200=DIRECTION('',(9.999998164261E-1,1.049988299488E-10,6.059272674204E-4));
#4201=DIRECTION('',(0.E0,1.E0,-1.732840952210E-7));
#4202=AXIS2_PLACEMENT_3D('',#4199,#4200,#4201);
#4204=CARTESIAN_POINT('',(3.899360379743E1,-5.184953557738E0,2.049787588094E1));
#4205=DIRECTION('',(9.999998164261E-1,1.049992841673E-10,6.059272674206E-4));
#4206=DIRECTION('',(0.E0,1.E0,-1.732870321310E-7));
#4207=AXIS2_PLACEMENT_3D('',#4204,#4205,#4206);
#4209=CARTESIAN_POINT('',(3.848937373016E1,-5.184953541019E0,2.059447451005E1));
#4210=DIRECTION('',(9.289714126636E-1,-6.424765346501E-8,-3.701514750122E-1));
#4211=DIRECTION('',(1.482665841953E-9,1.E0,-1.698502079724E-7));
#4212=AXIS2_PLACEMENT_3D('',#4209,#4210,#4211);
#4214=CARTESIAN_POINT('',(3.899342200977E1,-5.638177084371E0,2.079789031155E1));
#4215=CARTESIAN_POINT('',(3.892495818193E1,-5.662024458361E0,2.079784098007E1));
#4216=CARTESIAN_POINT('',(3.878940272024E1,-5.697725854917E0,2.081105632983E1));
#4217=CARTESIAN_POINT('',(3.866146884540E1,-5.709420868439E0,2.084884014447E1));
#4218=CARTESIAN_POINT('',(3.860042272844E1,-5.709398366396E0,2.087317493338E1));
#4220=CARTESIAN_POINT('',(3.899277973618E1,-5.184953322088E0,2.185787563128E1));
#4221=DIRECTION('',(-9.773426365011E-11,-1.E0,1.733259637178E-7));
#4222=DIRECTION('',(-3.701514751249E-1,-1.609786886601E-7,-9.289714126187E-1));
#4223=AXIS2_PLACEMENT_3D('',#4220,#4221,#4222);
#4225=CARTESIAN_POINT('',(3.857031668250E1,-5.914772578574E0,2.079762736960E1));
#4226=CARTESIAN_POINT('',(3.864267574522E1,-5.886239884563E0,2.079767128271E1));
#4227=CARTESIAN_POINT('',(3.878539499466E1,-5.810872234501E0,2.079781324919E1));
#4228=CARTESIAN_POINT('',(3.892410771569E1,-5.700917406677E0,2.079783883345E1));
#4229=CARTESIAN_POINT('',(3.899342200977E1,-5.638177084371E0,2.079789031155E1));
#4231=CARTESIAN_POINT('',(3.848937441242E1,-5.709398413454E0,2.059447432909E1));
#4232=DIRECTION('',(9.289713912086E-1,-6.414242810769E-8,-3.701515288580E-1));
#4233=DIRECTION('',(3.701515288580E-1,1.609786023001E-7,9.289713912086E-1));
#4234=AXIS2_PLACEMENT_3D('',#4231,#4232,#4233);
#4236=CARTESIAN_POINT('',(3.857031668250E1,-5.914772578574E0,2.079762736960E1));
#4237=CARTESIAN_POINT('',(3.854852576339E1,-5.923373924029E0,2.079761414515E1));
#4238=CARTESIAN_POINT('',(3.850289526302E1,-5.939268243520E0,2.079763814548E1));
#4239=CARTESIAN_POINT('',(3.845328109053E1,-5.952802448968E0,2.079756017945E1));
#4240=CARTESIAN_POINT('',(3.842748207673E1,-5.959013466567E0,2.079754453215E1));
#4242=CARTESIAN_POINT('',(2.913487784966E1,-5.959013467543E0,2.079191388883E1));
#4243=CARTESIAN_POINT('',(2.910913906287E1,-5.952816949383E0,2.079189830793E1));
#4244=CARTESIAN_POINT('',(2.905958450638E1,-5.939302757622E0,2.079191434981E1));
#4245=CARTESIAN_POINT('',(2.901389083616E1,-5.923400584041E0,2.079184051884E1));
#4246=CARTESIAN_POINT('',(2.899204259903E1,-5.914776640581E0,2.079182730118E1));
#4248=CARTESIAN_POINT('',(2.907323241358E1,-5.709398414443E0,2.058876913536E1));
#4249=DIRECTION('',(-9.285221633565E-1,-6.433744241109E-8,-3.712769749874E-1));
#4250=DIRECTION('',(-2.706327617045E-1,-6.845943254091E-1,6.768223680626E-1));
#4251=AXIS2_PLACEMENT_3D('',#4248,#4249,#4250);
#4253=CARTESIAN_POINT('',(3.378844999592E1,-5.709400457884E0,8.796537660736E0));
#4254=DIRECTION('',(0.E0,-1.E0,1.732870212380E-7));
#4255=DIRECTION('',(3.701514751212E-1,1.609786889089E-7,9.289714126202E-1));
#4256=AXIS2_PLACEMENT_3D('',#4253,#4254,#4255);
#4258=DIRECTION('',(-4.892085452686E-8,1.E0,-5.316788768129E-8));
#4259=VECTOR('',#4258,5.244448724745E-1);
#4260=CARTESIAN_POINT('',(2.896184926384E1,-5.709398366173E0,2.086732568823E1));
#4261=LINE('',#4260,#4259);
#4262=CARTESIAN_POINT('',(3.378844999592E1,-5.184955585428E0,8.796537569856E0));
#4263=DIRECTION('',(0.E0,1.E0,-1.732870212380E-7));
#4264=DIRECTION('',(-3.712769813367E-1,1.609008393872E-7,9.285221608177E-1));
#4265=AXIS2_PLACEMENT_3D('',#4262,#4263,#4264);
#4267=DIRECTION('',(6.779546258074E-6,-9.999999998298E-1,1.716031200017E-5));
#4268=VECTOR('',#4267,5.244448737755E-1);
#4269=CARTESIAN_POINT('',(3.860041917294E1,-5.184953492710E0,2.087316593374E1));
#4270=LINE('',#4269,#4268);
#4271=CARTESIAN_POINT('',(2.896184926384E1,-5.709398366173E0,2.086732568823E1));
#4272=CARTESIAN_POINT('',(2.890084150987E1,-5.709396968127E0,2.084293158738E1));
#4273=CARTESIAN_POINT('',(2.877296233572E1,-5.697786792590E0,2.080498517456E1));
#4274=CARTESIAN_POINT('',(2.863742729321E1,-5.662003053260E0,2.079162127478E1));
#4275=CARTESIAN_POINT('',(2.856893791297E1,-5.638177085209E0,2.079157265847E1));
#4277=CARTESIAN_POINT('',(2.856829563833E1,-5.184953323090E0,2.185155915095E1));
#4278=DIRECTION('',(9.768685577528E-11,-1.E0,1.733260820599E-7));
#4279=DIRECTION('',(6.059272674216E-4,-1.733259908764E-7,-9.999998164260E-1));
#4280=AXIS2_PLACEMENT_3D('',#4277,#4278,#4279);
#4282=CARTESIAN_POINT('',(2.899204259903E1,-5.914776640581E0,2.079182730118E1));
#4283=CARTESIAN_POINT('',(2.891948308991E1,-5.886130963249E0,2.079178340443E1));
#4284=CARTESIAN_POINT('',(2.877657177888E1,-5.810609170179E0,2.079173871328E1));
#4285=CARTESIAN_POINT('',(2.863809016291E1,-5.700751452858E0,2.079162241715E1));
#4286=CARTESIAN_POINT('',(2.856893791297E1,-5.638177085209E0,2.079157265847E1));
#4288=CARTESIAN_POINT('',(2.856911969924E1,-5.184953558814E0,2.049155940061E1));
#4289=DIRECTION('',(9.999998164261E-1,2.027098155055E-10,6.059271427293E-4));
#4290=DIRECTION('',(-9.771146854594E-11,1.E0,-1.732870676581E-7));
#4291=AXIS2_PLACEMENT_3D('',#4288,#4289,#4290);
#4293=CARTESIAN_POINT('',(2.907323233279E1,-5.184953541987E0,2.058876901218E1));
#4294=DIRECTION('',(9.285221608128E-1,6.433748215218E-8,3.712769813488E-1));
#4295=DIRECTION('',(-1.184237892934E-14,1.E0,-1.732870084462E-7));
#4296=AXIS2_PLACEMENT_3D('',#4293,#4294,#4295);
#4298=CARTESIAN_POINT('',(2.732111436697E1,-5.184953558963E0,2.049080320001E1));
#4299=DIRECTION('',(9.999998164261E-1,1.049992841673E-10,6.059272674206E-4));
#4300=DIRECTION('',(0.E0,1.E0,-1.732870202886E-7));
#4301=AXIS2_PLACEMENT_3D('',#4298,#4299,#4300);
#4303=CARTESIAN_POINT('',(2.632111455054E1,-4.184953559118E0,2.049019709941E1));
#4304=DIRECTION('',(4.977221628819E-11,-1.E0,1.732870513948E-7));
#4305=DIRECTION('',(9.999998164260E-1,1.547710108222E-10,6.059272947094E-4));
#4306=AXIS2_PLACEMENT_3D('',#4303,#4304,#4305);
#4308=CARTESIAN_POINT('',(2.732127898298E1,-4.884953606041E0,2.021912701485E1));
#4309=CARTESIAN_POINT('',(2.708794562823E1,-4.884953606041E0,2.021912701485E1));
#4310=CARTESIAN_POINT('',(2.679799607583E1,-4.708236448941E0,2.021912698423E1));
#4311=CARTESIAN_POINT('',(2.662127885448E1,-4.418286960792E0,2.021912693398E1));
#4312=CARTESIAN_POINT('',(2.662127885448E1,-4.184953606041E0,2.021912689355E1));
#4314=CARTESIAN_POINT('',(2.732111436697E1,-4.184953558963E0,2.049080302668E1));
#4315=DIRECTION('',(-6.059272674204E-4,1.732869894255E-7,9.999998164260E-1));
#4316=DIRECTION('',(-9.999998164261E-1,-1.049991839506E-10,-6.059272674211E-4));
#4317=AXIS2_PLACEMENT_3D('',#4314,#4315,#4316);
#4319=DIRECTION('',(1.218073261303E-13,-1.E0,1.732871116441E-7));
#4320=VECTOR('',#4319,7.E-1);
#4321=CARTESIAN_POINT('',(2.662127885448E1,-4.184953606041E0,2.021912689355E1));
#4322=LINE('',#4321,#4320);
#4323=CARTESIAN_POINT('',(4.094177861305E1,-4.184953606041E0,2.021912689355E1));
#4324=CARTESIAN_POINT('',(4.094177861305E1,-4.418286960792E0,2.021912693398E1));
#4325=CARTESIAN_POINT('',(4.076506139169E1,-4.708236448941E0,2.021912698423E1));
#4326=CARTESIAN_POINT('',(4.047511183929E1,-4.884953606041E0,2.021912701485E1));
#4327=CARTESIAN_POINT('',(4.024177848454E1,-4.884953606041E0,2.021912701485E1));
#4329=CARTESIAN_POINT('',(4.024160912480E1,-4.184953557607E0,2.049863190825E1));
#4330=DIRECTION('',(-6.059272674204E-4,1.732869894255E-7,9.999998164260E-1));
#4331=DIRECTION('',(-1.015061051086E-14,-1.E0,1.732870202886E-7));
#4332=AXIS2_PLACEMENT_3D('',#4329,#4330,#4331);
#4334=DIRECTION('',(6.059272674117E-4,-1.732870026252E-7,-9.999998164260E-1));
#4335=VECTOR('',#4334,2.712520336815E-1);
#4336=CARTESIAN_POINT('',(2.662111449547E1,4.644084312215E-5,2.049037815223E1));
#4337=LINE('',#4336,#4335);
#4338=DIRECTION('',(0.E0,1.E0,-1.732870427050E-7));
#4339=VECTOR('',#4338,4.184999999880E0);
#4340=CARTESIAN_POINT('',(2.662127885448E1,-4.184953606041E0,2.021912689355E1));
#4341=LINE('',#4340,#4339);
#4342=DIRECTION('',(6.059272674926E-4,-1.666331701015E-7,-9.999998164260E-1));
#4343=VECTOR('',#4342,2.712520338446E-1);
#4344=CARTESIAN_POINT('',(2.662111449547E1,-4.184953560842E0,2.049037887760E1));
#4345=LINE('',#4344,#4343);
#4346=DIRECTION('',(-2.292073340239E-14,-1.E0,1.733260265532E-7));
#4347=VECTOR('',#4346,4.185000001685E0);
#4348=CARTESIAN_POINT('',(2.662111449547E1,4.644084312215E-5,2.049037815223E1));
#4349=LINE('',#4348,#4347);
#4350=CARTESIAN_POINT('',(3.378844999592E1,-5.959015546184E0,8.796537703992E0));
#4351=DIRECTION('',(0.E0,-1.E0,1.732869317133E-7));
#4352=DIRECTION('',(3.605537260622E-1,1.616313814866E-7,9.327384470593E-1));
#4353=AXIS2_PLACEMENT_3D('',#4350,#4351,#4352);
#4355=CARTESIAN_POINT('',(3.842748207673E1,-5.959013466567E0,2.079754453215E1));
#4356=CARTESIAN_POINT('',(3.790080546082E1,-6.085808923018E0,2.079722509876E1));
#4357=CARTESIAN_POINT('',(3.685509125717E1,-6.299760580445E0,2.079662466207E1));
#4358=CARTESIAN_POINT('',(3.531862458240E1,-6.493770382786E0,2.079567941848E1));
#4359=CARTESIAN_POINT('',(3.378066471863E1,-6.559865006892E0,2.079475196344E1));
#4360=CARTESIAN_POINT('',(3.224353968392E1,-6.493761730035E0,2.079381614037E1));
#4361=CARTESIAN_POINT('',(3.070561808914E1,-6.299501706206E0,2.079289852854E1));
#4362=CARTESIAN_POINT('',(2.966088542187E1,-6.085647853982E0,2.079223230600E1));
#4363=CARTESIAN_POINT('',(2.913487784966E1,-5.959013467543E0,2.079191388883E1));
#4365=DIRECTION('',(9.999998164261E-1,1.049993870133E-10,6.059272674205E-4));
#4366=VECTOR('',#4365,6.636779726485E1);
#4367=CARTESIAN_POINT('',(-4.003029234758E1,4.631254382314E-5,
1.974999211150E1));
#4368=LINE('',#4367,#4366);
#4369=DIRECTION('',(-9.999998164261E-1,-5.897122986917E-11,-6.059272762144E-4));
#4370=VECTOR('',#4369,6.636779720558E1);
#4371=CARTESIAN_POINT('',(2.633749273388E1,1.000046319512E0,1.979020599625E1));
#4372=LINE('',#4371,#4370);
#4373=DIRECTION('',(0.E0,1.E0,-1.732870238414E-7));
#4374=VECTOR('',#4373,9.999999999998E-1);
#4375=CARTESIAN_POINT('',(2.633749273388E1,4.631951240117E-5,1.979020616954E1));
#4376=LINE('',#4375,#4374);
#4377=DIRECTION('',(5.927267192276E-8,1.E0,-1.738347345201E-7));
#4378=VECTOR('',#4377,1.000000003055E0);
#4379=CARTESIAN_POINT('',(-4.003029234758E1,4.631254382314E-5,
1.974999211150E1));
#4380=LINE('',#4379,#4378);
#4381=DIRECTION('',(0.E0,-1.E0,1.732870238414E-7));
#4382=VECTOR('',#4381,9.999999999999E-1);
#4383=CARTESIAN_POINT('',(-4.401863215121E1,1.000042977672E0,
5.052071345195E-1));
#4384=LINE('',#4383,#4382);
#4385=DIRECTION('',(6.059272571332E-4,-1.733472479504E-7,-9.999998164260E-1));
#4386=VECTOR('',#4385,1.524236465768E1);
#4387=CARTESIAN_POINT('',(-4.402786791542E1,1.000045619894E0,1.574756899410E1));
#4388=LINE('',#4387,#4386);
#4389=DIRECTION('',(1.357705058244E-10,1.E0,-1.600379773899E-7));
#4390=VECTOR('',#4389,1.000000000918E0);
#4391=CARTESIAN_POINT('',(-4.402786791555E1,4.561897587738E-5,
1.574756915413E1));
#4392=LINE('',#4391,#4390);
#4393=DIRECTION('',(-6.059272665673E-4,1.732869894785E-7,9.999998164260E-1));
#4394=VECTOR('',#4393,1.524236464443E1);
#4395=CARTESIAN_POINT('',(-4.401863215121E1,4.297767239561E-5,
5.052073078065E-1));
#4396=LINE('',#4395,#4394);
#4397=DIRECTION('',(0.E0,-9.486832258370E-1,3.162279826574E-1));
#4398=VECTOR('',#4397,1.581138859110E0);
#4399=CARTESIAN_POINT('',(-1.049794125841E1,2.000037183417E0,
-3.293212344934E1));
#4400=LINE('',#4399,#4398);
#4401=DIRECTION('',(0.E0,-1.E0,1.732870212360E-7));
#4402=VECTOR('',#4401,7.5E0);
#4403=CARTESIAN_POINT('',(-1.049794125841E1,5.000372700605E-1,
-3.243212309763E1));
#4404=LINE('',#4403,#4402);
#4405=DIRECTION('',(9.999998164261E-1,1.050006748216E-10,6.059272674150E-4));
#4406=VECTOR('',#4405,1.E0);
#4407=CARTESIAN_POINT('',(-1.149794107483E1,5.000372699555E-1,
-3.243272902489E1));
#4408=LINE('',#4407,#4406);
#4409=DIRECTION('',(0.E0,-1.E0,1.732870212360E-7));
#4410=VECTOR('',#4409,7.5E0);
#4411=CARTESIAN_POINT('',(-1.149794107483E1,5.000372699555E-1,
-3.243272902489E1));
#4412=LINE('',#4411,#4410);
#4413=DIRECTION('',(0.E0,9.486832258370E-1,-3.162279826574E-1));
#4414=VECTOR('',#4413,1.581138859110E0);
#4415=CARTESIAN_POINT('',(-1.149794107483E1,5.000372699555E-1,
-3.243272902489E1));
#4416=LINE('',#4415,#4414);
#4417=DIRECTION('',(3.832220452562E-4,-9.486833354333E-1,-3.162274216637E-1));
#4418=VECTOR('',#4417,1.581138859110E0);
#4419=CARTESIAN_POINT('',(-1.152908573638E1,2.000046090263E0,1.846726118769E1));
#4420=LINE('',#4419,#4418);
#4421=DIRECTION('',(0.E0,-1.E0,1.732870212360E-7));
#4422=VECTOR('',#4421,7.5E0);
#4423=CARTESIAN_POINT('',(-1.152847980911E1,5.000460036198E-1,
1.796726172298E1));
#4424=LINE('',#4423,#4422);
#4425=DIRECTION('',(-9.999998164261E-1,-1.049993425539E-10,-6.059272674186E-4));
#4426=VECTOR('',#4425,1.E0);
#4427=CARTESIAN_POINT('',(-1.052847999268E1,5.000460037248E-1,
1.796786765025E1));
#4428=LINE('',#4427,#4426);
#4429=DIRECTION('',(0.E0,-1.E0,1.732870217097E-7));
#4430=VECTOR('',#4429,7.5E0);
#4431=CARTESIAN_POINT('',(-1.052847999268E1,5.000460037248E-1,
1.796786765025E1));
#4432=LINE('',#4431,#4430);
#4433=DIRECTION('',(-3.832220452562E-4,9.486833354333E-1,3.162274216637E-1));
#4434=VECTOR('',#4433,1.581138859110E0);
#4435=CARTESIAN_POINT('',(-1.052847999268E1,5.000460037248E-1,
1.796786765025E1));
#4436=LINE('',#4435,#4434);
#4437=CARTESIAN_POINT('',(1.E1,-8.499955537521E0,9.073689652861E0));
#4438=DIRECTION('',(1.E0,0.E0,0.E0));
#4439=DIRECTION('',(0.E0,-1.E0,1.732870167359E-7));
#4440=AXIS2_PLACEMENT_3D('',#4437,#4438,#4439);
#4442=CARTESIAN_POINT('',(3.311E1,-8.499955537521E0,9.073689652861E0));
#4443=DIRECTION('',(1.E0,0.E0,0.E0));
#4444=DIRECTION('',(0.E0,-1.E0,1.732870202886E-7));
#4445=AXIS2_PLACEMENT_3D('',#4442,#4443,#4444);
#4447=CARTESIAN_POINT('',(4.161E1,-8.499957010461E0,5.736896528607E-1));
#4448=DIRECTION('',(0.E0,-1.732870213279E-7,-1.E0));
#4449=DIRECTION('',(0.E0,-1.E0,1.732870213988E-7));
#4450=AXIS2_PLACEMENT_3D('',#4447,#4448,#4449);
#4452=DIRECTION('',(0.E0,-1.732870213336E-7,-1.E0));
#4453=VECTOR('',#4452,1.564E1);
#4454=CARTESIAN_POINT('',(4.111E1,-8.499957010461E0,5.736896528587E-1));
#4455=LINE('',#4454,#4453);
#4456=DIRECTION('',(1.421085471520E-14,-1.E0,1.732830330337E-7));
#4457=VECTOR('',#4456,5.E-1);
#4458=CARTESIAN_POINT('',(4.111E1,-7.999957010461E0,5.736895662172E-1));
#4459=LINE('',#4458,#4457);
#4460=CARTESIAN_POINT('',(3.311E1,-8.499957010461E0,5.736896528607E-1));
#4461=DIRECTION('',(0.E0,1.E0,-1.732870212380E-7));
#4462=DIRECTION('',(0.E0,1.732870211768E-7,1.E0));
#4463=AXIS2_PLACEMENT_3D('',#4460,#4461,#4462);
#4465=DIRECTION('',(-3.907985046681E-12,-1.E0,1.732870202886E-7));
#4466=VECTOR('',#4465,5.E-1);
#4467=CARTESIAN_POINT('',(3.311E1,-7.999955624164E0,8.573689566217E0));
#4468=LINE('',#4467,#4466);
#4469=DIRECTION('',(1.E0,0.E0,0.E0));
#4470=VECTOR('',#4469,2.311E1);
#4471=CARTESIAN_POINT('',(1.E1,-8.499955624164E0,8.573689652861E0));
#4472=LINE('',#4471,#4470);
#4473=DIRECTION('',(3.961275751863E-12,-1.E0,1.732870202886E-7));
#4474=VECTOR('',#4473,5.E-1);
#4475=CARTESIAN_POINT('',(1.E1,-7.999955624164E0,8.573689566217E0));
#4476=LINE('',#4475,#4474);
#4477=CARTESIAN_POINT('',(1.E1,-8.499957010461E0,5.736896528607E-1));
#4478=DIRECTION('',(0.E0,1.E0,-1.732870212380E-7));
#4479=DIRECTION('',(-1.E0,0.E0,0.E0));
#4480=AXIS2_PLACEMENT_3D('',#4477,#4478,#4479);
#4482=DIRECTION('',(0.E0,-1.E0,1.732830012813E-7));
#4483=VECTOR('',#4482,5.E-1);
#4484=CARTESIAN_POINT('',(2.E0,-7.999957010461E0,5.736895662173E-1));
#4485=LINE('',#4484,#4483);
#4486=CARTESIAN_POINT('',(1.5E0,-8.499957010461E0,5.736896528607E-1));
#4487=DIRECTION('',(0.E0,1.732870212380E-7,1.E0));
#4488=DIRECTION('',(0.E0,-1.E0,1.732870211768E-7));
#4489=AXIS2_PLACEMENT_3D('',#4486,#4487,#4488);
#4491=CARTESIAN_POINT('',(1.5E0,-8.499959720670E0,-1.506631034714E1));
#4492=DIRECTION('',(0.E0,1.732870212170E-7,1.E0));
#4493=DIRECTION('',(0.E0,-1.E0,1.732870202886E-7));
#4494=AXIS2_PLACEMENT_3D('',#4491,#4492,#4493);
#4496=DIRECTION('',(0.E0,1.732870213336E-7,1.E0));
#4497=VECTOR('',#4496,1.564E1);
#4498=CARTESIAN_POINT('',(2.E0,-8.499959720670E0,-1.506631034714E1));
#4499=LINE('',#4498,#4497);
#4500=DIRECTION('',(0.E0,-1.E0,1.732910241969E-7));
#4501=VECTOR('',#4500,5.E-1);
#4502=CARTESIAN_POINT('',(2.E0,-7.999959720670E0,-1.506631043378E1));
#4503=LINE('',#4502,#4501);
#4504=CARTESIAN_POINT('',(1.E1,-8.499959720670E0,-1.506631034714E1));
#4505=DIRECTION('',(0.E0,1.E0,-1.732870212380E-7));
#4506=DIRECTION('',(0.E0,-1.732870211768E-7,-1.E0));
#4507=AXIS2_PLACEMENT_3D('',#4504,#4505,#4506);
#4509=DIRECTION('',(3.929301328753E-12,-1.E0,1.732870273941E-7));
#4510=VECTOR('',#4509,5.E-1);
#4511=CARTESIAN_POINT('',(1.E1,-7.999961106966E0,-2.306631043378E1));
#4512=LINE('',#4511,#4510);
#4513=CARTESIAN_POINT('',(1.E1,-8.499961193609E0,-2.356631034714E1));
#4514=DIRECTION('',(-1.E0,0.E0,0.E0));
#4515=DIRECTION('',(0.E0,-1.E0,1.732870202886E-7));
#4516=AXIS2_PLACEMENT_3D('',#4513,#4514,#4515);
#4518=CARTESIAN_POINT('',(3.311E1,-8.499961193609E0,-2.356631034714E1));
#4519=DIRECTION('',(-1.E0,0.E0,0.E0));
#4520=DIRECTION('',(0.E0,-1.E0,1.732870273941E-7));
#4521=AXIS2_PLACEMENT_3D('',#4518,#4519,#4520);
#4523=DIRECTION('',(-1.E0,0.E0,0.E0));
#4524=VECTOR('',#4523,2.311E1);
#4525=CARTESIAN_POINT('',(3.311E1,-8.499961106966E0,-2.306631034714E1));
#4526=LINE('',#4525,#4524);
#4527=DIRECTION('',(-3.964828465541E-12,-1.E0,1.732870202886E-7));
#4528=VECTOR('',#4527,5.E-1);
#4529=CARTESIAN_POINT('',(3.311E1,-7.999961106966E0,-2.306631043378E1));
#4530=LINE('',#4529,#4528);
#4531=DIRECTION('',(-1.387334691572E-12,1.E0,-1.732870131832E-7));
#4532=VECTOR('',#4531,5.E-1);
#4533=CARTESIAN_POINT('',(-5.693442369533E0,-8.999962608203E0,
-3.172961100716E1));
#4534=LINE('',#4533,#4532);
#4535=DIRECTION('',(0.E0,1.E0,-1.732870273941E-7));
#4536=VECTOR('',#4535,5.E-1);
#4537=CARTESIAN_POINT('',(-6.693467871240E0,-8.999962608308E0,
-3.173021742397E1));
#4538=LINE('',#4537,#4536);
#4539=DIRECTION('',(0.E0,1.E0,-1.732883561090E-7));
#4540=VECTOR('',#4539,5.E-1);
#4541=CARTESIAN_POINT('',(-6.693467871240E0,-8.999954117169E0,
1.727022054312E1));
#4542=LINE('',#4541,#4540);
#4543=DIRECTION('',(1.392663762090E-12,1.E0,-1.732870273941E-7));
#4544=VECTOR('',#4543,5.E-1);
#4545=CARTESIAN_POINT('',(-5.693442369535E0,-8.999954117274E0,
1.726961412631E1));
#4546=LINE('',#4545,#4544);
#4547=DIRECTION('',(0.E0,-1.732870212210E-7,-1.E0));
#4548=VECTOR('',#4547,4.899922513347E1);
#4549=CARTESIAN_POINT('',(-5.693442369534E0,-8.499954117274E0,
1.726961403967E1));
#4550=LINE('',#4549,#4548);
#4551=CARTESIAN_POINT('',(-5.693442369532E0,-8.499962608203E0,
-3.172961109380E1));
#4552=CARTESIAN_POINT('',(-5.693442369532E0,-8.499962649060E0,
-3.196538475897E1));
#4553=CARTESIAN_POINT('',(-5.767944365016E0,-8.499962721115E0,
-3.238119772054E1));
#4554=CARTESIAN_POINT('',(-6.008944911542E0,-8.499962774246E0,
-3.268780447579E1));
#4555=CARTESIAN_POINT('',(-6.193764674049E0,-8.499962785339E0,
-3.275182258530E1));
#4556=CARTESIAN_POINT('',(-6.378545720066E0,-8.499962774285E0,
-3.268802860221E1));
#4557=CARTESIAN_POINT('',(-6.619360602136E0,-8.499962721204E0,
-3.238171402049E1));
#4558=CARTESIAN_POINT('',(-6.693610711094E0,-8.499962649165E0,
-3.196599126239E1));
#4559=CARTESIAN_POINT('',(-6.693467871240E0,-8.499962608308E0,
-3.173021751061E1));
#4561=DIRECTION('',(0.E0,1.732870212120E-7,1.E0));
#4562=VECTOR('',#4561,4.900043796709E1);
#4563=CARTESIAN_POINT('',(-6.693467871240E0,-8.499962608308E0,
-3.173021751061E1));
#4564=LINE('',#4563,#4562);
#4565=CARTESIAN_POINT('',(-6.693467871240E0,-8.499954117169E0,
1.727022045647E1));
#4566=CARTESIAN_POINT('',(-6.693610711094E0,-8.499954076312E0,
1.750599420815E1));
#4567=CARTESIAN_POINT('',(-6.619360602137E0,-8.499954004273E0,
1.792171696606E1));
#4568=CARTESIAN_POINT('',(-6.378545720066E0,-8.499953951192E0,
1.822803154765E1));
#4569=CARTESIAN_POINT('',(-6.193764674049E0,-8.499953940138E0,
1.829182553070E1));
#4570=CARTESIAN_POINT('',(-6.008944911542E0,-8.499953951231E0,
1.822780742122E1));
#4571=CARTESIAN_POINT('',(-5.767944365017E0,-8.499954004362E0,
1.792120066611E1));
#4572=CARTESIAN_POINT('',(-5.693442369532E0,-8.499954076417E0,
1.750538770472E1));
#4573=CARTESIAN_POINT('',(-5.693442369532E0,-8.499954117274E0,
1.726961403967E1));
#4575=DIRECTION('',(0.E0,1.E0,-1.732870238413E-7));
#4576=VECTOR('',#4575,1.E0);
#4577=CARTESIAN_POINT('',(-5.394507820948E0,-6.999961741835E0,
-2.672999878700E1));
#4578=LINE('',#4577,#4576);
#4579=DIRECTION('',(0.E0,1.E0,-1.732870238413E-7));
#4580=VECTOR('',#4579,1.E0);
#4581=CARTESIAN_POINT('',(1.394507820948E0,-6.999961741835E0,
-2.672999878700E1));
#4582=LINE('',#4581,#4580);
#4583=CARTESIAN_POINT('',(-2.E0,-5.999961741835E0,-2.672999896028E1));
#4584=DIRECTION('',(0.E0,1.E0,-1.732870212380E-7));
#4585=DIRECTION('',(-1.E0,0.E0,0.E0));
#4586=AXIS2_PLACEMENT_3D('',#4583,#4584,#4585);
#4588=DIRECTION('',(0.E0,1.E0,-1.733016972594E-7));
#4589=VECTOR('',#4588,2.5E0);
#4590=CARTESIAN_POINT('',(-4.5E0,-5.999961741835E0,-2.672999896028E1));
#4591=LINE('',#4590,#4589);
#4592=CARTESIAN_POINT('',(-2.E0,-3.499961741836E0,-2.672999939350E1));
#4593=DIRECTION('',(0.E0,1.E0,-1.732870212380E-7));
#4594=DIRECTION('',(-1.E0,0.E0,0.E0));
#4595=AXIS2_PLACEMENT_3D('',#4592,#4593,#4594);
#4597=CARTESIAN_POINT('',(-2.E0,-5.999961741835E0,-2.672999896028E1));
#4598=DIRECTION('',(0.E0,1.E0,-1.732870212380E-7));
#4599=DIRECTION('',(1.E0,0.E0,0.E0));
#4600=AXIS2_PLACEMENT_3D('',#4597,#4598,#4599);
#4602=DIRECTION('',(0.E0,1.E0,-1.732723418968E-7));
#4603=VECTOR('',#4602,2.5E0);
#4604=CARTESIAN_POINT('',(5.E-1,-5.999961741835E0,-2.672999896028E1));
#4605=LINE('',#4604,#4603);
#4606=CARTESIAN_POINT('',(-2.E0,-3.499961741836E0,-2.672999939350E1));
#4607=DIRECTION('',(0.E0,1.E0,-1.732870212380E-7));
#4608=DIRECTION('',(1.E0,0.E0,0.E0));
#4609=AXIS2_PLACEMENT_3D('',#4606,#4607,#4608);
#4611=CARTESIAN_POINT('',(0.E0,-3.499961741836E0,-2.672999939131E1));
#4612=DIRECTION('',(1.094878875063E-9,-1.732870211998E-7,-1.E0));
#4613=DIRECTION('',(-5.329070518101E-14,1.E0,-1.732870202886E-7));
#4614=AXIS2_PLACEMENT_3D('',#4611,#4612,#4613);
#4616=CARTESIAN_POINT('',(-4.E0,-3.499961741836E0,-2.672999939569E1));
#4617=DIRECTION('',(-1.094878701591E-9,1.732870212681E-7,1.E0));
#4618=DIRECTION('',(4.973799150321E-14,1.E0,-1.732870202886E-7));
#4619=AXIS2_PLACEMENT_3D('',#4616,#4617,#4618);
#4621=DIRECTION('',(0.E0,1.E0,-1.732870185123E-7));
#4622=VECTOR('',#4621,1.E0);
#4623=CARTESIAN_POINT('',(-5.394507820948E0,-6.999954983642E0,
1.227000121300E1));
#4624=LINE('',#4623,#4622);
#4625=DIRECTION('',(0.E0,1.E0,-1.732870167359E-7));
#4626=VECTOR('',#4625,1.E0);
#4627=CARTESIAN_POINT('',(1.394507820948E0,-6.999954983642E0,1.227000121300E1));
#4628=LINE('',#4627,#4626);
#4629=CARTESIAN_POINT('',(-2.E0,-5.999954983642E0,1.227000103971E1));
#4630=DIRECTION('',(0.E0,1.E0,-1.732870212380E-7));
#4631=DIRECTION('',(-1.E0,0.E0,0.E0));
#4632=AXIS2_PLACEMENT_3D('',#4629,#4630,#4631);
#4634=DIRECTION('',(0.E0,1.E0,-1.733016986805E-7));
#4635=VECTOR('',#4634,2.5E0);
#4636=CARTESIAN_POINT('',(-4.5E0,-5.999954983642E0,1.227000103971E1));
#4637=LINE('',#4636,#4635);
#4638=CARTESIAN_POINT('',(-2.E0,-3.499954983642E0,1.227000060650E1));
#4639=DIRECTION('',(0.E0,1.E0,-1.732870212380E-7));
#4640=DIRECTION('',(-1.E0,0.E0,0.E0));
#4641=AXIS2_PLACEMENT_3D('',#4638,#4639,#4640);
#4643=CARTESIAN_POINT('',(-2.E0,-5.999954983642E0,1.227000103971E1));
#4644=DIRECTION('',(0.E0,1.E0,-1.732870212380E-7));
#4645=DIRECTION('',(1.E0,0.E0,0.E0));
#4646=AXIS2_PLACEMENT_3D('',#4643,#4644,#4645);
#4648=DIRECTION('',(0.E0,1.E0,-1.732723461600E-7));
#4649=VECTOR('',#4648,2.5E0);
#4650=CARTESIAN_POINT('',(5.E-1,-5.999954983642E0,1.227000103971E1));
#4651=LINE('',#4650,#4649);
#4652=CARTESIAN_POINT('',(-2.E0,-3.499954983642E0,1.227000060650E1));
#4653=DIRECTION('',(0.E0,1.E0,-1.732870212380E-7));
#4654=DIRECTION('',(1.E0,0.E0,0.E0));
#4655=AXIS2_PLACEMENT_3D('',#4652,#4653,#4654);
#4657=CARTESIAN_POINT('',(0.E0,-3.499954983642E0,1.227000060869E1));
#4658=DIRECTION('',(1.094878049335E-9,-1.732870211998E-7,-1.E0));
#4659=DIRECTION('',(-5.329070518101E-14,1.E0,-1.732870202886E-7));
#4660=AXIS2_PLACEMENT_3D('',#4657,#4658,#4659);
#4662=CARTESIAN_POINT('',(-4.E0,-3.499954983642E0,1.227000060431E1));
#4663=DIRECTION('',(-1.094878500363E-9,1.732870212681E-7,1.E0));
#4664=DIRECTION('',(5.151434834261E-14,1.E0,-1.732870202886E-7));
#4665=AXIS2_PLACEMENT_3D('',#4662,#4663,#4664);
#4667=DIRECTION('',(0.E0,1.E0,-1.733016983252E-7));
#4668=VECTOR('',#4667,2.5E0);
#4669=CARTESIAN_POINT('',(4.45E1,-5.999956196651E0,5.270001039715E0));
#4670=LINE('',#4669,#4668);
#4671=CARTESIAN_POINT('',(4.7E1,-3.499956196651E0,5.270000606497E0));
#4672=DIRECTION('',(0.E0,1.E0,-1.732870212380E-7));
#4673=DIRECTION('',(-1.E0,0.E0,0.E0));
#4674=AXIS2_PLACEMENT_3D('',#4671,#4672,#4673);
#4676=DIRECTION('',(7.071066513849E-1,-7.071067811117E-1,4.285710069477E-4));
#4677=VECTOR('',#4676,9.192388155407E-1);
#4678=CARTESIAN_POINT('',(-4.154999571271E1,3.764825249314E-5,
-3.025093789079E1));
#4679=LINE('',#4678,#4677);
#4680=DIRECTION('',(7.071066513848E-1,7.071067812602E-1,4.283259420702E-4));
#4681=VECTOR('',#4680,9.192388155406E-1);
#4682=CARTESIAN_POINT('',(-3.889999619918E1,-6.499623514675E-1,
-3.024933207715E1));
#4683=LINE('',#4682,#4681);
#4684=CARTESIAN_POINT('',(-3.989999601561E1,-6.499623515722E-1,
-3.024993800442E1));
#4685=DIRECTION('',(0.E0,-1.E0,1.732870212380E-7));
#4686=DIRECTION('',(-9.999998164261E-1,-1.049993425539E-10,-6.059272674150E-4));
#4687=AXIS2_PLACEMENT_3D('',#4684,#4685,#4686);
#4689=CARTESIAN_POINT('',(-3.989999601561E1,-6.999962351795E0,
-3.024993690405E1));
#4690=DIRECTION('',(0.E0,1.E0,-1.732870212380E-7));
#4691=DIRECTION('',(9.999998164261E-1,1.049995645985E-10,6.059272674257E-4));
#4692=AXIS2_PLACEMENT_3D('',#4689,#4690,#4691);
#4694=DIRECTION('',(0.E0,-1.E0,1.732870197231E-7));
#4695=VECTOR('',#4694,6.350000000223E0);
#4696=CARTESIAN_POINT('',(-3.889999619918E1,-6.499623514675E-1,
-3.024933207715E1));
#4697=LINE('',#4696,#4695);
#4698=CARTESIAN_POINT('',(-3.989999601561E1,-6.499623515721E-1,
-3.024993800442E1));
#4699=DIRECTION('',(0.E0,-1.E0,1.732870212380E-7));
#4700=DIRECTION('',(9.999998164261E-1,1.049993425539E-10,6.059272674328E-4));
#4701=AXIS2_PLACEMENT_3D('',#4698,#4699,#4700);
#4703=DIRECTION('',(0.E0,1.E0,-1.732870219610E-7));
#4704=VECTOR('',#4703,6.350000000223E0);
#4705=CARTESIAN_POINT('',(-4.089999583203E1,-6.999962351900E0,
-3.025054283131E1));
#4706=LINE('',#4705,#4704);
#4707=CARTESIAN_POINT('',(-3.989999601561E1,-6.999962351795E0,
-3.024993690405E1));
#4708=DIRECTION('',(0.E0,1.E0,-1.732870212380E-7));
#4709=DIRECTION('',(-9.999998164261E-1,-1.049995645985E-10,-6.059272674150E-4));
#4710=AXIS2_PLACEMENT_3D('',#4707,#4708,#4709);
#4712=CARTESIAN_POINT('',(-4.300181322663E1,3.816792532842E-5,
-2.725181704802E1));
#4713=CARTESIAN_POINT('',(-3.990181378024E1,3.816827415682E-5,
-2.724993867348E1));
#4714=VERTEX_POINT('',#4712);
#4715=VERTEX_POINT('',#4713);
#4716=CARTESIAN_POINT('',(-4.300181322723E1,-6.999961832248E0,
-2.725181583501E1));
#4717=VERTEX_POINT('',#4716);
#4718=CARTESIAN_POINT('',(-3.990181378596E1,-6.999961831892E0,
-2.724993746047E1));
#4719=VERTEX_POINT('',#4718);
#4720=CARTESIAN_POINT('',(-3.689817878453E1,3.712887888787E-5,
-3.324811978710E1));
#4721=CARTESIAN_POINT('',(-3.689999656634E1,3.764873985835E-5,
-3.024812031967E1));
#4722=VERTEX_POINT('',#4720);
#4723=VERTEX_POINT('',#4721);
#4724=CARTESIAN_POINT('',(-3.999817822952E1,3.712855338474E-5,
-3.324999815910E1));
#4725=VERTEX_POINT('',#4724);
#4726=CARTESIAN_POINT('',(-4.299999544483E1,3.764809934491E-5,
-3.025181649637E1));
#4727=VERTEX_POINT('',#4726);
#4728=CARTESIAN_POINT('',(-3.824999940483E1,3.456227503100E-5,
-3.024893833893E1));
#4729=CARTESIAN_POINT('',(-3.990099579373E1,3.484802507848E-5,
-2.859994150628E1));
#4730=VERTEX_POINT('',#4728);
#4731=VERTEX_POINT('',#4729);
#4732=CARTESIAN_POINT('',(-4.154999262639E1,3.456192852809E-5,
-3.025093789518E1));
#4733=VERTEX_POINT('',#4732);
#4734=CARTESIAN_POINT('',(-3.989899623749E1,3.427617906700E-5,
-3.189993472783E1));
#4735=VERTEX_POINT('',#4734);
#4736=CARTESIAN_POINT('',(-3.689999656633E1,-6.999962351423E0,
-3.024811912381E1));
#4737=VERTEX_POINT('',#4736);
#4738=CARTESIAN_POINT('',(-3.689817878453E1,-6.999962871294E0,
-3.324811857219E1));
#4739=VERTEX_POINT('',#4738);
#4740=CARTESIAN_POINT('',(5.010180525993E1,3.713786716499E-5,
-3.319540411229E1));
#4741=CARTESIAN_POINT('',(4.700180581512E1,3.713757666563E-5,
-3.319728248686E1));
#4742=VERTEX_POINT('',#4740);
#4743=VERTEX_POINT('',#4741);
#4744=CARTESIAN_POINT('',(5.010180524975E1,2.000037137794E0,-3.319540445887E1));
#4745=VERTEX_POINT('',#4744);
#4746=CARTESIAN_POINT('',(-3.999817823487E1,2.000037128333E0,
-3.324999850568E1));
#4747=VERTEX_POINT('',#4746);
#4748=CARTESIAN_POINT('',(-4.299999544483E1,2.000037647879E0,
-3.025181684200E1));
#4749=VERTEX_POINT('',#4748);
#4750=CARTESIAN_POINT('',(-4.302786809934E1,4.561930087502E-5,
1.574817507736E1));
#4751=CARTESIAN_POINT('',(-4.302786809914E1,2.000045619081E0,1.574817473249E1));
#4752=VERTEX_POINT('',#4750);
#4753=VERTEX_POINT('',#4751);
#4754=CARTESIAN_POINT('',(-4.302605031793E1,4.509943990367E-5,
1.274817561468E1));
#4755=VERTEX_POINT('',#4754);
#4756=CARTESIAN_POINT('',(-4.302605031773E1,-6.999954900745E0,
1.274817682768E1));
#4757=VERTEX_POINT('',#4756);
#4758=CARTESIAN_POINT('',(-3.992605088811E1,-6.999954900381E0,
1.275005520221E1));
#4759=VERTEX_POINT('',#4758);
#4760=CARTESIAN_POINT('',(-3.692786922063E1,-6.999954380207E0,
1.575187242914E1));
#4761=VERTEX_POINT('',#4760);
#4762=CARTESIAN_POINT('',(-3.692968700243E1,-6.999953860418E0,
1.875187188260E1));
#4763=VERTEX_POINT('',#4762);
#4764=CARTESIAN_POINT('',(5.309998691373E1,3.765807979203E-5,
-3.019358689706E1));
#4765=CARTESIAN_POINT('',(5.309816913191E1,3.817805076091E-5,
-2.719358743187E1));
#4766=VERTEX_POINT('',#4764);
#4767=VERTEX_POINT('',#4765);
#4768=CARTESIAN_POINT('',(5.307211425941E1,4.562924463170E-5,1.580640468576E1));
#4769=CARTESIAN_POINT('',(5.307393204120E1,4.510945867672E-5,1.280640522507E1));
#4770=VERTEX_POINT('',#4768);
#4771=VERTEX_POINT('',#4769);
#4772=CARTESIAN_POINT('',(5.307211425941E1,2.000045629171E0,1.580640432782E1));
#4773=VERTEX_POINT('',#4772);
#4774=CARTESIAN_POINT('',(5.308132435388E1,4.299520906849E-5,
6.064074647070E-1));
#4775=CARTESIAN_POINT('',(5.308132435388E1,2.000042995209E0,6.064071181330E-1));
#4776=VERTEX_POINT('',#4774);
#4777=VERTEX_POINT('',#4775);
#4778=CARTESIAN_POINT('',(5.309077681925E1,4.029193203162E-5,
-1.499358967154E1));
#4779=VERTEX_POINT('',#4778);
#4780=CARTESIAN_POINT('',(5.309077681925E1,2.000040291932E0,-1.499359001811E1));
#4781=VERTEX_POINT('',#4780);
#4782=CARTESIAN_POINT('',(5.309998691373E1,2.000037657970E0,-3.019358724496E1));
#4783=VERTEX_POINT('',#4782);
#4784=CARTESIAN_POINT('',(5.379077669075E1,2.000040292006E0,-1.499316586903E1));
#4785=VERTEX_POINT('',#4784);
#4786=CARTESIAN_POINT('',(5.379998678502E1,2.000037658800E0,-3.019316310285E1));
#4787=VERTEX_POINT('',#4786);
#4788=CARTESIAN_POINT('',(5.010222930992E1,2.000047485307E0,-3.389540118978E1));
#4789=VERTEX_POINT('',#4788);
#4790=CARTESIAN_POINT('',(-3.999775408771E1,2.000037008853E0,
-3.394999837663E1));
#4791=VERTEX_POINT('',#4790);
#4792=CARTESIAN_POINT('',(-4.369999217570E1,2.000048116610E0,
-3.025224090191E1));
#4793=VERTEX_POINT('',#4792);
#4794=CARTESIAN_POINT('',(-4.399999526069E1,1.000037651479E0,
-3.025242253005E1));
#4795=VERTEX_POINT('',#4794);
#4796=CARTESIAN_POINT('',(5.409077663568E1,4.029203703089E-5,
-1.499298374427E1));
#4797=VERTEX_POINT('',#4796);
#4798=CARTESIAN_POINT('',(5.408132417031E1,4.299531406476E-5,
6.070133919744E-1));
#4799=VERTEX_POINT('',#4798);
#4800=CARTESIAN_POINT('',(-4.003029235892E1,4.631254383445E-5,
1.974999211149E1));
#4801=CARTESIAN_POINT('',(-4.402786791552E1,4.561897587981E-5,
1.574756913897E1));
#4802=VERTEX_POINT('',#4800);
#4803=VERTEX_POINT('',#4801);
#4804=CARTESIAN_POINT('',(-4.002968643545E1,2.000046139257E0,1.874999194849E1));
#4805=VERTEX_POINT('',#4804);
#4806=CARTESIAN_POINT('',(-4.372786482995E1,2.000056087814E0,1.574775057229E1));
#4807=CARTESIAN_POINT('',(-4.003011049534E1,2.000056729364E0,1.944998867940E1));
#4808=VERTEX_POINT('',#4806);
#4809=VERTEX_POINT('',#4807);
#4810=CARTESIAN_POINT('',(-4.003029228831E1,1.000046315598E0,1.974999193766E1));
#4811=VERTEX_POINT('',#4810);
#4812=CARTESIAN_POINT('',(-4.402786459288E1,1.000056694585E0,1.574756903595E1));
#4813=VERTEX_POINT('',#4812);
#4814=CARTESIAN_POINT('',(-4.002968644726E1,4.613947684053E-5,
1.874999229505E1));
#4815=CARTESIAN_POINT('',(-3.692968700243E1,4.613975733611E-5,
1.875187066959E1));
#4816=VERTEX_POINT('',#4814);
#4817=VERTEX_POINT('',#4815);
#4818=CARTESIAN_POINT('',(-3.692786922062E1,4.561992803145E-5,
1.575187119897E1));
#4819=VERTEX_POINT('',#4818);
#4820=CARTESIAN_POINT('',(-3.992605088811E1,4.509976540378E-5,
1.275005398920E1));
#4821=VERTEX_POINT('',#4820);
#4822=CARTESIAN_POINT('',(-4.157786528069E1,4.253313001497E-5,
1.574905366036E1));
#4823=CARTESIAN_POINT('',(-3.992686889179E1,4.224738062677E-5,
1.410005682770E1));
#4824=VERTEX_POINT('',#4822);
#4825=VERTEX_POINT('',#4823);
#4826=CARTESIAN_POINT('',(-3.827787205913E1,4.253347653897E-5,
1.575105321660E1));
#4827=VERTEX_POINT('',#4826);
#4828=CARTESIAN_POINT('',(-3.992886844803E1,4.281922658452E-5,
1.740005004926E1));
#4829=VERTEX_POINT('',#4828);
#4830=CARTESIAN_POINT('',(5.007029704261E1,4.614882729554E-5,1.880458634187E1));
#4831=CARTESIAN_POINT('',(5.007029707658E1,2.000046148717E0,1.880458599531E1));
#4832=VERTEX_POINT('',#4830);
#4833=VERTEX_POINT('',#4831);
#4834=CARTESIAN_POINT('',(4.697029759721E1,4.614861178006E-5,1.880270796733E1));
#4835=VERTEX_POINT('',#4834);
#4836=CARTESIAN_POINT('',(5.378132422538E1,2.000042995283E0,6.068312672202E-1));
#4837=VERTEX_POINT('',#4836);
#4838=CARTESIAN_POINT('',(5.006987288425E1,2.000056738830E0,1.950458272614E1));
#4839=CARTESIAN_POINT('',(5.377211099036E1,2.000056098058E0,1.580682839153E1));
#4840=VERTEX_POINT('',#4838);
#4841=VERTEX_POINT('',#4839);
#4842=CARTESIAN_POINT('',(5.408132417031E1,1.000042996179E0,6.070132186874E-1));
#4843=VERTEX_POINT('',#4842);
#4844=CARTESIAN_POINT('',(5.407211407532E1,1.000045632338E0,1.580701035779E1));
#4845=VERTEX_POINT('',#4844);
#4846=CARTESIAN_POINT('',(5.407211407586E1,4.562927630470E-5,1.580701059031E1));
#4847=VERTEX_POINT('',#4846);
#4848=CARTESIAN_POINT('',(5.006969110447E1,4.632200427282E-5,1.980458615829E1));
#4849=VERTEX_POINT('',#4848);
#4850=CARTESIAN_POINT('',(5.006969113287E1,1.000046322926E0,1.980458598488E1));
#4851=VERTEX_POINT('',#4850);
#4852=CARTESIAN_POINT('',(5.409077663568E1,1.000040292037E0,-1.499298391756E1));
#4853=VERTEX_POINT('',#4852);
#4854=CARTESIAN_POINT('',(5.409998673004E1,1.000037658995E0,-3.019298115902E1));
#4855=VERTEX_POINT('',#4854);
#4856=CARTESIAN_POINT('',(5.010241110545E1,1.000036966345E0,-3.419540410205E1));
#4857=VERTEX_POINT('',#4856);
#4858=CARTESIAN_POINT('',(-3.999757231710E1,1.000036956614E0,
-3.424999814868E1));
#4859=VERTEX_POINT('',#4858);
#4860=CARTESIAN_POINT('',(-3.999757230385E1,3.695504640105E-5,
-3.424999797553E1));
#4861=VERTEX_POINT('',#4860);
#4862=CARTESIAN_POINT('',(-4.399999526121E1,3.764777435887E-5,
-3.025242241888E1));
#4863=VERTEX_POINT('',#4862);
#4864=CARTESIAN_POINT('',(5.010241115088E1,3.696450683719E-5,
-3.419540392874E1));
#4865=VERTEX_POINT('',#4864);
#4866=CARTESIAN_POINT('',(5.409998673018E1,3.765807478656E-5,
-3.019298095732E1));
#4867=VERTEX_POINT('',#4866);
#4868=CARTESIAN_POINT('',(-1.049794125841E1,2.000037131431E0,
-3.323212350442E1));
#4869=CARTESIAN_POINT('',(-1.049794125841E1,-6.999962868569E0,
-3.323212194483E1));
#4870=VERTEX_POINT('',#4868);
#4871=VERTEX_POINT('',#4869);
#4872=CARTESIAN_POINT('',(-1.149794107483E1,2.000037131326E0,
-3.323272943168E1));
#4873=CARTESIAN_POINT('',(-1.149794107483E1,-6.999962868674E0,
-3.323272787210E1));
#4874=VERTEX_POINT('',#4872);
#4875=VERTEX_POINT('',#4873);
#4876=CARTESIAN_POINT('',(-1.149794107483E1,-6.999962730044E0,
-3.243272772524E1));
#4877=CARTESIAN_POINT('',(-1.049794125841E1,-6.999962729939E0,
-3.243212179797E1));
#4878=VERTEX_POINT('',#4876);
#4879=VERTEX_POINT('',#4877);
#4880=CARTESIAN_POINT('',(-1.152944929274E1,-6.999953857751E0,
1.876726258205E1));
#4881=CARTESIAN_POINT('',(-1.152847980911E1,-6.999953996380E0,
1.796726302263E1));
#4882=VERTEX_POINT('',#4880);
#4883=VERTEX_POINT('',#4881);
#4884=CARTESIAN_POINT('',(-1.052944947631E1,-6.999953857646E0,
1.876786850932E1));
#4885=CARTESIAN_POINT('',(-1.052847999268E1,-6.999953996275E0,
1.796786894990E1));
#4886=VERTEX_POINT('',#4884);
#4887=VERTEX_POINT('',#4885);
#4888=CARTESIAN_POINT('',(2.060205303244E1,2.000037134696E0,-3.321327916640E1));
#4889=VERTEX_POINT('',#4888);
#4890=CARTESIAN_POINT('',(2.160205284887E1,2.000037134801E0,-3.321267323913E1));
#4891=VERTEX_POINT('',#4890);
#4892=CARTESIAN_POINT('',(-1.152944929274E1,2.000046142249E0,1.876726102247E1));
#4893=VERTEX_POINT('',#4892);
#4894=CARTESIAN_POINT('',(-1.052944947631E1,2.000046142354E0,1.876786694974E1));
#4895=CARTESIAN_POINT('',(2.057054481454E1,2.000046145620E0,1.878671128775E1));
#4896=VERTEX_POINT('',#4894);
#4897=VERTEX_POINT('',#4895);
#4898=CARTESIAN_POINT('',(-4.300817131303E1,2.000039986067E0,
-1.675866816286E1));
#4899=CARTESIAN_POINT('',(-4.300817131303E1,-6.999960013933E0,
-1.675866660328E1));
#4900=VERTEX_POINT('',#4898);
#4901=VERTEX_POINT('',#4899);
#4902=CARTESIAN_POINT('',(-4.300877724041E1,2.000040159354E0,
-1.575866816286E1));
#4903=CARTESIAN_POINT('',(-4.300877724041E1,-6.999959840646E0,
-1.575866660328E1));
#4904=VERTEX_POINT('',#4902);
#4905=VERTEX_POINT('',#4903);
#4906=CARTESIAN_POINT('',(-4.301908630354E1,2.000043107606E0,1.255026042083E0));
#4907=CARTESIAN_POINT('',(-4.301908630354E1,-6.999956892394E0,
1.255027601666E0));
#4908=VERTEX_POINT('',#4906);
#4909=VERTEX_POINT('',#4907);
#4910=CARTESIAN_POINT('',(-4.301969223092E1,2.000043280893E0,2.255026042083E0));
#4911=CARTESIAN_POINT('',(-4.301969223092E1,-6.999956719107E0,
2.255027601666E0));
#4912=VERTEX_POINT('',#4910);
#4913=VERTEX_POINT('',#4911);
#4914=CARTESIAN_POINT('',(-4.210877707520E1,-6.999959840646E0,
-1.575866660328E1));
#4915=CARTESIAN_POINT('',(-4.210817114782E1,-6.999960013933E0,
-1.675866660328E1));
#4916=VERTEX_POINT('',#4914);
#4917=VERTEX_POINT('',#4915);
#4918=CARTESIAN_POINT('',(-4.211908679919E1,-6.999956892205E0,
1.256118270747E0));
#4919=VERTEX_POINT('',#4918);
#4920=CARTESIAN_POINT('',(-4.211969272657E1,-6.999956718918E0,
2.256118270747E0));
#4921=VERTEX_POINT('',#4920);
#4922=CARTESIAN_POINT('',(5.308086077208E1,2.000043127787E0,1.371485262881E0));
#4923=VERTEX_POINT('',#4922);
#4924=CARTESIAN_POINT('',(5.308025484471E1,2.000043301074E0,2.371485262881E0));
#4925=VERTEX_POINT('',#4924);
#4926=CARTESIAN_POINT('',(5.309184632842E1,2.000039986067E0,-1.675866816286E1));
#4927=VERTEX_POINT('',#4926);
#4928=CARTESIAN_POINT('',(5.309124040105E1,2.000040159354E0,-1.575866816286E1));
#4929=VERTEX_POINT('',#4928);
#4930=CARTESIAN_POINT('',(-1.049794125841E1,2.000037183417E0,
-3.293212344934E1));
#4931=CARTESIAN_POINT('',(-1.049794125841E1,5.000372700605E-1,
-3.243212309763E1));
#4932=VERTEX_POINT('',#4930);
#4933=VERTEX_POINT('',#4931);
#4934=CARTESIAN_POINT('',(-1.149794107483E1,5.000372699555E-1,
-3.243272902489E1));
#4935=VERTEX_POINT('',#4934);
#4936=CARTESIAN_POINT('',(-1.149794107483E1,2.000037183312E0,
-3.293272937661E1));
#4937=VERTEX_POINT('',#4936);
#4938=CARTESIAN_POINT('',(2.160205284887E1,2.000037186787E0,-3.291267318406E1));
#4939=CARTESIAN_POINT('',(2.160205284887E1,5.000372734310E-1,
-3.241267283234E1));
#4940=VERTEX_POINT('',#4938);
#4941=VERTEX_POINT('',#4939);
#4942=CARTESIAN_POINT('',(2.060205303244E1,5.000372733260E-1,
-3.241327875961E1));
#4943=VERTEX_POINT('',#4942);
#4944=CARTESIAN_POINT('',(2.060205303244E1,2.000037186682E0,-3.291327911133E1));
#4945=VERTEX_POINT('',#4944);
#4946=CARTESIAN_POINT('',(-4.261908652383E1,2.000043107690E0,1.255510783897E0));
#4947=CARTESIAN_POINT('',(-4.211908679919E1,5.000431077953E-1,
1.256116971095E0));
#4948=VERTEX_POINT('',#4946);
#4949=VERTEX_POINT('',#4947);
#4950=CARTESIAN_POINT('',(-4.211969272657E1,5.000432810823E-1,
2.256116971095E0));
#4951=VERTEX_POINT('',#4950);
#4952=CARTESIAN_POINT('',(-4.261969245121E1,2.000043280977E0,2.255510783897E0));
#4953=VERTEX_POINT('',#4952);
#4954=CARTESIAN_POINT('',(-4.260817123961E1,2.000039986067E0,
-1.675866816286E1));
#4955=CARTESIAN_POINT('',(-4.210817114782E1,5.000399860669E-1,
-1.675866790293E1));
#4956=VERTEX_POINT('',#4954);
#4957=VERTEX_POINT('',#4955);
#4958=CARTESIAN_POINT('',(-4.210877707520E1,5.000401593539E-1,
-1.575866790293E1));
#4959=VERTEX_POINT('',#4958);
#4960=CARTESIAN_POINT('',(-4.260877716698E1,2.000040159354E0,
-1.575866816286E1));
#4961=VERTEX_POINT('',#4960);
#4962=CARTESIAN_POINT('',(2.057090837090E1,2.000046093634E0,1.848671145297E1));
#4963=CARTESIAN_POINT('',(2.057151429817E1,5.000460069903E-1,1.798671198826E1));
#4964=VERTEX_POINT('',#4962);
#4965=VERTEX_POINT('',#4963);
#4966=CARTESIAN_POINT('',(2.157151411459E1,5.000460070953E-1,1.798731791553E1));
#4967=VERTEX_POINT('',#4966);
#4968=CARTESIAN_POINT('',(2.157090818733E1,2.000046093739E0,1.848731738024E1));
#4969=VERTEX_POINT('',#4968);
#4970=CARTESIAN_POINT('',(-1.152908573638E1,2.000046090263E0,1.846726118769E1));
#4971=CARTESIAN_POINT('',(-1.152847980911E1,5.000460036198E-1,
1.796726172298E1));
#4972=VERTEX_POINT('',#4970);
#4973=VERTEX_POINT('',#4971);
#4974=CARTESIAN_POINT('',(-1.052847999268E1,5.000460037248E-1,
1.796786765025E1));
#4975=VERTEX_POINT('',#4974);
#4976=CARTESIAN_POINT('',(-1.052908591995E1,2.000046090368E0,1.846786711495E1));
#4977=VERTEX_POINT('',#4976);
#4978=CARTESIAN_POINT('',(5.278025500992E1,2.000043301011E0,2.371121706520E0));
#4979=CARTESIAN_POINT('',(5.228025528528E1,5.000433009062E-1,2.370516039184E0));
#4980=VERTEX_POINT('',#4978);
#4981=VERTEX_POINT('',#4979);
#4982=CARTESIAN_POINT('',(5.228086121266E1,5.000431276192E-1,1.370516039184E0));
#4983=VERTEX_POINT('',#4982);
#4984=CARTESIAN_POINT('',(5.278086093730E1,2.000043127724E0,1.371121706521E0));
#4985=VERTEX_POINT('',#4984);
#4986=CARTESIAN_POINT('',(5.279124034597E1,2.000040159354E0,-1.575866816286E1));
#4987=CARTESIAN_POINT('',(5.229124025419E1,5.000401593539E-1,
-1.575866790293E1));
#4988=VERTEX_POINT('',#4986);
#4989=VERTEX_POINT('',#4987);
#4990=CARTESIAN_POINT('',(5.229184618157E1,5.000399860669E-1,
-1.675866790293E1));
#4991=VERTEX_POINT('',#4990);
#4992=CARTESIAN_POINT('',(5.279184627335E1,2.000039986067E0,-1.675866816286E1));
#4993=VERTEX_POINT('',#4992);
#4994=CARTESIAN_POINT('',(2.157054463096E1,2.000046145725E0,1.878731721502E1));
#4995=VERTEX_POINT('',#4994);
#4996=CARTESIAN_POINT('',(4.094160899630E1,4.644233890741E-5,2.049905533192E1));
#4997=CARTESIAN_POINT('',(4.124142716305E1,4.649436820450E-5,2.079923705503E1));
#4998=VERTEX_POINT('',#4996);
#4999=VERTEX_POINT('',#4997);
#5000=CARTESIAN_POINT('',(4.124142715494E1,-4.184953507143E0,2.079925079885E1));
#5001=VERTEX_POINT('',#5000);
#5002=CARTESIAN_POINT('',(4.094160899630E1,-4.184953558863E0,2.049905605730E1));
#5003=VERTEX_POINT('',#5002);
#5004=CARTESIAN_POINT('',(2.632093277236E1,4.649280156525E-5,2.079019631898E1));
#5005=CARTESIAN_POINT('',(2.662111449547E1,4.644083526770E-5,2.049037815223E1));
#5006=VERTEX_POINT('',#5004);
#5007=VERTEX_POINT('',#5005);
#5008=CARTESIAN_POINT('',(2.662111449547E1,-4.184953560842E0,2.049037887760E1));
#5009=VERTEX_POINT('',#5008);
#5010=CARTESIAN_POINT('',(2.632093276545E1,-4.184953510305E0,2.079021006278E1));
#5011=VERTEX_POINT('',#5010);
#5012=CARTESIAN_POINT('',(3.860041917250E1,-5.709398365161E0,2.087316602480E1));
#5013=CARTESIAN_POINT('',(2.896184923859E1,-5.709398366173E0,2.086732575138E1));
#5014=VERTEX_POINT('',#5012);
#5015=VERTEX_POINT('',#5013);
#5016=CARTESIAN_POINT('',(3.842748208369E1,-5.959013466568E0,2.079753304153E1));
#5017=CARTESIAN_POINT('',(2.913487785662E1,-5.959013467544E0,2.079190239821E1));
#5018=VERTEX_POINT('',#5016);
#5019=VERTEX_POINT('',#5017);
#5020=VERTEX_POINT('',#4214);
#5021=VERTEX_POINT('',#4275);
#5022=VERTEX_POINT('',#4225);
#5023=VERTEX_POINT('',#4282);
#5024=CARTESIAN_POINT('',(-1.853913397616E1,-6.499953858487E0,
1.876301513554E1));
#5025=CARTESIAN_POINT('',(-1.723913421481E1,-5.199953858350E0,
1.876380261572E1));
#5026=VERTEX_POINT('',#5024);
#5027=VERTEX_POINT('',#5025);
#5028=CARTESIAN_POINT('',(-1.723913421481E1,-3.199953858350E0,
1.876380226915E1));
#5029=VERTEX_POINT('',#5028);
#5030=CARTESIAN_POINT('',(-1.853913397616E1,-1.899953858487E0,
1.876301433842E1));
#5031=VERTEX_POINT('',#5030);
#5032=CARTESIAN_POINT('',(-2.853913214042E1,-1.899953859537E0,
1.875695506575E1));
#5033=VERTEX_POINT('',#5032);
#5034=CARTESIAN_POINT('',(-2.983913190177E1,-3.199953859673E0,
1.875616758558E1));
#5035=VERTEX_POINT('',#5034);
#5036=CARTESIAN_POINT('',(-2.983913190177E1,-5.199953859673E0,
1.875616793215E1));
#5037=VERTEX_POINT('',#5036);
#5038=CARTESIAN_POINT('',(-2.853913214042E1,-6.499953859537E0,
1.875695586287E1));
#5039=VERTEX_POINT('',#5038);
#5040=VERTEX_POINT('',#301);
#5041=VERTEX_POINT('',#308);
#5042=CARTESIAN_POINT('',(-2.538283609996E1,-6.999957912201E0,
-4.630047468151E0));
#5043=VERTEX_POINT('',#5042);
#5044=VERTEX_POINT('',#340);
#5045=CARTESIAN_POINT('',(-3.326916853573E1,-6.999957868860E0,
-4.379936342410E0));
#5046=VERTEX_POINT('',#5045);
#5047=VERTEX_POINT('',#327);
#5048=CARTESIAN_POINT('',(-3.352445334855E1,-6.999958795742E0,
-9.728765390980E0));
#5049=VERTEX_POINT('',#5048);
#5050=VERTEX_POINT('',#314);
#5051=CARTESIAN_POINT('',(-3.264487772736E1,-6.999961045073E0,
-2.270914042328E1));
#5052=CARTESIAN_POINT('',(-1.436757169062E1,-6.999961045073E0,
-2.270914042328E1));
#5053=VERTEX_POINT('',#5051);
#5054=VERTEX_POINT('',#5052);
#5055=CARTESIAN_POINT('',(-1.416757169062E1,-6.999961010415E0,
-2.250914042328E1));
#5056=CARTESIAN_POINT('',(-1.416757169062E1,-6.999959479031E0,
-1.367187058715E1));
#5057=VERTEX_POINT('',#5055);
#5058=VERTEX_POINT('',#5056);
#5059=CARTESIAN_POINT('',(-1.842918146533E1,-6.999958982772E0,
-1.080807297796E1));
#5060=CARTESIAN_POINT('',(-2.858917579402E1,-6.999958982772E0,
-1.080807297796E1));
#5061=VERTEX_POINT('',#5059);
#5062=VERTEX_POINT('',#5060);
#5063=CARTESIAN_POINT('',(-3.284487772736E1,-6.999959479031E0,
-1.367187058715E1));
#5064=CARTESIAN_POINT('',(-3.284487772736E1,-6.999961010415E0,
-2.250914042328E1));
#5065=VERTEX_POINT('',#5063);
#5066=VERTEX_POINT('',#5064);
#5067=CARTESIAN_POINT('',(-3.284487772736E1,-6.999955698403E0,
8.145274347554E0));
#5068=CARTESIAN_POINT('',(-3.284487772736E1,-6.999957229787E0,
-6.919954885763E-1));
#5069=VERTEX_POINT('',#5067);
#5070=VERTEX_POINT('',#5068);
#5071=CARTESIAN_POINT('',(-2.858917579402E1,-6.999957726046E0,
-3.555793097764E0));
#5072=CARTESIAN_POINT('',(-1.842918146533E1,-6.999957726046E0,
-3.555793097764E0));
#5073=VERTEX_POINT('',#5071);
#5074=VERTEX_POINT('',#5072);
#5075=CARTESIAN_POINT('',(-1.416757169062E1,-6.999957229787E0,
-6.919954885763E-1));
#5076=CARTESIAN_POINT('',(-1.416757169062E1,-6.999955698403E0,
8.145274347554E0));
#5077=VERTEX_POINT('',#5075);
#5078=VERTEX_POINT('',#5076);
#5079=CARTESIAN_POINT('',(-1.436757169062E1,-6.999955663746E0,
8.345274347554E0));
#5080=CARTESIAN_POINT('',(-3.264487772736E1,-6.999955663746E0,
8.345274347554E0));
#5081=VERTEX_POINT('',#5079);
#5082=VERTEX_POINT('',#5080);
#5083=CARTESIAN_POINT('',(-3.264487772736E1,-6.999959444374E0,
-1.347187058715E1));
#5084=VERTEX_POINT('',#5083);
#5085=CARTESIAN_POINT('',(-1.436757169062E1,-6.999959444374E0,
-1.347187058715E1));
#5086=VERTEX_POINT('',#5085);
#5087=CARTESIAN_POINT('',(-1.822918146533E1,-6.999959017430E0,
-1.100807297796E1));
#5088=VERTEX_POINT('',#5087);
#5089=CARTESIAN_POINT('',(-2.878917579402E1,-6.999959017430E0,
-1.100807297796E1));
#5090=VERTEX_POINT('',#5089);
#5091=CARTESIAN_POINT('',(-2.878917579402E1,-6.999957691389E0,
-3.355793097764E0));
#5092=VERTEX_POINT('',#5091);
#5093=CARTESIAN_POINT('',(-3.264487772736E1,-6.999957264445E0,
-8.919954885763E-1));
#5094=VERTEX_POINT('',#5093);
#5095=CARTESIAN_POINT('',(-1.822918146533E1,-6.999957691389E0,
-3.355793097764E0));
#5096=VERTEX_POINT('',#5095);
#5097=CARTESIAN_POINT('',(-1.436757169062E1,-6.999957264445E0,
-8.919954885763E-1));
#5098=VERTEX_POINT('',#5097);
#5099=CARTESIAN_POINT('',(-1.822918146533E1,-6.999957299102E0,
-1.091995488576E0));
#5100=CARTESIAN_POINT('',(-1.802918146533E1,-6.999957264445E0,
-8.919954885763E-1));
#5101=VERTEX_POINT('',#5099);
#5102=VERTEX_POINT('',#5100);
#5103=CARTESIAN_POINT('',(-2.898917579402E1,-6.999957264445E0,
-8.919954885763E-1));
#5104=CARTESIAN_POINT('',(-2.878917579402E1,-6.999957299102E0,
-1.091995488576E0));
#5105=VERTEX_POINT('',#5103);
#5106=VERTEX_POINT('',#5104);
#5107=CARTESIAN_POINT('',(-2.878917579402E1,-6.999959409716E0,
-1.327187058715E1));
#5108=CARTESIAN_POINT('',(-2.898917579402E1,-6.999959444374E0,
-1.347187058715E1));
#5109=VERTEX_POINT('',#5107);
#5110=VERTEX_POINT('',#5108);
#5111=CARTESIAN_POINT('',(-1.802918146533E1,-6.999959444374E0,
-1.347187058715E1));
#5112=CARTESIAN_POINT('',(-1.822918146533E1,-6.999959409716E0,
-1.327187058715E1));
#5113=VERTEX_POINT('',#5111);
#5114=VERTEX_POINT('',#5112);
#5115=CARTESIAN_POINT('',(-4.301863260786E1,2.000042977855E0,
5.062635595170E-1));
#5116=CARTESIAN_POINT('',(-4.301863260786E1,4.297785548868E-5,
5.062639060910E-1));
#5117=VERTEX_POINT('',#5115);
#5118=VERTEX_POINT('',#5116);
#5119=CARTESIAN_POINT('',(-4.300918014152E1,2.000040274578E0,
-1.509373516094E1));
#5120=CARTESIAN_POINT('',(-4.300918014152E1,4.027457817890E-5,
-1.509373481437E1));
#5121=VERTEX_POINT('',#5119);
#5122=VERTEX_POINT('',#5120);
#5123=CARTESIAN_POINT('',(-4.371863228820E1,2.000042977727E0,
5.055239407178E-1));
#5124=VERTEX_POINT('',#5123);
#5125=CARTESIAN_POINT('',(-4.370917982187E1,2.000040274450E0,
-1.509447477974E1));
#5126=VERTEX_POINT('',#5125);
#5127=CARTESIAN_POINT('',(-4.400917968488E1,1.000040274396E0,
-1.509479158594E1));
#5128=VERTEX_POINT('',#5127);
#5129=CARTESIAN_POINT('',(-4.401863215121E1,1.000042977672E0,
5.052071345195E-1));
#5130=VERTEX_POINT('',#5129);
#5131=CARTESIAN_POINT('',(-4.401863215121E1,4.297767239558E-5,
5.052073078065E-1));
#5132=VERTEX_POINT('',#5131);
#5133=CARTESIAN_POINT('',(-4.400917968488E1,4.027439508403E-5,
-1.509479141265E1));
#5134=VERTEX_POINT('',#5133);
#5135=CARTESIAN_POINT('',(-4.301101553125E1,4.079947477487E-5,
-1.206467590035E1));
#5136=CARTESIAN_POINT('',(-4.301101553120E1,-2.064959133297E0,
-1.206467563009E1));
#5137=VERTEX_POINT('',#5135);
#5138=VERTEX_POINT('',#5136);
#5139=CARTESIAN_POINT('',(-4.301197289628E1,-3.644958926512E0,
-1.048467564634E1));
#5140=VERTEX_POINT('',#5139);
#5141=CARTESIAN_POINT('',(-4.301583871185E1,-3.644957820941E0,
-4.104677465443E0));
#5142=VERTEX_POINT('',#5141);
#5143=CARTESIAN_POINT('',(-4.301679607694E1,-2.064957480140E0,
-2.524678029284E0));
#5144=VERTEX_POINT('',#5143);
#5145=CARTESIAN_POINT('',(-4.301679607688E1,4.245263251113E-5,
-2.524678474698E0));
#5146=VERTEX_POINT('',#5145);
#5147=CARTESIAN_POINT('',(-4.501101516410E1,4.079926477683E-5,
-1.206588775488E1));
#5148=VERTEX_POINT('',#5147);
#5149=CARTESIAN_POINT('',(-4.501679570974E1,4.245242251324E-5,
-2.525890329233E0));
#5150=VERTEX_POINT('',#5149);
#5151=CARTESIAN_POINT('',(-4.501101516405E1,-2.064959200515E0,
-1.206588748462E1));
#5152=VERTEX_POINT('',#5151);
#5153=CARTESIAN_POINT('',(-4.501197252913E1,-3.644958926722E0,
-1.048588750087E1));
#5154=VERTEX_POINT('',#5153);
#5155=CARTESIAN_POINT('',(-4.501583834471E1,-3.644957821151E0,
-4.105889319978E0));
#5156=VERTEX_POINT('',#5155);
#5157=CARTESIAN_POINT('',(-4.501679570979E1,-2.064957547357E0,
-2.525889883818E0));
#5158=VERTEX_POINT('',#5157);
#5159=CARTESIAN_POINT('',(2.633749273388E1,4.631951240117E-5,1.979020616954E1));
#5160=VERTEX_POINT('',#5159);
#5161=CARTESIAN_POINT('',(2.613892424407E1,2.000046267505E0,1.949008544981E1));
#5162=VERTEX_POINT('',#5161);
#5163=CARTESIAN_POINT('',(2.633749273388E1,1.000046319512E0,1.979020599625E1));
#5164=VERTEX_POINT('',#5163);
#5165=CARTESIAN_POINT('',(4.181588596361E1,2.000046147851E0,1.879958442163E1));
#5166=VERTEX_POINT('',#5165);
#5167=CARTESIAN_POINT('',(4.138500945249E1,2.000046269106E0,1.949932347025E1));
#5168=VERTEX_POINT('',#5167);
#5169=CARTESIAN_POINT('',(4.120034809059E1,4.632107299125E-5,1.979921198052E1));
#5170=VERTEX_POINT('',#5169);
#5171=CARTESIAN_POINT('',(4.120034809059E1,1.000046321073E0,1.979921180724E1));
#5172=VERTEX_POINT('',#5171);
#5173=CARTESIAN_POINT('',(2.567559776786E1,2.000046146156E0,1.878980457911E1));
#5174=VERTEX_POINT('',#5173);
#5175=CARTESIAN_POINT('',(2.662127885448E1,4.639383867028E-5,2.021912616834E1));
#5176=VERTEX_POINT('',#5175);
#5177=CARTESIAN_POINT('',(4.094177861305E1,4.639383867020E-5,2.021912616834E1));
#5178=VERTEX_POINT('',#5177);
#5179=CARTESIAN_POINT('',(2.662127885448E1,-4.884953606041E0,2.021912701485E1));
#5180=CARTESIAN_POINT('',(2.732127898298E1,-4.884953606041E0,2.021912701485E1));
#5181=VERTEX_POINT('',#5179);
#5182=VERTEX_POINT('',#5180);
#5183=CARTESIAN_POINT('',(4.024177848454E1,-4.884953606041E0,2.021912701485E1));
#5184=CARTESIAN_POINT('',(4.094177861305E1,-4.884953606041E0,2.021912701485E1));
#5185=VERTEX_POINT('',#5183);
#5186=VERTEX_POINT('',#5184);
#5187=CARTESIAN_POINT('',(4.181588596361E1,-4.884953852029E0,1.879958561471E1));
#5188=VERTEX_POINT('',#5187);
#5189=CARTESIAN_POINT('',(2.567559776786E1,-4.884953853724E0,1.878980577219E1));
#5190=VERTEX_POINT('',#5189);
#5191=CARTESIAN_POINT('',(2.662127885448E1,-4.184953606041E0,2.021912689355E1));
#5192=VERTEX_POINT('',#5191);
#5193=CARTESIAN_POINT('',(4.094177861305E1,-4.184953606041E0,2.021912689355E1));
#5194=VERTEX_POINT('',#5193);
#5195=CARTESIAN_POINT('',(4.822211514975E1,4.562888205580E-5,1.580346592711E1));
#5196=CARTESIAN_POINT('',(5.172211450724E1,4.562924955346E-5,1.580558667254E1));
#5197=VERTEX_POINT('',#5195);
#5198=VERTEX_POINT('',#5196);
#5199=CARTESIAN_POINT('',(5.174998716154E1,3.765804803994E-5,
-3.019440488300E1));
#5200=CARTESIAN_POINT('',(4.824998780405E1,3.765768054228E-5,
-3.019652562843E1));
#5201=VERTEX_POINT('',#5199);
#5202=VERTEX_POINT('',#5200);
#5203=CARTESIAN_POINT('',(-1.854016405251E1,-6.499953563899E0,
2.046301482373E1));
#5204=CARTESIAN_POINT('',(-1.724016429116E1,-5.199953563762E0,
2.046380230391E1));
#5205=VERTEX_POINT('',#5203);
#5206=VERTEX_POINT('',#5204);
#5207=CARTESIAN_POINT('',(-1.854034583069E1,-6.799953511905E0,
2.076301482065E1));
#5208=CARTESIAN_POINT('',(-1.694034612442E1,-5.199953511733E0,
2.076398402702E1));
#5209=VERTEX_POINT('',#5207);
#5210=VERTEX_POINT('',#5208);
#5211=CARTESIAN_POINT('',(-1.724016429116E1,-3.199953564570E0,
2.046380195719E1));
#5212=VERTEX_POINT('',#5211);
#5213=CARTESIAN_POINT('',(-1.694034613345E1,-3.199953511907E0,
2.076399754701E1));
#5214=VERTEX_POINT('',#5213);
#5215=CARTESIAN_POINT('',(-1.854016405251E1,-1.899953563899E0,
2.046301402648E1));
#5216=VERTEX_POINT('',#5215);
#5217=CARTESIAN_POINT('',(-1.854034583069E1,-1.599953511905E0,
2.076301391942E1));
#5218=VERTEX_POINT('',#5217);
#5219=CARTESIAN_POINT('',(-2.854016221597E1,-1.899953564949E0,
2.045695475374E1));
#5220=VERTEX_POINT('',#5219);
#5221=CARTESIAN_POINT('',(-2.854034400402E1,-1.599953513585E0,
2.075696989130E1));
#5222=VERTEX_POINT('',#5221);
#5223=CARTESIAN_POINT('',(-2.984016197813E1,-3.199953565085E0,
2.045616727356E1));
#5224=VERTEX_POINT('',#5223);
#5225=CARTESIAN_POINT('',(-3.014034370124E1,-3.199953513119E0,
2.075598544031E1));
#5226=VERTEX_POINT('',#5225);
#5227=CARTESIAN_POINT('',(-2.984016197813E1,-5.199953564277E0,
2.045616762028E1));
#5228=VERTEX_POINT('',#5227);
#5229=CARTESIAN_POINT('',(-3.014034370796E1,-5.199953512940E0,
2.075599793135E1));
#5230=VERTEX_POINT('',#5229);
#5231=CARTESIAN_POINT('',(-2.854016221677E1,-6.499953564949E0,
2.045695555099E1));
#5232=VERTEX_POINT('',#5231);
#5233=CARTESIAN_POINT('',(-2.854034399496E1,-6.799953512955E0,
2.075695554790E1));
#5234=VERTEX_POINT('',#5233);
#5235=CARTESIAN_POINT('',(-2.908917579402E1,-8.999959392388E0,
-1.317187024057E1));
#5236=CARTESIAN_POINT('',(-2.908917579401E1,-8.999959017430E0,
-1.100807263123E1));
#5237=VERTEX_POINT('',#5235);
#5238=VERTEX_POINT('',#5236);
#5239=CARTESIAN_POINT('',(-2.878917608022E1,-8.699959409873E0,
-1.327187029256E1));
#5240=CARTESIAN_POINT('',(-2.878917579402E1,-8.699959017430E0,
-1.100807268332E1));
#5241=VERTEX_POINT('',#5239);
#5242=VERTEX_POINT('',#5240);
#5243=CARTESIAN_POINT('',(-2.858917579402E1,-8.999958930786E0,
-1.050807263139E1));
#5244=VERTEX_POINT('',#5243);
#5245=CARTESIAN_POINT('',(-2.858917579402E1,-8.699958982772E0,
-1.080807268337E1));
#5246=VERTEX_POINT('',#5245);
#5247=CARTESIAN_POINT('',(-1.842918146517E1,-8.999958930786E0,
-1.050807263139E1));
#5248=VERTEX_POINT('',#5247);
#5249=CARTESIAN_POINT('',(-1.842918146531E1,-8.699958982772E0,
-1.080807268337E1));
#5250=VERTEX_POINT('',#5249);
#5251=CARTESIAN_POINT('',(-1.792918146533E1,-8.999959017430E0,
-1.100807263139E1));
#5252=VERTEX_POINT('',#5251);
#5253=CARTESIAN_POINT('',(-1.822918146533E1,-8.699959017430E0,
-1.100807268337E1));
#5254=VERTEX_POINT('',#5253);
#5255=CARTESIAN_POINT('',(-1.822918144046E1,-8.699959409718E0,
-1.327187029256E1));
#5256=VERTEX_POINT('',#5255);
#5257=CARTESIAN_POINT('',(-1.792918146533E1,-8.999959392388E0,
-1.317187024057E1));
#5258=VERTEX_POINT('',#5257);
#5259=CARTESIAN_POINT('',(-3.264487772762E1,-8.699959444374E0,
-1.347187029256E1));
#5260=CARTESIAN_POINT('',(-2.898917579402E1,-8.699959444375E0,
-1.347187026769E1));
#5261=VERTEX_POINT('',#5259);
#5262=VERTEX_POINT('',#5260);
#5263=CARTESIAN_POINT('',(-3.264487772858E1,-8.999959392388E0,
-1.317187024114E1));
#5264=VERTEX_POINT('',#5263);
#5265=CARTESIAN_POINT('',(-3.314487772736E1,-8.999959479031E0,
-1.367187024057E1));
#5266=VERTEX_POINT('',#5265);
#5267=CARTESIAN_POINT('',(-3.284487772736E1,-8.699959479031E0,
-1.367187029256E1));
#5268=VERTEX_POINT('',#5267);
#5269=CARTESIAN_POINT('',(-3.314487772679E1,-8.999961010415E0,
-2.250914007793E1));
#5270=VERTEX_POINT('',#5269);
#5271=CARTESIAN_POINT('',(-3.284487772736E1,-8.699961010415E0,
-2.250914012895E1));
#5272=VERTEX_POINT('',#5271);
#5273=CARTESIAN_POINT('',(-3.264487772736E1,-8.999961097059E0,
-2.300914007670E1));
#5274=VERTEX_POINT('',#5273);
#5275=CARTESIAN_POINT('',(-3.264487772736E1,-8.699961045073E0,
-2.270914012869E1));
#5276=VERTEX_POINT('',#5275);
#5277=CARTESIAN_POINT('',(-1.436757168940E1,-8.999961097059E0,
-2.300914007614E1));
#5278=VERTEX_POINT('',#5277);
#5279=CARTESIAN_POINT('',(-1.436757169036E1,-8.699961045073E0,
-2.270914012869E1));
#5280=VERTEX_POINT('',#5279);
#5281=CARTESIAN_POINT('',(-1.386757169062E1,-8.999961010415E0,
-2.250914007670E1));
#5282=VERTEX_POINT('',#5281);
#5283=CARTESIAN_POINT('',(-1.416757169062E1,-8.699961010415E0,
-2.250914012869E1));
#5284=VERTEX_POINT('',#5283);
#5285=CARTESIAN_POINT('',(-1.386757169118E1,-8.999959479031E0,
-1.367187023935E1));
#5286=VERTEX_POINT('',#5285);
#5287=CARTESIAN_POINT('',(-1.416757169062E1,-8.699959479031E0,
-1.367187029230E1));
#5288=VERTEX_POINT('',#5287);
#5289=CARTESIAN_POINT('',(-1.436757169062E1,-8.999959392388E0,
-1.317187024057E1));
#5290=VERTEX_POINT('',#5289);
#5291=CARTESIAN_POINT('',(-1.436757169062E1,-8.699959444374E0,
-1.347187029256E1));
#5292=VERTEX_POINT('',#5291);
#5293=CARTESIAN_POINT('',(-1.802918146533E1,-8.699959444531E0,
-1.347187000636E1));
#5294=VERTEX_POINT('',#5293);
#5295=CARTESIAN_POINT('',(-1.436757169036E1,-8.699957264445E0,
-8.919951939884E-1));
#5296=CARTESIAN_POINT('',(-1.802918146533E1,-8.699957264446E0,
-8.919952188566E-1));
#5297=VERTEX_POINT('',#5295);
#5298=VERTEX_POINT('',#5296);
#5299=CARTESIAN_POINT('',(-1.436757168940E1,-8.999957316431E0,
-1.191995141439E0));
#5300=CARTESIAN_POINT('',(-1.792918146533E1,-8.999957316431E0,
-1.191995142002E0));
#5301=VERTEX_POINT('',#5299);
#5302=VERTEX_POINT('',#5300);
#5303=CARTESIAN_POINT('',(-1.386757169062E1,-8.999957229787E0,
-6.919951420023E-1));
#5304=VERTEX_POINT('',#5303);
#5305=CARTESIAN_POINT('',(-1.416757169062E1,-8.699957229787E0,
-6.919951939884E-1));
#5306=VERTEX_POINT('',#5305);
#5307=CARTESIAN_POINT('',(-1.386757169118E1,-8.999955698403E0,
8.145274695350E0));
#5308=VERTEX_POINT('',#5307);
#5309=CARTESIAN_POINT('',(-1.416757169062E1,-8.699955698403E0,
8.145274642404E0));
#5310=VERTEX_POINT('',#5309);
#5311=CARTESIAN_POINT('',(-1.436757169062E1,-8.999955611760E0,
8.645274694128E0));
#5312=VERTEX_POINT('',#5311);
#5313=CARTESIAN_POINT('',(-1.436757169062E1,-8.699955663746E0,
8.345274642142E0));
#5314=VERTEX_POINT('',#5313);
#5315=CARTESIAN_POINT('',(-3.264487772858E1,-8.999955611760E0,
8.645274693564E0));
#5316=VERTEX_POINT('',#5315);
#5317=CARTESIAN_POINT('',(-3.264487772762E1,-8.699955663746E0,
8.345274642142E0));
#5318=VERTEX_POINT('',#5317);
#5319=CARTESIAN_POINT('',(-3.314487772736E1,-8.999955698403E0,
8.145274694128E0));
#5320=VERTEX_POINT('',#5319);
#5321=CARTESIAN_POINT('',(-3.284487772736E1,-8.699955698403E0,
8.145274642142E0));
#5322=VERTEX_POINT('',#5321);
#5323=CARTESIAN_POINT('',(-3.314487772679E1,-8.999957229787E0,
-6.919951432249E-1));
#5324=VERTEX_POINT('',#5323);
#5325=CARTESIAN_POINT('',(-3.284487772736E1,-8.699957229787E0,
-6.919951942506E-1));
#5326=VERTEX_POINT('',#5325);
#5327=CARTESIAN_POINT('',(-3.264487772736E1,-8.999957316431E0,
-1.191995142002E0));
#5328=VERTEX_POINT('',#5327);
#5329=CARTESIAN_POINT('',(-3.264487772736E1,-8.699957264445E0,
-8.919951939884E-1));
#5330=VERTEX_POINT('',#5329);
#5331=CARTESIAN_POINT('',(-2.908917579402E1,-8.999957316431E0,
-1.191995142002E0));
#5332=VERTEX_POINT('',#5331);
#5333=CARTESIAN_POINT('',(-2.898917579402E1,-8.699957264602E0,
-8.919954801883E-1));
#5334=VERTEX_POINT('',#5333);
#5335=CARTESIAN_POINT('',(-1.792918146534E1,-8.999957691389E0,
-3.355792751351E0));
#5336=VERTEX_POINT('',#5335);
#5337=CARTESIAN_POINT('',(-1.822918117913E1,-8.699957299259E0,
-1.091995193988E0));
#5338=CARTESIAN_POINT('',(-1.822918146533E1,-8.699957691389E0,
-3.355792803224E0));
#5339=VERTEX_POINT('',#5337);
#5340=VERTEX_POINT('',#5338);
#5341=CARTESIAN_POINT('',(-1.842918146533E1,-8.999957778032E0,
-3.855792751190E0));
#5342=VERTEX_POINT('',#5341);
#5343=CARTESIAN_POINT('',(-1.842918146533E1,-8.699957726046E0,
-3.555792803176E0));
#5344=VERTEX_POINT('',#5343);
#5345=CARTESIAN_POINT('',(-2.858917579418E1,-8.999957778032E0,
-3.855792751186E0));
#5346=VERTEX_POINT('',#5345);
#5347=CARTESIAN_POINT('',(-2.858917579404E1,-8.699957726046E0,
-3.555792803176E0));
#5348=VERTEX_POINT('',#5347);
#5349=CARTESIAN_POINT('',(-2.908917579402E1,-8.999957691389E0,
-3.355792751190E0));
#5350=VERTEX_POINT('',#5349);
#5351=CARTESIAN_POINT('',(-2.878917579402E1,-8.699957691389E0,
-3.355792803176E0));
#5352=VERTEX_POINT('',#5351);
#5353=CARTESIAN_POINT('',(-2.878917581889E1,-8.699957299103E0,
-1.091995193988E0));
#5354=VERTEX_POINT('',#5353);
#5355=VERTEX_POINT('',#2195);
#5356=VERTEX_POINT('',#2202);
#5357=VERTEX_POINT('',#1396);
#5358=VERTEX_POINT('',#1407);
#5359=CARTESIAN_POINT('',(-2.563189240895E1,-8.999944244247E0,
-1.019100173270E1));
#5360=VERTEX_POINT('',#5359);
#5361=CARTESIAN_POINT('',(-2.563562848784E1,-8.787826804726E0,
-9.978870686073E0));
#5362=VERTEX_POINT('',#5361);
#5363=VERTEX_POINT('',#2273);
#5364=VERTEX_POINT('',#1413);
#5365=CARTESIAN_POINT('',(-2.517070790719E1,-8.999938643203E0,
-4.626311015829E0));
#5366=VERTEX_POINT('',#5365);
#5367=CARTESIAN_POINT('',(-2.538283820442E1,-8.787825877845E0,
-4.630047257518E0));
#5368=VERTEX_POINT('',#5367);
#5369=CARTESIAN_POINT('',(-3.374196232297E1,-8.999960232259E0,
-4.639382311523E0));
#5370=VERTEX_POINT('',#5369);
#5371=CARTESIAN_POINT('',(-3.352983271228E1,-8.787825879822E0,
-4.641458667691E0));
#5372=VERTEX_POINT('',#5371);
#5373=VERTEX_POINT('',#1456);
#5374=VERTEX_POINT('',#2309);
#5375=CARTESIAN_POINT('',(-2.564256840959E1,-8.999958608085E0,
-4.159747345531E0));
#5376=VERTEX_POINT('',#5375);
#5377=CARTESIAN_POINT('',(-2.564450364749E1,-8.787825833107E0,
-4.371875732867E0));
#5378=VERTEX_POINT('',#5377);
#5379=CARTESIAN_POINT('',(-4.300615089582E1,-2.140000000226E0,
-2.009308883966E1));
#5380=CARTESIAN_POINT('',(-4.300651445176E1,-2.140000000226E0,
-1.949308964739E1));
#5381=VERTEX_POINT('',#5379);
#5382=VERTEX_POINT('',#5380);
#5383=CARTESIAN_POINT('',(-4.300651445192E1,-6.400000002264E-1,
-1.949308964739E1));
#5384=VERTEX_POINT('',#5383);
#5385=CARTESIAN_POINT('',(-4.300615089598E1,-6.400000002264E-1,
-2.009308883966E1));
#5386=VERTEX_POINT('',#5385);
#5387=CARTESIAN_POINT('',(-4.500615052867E1,-2.140000000436E0,
-2.009430069419E1));
#5388=CARTESIAN_POINT('',(-4.500651408461E1,-2.140000000436E0,
-1.949430150192E1));
#5389=VERTEX_POINT('',#5387);
#5390=VERTEX_POINT('',#5388);
#5391=CARTESIAN_POINT('',(-4.500651408477E1,-6.400000004364E-1,
-1.949430150192E1));
#5392=VERTEX_POINT('',#5391);
#5393=CARTESIAN_POINT('',(-4.500615052883E1,-6.400000004364E-1,
-2.009430069419E1));
#5394=VERTEX_POINT('',#5393);
#5395=CARTESIAN_POINT('',(4.024160912480E1,-4.884953557607E0,2.049863202955E1));
#5396=VERTEX_POINT('',#5395);
#5397=CARTESIAN_POINT('',(4.024142734662E1,-5.184953505613E0,2.079863202646E1));
#5398=VERTEX_POINT('',#5397);
#5399=CARTESIAN_POINT('',(3.899360379707E1,-4.884953557762E0,2.049787582902E1));
#5400=VERTEX_POINT('',#5399);
#5401=CARTESIAN_POINT('',(3.899342201317E1,-5.184953505757E0,2.079788494380E1));
#5402=VERTEX_POINT('',#5401);
#5403=CARTESIAN_POINT('',(3.848937373001E1,-4.884953541019E0,2.059447445813E1));
#5404=VERTEX_POINT('',#5403);
#5405=CARTESIAN_POINT('',(3.860041917255E1,-5.184953492725E0,2.087316593390E1));
#5406=VERTEX_POINT('',#5405);
#5407=CARTESIAN_POINT('',(2.907323233295E1,-4.884953541987E0,2.058876896025E1));
#5408=VERTEX_POINT('',#5407);
#5409=CARTESIAN_POINT('',(2.896184923854E1,-5.184953493717E0,2.086732566049E1));
#5410=VERTEX_POINT('',#5409);
#5411=CARTESIAN_POINT('',(2.856911969941E1,-4.884953558814E0,2.049155934862E1));
#5412=VERTEX_POINT('',#5411);
#5413=CARTESIAN_POINT('',(2.856893792123E1,-5.184953506816E0,2.079155934554E1));
#5414=VERTEX_POINT('',#5413);
#5415=CARTESIAN_POINT('',(2.732111436564E1,-4.884953558963E0,2.049080314801E1));
#5416=VERTEX_POINT('',#5415);
#5417=CARTESIAN_POINT('',(2.732093257978E1,-5.184953506743E0,2.079081530217E1));
#5418=VERTEX_POINT('',#5417);
#5419=CARTESIAN_POINT('',(-4.092786848633E1,-6.499543804759E-1,
1.574944762385E1));
#5420=VERTEX_POINT('',#5419);
#5421=CARTESIAN_POINT('',(-3.892786885348E1,-6.499543802660E-1,
1.575065947839E1));
#5422=VERTEX_POINT('',#5421);
#5423=CARTESIAN_POINT('',(-3.892786885348E1,-6.999954380489E0,
1.575066057876E1));
#5424=VERTEX_POINT('',#5423);
#5425=CARTESIAN_POINT('',(-4.092786848633E1,-6.999954380699E0,
1.574944872422E1));
#5426=VERTEX_POINT('',#5425);
#5427=CARTESIAN_POINT('',(-3.889999619918E1,-6.499623514675E-1,
-3.024933207715E1));
#5428=VERTEX_POINT('',#5427);
#5429=CARTESIAN_POINT('',(-4.089999583203E1,-6.499623516774E-1,
-3.025054393169E1));
#5430=VERTEX_POINT('',#5429);
#5431=CARTESIAN_POINT('',(-4.089999583203E1,-6.999962351900E0,
-3.025054283131E1));
#5432=VERTEX_POINT('',#5431);
#5433=CARTESIAN_POINT('',(-3.889999619918E1,-6.999962351690E0,
-3.024933097678E1));
#5434=VERTEX_POINT('',#5433);
#5435=CARTESIAN_POINT('',(4.897211501199E1,-7.499543710392E-1,
1.580392062652E1));
#5436=CARTESIAN_POINT('',(5.097211464492E1,-7.499543708292E-1,
1.580513235706E1));
#5437=VERTEX_POINT('',#5435);
#5438=VERTEX_POINT('',#5436);
#5439=CARTESIAN_POINT('',(5.099998729922E1,-7.499623420307E-1,
-3.019485919848E1));
#5440=CARTESIAN_POINT('',(4.899998766628E1,-7.499623422407E-1,
-3.019607091149E1));
#5441=VERTEX_POINT('',#5439);
#5442=VERTEX_POINT('',#5440);
#5443=CARTESIAN_POINT('',(-4.502786776220E1,5.406444657534E-5,
1.574701307704E1));
#5444=CARTESIAN_POINT('',(-4.003089831640E1,4.201370326550E-5,
2.075004179549E1));
#5445=VERTEX_POINT('',#5443);
#5446=VERTEX_POINT('',#5444);
#5447=CARTESIAN_POINT('',(-3.999696632898E1,3.230961458401E-5,
-3.525004768675E1));
#5448=CARTESIAN_POINT('',(-4.499999504745E1,4.609322775016E-5,
-3.025307824098E1));
#5449=VERTEX_POINT('',#5447);
#5450=VERTEX_POINT('',#5448);
#5451=CARTESIAN_POINT('',(5.509998657681E1,4.610373818635E-5,
-3.019242492151E1));
#5452=CARTESIAN_POINT('',(5.010301713102E1,3.231907502710E-5,
-3.519545363996E1));
#5453=VERTEX_POINT('',#5451);
#5454=VERTEX_POINT('',#5452);
#5455=CARTESIAN_POINT('',(5.006908514358E1,4.202316370505E-5,2.080463584228E1));
#5456=CARTESIAN_POINT('',(5.507211386205E1,5.407495700756E-5,1.580766639651E1));
#5457=VERTEX_POINT('',#5455);
#5458=VERTEX_POINT('',#5456);
#5459=CARTESIAN_POINT('',(3.152300093025E1,3.678926031274E-5,
-3.520671178048E1));
#5460=VERTEX_POINT('',#5459);
#5461=CARTESIAN_POINT('',(3.152300093025E1,3.684124642773E-5,
-3.490671172541E1));
#5462=CARTESIAN_POINT('',(2.902300138919E1,3.684098392975E-5,
-3.490822654358E1));
#5463=VERTEX_POINT('',#5461);
#5464=VERTEX_POINT('',#5462);
#5465=CARTESIAN_POINT('',(2.902300138919E1,3.678899781403E-5,
-3.520822659865E1));
#5466=CARTESIAN_POINT('',(2.300319596488E1,3.678836573773E-5,
-3.521187416357E1));
#5467=VERTEX_POINT('',#5465);
#5468=VERTEX_POINT('',#5466);
#5469=CARTESIAN_POINT('',(2.300319596488E1,3.684035185420E-5,
-3.491187410850E1));
#5470=CARTESIAN_POINT('',(2.050319642382E1,3.684008935578E-5,
-3.491338892667E1));
#5471=VERTEX_POINT('',#5469);
#5472=VERTEX_POINT('',#5470);
#5473=CARTESIAN_POINT('',(2.050319642382E1,3.678810323990E-5,
-3.521338898174E1));
#5474=CARTESIAN_POINT('',(1.448339099951E1,3.678747116390E-5,
-3.521703654666E1));
#5475=VERTEX_POINT('',#5473);
#5476=VERTEX_POINT('',#5474);
#5477=CARTESIAN_POINT('',(1.448339099951E1,3.683945728037E-5,
-3.491703649159E1));
#5478=CARTESIAN_POINT('',(1.198339145845E1,3.683919478195E-5,
-3.491855130976E1));
#5479=VERTEX_POINT('',#5477);
#5480=VERTEX_POINT('',#5478);
#5481=CARTESIAN_POINT('',(1.198339145845E1,3.678720866637E-5,
-3.521855136483E1));
#5482=CARTESIAN_POINT('',(-1.959582886196E1,3.678389286770E-5,
-3.523768607902E1));
#5483=VERTEX_POINT('',#5481);
#5484=VERTEX_POINT('',#5482);
#5485=CARTESIAN_POINT('',(-1.959582886196E1,3.683587898535E-5,
-3.493768602395E1));
#5486=CARTESIAN_POINT('',(-2.209582840303E1,3.683561648590E-5,
-3.493920084211E1));
#5487=VERTEX_POINT('',#5485);
#5488=VERTEX_POINT('',#5486);
#5489=CARTESIAN_POINT('',(-2.209582840303E1,3.678363037047E-5,
-3.523920089719E1));
#5490=CARTESIAN_POINT('',(-2.811563382733E1,3.678299829535E-5,
-3.524284846211E1));
#5491=VERTEX_POINT('',#5489);
#5492=VERTEX_POINT('',#5490);
#5493=CARTESIAN_POINT('',(-2.811563382733E1,3.683498441034E-5,
-3.494284840704E1));
#5494=CARTESIAN_POINT('',(-3.061563336840E1,3.683472191192E-5,
-3.494436322520E1));
#5495=VERTEX_POINT('',#5493);
#5496=VERTEX_POINT('',#5494);
#5497=CARTESIAN_POINT('',(-3.061563336840E1,3.678273579634E-5,
-3.524436328028E1));
#5498=VERTEX_POINT('',#5497);
#5499=CARTESIAN_POINT('',(-2.811563384142E1,-8.999963078368E0,
-3.444282350380E1));
#5500=CARTESIAN_POINT('',(-3.061563338249E1,-8.999963078630E0,
-3.444433832197E1));
#5501=VERTEX_POINT('',#5499);
#5502=VERTEX_POINT('',#5500);
#5503=CARTESIAN_POINT('',(-2.811563383985E1,-7.999963165015E0,
-3.494282635242E1));
#5504=CARTESIAN_POINT('',(-3.061563338092E1,-7.999963165278E0,
-3.494434117059E1));
#5505=VERTEX_POINT('',#5503);
#5506=VERTEX_POINT('',#5504);
#5507=CARTESIAN_POINT('',(-1.959582887605E1,-8.999963077473E0,
-3.443766112071E1));
#5508=CARTESIAN_POINT('',(-2.209582841712E1,-8.999963077736E0,
-3.443917593888E1));
#5509=VERTEX_POINT('',#5507);
#5510=VERTEX_POINT('',#5508);
#5511=CARTESIAN_POINT('',(-1.959582887449E1,-7.999963164121E0,
-3.493766396933E1));
#5512=CARTESIAN_POINT('',(-2.209582841555E1,-7.999963164383E0,
-3.493917878750E1));
#5513=VERTEX_POINT('',#5511);
#5514=VERTEX_POINT('',#5512);
#5515=CARTESIAN_POINT('',(1.448339098542E1,-8.999963073895E0,
-3.441701158836E1));
#5516=CARTESIAN_POINT('',(1.198339144436E1,-8.999963074158E0,
-3.441852640653E1));
#5517=VERTEX_POINT('',#5515);
#5518=VERTEX_POINT('',#5516);
#5519=CARTESIAN_POINT('',(1.448339098699E1,-7.999963160542E0,
-3.491701443697E1));
#5520=CARTESIAN_POINT('',(1.198339144592E1,-7.999963160805E0,
-3.491852925514E1));
#5521=VERTEX_POINT('',#5519);
#5522=VERTEX_POINT('',#5520);
#5523=CARTESIAN_POINT('',(2.300319595079E1,-8.999963073E0,-3.441184920527E1));
#5524=CARTESIAN_POINT('',(2.050319640973E1,-8.999963073263E0,
-3.441336402344E1));
#5525=VERTEX_POINT('',#5523);
#5526=VERTEX_POINT('',#5524);
#5527=CARTESIAN_POINT('',(2.300319595236E1,-7.999963159648E0,
-3.491185205388E1));
#5528=CARTESIAN_POINT('',(2.050319641129E1,-7.999963159910E0,
-3.491336687205E1));
#5529=VERTEX_POINT('',#5527);
#5530=VERTEX_POINT('',#5528);
#5531=CARTESIAN_POINT('',(3.152300091616E1,-8.999963072106E0,
-3.440668682218E1));
#5532=CARTESIAN_POINT('',(2.902300137510E1,-8.999963072368E0,
-3.440820164035E1));
#5533=VERTEX_POINT('',#5531);
#5534=VERTEX_POINT('',#5532);
#5535=CARTESIAN_POINT('',(3.152300091773E1,-7.999963158753E0,
-3.490668967079E1));
#5536=CARTESIAN_POINT('',(2.902300137666E1,-7.999963159016E0,
-3.490820448896E1));
#5537=VERTEX_POINT('',#5535);
#5538=VERTEX_POINT('',#5536);
#5539=VERTEX_POINT('',#2320);
#5540=VERTEX_POINT('',#2324);
#5541=CARTESIAN_POINT('',(5.010271415408E1,-8.999967112030E0,
-3.469543021208E1));
#5542=VERTEX_POINT('',#5541);
#5543=CARTESIAN_POINT('',(5.010301711762E1,-8.499967492972E0,
-3.519543020693E1));
#5544=VERTEX_POINT('',#5543);
#5545=CARTESIAN_POINT('',(5.509998656350E1,-8.499962685558E0,
-3.019240148845E1));
#5546=VERTEX_POINT('',#5545);
#5547=CARTESIAN_POINT('',(5.459998749976E1,-8.999962685612E0,
-3.019270436493E1));
#5548=VERTEX_POINT('',#5547);
#5549=CARTESIAN_POINT('',(5.507211387536E1,-8.499951465641E0,1.580764590926E1));
#5550=VERTEX_POINT('',#5549);
#5551=CARTESIAN_POINT('',(5.457211396714E1,-8.999950497369E0,1.580734303235E1));
#5552=VERTEX_POINT('',#5551);
#5553=CARTESIAN_POINT('',(5.006908515689E1,-8.499954802514E0,2.080461535514E1));
#5554=VERTEX_POINT('',#5553);
#5555=CARTESIAN_POINT('',(5.006938812079E1,-8.999953597388E0,2.030461508628E1));
#5556=VERTEX_POINT('',#5555);
#5557=CARTESIAN_POINT('',(-4.003089830301E1,-8.499957798351E0,
2.075002130834E1));
#5558=VERTEX_POINT('',#5557);
#5559=CARTESIAN_POINT('',(-4.003059533946E1,-8.999957590696E0,
2.025002148678E1));
#5560=VERTEX_POINT('',#5559);
#5561=CARTESIAN_POINT('',(-4.502786774889E1,-8.499954724858E0,
1.574699258986E1));
#5562=VERTEX_POINT('',#5561);
#5563=CARTESIAN_POINT('',(-4.452786868515E1,-8.999954724806E0,
1.574729563963E1));
#5564=VERTEX_POINT('',#5563);
#5565=CARTESIAN_POINT('',(-4.499999506075E1,-8.499959447123E0,
-3.025305480785E1));
#5566=VERTEX_POINT('',#5565);
#5567=CARTESIAN_POINT('',(-4.449999515254E1,-8.999958478667E0,
-3.025275175766E1));
#5568=VERTEX_POINT('',#5567);
#5569=CARTESIAN_POINT('',(-3.999696634229E1,-8.499964515098E0,
-3.525002425373E1));
#5570=VERTEX_POINT('',#5569);
#5571=CARTESIAN_POINT('',(-3.999726930619E1,-8.999963136684E0,
-3.475002381157E1));
#5572=VERTEX_POINT('',#5571);
#5573=CARTESIAN_POINT('',(-3.061563338170E1,-8.499964509031E0,
-3.524433984724E1));
#5574=VERTEX_POINT('',#5573);
#5575=CARTESIAN_POINT('',(-3.061563338249E1,-8.999963130617E0,
-3.474433966881E1));
#5576=VERTEX_POINT('',#5575);
#5577=CARTESIAN_POINT('',(-2.209582841712E1,-8.999963129722E0,
-3.473917728573E1));
#5578=CARTESIAN_POINT('',(-2.811563384142E1,-8.999963130354E0,
-3.474282485065E1));
#5579=VERTEX_POINT('',#5577);
#5580=VERTEX_POINT('',#5578);
#5581=CARTESIAN_POINT('',(-2.209582841633E1,-8.499964508136E0,
-3.523917746415E1));
#5582=CARTESIAN_POINT('',(-2.811563384064E1,-8.499964508768E0,
-3.524282502907E1));
#5583=VERTEX_POINT('',#5581);
#5584=VERTEX_POINT('',#5582);
#5585=CARTESIAN_POINT('',(1.198339144436E1,-8.999963126144E0,
-3.471852775337E1));
#5586=CARTESIAN_POINT('',(-1.959582887605E1,-8.999963129460E0,
-3.473766246756E1));
#5587=VERTEX_POINT('',#5585);
#5588=VERTEX_POINT('',#5586);
#5589=VERTEX_POINT('',#3581);
#5590=CARTESIAN_POINT('',(-1.959582887527E1,-8.499964507874E0,
-3.523766264598E1));
#5591=VERTEX_POINT('',#5590);
#5592=VERTEX_POINT('',#3595);
#5593=VERTEX_POINT('',#3599);
#5594=CARTESIAN_POINT('',(2.050319640973E1,-8.999963125249E0,
-3.471336537028E1));
#5595=VERTEX_POINT('',#5594);
#5596=VERTEX_POINT('',#3613);
#5597=VERTEX_POINT('',#3627);
#5598=VERTEX_POINT('',#3631);
#5599=CARTESIAN_POINT('',(2.902300137510E1,-8.999963124355E0,
-3.470820298719E1));
#5600=VERTEX_POINT('',#5599);
#5601=VERTEX_POINT('',#3645);
#5602=CARTESIAN_POINT('',(2.060205303244E1,-6.999962726674E0,
-3.241327745996E1));
#5603=CARTESIAN_POINT('',(2.060205303244E1,-6.999962865304E0,
-3.321327760682E1));
#5604=VERTEX_POINT('',#5602);
#5605=VERTEX_POINT('',#5603);
#5606=CARTESIAN_POINT('',(2.160205284887E1,-6.999962726569E0,
-3.241267153269E1));
#5607=VERTEX_POINT('',#5606);
#5608=CARTESIAN_POINT('',(2.160205284887E1,-6.999962865199E0,
-3.321267167955E1));
#5609=VERTEX_POINT('',#5608);
#5610=CARTESIAN_POINT('',(4.700180581512E1,-6.999962862532E0,
-3.319728127382E1));
#5611=VERTEX_POINT('',#5610);
#5612=CARTESIAN_POINT('',(5.309816913191E1,-6.999961822169E0,
-2.719358621866E1));
#5613=CARTESIAN_POINT('',(5.309184632842E1,-6.999960013933E0,
-1.675866660328E1));
#5614=VERTEX_POINT('',#5612);
#5615=VERTEX_POINT('',#5613);
#5616=CARTESIAN_POINT('',(5.309124040105E1,-6.999959840646E0,
-1.575866660328E1));
#5617=CARTESIAN_POINT('',(5.308086077208E1,-6.999956872213E0,1.371486822464E0));
#5618=VERTEX_POINT('',#5616);
#5619=VERTEX_POINT('',#5617);
#5620=CARTESIAN_POINT('',(5.308025484471E1,-6.999956698926E0,2.371486822464E0));
#5621=CARTESIAN_POINT('',(5.307393204122E1,-6.999954890690E0,1.280640643785E1));
#5622=VERTEX_POINT('',#5620);
#5623=VERTEX_POINT('',#5621);
#5624=CARTESIAN_POINT('',(5.229184618157E1,-6.999960013933E0,
-1.675866660328E1));
#5625=VERTEX_POINT('',#5624);
#5626=CARTESIAN_POINT('',(5.229124025419E1,-6.999959840646E0,
-1.575866660328E1));
#5627=VERTEX_POINT('',#5626);
#5628=CARTESIAN_POINT('',(5.228086121266E1,-6.999956872381E0,1.370517338836E0));
#5629=CARTESIAN_POINT('',(5.228025528528E1,-6.999956699094E0,2.370517338836E0));
#5630=VERTEX_POINT('',#5628);
#5631=VERTEX_POINT('',#5629);
#5632=CARTESIAN_POINT('',(4.697029759721E1,-6.999953851608E0,1.880270918034E1));
#5633=CARTESIAN_POINT('',(2.157054463096E1,-6.999953854275E0,1.878731877461E1));
#5634=VERTEX_POINT('',#5632);
#5635=VERTEX_POINT('',#5633);
#5636=CARTESIAN_POINT('',(2.157151411459E1,-6.999953992905E0,1.798731921518E1));
#5637=VERTEX_POINT('',#5636);
#5638=CARTESIAN_POINT('',(2.057151429817E1,-6.999953993010E0,1.798671328792E1));
#5639=VERTEX_POINT('',#5638);
#5640=CARTESIAN_POINT('',(2.057054481454E1,-6.999953854380E0,1.878671284734E1));
#5641=VERTEX_POINT('',#5640);
#5642=CARTESIAN_POINT('',(5.E-1,-7.999956976443E0,7.700002876490E-1));
#5643=CARTESIAN_POINT('',(9.699999999999E0,-7.999955382202E0,9.970000287649E0));
#5644=VERTEX_POINT('',#5642);
#5645=VERTEX_POINT('',#5643);
#5646=CARTESIAN_POINT('',(3.502E1,-7.999955382202E0,9.970000287649E0));
#5647=VERTEX_POINT('',#5646);
#5648=CARTESIAN_POINT('',(3.502E1,-7.999961350207E0,-2.446999971235E1));
#5649=CARTESIAN_POINT('',(9.7E0,-7.999961350207E0,-2.446999971235E1));
#5650=VERTEX_POINT('',#5648);
#5651=VERTEX_POINT('',#5649);
#5652=CARTESIAN_POINT('',(5.E-1,-7.999959755966E0,-1.526999971235E1));
#5653=VERTEX_POINT('',#5652);
#5654=CARTESIAN_POINT('',(4.754E1,-7.999957005901E0,6.000001455537E-1));
#5655=CARTESIAN_POINT('',(4.854E1,-7.999957179188E0,-3.999998544463E-1));
#5656=VERTEX_POINT('',#5654);
#5657=VERTEX_POINT('',#5655);
#5658=CARTESIAN_POINT('',(4.854E1,-6.999957179188E0,-4.000000277333E-1));
#5659=VERTEX_POINT('',#5658);
#5660=CARTESIAN_POINT('',(4.754E1,-6.999957005901E0,5.999999722666E-1));
#5661=VERTEX_POINT('',#5660);
#5662=CARTESIAN_POINT('',(4.854E1,-7.999959546289E0,-1.405999737298E1));
#5663=CARTESIAN_POINT('',(4.754E1,-7.999959719576E0,-1.505999737298E1));
#5664=VERTEX_POINT('',#5662);
#5665=VERTEX_POINT('',#5663);
#5666=CARTESIAN_POINT('',(4.754E1,-6.999959719576E0,-1.505999754626E1));
#5667=VERTEX_POINT('',#5666);
#5668=CARTESIAN_POINT('',(4.854E1,-6.999959546289E0,-1.405999754626E1));
#5669=VERTEX_POINT('',#5668);
#5670=CARTESIAN_POINT('',(4.418949056009E1,-7.999956846715E0,1.518627610465E0));
#5671=CARTESIAN_POINT('',(4.518617431662E1,-7.999957005901E0,
6.000001455537E-1));
#5672=VERTEX_POINT('',#5670);
#5673=VERTEX_POINT('',#5671);
#5674=CARTESIAN_POINT('',(4.518936102694E1,-7.999959719576E0,
-1.505999737298E1));
#5675=CARTESIAN_POINT('',(4.419236484783E1,-7.999959879441E0,
-1.598254662193E1));
#5676=VERTEX_POINT('',#5674);
#5677=VERTEX_POINT('',#5675);
#5678=CARTESIAN_POINT('',(4.111E1,-7.999959720670E0,-1.506631043378E1));
#5679=CARTESIAN_POINT('',(3.311E1,-7.999961106966E0,-2.306631043378E1));
#5680=VERTEX_POINT('',#5678);
#5681=VERTEX_POINT('',#5679);
#5682=CARTESIAN_POINT('',(1.E1,-7.999961106966E0,-2.306631043378E1));
#5683=VERTEX_POINT('',#5682);
#5684=CARTESIAN_POINT('',(2.E0,-7.999959720670E0,-1.506631043378E1));
#5685=VERTEX_POINT('',#5684);
#5686=CARTESIAN_POINT('',(2.E0,-7.999957010461E0,5.736895662173E-1));
#5687=VERTEX_POINT('',#5686);
#5688=CARTESIAN_POINT('',(1.E1,-7.999955624164E0,8.573689566217E0));
#5689=VERTEX_POINT('',#5688);
#5690=CARTESIAN_POINT('',(3.311E1,-7.999955624164E0,8.573689566217E0));
#5691=VERTEX_POINT('',#5690);
#5692=CARTESIAN_POINT('',(4.111E1,-7.999957010461E0,5.736895662172E-1));
#5693=VERTEX_POINT('',#5692);
#5694=CARTESIAN_POINT('',(3.507E1,-6.999955174258E0,1.117000011436E1));
#5695=CARTESIAN_POINT('',(9.7E0,-6.999955174258E0,1.117000011436E1));
#5696=VERTEX_POINT('',#5694);
#5697=VERTEX_POINT('',#5695);
#5698=CARTESIAN_POINT('',(3.507E1,-5.999955174258E0,1.116999994107E1));
#5699=CARTESIAN_POINT('',(9.7E0,-5.999955174258E0,1.116999994107E1));
#5700=VERTEX_POINT('',#5698);
#5701=VERTEX_POINT('',#5699);
#5702=CARTESIAN_POINT('',(-6.999999999999E-1,-6.999956976443E0,
7.700001143620E-1));
#5703=VERTEX_POINT('',#5702);
#5704=CARTESIAN_POINT('',(-6.999999999999E-1,-5.999956976443E0,
7.699999410750E-1));
#5705=VERTEX_POINT('',#5704);
#5706=CARTESIAN_POINT('',(-6.999999999999E-1,-6.999959755966E0,
-1.526999988564E1));
#5707=VERTEX_POINT('',#5706);
#5708=CARTESIAN_POINT('',(-6.999999999999E-1,-5.999959755966E0,
-1.527000005892E1));
#5709=VERTEX_POINT('',#5708);
#5710=CARTESIAN_POINT('',(9.7E0,-6.999961558151E0,-2.566999988564E1));
#5711=VERTEX_POINT('',#5710);
#5712=CARTESIAN_POINT('',(9.7E0,-5.999961558151E0,-2.567000005892E1));
#5713=VERTEX_POINT('',#5712);
#5714=CARTESIAN_POINT('',(3.507E1,-6.999961558151E0,-2.566999988564E1));
#5715=VERTEX_POINT('',#5714);
#5716=CARTESIAN_POINT('',(3.507E1,-5.999961558151E0,-2.567000005892E1));
#5717=VERTEX_POINT('',#5716);
#5718=CARTESIAN_POINT('',(4.785E1,-6.999956196651E0,5.270001213002E0));
#5719=CARTESIAN_POINT('',(4.615E1,-6.999956196651E0,5.270001213002E0));
#5720=VERTEX_POINT('',#5718);
#5721=VERTEX_POINT('',#5719);
#5722=CARTESIAN_POINT('',(-1.15E0,-6.999954983642E0,1.227000121300E1));
#5723=CARTESIAN_POINT('',(-2.85E0,-6.999954983642E0,1.227000121300E1));
#5724=VERTEX_POINT('',#5722);
#5725=VERTEX_POINT('',#5723);
#5726=CARTESIAN_POINT('',(4.785E1,-6.999960528826E0,-1.972999878700E1));
#5727=CARTESIAN_POINT('',(4.615E1,-6.999960528826E0,-1.972999878700E1));
#5728=VERTEX_POINT('',#5726);
#5729=VERTEX_POINT('',#5727);
#5730=CARTESIAN_POINT('',(-1.15E0,-6.999961741835E0,-2.672999878700E1));
#5731=CARTESIAN_POINT('',(-2.85E0,-6.999961741835E0,-2.672999878700E1));
#5732=VERTEX_POINT('',#5730);
#5733=VERTEX_POINT('',#5731);
#5734=CARTESIAN_POINT('',(4.699998803332E1,3.765748324740E-5,
-3.019728303752E1));
#5735=CARTESIAN_POINT('',(4.999816970079E1,3.817775985486E-5,
-2.719546580644E1));
#5736=VERTEX_POINT('',#5734);
#5737=VERTEX_POINT('',#5735);
#5738=CARTESIAN_POINT('',(4.999816970079E1,-6.999961822495E0,
-2.719546459319E1));
#5739=VERTEX_POINT('',#5738);
#5740=CARTESIAN_POINT('',(4.699998803332E1,-6.999962342671E0,
-3.019728182427E1));
#5741=VERTEX_POINT('',#5740);
#5742=CARTESIAN_POINT('',(4.997393261010E1,4.510923942917E-5,1.280452685055E1));
#5743=CARTESIAN_POINT('',(4.697211537902E1,4.562868475929E-5,1.580270851802E1));
#5744=VERTEX_POINT('',#5742);
#5745=VERTEX_POINT('',#5743);
#5746=CARTESIAN_POINT('',(4.697211537902E1,-6.999954371469E0,1.580270973080E1));
#5747=VERTEX_POINT('',#5746);
#5748=CARTESIAN_POINT('',(4.997393261010E1,-6.999954891015E0,1.280452806332E1));
#5749=VERTEX_POINT('',#5748);
#5750=CARTESIAN_POINT('',(9.700000050813E0,-5.999961437403E0,
-2.497000005837E1));
#5751=CARTESIAN_POINT('',(3.501999992540E1,-5.999961438155E0,
-2.497000005762E1));
#5752=VERTEX_POINT('',#5750);
#5753=VERTEX_POINT('',#5751);
#5754=CARTESIAN_POINT('',(9.700000036145E0,-6.499961350600E0,
-2.446999997189E1));
#5755=CARTESIAN_POINT('',(3.501999994693E1,-6.499961351135E0,
-2.446999997135E1));
#5756=VERTEX_POINT('',#5754);
#5757=VERTEX_POINT('',#5755);
#5758=CARTESIAN_POINT('',(2.575717417130E-13,-5.999959755966E0,
-1.527000005892E1));
#5759=VERTEX_POINT('',#5758);
#5760=CARTESIAN_POINT('',(5.E-1,-6.499959755966E0,-1.526999997228E1));
#5761=VERTEX_POINT('',#5760);
#5762=CARTESIAN_POINT('',(5.529243081911E-10,-5.999956976995E0,
7.699998902624E-1));
#5763=VERTEX_POINT('',#5762);
#5764=CARTESIAN_POINT('',(5.000000003933E-1,-6.499956976836E0,
7.699999915735E-1));
#5765=VERTEX_POINT('',#5764);
#5766=CARTESIAN_POINT('',(9.7E0,-5.999955295558E0,1.046999994107E1));
#5767=VERTEX_POINT('',#5766);
#5768=CARTESIAN_POINT('',(9.7E0,-6.499955382202E0,9.970000027718E0));
#5769=VERTEX_POINT('',#5768);
#5770=CARTESIAN_POINT('',(3.501999992834E1,-5.999955296325E0,1.046999994031E1));
#5771=VERTEX_POINT('',#5770);
#5772=CARTESIAN_POINT('',(3.501999994903E1,-6.499955382747E0,9.970000027173E0));
#5773=VERTEX_POINT('',#5772);
#5774=CARTESIAN_POINT('',(4.565E1,-2.999956196651E0,5.270000519854E0));
#5775=CARTESIAN_POINT('',(4.835E1,-2.999956196651E0,5.270000519854E0));
#5776=VERTEX_POINT('',#5774);
#5777=VERTEX_POINT('',#5775);
#5778=CARTESIAN_POINT('',(4.615E1,-3.499956196651E0,5.270000606497E0));
#5779=CARTESIAN_POINT('',(4.785E1,-3.499956196651E0,5.270000606497E0));
#5780=VERTEX_POINT('',#5778);
#5781=VERTEX_POINT('',#5779);
#5782=CARTESIAN_POINT('',(-3.35E0,-2.999954983642E0,1.227000051985E1));
#5783=CARTESIAN_POINT('',(-6.5E-1,-2.999954983642E0,1.227000051985E1));
#5784=VERTEX_POINT('',#5782);
#5785=VERTEX_POINT('',#5783);
#5786=CARTESIAN_POINT('',(-2.85E0,-3.499954983642E0,1.227000060650E1));
#5787=CARTESIAN_POINT('',(-1.15E0,-3.499954983642E0,1.227000060650E1));
#5788=VERTEX_POINT('',#5786);
#5789=VERTEX_POINT('',#5787);
#5790=CARTESIAN_POINT('',(-3.35E0,-2.999961741836E0,-2.672999948015E1));
#5791=CARTESIAN_POINT('',(-6.5E-1,-2.999961741836E0,-2.672999948015E1));
#5792=VERTEX_POINT('',#5790);
#5793=VERTEX_POINT('',#5791);
#5794=CARTESIAN_POINT('',(-2.85E0,-3.499961741836E0,-2.672999939350E1));
#5795=CARTESIAN_POINT('',(-1.15E0,-3.499961741836E0,-2.672999939350E1));
#5796=VERTEX_POINT('',#5794);
#5797=VERTEX_POINT('',#5795);
#5798=CARTESIAN_POINT('',(4.565E1,-2.999960528826E0,-1.972999948015E1));
#5799=CARTESIAN_POINT('',(4.835E1,-2.999960528826E0,-1.972999948015E1));
#5800=VERTEX_POINT('',#5798);
#5801=VERTEX_POINT('',#5799);
#5802=CARTESIAN_POINT('',(4.615E1,-3.499960528826E0,-1.972999939350E1));
#5803=CARTESIAN_POINT('',(4.785E1,-3.499960528826E0,-1.972999939350E1));
#5804=VERTEX_POINT('',#5802);
#5805=VERTEX_POINT('',#5803);
#5806=CARTESIAN_POINT('',(4.5E1,-2.999956196651E0,5.270000519854E0));
#5807=CARTESIAN_POINT('',(4.9E1,-2.999956196651E0,5.270000519854E0));
#5808=VERTEX_POINT('',#5806);
#5809=VERTEX_POINT('',#5807);
#5810=CARTESIAN_POINT('',(4.45E1,-3.499956196651E0,5.270000606497E0));
#5811=CARTESIAN_POINT('',(4.95E1,-3.499956196651E0,5.270000606497E0));
#5812=VERTEX_POINT('',#5810);
#5813=VERTEX_POINT('',#5811);
#5814=CARTESIAN_POINT('',(-4.E0,-2.999954983642E0,1.227000051985E1));
#5815=CARTESIAN_POINT('',(0.E0,-2.999954983642E0,1.227000051985E1));
#5816=VERTEX_POINT('',#5814);
#5817=VERTEX_POINT('',#5815);
#5818=CARTESIAN_POINT('',(-4.5E0,-3.499954983642E0,1.227000060650E1));
#5819=CARTESIAN_POINT('',(5.E-1,-3.499954983642E0,1.227000060650E1));
#5820=VERTEX_POINT('',#5818);
#5821=VERTEX_POINT('',#5819);
#5822=CARTESIAN_POINT('',(-4.E0,-2.999961741836E0,-2.672999948015E1));
#5823=CARTESIAN_POINT('',(0.E0,-2.999961741836E0,-2.672999948015E1));
#5824=VERTEX_POINT('',#5822);
#5825=VERTEX_POINT('',#5823);
#5826=CARTESIAN_POINT('',(-4.5E0,-3.499961741836E0,-2.672999939350E1));
#5827=CARTESIAN_POINT('',(5.E-1,-3.499961741836E0,-2.672999939350E1));
#5828=VERTEX_POINT('',#5826);
#5829=VERTEX_POINT('',#5827);
#5830=CARTESIAN_POINT('',(4.5E1,-2.999960528826E0,-1.972999948015E1));
#5831=CARTESIAN_POINT('',(4.9E1,-2.999960528826E0,-1.972999948015E1));
#5832=VERTEX_POINT('',#5830);
#5833=VERTEX_POINT('',#5831);
#5834=CARTESIAN_POINT('',(4.45E1,-3.499960528826E0,-1.972999939350E1));
#5835=CARTESIAN_POINT('',(4.95E1,-3.499960528826E0,-1.972999939350E1));
#5836=VERTEX_POINT('',#5834);
#5837=VERTEX_POINT('',#5835);
#5838=CARTESIAN_POINT('',(4.45E1,-5.999956196651E0,5.270001039715E0));
#5839=VERTEX_POINT('',#5838);
#5840=CARTESIAN_POINT('',(4.45E1,-5.999960528826E0,-1.972999896028E1));
#5841=VERTEX_POINT('',#5840);
#5842=CARTESIAN_POINT('',(1.E1,-8.999955537521E0,9.073689739504E0));
#5843=CARTESIAN_POINT('',(3.311E1,-8.999955537521E0,9.073689739504E0));
#5844=VERTEX_POINT('',#5842);
#5845=VERTEX_POINT('',#5843);
#5846=CARTESIAN_POINT('',(1.E1,-8.499955624164E0,8.573689652861E0));
#5847=CARTESIAN_POINT('',(3.311E1,-8.499955624164E0,8.573689652861E0));
#5848=VERTEX_POINT('',#5846);
#5849=VERTEX_POINT('',#5847);
#5850=CARTESIAN_POINT('',(4.161E1,-8.999957010461E0,5.736897395042E-1));
#5851=VERTEX_POINT('',#5850);
#5852=CARTESIAN_POINT('',(4.111E1,-8.499957010461E0,5.736896528607E-1));
#5853=VERTEX_POINT('',#5852);
#5854=CARTESIAN_POINT('',(4.161E1,-8.999959720670E0,-1.506631026050E1));
#5855=VERTEX_POINT('',#5854);
#5856=CARTESIAN_POINT('',(4.111E1,-8.499959720670E0,-1.506631034714E1));
#5857=VERTEX_POINT('',#5856);
#5858=CARTESIAN_POINT('',(3.311E1,-8.999961193609E0,-2.356631026050E1));
#5859=VERTEX_POINT('',#5858);
#5860=CARTESIAN_POINT('',(3.311E1,-8.499961106966E0,-2.306631034714E1));
#5861=VERTEX_POINT('',#5860);
#5862=CARTESIAN_POINT('',(1.E1,-8.999961193609E0,-2.356631026050E1));
#5863=VERTEX_POINT('',#5862);
#5864=CARTESIAN_POINT('',(1.E1,-8.499961106966E0,-2.306631034714E1));
#5865=VERTEX_POINT('',#5864);
#5866=CARTESIAN_POINT('',(1.5E0,-8.999959720670E0,-1.506631026050E1));
#5867=VERTEX_POINT('',#5866);
#5868=CARTESIAN_POINT('',(2.E0,-8.499959720670E0,-1.506631034714E1));
#5869=VERTEX_POINT('',#5868);
#5870=CARTESIAN_POINT('',(1.5E0,-8.999957010461E0,5.736897395042E-1));
#5871=VERTEX_POINT('',#5870);
#5872=CARTESIAN_POINT('',(2.E0,-8.499957010461E0,5.736896528588E-1));
#5873=VERTEX_POINT('',#5872);
#5874=CARTESIAN_POINT('',(4.897211501207E1,-6.999954371259E0,1.580392158557E1));
#5875=CARTESIAN_POINT('',(5.097211464492E1,-6.999954371049E0,1.580513344010E1));
#5876=VERTEX_POINT('',#5874);
#5877=VERTEX_POINT('',#5875);
#5878=CARTESIAN_POINT('',(4.899998766637E1,-6.999962342461E0,
-3.019606996997E1));
#5879=CARTESIAN_POINT('',(5.099998729922E1,-6.999962342251E0,
-3.019485811544E1));
#5880=VERTEX_POINT('',#5878);
#5881=VERTEX_POINT('',#5879);
#5882=CARTESIAN_POINT('',(4.418949056009E1,-6.999956846715E0,1.518627437178E0));
#5883=CARTESIAN_POINT('',(4.518617431662E1,-6.999957005901E0,
5.999999722666E-1));
#5884=VERTEX_POINT('',#5882);
#5885=VERTEX_POINT('',#5883);
#5886=CARTESIAN_POINT('',(4.419236484783E1,-6.999959879442E0,
-1.598254679522E1));
#5887=CARTESIAN_POINT('',(4.518936102694E1,-6.999959719576E0,
-1.505999754626E1));
#5888=VERTEX_POINT('',#5886);
#5889=VERTEX_POINT('',#5887);
#5890=CARTESIAN_POINT('',(4.444337492336E1,-6.106208757614E0,2.570001058127E0));
#5891=CARTESIAN_POINT('',(4.444337492336E1,-6.999956664526E0,2.570001213002E0));
#5892=VERTEX_POINT('',#5890);
#5893=VERTEX_POINT('',#5891);
#5894=VERTEX_POINT('',#979);
#5895=CARTESIAN_POINT('',(4.395763394793E1,-6.999956598427E0,2.951444455340E0));
#5896=VERTEX_POINT('',#5895);
#5897=VERTEX_POINT('',#886);
#5898=VERTEX_POINT('',#893);
#5899=CARTESIAN_POINT('',(4.445304855102E1,-6.999960060951E0,
-1.702999878700E1));
#5900=VERTEX_POINT('',#5899);
#5901=CARTESIAN_POINT('',(4.396680893499E1,-6.999960127408E0,
-1.741350399827E1));
#5902=VERTEX_POINT('',#5901);
#5903=VERTEX_POINT('',#985);
#5904=VERTEX_POINT('',#880);
#5905=CARTESIAN_POINT('',(-5.693442369535E0,-8.999954117274E0,
1.726961412631E1));
#5906=CARTESIAN_POINT('',(-5.693442369533E0,-8.999962608203E0,
-3.172961100716E1));
#5907=VERTEX_POINT('',#5905);
#5908=VERTEX_POINT('',#5906);
#5909=CARTESIAN_POINT('',(-5.693442369534E0,-8.499954117274E0,
1.726961403967E1));
#5910=CARTESIAN_POINT('',(-5.693442369534E0,-8.499962608203E0,
-3.172961109380E1));
#5911=VERTEX_POINT('',#5909);
#5912=VERTEX_POINT('',#5910);
#5913=CARTESIAN_POINT('',(-6.693467871240E0,-8.999962608308E0,
-3.173021742397E1));
#5914=CARTESIAN_POINT('',(-6.693467871240E0,-8.999954117169E0,
1.727022054312E1));
#5915=VERTEX_POINT('',#5913);
#5916=VERTEX_POINT('',#5914);
#5917=CARTESIAN_POINT('',(-6.693467871240E0,-8.499962608308E0,
-3.173021751061E1));
#5918=CARTESIAN_POINT('',(-6.693467871240E0,-8.499954117169E0,
1.727022045647E1));
#5919=VERTEX_POINT('',#5917);
#5920=VERTEX_POINT('',#5918);
#5921=CARTESIAN_POINT('',(-5.394507820948E0,-5.999954983642E0,
1.227000103971E1));
#5922=CARTESIAN_POINT('',(1.394507820948E0,-5.999954983642E0,1.227000103971E1));
#5923=VERTEX_POINT('',#5921);
#5924=VERTEX_POINT('',#5922);
#5925=CARTESIAN_POINT('',(-5.394507820948E0,-5.999961741835E0,
-2.672999896028E1));
#5926=CARTESIAN_POINT('',(1.394507820948E0,-5.999961741835E0,
-2.672999896028E1));
#5927=VERTEX_POINT('',#5925);
#5928=VERTEX_POINT('',#5926);
#5929=CARTESIAN_POINT('',(-5.394507820948E0,-6.999954983642E0,
1.227000121300E1));
#5930=CARTESIAN_POINT('',(1.394507820948E0,-6.999954983642E0,1.227000121300E1));
#5931=VERTEX_POINT('',#5929);
#5932=VERTEX_POINT('',#5930);
#5933=CARTESIAN_POINT('',(-5.394507820948E0,-6.999961741835E0,
-2.672999878700E1));
#5934=CARTESIAN_POINT('',(1.394507820948E0,-6.999961741835E0,
-2.672999878700E1));
#5935=VERTEX_POINT('',#5933);
#5936=VERTEX_POINT('',#5934);
#5937=CARTESIAN_POINT('',(4.380450638344E1,-6.999955998201E0,6.415210317498E0));
#5938=CARTESIAN_POINT('',(4.380450638344E1,-5.999955998201E0,6.415210144211E0));
#5939=VERTEX_POINT('',#5937);
#5940=VERTEX_POINT('',#5938);
#5941=CARTESIAN_POINT('',(4.381379733326E1,-6.999960731712E0,
-2.090080872585E1));
#5942=CARTESIAN_POINT('',(4.381379733326E1,-5.999960731712E0,
-2.090080889913E1));
#5943=VERTEX_POINT('',#5941);
#5944=VERTEX_POINT('',#5942);
#5945=CARTESIAN_POINT('',(-4.5E0,-5.999954983642E0,1.227000103971E1));
#5946=CARTESIAN_POINT('',(5.E-1,-5.999954983642E0,1.227000103971E1));
#5947=VERTEX_POINT('',#5945);
#5948=VERTEX_POINT('',#5946);
#5949=CARTESIAN_POINT('',(-4.5E0,-5.999961741835E0,-2.672999896028E1));
#5950=CARTESIAN_POINT('',(5.E-1,-5.999961741835E0,-2.672999896028E1));
#5951=VERTEX_POINT('',#5949);
#5952=VERTEX_POINT('',#5950);
#5953=VERTEX_POINT('',#965);
#5954=VERTEX_POINT('',#970);
#5955=VERTEX_POINT('',#987);
#5956=CARTESIAN_POINT('',(4.494265137945E1,-6.999960060951E0,
-1.702999878700E1));
#5957=CARTESIAN_POINT('',(4.494265137945E1,-5.999960060951E0,
-1.702999896028E1));
#5958=VERTEX_POINT('',#5956);
#5959=VERTEX_POINT('',#5957);
#5960=CARTESIAN_POINT('',(4.494265137945E1,-6.999956664526E0,2.570001213002E0));
#5961=CARTESIAN_POINT('',(4.494265137945E1,-5.999956664526E0,2.570001039715E0));
#5962=VERTEX_POINT('',#5960);
#5963=VERTEX_POINT('',#5961);
#5964=CARTESIAN_POINT('',(4.95E1,-5.999956196651E0,5.270001039715E0));
#5965=VERTEX_POINT('',#5964);
#5966=CARTESIAN_POINT('',(4.95E1,-5.999960528826E0,-1.972999896028E1));
#5967=VERTEX_POINT('',#5966);
#5968=CARTESIAN_POINT('',(4.360591450379E1,-5.999960538105E0,
-1.978354324954E1));
#5969=VERTEX_POINT('',#5968);
#5970=CARTESIAN_POINT('',(4.446723038660E1,-5.999960137191E0,
-1.746996324554E1));
#5971=VERTEX_POINT('',#5970);
#5972=CARTESIAN_POINT('',(-3.994999600558E1,3.764841960674E-5,
-3.024996841819E1));
#5973=DIRECTION('',(0.E0,-1.E0,1.732870212380E-7));
#5974=DIRECTION('',(9.999998164261E-1,1.049993312582E-10,6.059272674204E-4));
#5975=AXIS2_PLACEMENT_3D('',#5972,#5973,#5974);
#5976=PLANE('',#5975);
#5978=ORIENTED_EDGE('',*,*,#5977,.T.);
#5980=ORIENTED_EDGE('',*,*,#5979,.F.);
#5982=ORIENTED_EDGE('',*,*,#5981,.F.);
#5984=ORIENTED_EDGE('',*,*,#5983,.T.);
#5986=ORIENTED_EDGE('',*,*,#5985,.F.);
#5988=ORIENTED_EDGE('',*,*,#5987,.T.);
#5989=EDGE_LOOP('',(#5978,#5980,#5982,#5984,#5986,#5988));
#5990=FACE_OUTER_BOUND('',#5989,.F.);
#5992=ORIENTED_EDGE('',*,*,#5991,.F.);
#5994=ORIENTED_EDGE('',*,*,#5993,.F.);
#5996=ORIENTED_EDGE('',*,*,#5995,.F.);
#5998=ORIENTED_EDGE('',*,*,#5997,.F.);
#5999=EDGE_LOOP('',(#5992,#5994,#5996,#5998));
#6000=FACE_BOUND('',#5999,.F.);
#6001=ADVANCED_FACE('',(#5990,#6000),#5976,.F.);
#6002=CARTESIAN_POINT('',(-3.689908767543E1,-3.499962611301E0,
-3.174811945609E1));
#6003=DIRECTION('',(9.999998164261E-1,1.049993312582E-10,6.059272674204E-4));
#6004=DIRECTION('',(-6.059272674204E-4,1.732869894271E-7,9.999998164260E-1));
#6005=AXIS2_PLACEMENT_3D('',#6002,#6003,#6004);
#6006=PLANE('',#6005);
#6007=ORIENTED_EDGE('',*,*,#5977,.F.);
#6009=ORIENTED_EDGE('',*,*,#6008,.T.);
#6011=ORIENTED_EDGE('',*,*,#6010,.T.);
#6013=ORIENTED_EDGE('',*,*,#6012,.F.);
#6014=EDGE_LOOP('',(#6007,#6009,#6011,#6013));
#6015=FACE_OUTER_BOUND('',#6014,.F.);
#6016=ADVANCED_FACE('',(#6015),#6006,.T.);
#6017=CARTESIAN_POINT('',(5.051813515946E0,-2.499962866936E0,
-3.322270070248E1));
#6018=DIRECTION('',(-6.059272674204E-4,1.732869894271E-7,9.999998164260E-1));
#6019=DIRECTION('',(0.E0,-1.E0,1.732870212380E-7));
#6020=AXIS2_PLACEMENT_3D('',#6017,#6018,#6019);
#6021=PLANE('',#6020);
#6023=ORIENTED_EDGE('',*,*,#6022,.T.);
#6025=ORIENTED_EDGE('',*,*,#6024,.F.);
#6027=ORIENTED_EDGE('',*,*,#6026,.F.);
#6029=ORIENTED_EDGE('',*,*,#6028,.T.);
#6030=EDGE_LOOP('',(#6023,#6025,#6027,#6029));
#6031=FACE_OUTER_BOUND('',#6030,.F.);
#6032=ADVANCED_FACE('',(#6031),#6021,.T.);
#6033=CARTESIAN_POINT('',(5.051813515946E0,-2.499962866936E0,
-3.322270070248E1));
#6034=DIRECTION('',(-6.059272674204E-4,1.732869894271E-7,9.999998164260E-1));
#6035=DIRECTION('',(0.E0,-1.E0,1.732870212380E-7));
#6036=AXIS2_PLACEMENT_3D('',#6033,#6034,#6035);
#6037=PLANE('',#6036);
#6039=ORIENTED_EDGE('',*,*,#6038,.F.);
#6041=ORIENTED_EDGE('',*,*,#6040,.F.);
#6043=ORIENTED_EDGE('',*,*,#6042,.T.);
#6045=ORIENTED_EDGE('',*,*,#6044,.T.);
#6047=ORIENTED_EDGE('',*,*,#6046,.T.);
#6049=ORIENTED_EDGE('',*,*,#6048,.T.);
#6050=EDGE_LOOP('',(#6039,#6041,#6043,#6045,#6047,#6049));
#6051=FACE_OUTER_BOUND('',#6050,.F.);
#6052=ADVANCED_FACE('',(#6051),#6037,.T.);
#6053=CARTESIAN_POINT('',(5.051813515946E0,-2.499962866936E0,
-3.322270070248E1));
#6054=DIRECTION('',(-6.059272674204E-4,1.732869894271E-7,9.999998164260E-1));
#6055=DIRECTION('',(0.E0,-1.E0,1.732870212380E-7));
#6056=AXIS2_PLACEMENT_3D('',#6053,#6054,#6055);
#6057=PLANE('',#6056);
#6059=ORIENTED_EDGE('',*,*,#6058,.T.);
#6061=ORIENTED_EDGE('',*,*,#6060,.T.);
#6062=ORIENTED_EDGE('',*,*,#6008,.F.);
#6063=ORIENTED_EDGE('',*,*,#5987,.F.);
#6065=ORIENTED_EDGE('',*,*,#6064,.T.);
#6067=ORIENTED_EDGE('',*,*,#6066,.T.);
#6068=EDGE_LOOP('',(#6059,#6061,#6062,#6063,#6065,#6067));
#6069=FACE_OUTER_BOUND('',#6068,.F.);
#6070=ADVANCED_FACE('',(#6069),#6057,.T.);
#6071=CARTESIAN_POINT('',(2.060205303244E1,2.000037065382E0,-3.361327901954E1));
#6072=DIRECTION('',(-1.E0,0.E0,0.E0));
#6073=DIRECTION('',(0.E0,1.732870212380E-7,1.E0));
#6074=AXIS2_PLACEMENT_3D('',#6071,#6072,#6073);
#6075=PLANE('',#6074);
#6077=ORIENTED_EDGE('',*,*,#6076,.F.);
#6079=ORIENTED_EDGE('',*,*,#6078,.T.);
#6080=ORIENTED_EDGE('',*,*,#6022,.F.);
#6082=ORIENTED_EDGE('',*,*,#6081,.T.);
#6084=ORIENTED_EDGE('',*,*,#6083,.F.);
#6085=EDGE_LOOP('',(#6077,#6079,#6080,#6082,#6084));
#6086=FACE_OUTER_BOUND('',#6085,.F.);
#6087=ADVANCED_FACE('',(#6086),#6075,.T.);
#6088=CARTESIAN_POINT('',(2.060205303244E1,2.000037273326E0,-3.241327901954E1));
#6089=DIRECTION('',(-6.059272674221E-4,1.732869894271E-7,9.999998164260E-1));
#6090=DIRECTION('',(9.999998164261E-1,1.049993312585E-10,6.059272674221E-4));
#6091=AXIS2_PLACEMENT_3D('',#6088,#6089,#6090);
#6092=PLANE('',#6091);
#6094=ORIENTED_EDGE('',*,*,#6093,.F.);
#6096=ORIENTED_EDGE('',*,*,#6095,.F.);
#6097=ORIENTED_EDGE('',*,*,#6076,.T.);
#6099=ORIENTED_EDGE('',*,*,#6098,.T.);
#6100=EDGE_LOOP('',(#6094,#6096,#6097,#6099));
#6101=FACE_OUTER_BOUND('',#6100,.F.);
#6102=ADVANCED_FACE('',(#6101),#6092,.T.);
#6103=CARTESIAN_POINT('',(2.160205284887E1,2.000037273431E0,-3.241267309227E1));
#6104=DIRECTION('',(1.E0,0.E0,0.E0));
#6105=DIRECTION('',(0.E0,-1.732870212380E-7,-1.E0));
#6106=AXIS2_PLACEMENT_3D('',#6103,#6104,#6105);
#6107=PLANE('',#6106);
#6108=ORIENTED_EDGE('',*,*,#6042,.F.);
#6110=ORIENTED_EDGE('',*,*,#6109,.F.);
#6111=ORIENTED_EDGE('',*,*,#6093,.T.);
#6113=ORIENTED_EDGE('',*,*,#6112,.F.);
#6115=ORIENTED_EDGE('',*,*,#6114,.T.);
#6116=EDGE_LOOP('',(#6108,#6110,#6111,#6113,#6115));
#6117=FACE_OUTER_BOUND('',#6116,.F.);
#6118=ADVANCED_FACE('',(#6117),#6107,.T.);
#6119=CARTESIAN_POINT('',(-2.561393496676E1,-6.999958364693E0,
-7.241276367303E0));
#6120=DIRECTION('',(0.E0,-1.E0,1.732870212380E-7));
#6121=DIRECTION('',(6.059272674204E-4,-1.732869894271E-7,-9.999998164260E-1));
#6122=AXIS2_PLACEMENT_3D('',#6119,#6120,#6121);
#6123=PLANE('',#6122);
#6125=ORIENTED_EDGE('',*,*,#6124,.F.);
#6127=ORIENTED_EDGE('',*,*,#6126,.F.);
#6128=EDGE_LOOP('',(#6125,#6127));
#6129=FACE_OUTER_BOUND('',#6128,.F.);
#6130=ADVANCED_FACE('',(#6129),#6123,.F.);
#6131=CARTESIAN_POINT('',(-2.561393496676E1,-6.999958364693E0,
-7.241276367303E0));
#6132=DIRECTION('',(0.E0,-1.E0,1.732870212380E-7));
#6133=DIRECTION('',(6.059272674204E-4,-1.732869894271E-7,-9.999998164260E-1));
#6134=AXIS2_PLACEMENT_3D('',#6131,#6132,#6133);
#6135=PLANE('',#6134);
#6137=ORIENTED_EDGE('',*,*,#6136,.F.);
#6139=ORIENTED_EDGE('',*,*,#6138,.F.);
#6140=EDGE_LOOP('',(#6137,#6139));
#6141=FACE_OUTER_BOUND('',#6140,.F.);
#6142=ADVANCED_FACE('',(#6141),#6135,.F.);
#6143=CARTESIAN_POINT('',(-2.561393496676E1,-6.999958364693E0,
-7.241276367303E0));
#6144=DIRECTION('',(0.E0,-1.E0,1.732870212380E-7));
#6145=DIRECTION('',(6.059272674204E-4,-1.732869894271E-7,-9.999998164260E-1));
#6146=AXIS2_PLACEMENT_3D('',#6143,#6144,#6145);
#6147=PLANE('',#6146);
#6149=ORIENTED_EDGE('',*,*,#6148,.F.);
#6151=ORIENTED_EDGE('',*,*,#6150,.F.);
#6152=EDGE_LOOP('',(#6149,#6151));
#6153=FACE_OUTER_BOUND('',#6152,.F.);
#6154=ADVANCED_FACE('',(#6153),#6147,.F.);
#6155=CARTESIAN_POINT('',(-2.561393496676E1,-6.999958364693E0,
-7.241276367303E0));
#6156=DIRECTION('',(0.E0,-1.E0,1.732870212380E-7));
#6157=DIRECTION('',(6.059272674204E-4,-1.732869894271E-7,-9.999998164260E-1));
#6158=AXIS2_PLACEMENT_3D('',#6155,#6156,#6157);
#6159=PLANE('',#6158);
#6161=ORIENTED_EDGE('',*,*,#6160,.F.);
#6163=ORIENTED_EDGE('',*,*,#6162,.F.);
#6164=EDGE_LOOP('',(#6161,#6163));
#6165=FACE_OUTER_BOUND('',#6164,.F.);
#6166=ADVANCED_FACE('',(#6165),#6159,.F.);
#6167=CARTESIAN_POINT('',(-2.561393496676E1,-6.999958364693E0,
-7.241276367303E0));
#6168=DIRECTION('',(0.E0,-1.E0,1.732870212380E-7));
#6169=DIRECTION('',(6.059272674204E-4,-1.732869894271E-7,-9.999998164260E-1));
#6170=AXIS2_PLACEMENT_3D('',#6167,#6168,#6169);
#6171=PLANE('',#6170);
#6173=ORIENTED_EDGE('',*,*,#6172,.T.);
#6175=ORIENTED_EDGE('',*,*,#6174,.F.);
#6177=ORIENTED_EDGE('',*,*,#6176,.T.);
#6179=ORIENTED_EDGE('',*,*,#6178,.T.);
#6181=ORIENTED_EDGE('',*,*,#6180,.T.);
#6183=ORIENTED_EDGE('',*,*,#6182,.T.);
#6185=ORIENTED_EDGE('',*,*,#6184,.T.);
#6187=ORIENTED_EDGE('',*,*,#6186,.T.);
#6189=ORIENTED_EDGE('',*,*,#6188,.T.);
#6191=ORIENTED_EDGE('',*,*,#6190,.T.);
#6193=ORIENTED_EDGE('',*,*,#6192,.F.);
#6195=ORIENTED_EDGE('',*,*,#6194,.T.);
#6197=ORIENTED_EDGE('',*,*,#6196,.T.);
#6199=ORIENTED_EDGE('',*,*,#6198,.F.);
#6201=ORIENTED_EDGE('',*,*,#6200,.T.);
#6203=ORIENTED_EDGE('',*,*,#6202,.F.);
#6205=ORIENTED_EDGE('',*,*,#6204,.T.);
#6207=ORIENTED_EDGE('',*,*,#6206,.T.);
#6209=ORIENTED_EDGE('',*,*,#6208,.F.);
#6211=ORIENTED_EDGE('',*,*,#6210,.F.);
#6213=ORIENTED_EDGE('',*,*,#6212,.T.);
#6215=ORIENTED_EDGE('',*,*,#6214,.T.);
#6217=ORIENTED_EDGE('',*,*,#6216,.F.);
#6219=ORIENTED_EDGE('',*,*,#6218,.F.);
#6221=ORIENTED_EDGE('',*,*,#6220,.F.);
#6223=ORIENTED_EDGE('',*,*,#6222,.F.);
#6224=ORIENTED_EDGE('',*,*,#6010,.F.);
#6225=ORIENTED_EDGE('',*,*,#6060,.F.);
#6227=ORIENTED_EDGE('',*,*,#6226,.T.);
#6229=ORIENTED_EDGE('',*,*,#6228,.T.);
#6231=ORIENTED_EDGE('',*,*,#6230,.F.);
#6232=ORIENTED_EDGE('',*,*,#6024,.T.);
#6233=ORIENTED_EDGE('',*,*,#6078,.F.);
#6234=ORIENTED_EDGE('',*,*,#6095,.T.);
#6235=ORIENTED_EDGE('',*,*,#6109,.T.);
#6236=ORIENTED_EDGE('',*,*,#6040,.T.);
#6238=ORIENTED_EDGE('',*,*,#6237,.T.);
#6240=ORIENTED_EDGE('',*,*,#6239,.F.);
#6242=ORIENTED_EDGE('',*,*,#6241,.T.);
#6244=ORIENTED_EDGE('',*,*,#6243,.T.);
#6246=ORIENTED_EDGE('',*,*,#6245,.T.);
#6248=ORIENTED_EDGE('',*,*,#6247,.T.);
#6250=ORIENTED_EDGE('',*,*,#6249,.T.);
#6252=ORIENTED_EDGE('',*,*,#6251,.T.);
#6254=ORIENTED_EDGE('',*,*,#6253,.T.);
#6256=ORIENTED_EDGE('',*,*,#6255,.T.);
#6258=ORIENTED_EDGE('',*,*,#6257,.T.);
#6260=ORIENTED_EDGE('',*,*,#6259,.T.);
#6261=EDGE_LOOP('',(#6173,#6175,#6177,#6179,#6181,#6183,#6185,#6187,#6189,#6191,
#6193,#6195,#6197,#6199,#6201,#6203,#6205,#6207,#6209,#6211,#6213,#6215,#6217,
#6219,#6221,#6223,#6224,#6225,#6227,#6229,#6231,#6232,#6233,#6234,#6235,#6236,
#6238,#6240,#6242,#6244,#6246,#6248,#6250,#6252,#6254,#6256,#6258,#6260));
#6262=FACE_OUTER_BOUND('',#6261,.F.);
#6264=ORIENTED_EDGE('',*,*,#6263,.T.);
#6266=ORIENTED_EDGE('',*,*,#6265,.F.);
#6268=ORIENTED_EDGE('',*,*,#6267,.T.);
#6270=ORIENTED_EDGE('',*,*,#6269,.F.);
#6272=ORIENTED_EDGE('',*,*,#6271,.T.);
#6274=ORIENTED_EDGE('',*,*,#6273,.F.);
#6276=ORIENTED_EDGE('',*,*,#6275,.T.);
#6278=ORIENTED_EDGE('',*,*,#6277,.F.);
#6279=EDGE_LOOP('',(#6264,#6266,#6268,#6270,#6272,#6274,#6276,#6278));
#6280=FACE_BOUND('',#6279,.F.);
#6282=ORIENTED_EDGE('',*,*,#6281,.F.);
#6284=ORIENTED_EDGE('',*,*,#6283,.F.);
#6286=ORIENTED_EDGE('',*,*,#6285,.F.);
#6288=ORIENTED_EDGE('',*,*,#6287,.F.);
#6290=ORIENTED_EDGE('',*,*,#6289,.F.);
#6292=ORIENTED_EDGE('',*,*,#6291,.F.);
#6294=ORIENTED_EDGE('',*,*,#6293,.F.);
#6296=ORIENTED_EDGE('',*,*,#6295,.F.);
#6298=ORIENTED_EDGE('',*,*,#6297,.F.);
#6300=ORIENTED_EDGE('',*,*,#6299,.F.);
#6302=ORIENTED_EDGE('',*,*,#6301,.F.);
#6304=ORIENTED_EDGE('',*,*,#6303,.F.);
#6306=ORIENTED_EDGE('',*,*,#6305,.F.);
#6308=ORIENTED_EDGE('',*,*,#6307,.F.);
#6310=ORIENTED_EDGE('',*,*,#6309,.F.);
#6312=ORIENTED_EDGE('',*,*,#6311,.F.);
#6313=EDGE_LOOP('',(#6282,#6284,#6286,#6288,#6290,#6292,#6294,#6296,#6298,#6300,
#6302,#6304,#6306,#6308,#6310,#6312));
#6314=FACE_BOUND('',#6313,.F.);
#6316=ORIENTED_EDGE('',*,*,#6315,.F.);
#6318=ORIENTED_EDGE('',*,*,#6317,.F.);
#6320=ORIENTED_EDGE('',*,*,#6319,.F.);
#6322=ORIENTED_EDGE('',*,*,#6321,.F.);
#6324=ORIENTED_EDGE('',*,*,#6323,.F.);
#6326=ORIENTED_EDGE('',*,*,#6325,.F.);
#6328=ORIENTED_EDGE('',*,*,#6327,.F.);
#6330=ORIENTED_EDGE('',*,*,#6329,.F.);
#6332=ORIENTED_EDGE('',*,*,#6331,.F.);
#6334=ORIENTED_EDGE('',*,*,#6333,.F.);
#6336=ORIENTED_EDGE('',*,*,#6335,.F.);
#6338=ORIENTED_EDGE('',*,*,#6337,.F.);
#6340=ORIENTED_EDGE('',*,*,#6339,.F.);
#6342=ORIENTED_EDGE('',*,*,#6341,.F.);
#6344=ORIENTED_EDGE('',*,*,#6343,.F.);
#6346=ORIENTED_EDGE('',*,*,#6345,.F.);
#6347=EDGE_LOOP('',(#6316,#6318,#6320,#6322,#6324,#6326,#6328,#6330,#6332,#6334,
#6336,#6338,#6340,#6342,#6344,#6346));
#6348=FACE_BOUND('',#6347,.F.);
#6350=ORIENTED_EDGE('',*,*,#6349,.T.);
#6352=ORIENTED_EDGE('',*,*,#6351,.T.);
#6353=EDGE_LOOP('',(#6350,#6352));
#6354=FACE_BOUND('',#6353,.F.);
#6356=ORIENTED_EDGE('',*,*,#6355,.T.);
#6358=ORIENTED_EDGE('',*,*,#6357,.T.);
#6359=EDGE_LOOP('',(#6356,#6358));
#6360=FACE_BOUND('',#6359,.F.);
#6362=ORIENTED_EDGE('',*,*,#6361,.F.);
#6364=ORIENTED_EDGE('',*,*,#6363,.F.);
#6366=ORIENTED_EDGE('',*,*,#6365,.F.);
#6368=ORIENTED_EDGE('',*,*,#6367,.T.);
#6370=ORIENTED_EDGE('',*,*,#6369,.T.);
#6372=ORIENTED_EDGE('',*,*,#6371,.T.);
#6374=ORIENTED_EDGE('',*,*,#6373,.F.);
#6376=ORIENTED_EDGE('',*,*,#6375,.T.);
#6378=ORIENTED_EDGE('',*,*,#6377,.F.);
#6380=ORIENTED_EDGE('',*,*,#6379,.T.);
#6382=ORIENTED_EDGE('',*,*,#6381,.F.);
#6384=ORIENTED_EDGE('',*,*,#6383,.T.);
#6386=ORIENTED_EDGE('',*,*,#6385,.F.);
#6388=ORIENTED_EDGE('',*,*,#6387,.F.);
#6390=ORIENTED_EDGE('',*,*,#6389,.F.);
#6392=ORIENTED_EDGE('',*,*,#6391,.T.);
#6394=ORIENTED_EDGE('',*,*,#6393,.F.);
#6396=ORIENTED_EDGE('',*,*,#6395,.T.);
#6398=ORIENTED_EDGE('',*,*,#6397,.F.);
#6400=ORIENTED_EDGE('',*,*,#6399,.T.);
#6402=ORIENTED_EDGE('',*,*,#6401,.F.);
#6404=ORIENTED_EDGE('',*,*,#6403,.T.);
#6405=EDGE_LOOP('',(#6362,#6364,#6366,#6368,#6370,#6372,#6374,#6376,#6378,#6380,
#6382,#6384,#6386,#6388,#6390,#6392,#6394,#6396,#6398,#6400,#6402,#6404));
#6406=FACE_BOUND('',#6405,.F.);
#6407=ADVANCED_FACE('',(#6262,#6280,#6314,#6348,#6354,#6360,#6406),#6171,.F.);
#6408=CARTESIAN_POINT('',(4.7E1,-6.999956196651E0,5.270001213002E0));
#6409=DIRECTION('',(0.E0,1.E0,-1.732870212380E-7));
#6410=DIRECTION('',(-1.E0,0.E0,0.E0));
#6411=AXIS2_PLACEMENT_3D('',#6408,#6409,#6410);
#6412=CYLINDRICAL_SURFACE('',#6411,8.5E-1);
#6414=ORIENTED_EDGE('',*,*,#6413,.T.);
#6416=ORIENTED_EDGE('',*,*,#6415,.F.);
#6417=ORIENTED_EDGE('',*,*,#6124,.T.);
#6419=ORIENTED_EDGE('',*,*,#6418,.T.);
#6420=EDGE_LOOP('',(#6414,#6416,#6417,#6419));
#6421=FACE_OUTER_BOUND('',#6420,.F.);
#6422=ADVANCED_FACE('',(#6421),#6412,.F.);
#6423=CARTESIAN_POINT('',(4.7E1,-3.249956197939E0,5.270000563175E0));
#6424=DIRECTION('',(0.E0,1.E0,-1.732870212380E-7));
#6425=DIRECTION('',(-1.E0,0.E0,0.E0));
#6426=AXIS2_PLACEMENT_3D('',#6423,#6424,#6425);
#6427=CONICAL_SURFACE('',#6426,1.099999998712E0,4.5E1);
#6429=ORIENTED_EDGE('',*,*,#6428,.T.);
#6431=ORIENTED_EDGE('',*,*,#6430,.T.);
#6432=ORIENTED_EDGE('',*,*,#6413,.F.);
#6434=ORIENTED_EDGE('',*,*,#6433,.F.);
#6435=EDGE_LOOP('',(#6429,#6431,#6432,#6434));
#6436=FACE_OUTER_BOUND('',#6435,.F.);
#6437=ADVANCED_FACE('',(#6436),#6427,.F.);
#6438=CARTESIAN_POINT('',(0.E0,-2.999957109873E0,5.198536310085E-7));
#6439=DIRECTION('',(0.E0,1.E0,-1.732870212380E-7));
#6440=DIRECTION('',(-1.E0,0.E0,0.E0));
#6441=AXIS2_PLACEMENT_3D('',#6438,#6439,#6440);
#6442=PLANE('',#6441);
#6444=ORIENTED_EDGE('',*,*,#6443,.F.);
#6446=ORIENTED_EDGE('',*,*,#6445,.F.);
#6447=EDGE_LOOP('',(#6444,#6446));
#6448=FACE_OUTER_BOUND('',#6447,.F.);
#6449=ORIENTED_EDGE('',*,*,#6428,.F.);
#6451=ORIENTED_EDGE('',*,*,#6450,.F.);
#6452=EDGE_LOOP('',(#6449,#6451));
#6453=FACE_BOUND('',#6452,.F.);
#6454=ADVANCED_FACE('',(#6448,#6453),#6442,.T.);
#6455=CARTESIAN_POINT('',(0.E0,-2.999957109873E0,5.198536310085E-7));
#6456=DIRECTION('',(0.E0,1.E0,-1.732870212380E-7));
#6457=DIRECTION('',(-1.E0,0.E0,0.E0));
#6458=AXIS2_PLACEMENT_3D('',#6455,#6456,#6457);
#6459=PLANE('',#6458);
#6461=ORIENTED_EDGE('',*,*,#6460,.F.);
#6463=ORIENTED_EDGE('',*,*,#6462,.F.);
#6464=EDGE_LOOP('',(#6461,#6463));
#6465=FACE_OUTER_BOUND('',#6464,.F.);
#6467=ORIENTED_EDGE('',*,*,#6466,.F.);
#6469=ORIENTED_EDGE('',*,*,#6468,.F.);
#6470=EDGE_LOOP('',(#6467,#6469));
#6471=FACE_BOUND('',#6470,.F.);
#6472=ADVANCED_FACE('',(#6465,#6471),#6459,.T.);
#6473=CARTESIAN_POINT('',(0.E0,-2.999957109873E0,5.198536310085E-7));
#6474=DIRECTION('',(0.E0,1.E0,-1.732870212380E-7));
#6475=DIRECTION('',(-1.E0,0.E0,0.E0));
#6476=AXIS2_PLACEMENT_3D('',#6473,#6474,#6475);
#6477=PLANE('',#6476);
#6479=ORIENTED_EDGE('',*,*,#6478,.F.);
#6481=ORIENTED_EDGE('',*,*,#6480,.F.);
#6482=EDGE_LOOP('',(#6479,#6481));
#6483=FACE_OUTER_BOUND('',#6482,.F.);
#6485=ORIENTED_EDGE('',*,*,#6484,.F.);
#6487=ORIENTED_EDGE('',*,*,#6486,.F.);
#6488=EDGE_LOOP('',(#6485,#6487));
#6489=FACE_BOUND('',#6488,.F.);
#6490=ADVANCED_FACE('',(#6483,#6489),#6477,.T.);
#6491=CARTESIAN_POINT('',(0.E0,-2.999957109873E0,5.198536310085E-7));
#6492=DIRECTION('',(0.E0,1.E0,-1.732870212380E-7));
#6493=DIRECTION('',(-1.E0,0.E0,0.E0));
#6494=AXIS2_PLACEMENT_3D('',#6491,#6492,#6493);
#6495=PLANE('',#6494);
#6497=ORIENTED_EDGE('',*,*,#6496,.F.);
#6499=ORIENTED_EDGE('',*,*,#6498,.F.);
#6500=EDGE_LOOP('',(#6497,#6499));
#6501=FACE_OUTER_BOUND('',#6500,.F.);
#6503=ORIENTED_EDGE('',*,*,#6502,.F.);
#6505=ORIENTED_EDGE('',*,*,#6504,.F.);
#6506=EDGE_LOOP('',(#6503,#6505));
#6507=FACE_BOUND('',#6506,.F.);
#6508=ADVANCED_FACE('',(#6501,#6507),#6495,.T.);
#6509=CARTESIAN_POINT('',(4.7E1,-3.249956197939E0,5.270000563175E0));
#6510=DIRECTION('',(0.E0,1.E0,-1.732870212380E-7));
#6511=DIRECTION('',(-1.E0,0.E0,0.E0));
#6512=AXIS2_PLACEMENT_3D('',#6509,#6510,#6511);
#6513=CONICAL_SURFACE('',#6512,1.099999998712E0,4.5E1);
#6514=ORIENTED_EDGE('',*,*,#6450,.T.);
#6515=ORIENTED_EDGE('',*,*,#6433,.T.);
#6517=ORIENTED_EDGE('',*,*,#6516,.F.);
#6518=ORIENTED_EDGE('',*,*,#6430,.F.);
#6519=EDGE_LOOP('',(#6514,#6515,#6517,#6518));
#6520=FACE_OUTER_BOUND('',#6519,.F.);
#6521=ADVANCED_FACE('',(#6520),#6513,.F.);
#6522=CARTESIAN_POINT('',(4.7E1,-6.999956196651E0,5.270001213002E0));
#6523=DIRECTION('',(0.E0,1.E0,-1.732870212380E-7));
#6524=DIRECTION('',(-1.E0,0.E0,0.E0));
#6525=AXIS2_PLACEMENT_3D('',#6522,#6523,#6524);
#6526=CYLINDRICAL_SURFACE('',#6525,8.5E-1);
#6527=ORIENTED_EDGE('',*,*,#6516,.T.);
#6528=ORIENTED_EDGE('',*,*,#6418,.F.);
#6529=ORIENTED_EDGE('',*,*,#6126,.T.);
#6530=ORIENTED_EDGE('',*,*,#6415,.T.);
#6531=EDGE_LOOP('',(#6527,#6528,#6529,#6530));
#6532=FACE_OUTER_BOUND('',#6531,.F.);
#6533=ADVANCED_FACE('',(#6532),#6526,.F.);
#6534=CARTESIAN_POINT('',(-2.E0,-3.249954984929E0,1.227000056318E1));
#6535=DIRECTION('',(0.E0,1.E0,-1.732870212380E-7));
#6536=DIRECTION('',(-1.E0,0.E0,0.E0));
#6537=AXIS2_PLACEMENT_3D('',#6534,#6535,#6536);
#6538=CONICAL_SURFACE('',#6537,1.099999998712E0,4.5E1);
#6539=ORIENTED_EDGE('',*,*,#6466,.T.);
#6541=ORIENTED_EDGE('',*,*,#6540,.T.);
#6543=ORIENTED_EDGE('',*,*,#6542,.F.);
#6545=ORIENTED_EDGE('',*,*,#6544,.F.);
#6546=EDGE_LOOP('',(#6539,#6541,#6543,#6545));
#6547=FACE_OUTER_BOUND('',#6546,.F.);
#6548=ADVANCED_FACE('',(#6547),#6538,.F.);
#6549=CARTESIAN_POINT('',(-2.E0,-3.249954984929E0,1.227000056318E1));
#6550=DIRECTION('',(0.E0,1.E0,-1.732870212380E-7));
#6551=DIRECTION('',(-1.E0,0.E0,0.E0));
#6552=AXIS2_PLACEMENT_3D('',#6549,#6550,#6551);
#6553=CONICAL_SURFACE('',#6552,1.099999998712E0,4.5E1);
#6554=ORIENTED_EDGE('',*,*,#6468,.T.);
#6555=ORIENTED_EDGE('',*,*,#6544,.T.);
#6557=ORIENTED_EDGE('',*,*,#6556,.F.);
#6558=ORIENTED_EDGE('',*,*,#6540,.F.);
#6559=EDGE_LOOP('',(#6554,#6555,#6557,#6558));
#6560=FACE_OUTER_BOUND('',#6559,.F.);
#6561=ADVANCED_FACE('',(#6560),#6553,.F.);
#6562=CARTESIAN_POINT('',(-2.E0,-6.999954983642E0,1.227000121300E1));
#6563=DIRECTION('',(0.E0,1.E0,-1.732870212380E-7));
#6564=DIRECTION('',(-1.E0,0.E0,0.E0));
#6565=AXIS2_PLACEMENT_3D('',#6562,#6563,#6564);
#6566=CYLINDRICAL_SURFACE('',#6565,8.5E-1);
#6567=ORIENTED_EDGE('',*,*,#6556,.T.);
#6569=ORIENTED_EDGE('',*,*,#6568,.F.);
#6570=ORIENTED_EDGE('',*,*,#6138,.T.);
#6572=ORIENTED_EDGE('',*,*,#6571,.T.);
#6573=EDGE_LOOP('',(#6567,#6569,#6570,#6572));
#6574=FACE_OUTER_BOUND('',#6573,.F.);
#6575=ADVANCED_FACE('',(#6574),#6566,.F.);
#6576=CARTESIAN_POINT('',(-2.E0,-6.999954983642E0,1.227000121300E1));
#6577=DIRECTION('',(0.E0,1.E0,-1.732870212380E-7));
#6578=DIRECTION('',(-1.E0,0.E0,0.E0));
#6579=AXIS2_PLACEMENT_3D('',#6576,#6577,#6578);
#6580=CYLINDRICAL_SURFACE('',#6579,8.5E-1);
#6581=ORIENTED_EDGE('',*,*,#6542,.T.);
#6582=ORIENTED_EDGE('',*,*,#6571,.F.);
#6583=ORIENTED_EDGE('',*,*,#6136,.T.);
#6584=ORIENTED_EDGE('',*,*,#6568,.T.);
#6585=EDGE_LOOP('',(#6581,#6582,#6583,#6584));
#6586=FACE_OUTER_BOUND('',#6585,.F.);
#6587=ADVANCED_FACE('',(#6586),#6580,.F.);
#6588=CARTESIAN_POINT('',(-2.E0,-3.249961743123E0,-2.672999943682E1));
#6589=DIRECTION('',(0.E0,1.E0,-1.732870212380E-7));
#6590=DIRECTION('',(-1.E0,0.E0,0.E0));
#6591=AXIS2_PLACEMENT_3D('',#6588,#6589,#6590);
#6592=CONICAL_SURFACE('',#6591,1.099999998712E0,4.5E1);
#6593=ORIENTED_EDGE('',*,*,#6484,.T.);
#6595=ORIENTED_EDGE('',*,*,#6594,.T.);
#6597=ORIENTED_EDGE('',*,*,#6596,.F.);
#6599=ORIENTED_EDGE('',*,*,#6598,.F.);
#6600=EDGE_LOOP('',(#6593,#6595,#6597,#6599));
#6601=FACE_OUTER_BOUND('',#6600,.F.);
#6602=ADVANCED_FACE('',(#6601),#6592,.F.);
#6603=CARTESIAN_POINT('',(-2.E0,-3.249961743123E0,-2.672999943682E1));
#6604=DIRECTION('',(0.E0,1.E0,-1.732870212380E-7));
#6605=DIRECTION('',(-1.E0,0.E0,0.E0));
#6606=AXIS2_PLACEMENT_3D('',#6603,#6604,#6605);
#6607=CONICAL_SURFACE('',#6606,1.099999998712E0,4.5E1);
#6608=ORIENTED_EDGE('',*,*,#6486,.T.);
#6609=ORIENTED_EDGE('',*,*,#6598,.T.);
#6611=ORIENTED_EDGE('',*,*,#6610,.F.);
#6612=ORIENTED_EDGE('',*,*,#6594,.F.);
#6613=EDGE_LOOP('',(#6608,#6609,#6611,#6612));
#6614=FACE_OUTER_BOUND('',#6613,.F.);
#6615=ADVANCED_FACE('',(#6614),#6607,.F.);
#6616=CARTESIAN_POINT('',(-2.E0,-6.999961741835E0,-2.672999878700E1));
#6617=DIRECTION('',(0.E0,1.E0,-1.732870212380E-7));
#6618=DIRECTION('',(-1.E0,0.E0,0.E0));
#6619=AXIS2_PLACEMENT_3D('',#6616,#6617,#6618);
#6620=CYLINDRICAL_SURFACE('',#6619,8.5E-1);
#6621=ORIENTED_EDGE('',*,*,#6610,.T.);
#6623=ORIENTED_EDGE('',*,*,#6622,.F.);
#6624=ORIENTED_EDGE('',*,*,#6162,.T.);
#6626=ORIENTED_EDGE('',*,*,#6625,.T.);
#6627=EDGE_LOOP('',(#6621,#6623,#6624,#6626));
#6628=FACE_OUTER_BOUND('',#6627,.F.);
#6629=ADVANCED_FACE('',(#6628),#6620,.F.);
#6630=CARTESIAN_POINT('',(-2.E0,-6.999961741835E0,-2.672999878700E1));
#6631=DIRECTION('',(0.E0,1.E0,-1.732870212380E-7));
#6632=DIRECTION('',(-1.E0,0.E0,0.E0));
#6633=AXIS2_PLACEMENT_3D('',#6630,#6631,#6632);
#6634=CYLINDRICAL_SURFACE('',#6633,8.5E-1);
#6635=ORIENTED_EDGE('',*,*,#6596,.T.);
#6636=ORIENTED_EDGE('',*,*,#6625,.F.);
#6637=ORIENTED_EDGE('',*,*,#6160,.T.);
#6638=ORIENTED_EDGE('',*,*,#6622,.T.);
#6639=EDGE_LOOP('',(#6635,#6636,#6637,#6638));
#6640=FACE_OUTER_BOUND('',#6639,.F.);
#6641=ADVANCED_FACE('',(#6640),#6634,.F.);
#6642=CARTESIAN_POINT('',(4.7E1,-3.249960530114E0,-1.972999943682E1));
#6643=DIRECTION('',(0.E0,1.E0,-1.732870212380E-7));
#6644=DIRECTION('',(-1.E0,0.E0,0.E0));
#6645=AXIS2_PLACEMENT_3D('',#6642,#6643,#6644);
#6646=CONICAL_SURFACE('',#6645,1.099999998712E0,4.5E1);
#6647=ORIENTED_EDGE('',*,*,#6502,.T.);
#6649=ORIENTED_EDGE('',*,*,#6648,.T.);
#6651=ORIENTED_EDGE('',*,*,#6650,.F.);
#6653=ORIENTED_EDGE('',*,*,#6652,.F.);
#6654=EDGE_LOOP('',(#6647,#6649,#6651,#6653));
#6655=FACE_OUTER_BOUND('',#6654,.F.);
#6656=ADVANCED_FACE('',(#6655),#6646,.F.);
#6657=CARTESIAN_POINT('',(4.7E1,-3.249960530114E0,-1.972999943682E1));
#6658=DIRECTION('',(0.E0,1.E0,-1.732870212380E-7));
#6659=DIRECTION('',(-1.E0,0.E0,0.E0));
#6660=AXIS2_PLACEMENT_3D('',#6657,#6658,#6659);
#6661=CONICAL_SURFACE('',#6660,1.099999998712E0,4.5E1);
#6662=ORIENTED_EDGE('',*,*,#6504,.T.);
#6663=ORIENTED_EDGE('',*,*,#6652,.T.);
#6665=ORIENTED_EDGE('',*,*,#6664,.F.);
#6666=ORIENTED_EDGE('',*,*,#6648,.F.);
#6667=EDGE_LOOP('',(#6662,#6663,#6665,#6666));
#6668=FACE_OUTER_BOUND('',#6667,.F.);
#6669=ADVANCED_FACE('',(#6668),#6661,.F.);
#6670=CARTESIAN_POINT('',(4.7E1,-6.999960528826E0,-1.972999878700E1));
#6671=DIRECTION('',(0.E0,1.E0,-1.732870212380E-7));
#6672=DIRECTION('',(-1.E0,0.E0,0.E0));
#6673=AXIS2_PLACEMENT_3D('',#6670,#6671,#6672);
#6674=CYLINDRICAL_SURFACE('',#6673,8.5E-1);
#6675=ORIENTED_EDGE('',*,*,#6664,.T.);
#6677=ORIENTED_EDGE('',*,*,#6676,.F.);
#6678=ORIENTED_EDGE('',*,*,#6150,.T.);
#6680=ORIENTED_EDGE('',*,*,#6679,.T.);
#6681=EDGE_LOOP('',(#6675,#6677,#6678,#6680));
#6682=FACE_OUTER_BOUND('',#6681,.F.);
#6683=ADVANCED_FACE('',(#6682),#6674,.F.);
#6684=CARTESIAN_POINT('',(4.7E1,-6.999960528826E0,-1.972999878700E1));
#6685=DIRECTION('',(0.E0,1.E0,-1.732870212380E-7));
#6686=DIRECTION('',(-1.E0,0.E0,0.E0));
#6687=AXIS2_PLACEMENT_3D('',#6684,#6685,#6686);
#6688=CYLINDRICAL_SURFACE('',#6687,8.5E-1);
#6689=ORIENTED_EDGE('',*,*,#6650,.T.);
#6690=ORIENTED_EDGE('',*,*,#6679,.F.);
#6691=ORIENTED_EDGE('',*,*,#6148,.T.);
#6692=ORIENTED_EDGE('',*,*,#6676,.T.);
#6693=EDGE_LOOP('',(#6689,#6690,#6691,#6692));
#6694=FACE_OUTER_BOUND('',#6693,.F.);
#6695=ADVANCED_FACE('',(#6694),#6688,.F.);
#6696=CARTESIAN_POINT('',(4.7E1,-3.499956196651E0,5.270000606497E0));
#6697=DIRECTION('',(0.E0,1.E0,-1.732870212380E-7));
#6698=DIRECTION('',(-9.981090284370E-1,-1.065168087067E-8,-6.146842565496E-2));
#6699=AXIS2_PLACEMENT_3D('',#6696,#6697,#6698);
#6700=TOROIDAL_SURFACE('',#6699,2.E0,5.E-1);
#6701=ORIENTED_EDGE('',*,*,#6443,.T.);
#6703=ORIENTED_EDGE('',*,*,#6702,.T.);
#6705=ORIENTED_EDGE('',*,*,#6704,.F.);
#6707=ORIENTED_EDGE('',*,*,#6706,.F.);
#6708=EDGE_LOOP('',(#6701,#6703,#6705,#6707));
#6709=FACE_OUTER_BOUND('',#6708,.F.);
#6710=ADVANCED_FACE('',(#6709),#6700,.T.);
#6711=CARTESIAN_POINT('',(4.7E1,-3.499956196651E0,5.270000606497E0));
#6712=DIRECTION('',(0.E0,1.E0,-1.732870212380E-7));
#6713=DIRECTION('',(9.981090284370E-1,1.065167976044E-8,6.146842565496E-2));
#6714=AXIS2_PLACEMENT_3D('',#6711,#6712,#6713);
#6715=TOROIDAL_SURFACE('',#6714,2.E0,5.E-1);
#6716=ORIENTED_EDGE('',*,*,#6445,.T.);
#6717=ORIENTED_EDGE('',*,*,#6706,.T.);
#6719=ORIENTED_EDGE('',*,*,#6718,.F.);
#6720=ORIENTED_EDGE('',*,*,#6702,.F.);
#6721=EDGE_LOOP('',(#6716,#6717,#6719,#6720));
#6722=FACE_OUTER_BOUND('',#6721,.F.);
#6723=ADVANCED_FACE('',(#6722),#6715,.T.);
#6724=CARTESIAN_POINT('',(4.7E1,-6.999956196651E0,5.270001213002E0));
#6725=DIRECTION('',(0.E0,1.E0,-1.732870212380E-7));
#6726=DIRECTION('',(-1.E0,0.E0,0.E0));
#6727=AXIS2_PLACEMENT_3D('',#6724,#6725,#6726);
#6728=CYLINDRICAL_SURFACE('',#6727,2.5E0);
#6730=ORIENTED_EDGE('',*,*,#6729,.F.);
#6732=ORIENTED_EDGE('',*,*,#6731,.T.);
#6733=ORIENTED_EDGE('',*,*,#6718,.T.);
#6735=ORIENTED_EDGE('',*,*,#6734,.F.);
#6736=EDGE_LOOP('',(#6730,#6732,#6733,#6735));
#6737=FACE_OUTER_BOUND('',#6736,.F.);
#6738=ADVANCED_FACE('',(#6737),#6728,.T.);
#6739=CARTESIAN_POINT('',(-2.561393496676E1,-5.999958364693E0,
-7.241276540590E0));
#6740=DIRECTION('',(0.E0,-1.E0,1.732870212380E-7));
#6741=DIRECTION('',(6.059272674204E-4,-1.732869894271E-7,-9.999998164260E-1));
#6742=AXIS2_PLACEMENT_3D('',#6739,#6740,#6741);
#6743=PLANE('',#6742);
#6745=ORIENTED_EDGE('',*,*,#6744,.F.);
#6747=ORIENTED_EDGE('',*,*,#6746,.F.);
#6749=ORIENTED_EDGE('',*,*,#6748,.F.);
#6751=ORIENTED_EDGE('',*,*,#6750,.F.);
#6753=ORIENTED_EDGE('',*,*,#6752,.F.);
#6755=ORIENTED_EDGE('',*,*,#6754,.F.);
#6757=ORIENTED_EDGE('',*,*,#6756,.F.);
#6759=ORIENTED_EDGE('',*,*,#6758,.F.);
#6761=ORIENTED_EDGE('',*,*,#6760,.F.);
#6763=ORIENTED_EDGE('',*,*,#6762,.F.);
#6765=ORIENTED_EDGE('',*,*,#6764,.F.);
#6767=ORIENTED_EDGE('',*,*,#6766,.F.);
#6769=ORIENTED_EDGE('',*,*,#6768,.F.);
#6771=ORIENTED_EDGE('',*,*,#6770,.F.);
#6773=ORIENTED_EDGE('',*,*,#6772,.F.);
#6775=ORIENTED_EDGE('',*,*,#6774,.T.);
#6777=ORIENTED_EDGE('',*,*,#6776,.F.);
#6779=ORIENTED_EDGE('',*,*,#6778,.T.);
#6781=ORIENTED_EDGE('',*,*,#6780,.F.);
#6783=ORIENTED_EDGE('',*,*,#6782,.T.);
#6785=ORIENTED_EDGE('',*,*,#6784,.F.);
#6787=ORIENTED_EDGE('',*,*,#6786,.F.);
#6789=ORIENTED_EDGE('',*,*,#6788,.T.);
#6790=EDGE_LOOP('',(#6745,#6747,#6749,#6751,#6753,#6755,#6757,#6759,#6761,#6763,
#6765,#6767,#6769,#6771,#6773,#6775,#6777,#6779,#6781,#6783,#6785,#6787,#6789));
#6791=FACE_OUTER_BOUND('',#6790,.F.);
#6793=ORIENTED_EDGE('',*,*,#6792,.T.);
#6795=ORIENTED_EDGE('',*,*,#6794,.T.);
#6796=EDGE_LOOP('',(#6793,#6795));
#6797=FACE_BOUND('',#6796,.F.);
#6799=ORIENTED_EDGE('',*,*,#6798,.T.);
#6800=ORIENTED_EDGE('',*,*,#6729,.T.);
#6801=EDGE_LOOP('',(#6799,#6800));
#6802=FACE_BOUND('',#6801,.F.);
#6803=ADVANCED_FACE('',(#6791,#6797,#6802),#6743,.F.);
#6804=CARTESIAN_POINT('',(-2.561393496676E1,-5.999958364693E0,
-7.241276540590E0));
#6805=DIRECTION('',(0.E0,-1.E0,1.732870212380E-7));
#6806=DIRECTION('',(6.059272674204E-4,-1.732869894271E-7,-9.999998164260E-1));
#6807=AXIS2_PLACEMENT_3D('',#6804,#6805,#6806);
#6808=PLANE('',#6807);
#6810=ORIENTED_EDGE('',*,*,#6809,.F.);
#6812=ORIENTED_EDGE('',*,*,#6811,.F.);
#6813=EDGE_LOOP('',(#6810,#6812));
#6814=FACE_OUTER_BOUND('',#6813,.F.);
#6816=ORIENTED_EDGE('',*,*,#6815,.T.);
#6818=ORIENTED_EDGE('',*,*,#6817,.T.);
#6819=EDGE_LOOP('',(#6816,#6818));
#6820=FACE_BOUND('',#6819,.F.);
#6821=ADVANCED_FACE('',(#6814,#6820),#6808,.F.);
#6822=CARTESIAN_POINT('',(-2.561393496676E1,-5.999958364693E0,
-7.241276540590E0));
#6823=DIRECTION('',(0.E0,-1.E0,1.732870212380E-7));
#6824=DIRECTION('',(6.059272674204E-4,-1.732869894271E-7,-9.999998164260E-1));
#6825=AXIS2_PLACEMENT_3D('',#6822,#6823,#6824);
#6826=PLANE('',#6825);
#6828=ORIENTED_EDGE('',*,*,#6827,.F.);
#6830=ORIENTED_EDGE('',*,*,#6829,.F.);
#6831=EDGE_LOOP('',(#6828,#6830));
#6832=FACE_OUTER_BOUND('',#6831,.F.);
#6834=ORIENTED_EDGE('',*,*,#6833,.T.);
#6836=ORIENTED_EDGE('',*,*,#6835,.T.);
#6837=EDGE_LOOP('',(#6834,#6836));
#6838=FACE_BOUND('',#6837,.F.);
#6839=ADVANCED_FACE('',(#6832,#6838),#6826,.F.);
#6840=CARTESIAN_POINT('',(4.7E1,-6.999960528826E0,-1.972999878700E1));
#6841=DIRECTION('',(0.E0,1.E0,-1.732870212380E-7));
#6842=DIRECTION('',(-1.E0,0.E0,0.E0));
#6843=AXIS2_PLACEMENT_3D('',#6840,#6841,#6842);
#6844=CYLINDRICAL_SURFACE('',#6843,2.5E0);
#6845=ORIENTED_EDGE('',*,*,#6792,.F.);
#6847=ORIENTED_EDGE('',*,*,#6846,.T.);
#6849=ORIENTED_EDGE('',*,*,#6848,.T.);
#6851=ORIENTED_EDGE('',*,*,#6850,.F.);
#6852=EDGE_LOOP('',(#6845,#6847,#6849,#6851));
#6853=FACE_OUTER_BOUND('',#6852,.F.);
#6854=ADVANCED_FACE('',(#6853),#6844,.T.);
#6855=CARTESIAN_POINT('',(4.7E1,-6.999960528826E0,-1.972999878700E1));
#6856=DIRECTION('',(0.E0,1.E0,-1.732870212380E-7));
#6857=DIRECTION('',(-1.E0,0.E0,0.E0));
#6858=AXIS2_PLACEMENT_3D('',#6855,#6856,#6857);
#6859=CYLINDRICAL_SURFACE('',#6858,2.5E0);
#6860=ORIENTED_EDGE('',*,*,#6794,.F.);
#6861=ORIENTED_EDGE('',*,*,#6850,.T.);
#6863=ORIENTED_EDGE('',*,*,#6862,.T.);
#6864=ORIENTED_EDGE('',*,*,#6846,.F.);
#6865=EDGE_LOOP('',(#6860,#6861,#6863,#6864));
#6866=FACE_OUTER_BOUND('',#6865,.F.);
#6867=ADVANCED_FACE('',(#6866),#6859,.T.);
#6868=CARTESIAN_POINT('',(4.7E1,-3.499960528826E0,-1.972999939350E1));
#6869=DIRECTION('',(0.E0,1.E0,-1.732870212380E-7));
#6870=DIRECTION('',(9.981090284370E-1,1.065167976044E-8,6.146842565496E-2));
#6871=AXIS2_PLACEMENT_3D('',#6868,#6869,#6870);
#6872=TOROIDAL_SURFACE('',#6871,2.E0,5.E-1);
#6873=ORIENTED_EDGE('',*,*,#6498,.T.);
#6875=ORIENTED_EDGE('',*,*,#6874,.T.);
#6876=ORIENTED_EDGE('',*,*,#6862,.F.);
#6878=ORIENTED_EDGE('',*,*,#6877,.F.);
#6879=EDGE_LOOP('',(#6873,#6875,#6876,#6878));
#6880=FACE_OUTER_BOUND('',#6879,.F.);
#6881=ADVANCED_FACE('',(#6880),#6872,.T.);
#6882=CARTESIAN_POINT('',(4.7E1,-3.499960528826E0,-1.972999939350E1));
#6883=DIRECTION('',(0.E0,1.E0,-1.732870212380E-7));
#6884=DIRECTION('',(-9.981090284370E-1,-1.065168087067E-8,-6.146842565496E-2));
#6885=AXIS2_PLACEMENT_3D('',#6882,#6883,#6884);
#6886=TOROIDAL_SURFACE('',#6885,2.E0,5.E-1);
#6887=ORIENTED_EDGE('',*,*,#6496,.T.);
#6888=ORIENTED_EDGE('',*,*,#6877,.T.);
#6889=ORIENTED_EDGE('',*,*,#6848,.F.);
#6890=ORIENTED_EDGE('',*,*,#6874,.F.);
#6891=EDGE_LOOP('',(#6887,#6888,#6889,#6890));
#6892=FACE_OUTER_BOUND('',#6891,.F.);
#6893=ADVANCED_FACE('',(#6892),#6886,.T.);
#6894=CARTESIAN_POINT('',(3.502E1,-6.249959757633E0,-1.527000001560E1));
#6895=DIRECTION('',(0.E0,1.E0,-1.732870212380E-7));
#6896=DIRECTION('',(-1.E0,0.E0,0.E0));
#6897=AXIS2_PLACEMENT_3D('',#6894,#6895,#6896);
#6898=CONICAL_SURFACE('',#6897,9.449999998333E0,4.5E1);
#6900=ORIENTED_EDGE('',*,*,#6899,.F.);
#6901=ORIENTED_EDGE('',*,*,#6744,.T.);
#6903=ORIENTED_EDGE('',*,*,#6902,.T.);
#6905=ORIENTED_EDGE('',*,*,#6904,.F.);
#6907=ORIENTED_EDGE('',*,*,#6906,.F.);
#6909=ORIENTED_EDGE('',*,*,#6908,.F.);
#6910=ORIENTED_EDGE('',*,*,#6748,.T.);
#6911=EDGE_LOOP('',(#6900,#6901,#6903,#6905,#6907,#6909,#6910));
#6912=FACE_OUTER_BOUND('',#6911,.F.);
#6913=ADVANCED_FACE('',(#6912),#6898,.F.);
#6914=CARTESIAN_POINT('',(4.7E1,-6.999960528826E0,-1.972999878700E1));
#6915=DIRECTION('',(0.E0,1.E0,-1.732870212380E-7));
#6916=DIRECTION('',(-1.E0,0.E0,0.E0));
#6917=AXIS2_PLACEMENT_3D('',#6914,#6915,#6916);
#6918=CYLINDRICAL_SURFACE('',#6917,3.394507820948E0);
#6919=ORIENTED_EDGE('',*,*,#6786,.T.);
#6921=ORIENTED_EDGE('',*,*,#6920,.F.);
#6922=ORIENTED_EDGE('',*,*,#6389,.T.);
#6924=ORIENTED_EDGE('',*,*,#6923,.T.);
#6925=EDGE_LOOP('',(#6919,#6921,#6922,#6924));
#6926=FACE_OUTER_BOUND('',#6925,.F.);
#6927=ADVANCED_FACE('',(#6926),#6918,.T.);
#6928=CARTESIAN_POINT('',(4.7E1,-6.999960528826E0,-1.972999878700E1));
#6929=DIRECTION('',(0.E0,1.E0,-1.732870212380E-7));
#6930=DIRECTION('',(-1.E0,0.E0,0.E0));
#6931=AXIS2_PLACEMENT_3D('',#6928,#6929,#6930);
#6932=CYLINDRICAL_SURFACE('',#6931,3.394507820948E0);
#6933=ORIENTED_EDGE('',*,*,#6899,.T.);
#6934=ORIENTED_EDGE('',*,*,#6746,.T.);
#6935=EDGE_LOOP('',(#6933,#6934));
#6936=FACE_OUTER_BOUND('',#6935,.F.);
#6937=ADVANCED_FACE('',(#6936),#6932,.T.);
#6938=CARTESIAN_POINT('',(3.507E1,-1.449997123569E1,-1.526999858598E1));
#6939=DIRECTION('',(0.E0,1.E0,-1.732870212380E-7));
#6940=DIRECTION('',(-1.E0,0.E0,0.E0));
#6941=AXIS2_PLACEMENT_3D('',#6938,#6939,#6940);
#6942=CYLINDRICAL_SURFACE('',#6941,1.04E1);
#6943=ORIENTED_EDGE('',*,*,#6920,.T.);
#6944=ORIENTED_EDGE('',*,*,#6784,.T.);
#6946=ORIENTED_EDGE('',*,*,#6945,.F.);
#6947=ORIENTED_EDGE('',*,*,#6391,.F.);
#6948=EDGE_LOOP('',(#6943,#6944,#6946,#6947));
#6949=FACE_OUTER_BOUND('',#6948,.F.);
#6950=ADVANCED_FACE('',(#6949),#6942,.T.);
#6951=CARTESIAN_POINT('',(9.7E0,-1.449997303787E1,-2.566999858598E1));
#6952=DIRECTION('',(0.E0,1.732870212380E-7,1.E0));
#6953=DIRECTION('',(1.E0,0.E0,0.E0));
#6954=AXIS2_PLACEMENT_3D('',#6951,#6952,#6953);
#6955=PLANE('',#6954);
#6956=ORIENTED_EDGE('',*,*,#6393,.T.);
#6957=ORIENTED_EDGE('',*,*,#6945,.T.);
#6958=ORIENTED_EDGE('',*,*,#6782,.F.);
#6960=ORIENTED_EDGE('',*,*,#6959,.F.);
#6961=EDGE_LOOP('',(#6956,#6957,#6958,#6960));
#6962=FACE_OUTER_BOUND('',#6961,.F.);
#6963=ADVANCED_FACE('',(#6962),#6955,.F.);
#6964=CARTESIAN_POINT('',(9.7E0,-1.449997123569E1,-1.526999858598E1));
#6965=DIRECTION('',(0.E0,1.E0,-1.732870212380E-7));
#6966=DIRECTION('',(-1.E0,0.E0,0.E0));
#6967=AXIS2_PLACEMENT_3D('',#6964,#6965,#6966);
#6968=CYLINDRICAL_SURFACE('',#6967,1.04E1);
#6969=ORIENTED_EDGE('',*,*,#6395,.F.);
#6970=ORIENTED_EDGE('',*,*,#6959,.T.);
#6971=ORIENTED_EDGE('',*,*,#6780,.T.);
#6973=ORIENTED_EDGE('',*,*,#6972,.F.);
#6974=EDGE_LOOP('',(#6969,#6970,#6971,#6973));
#6975=FACE_OUTER_BOUND('',#6974,.F.);
#6976=ADVANCED_FACE('',(#6975),#6968,.T.);
#6977=CARTESIAN_POINT('',(-6.999999999999E-1,-1.449996845616E1,
7.700014140166E-1));
#6978=DIRECTION('',(1.E0,0.E0,0.E0));
#6979=DIRECTION('',(0.E0,-1.732870212380E-7,-1.E0));
#6980=AXIS2_PLACEMENT_3D('',#6977,#6978,#6979);
#6981=PLANE('',#6980);
#6982=ORIENTED_EDGE('',*,*,#6397,.T.);
#6983=ORIENTED_EDGE('',*,*,#6972,.T.);
#6984=ORIENTED_EDGE('',*,*,#6778,.F.);
#6986=ORIENTED_EDGE('',*,*,#6985,.F.);
#6987=EDGE_LOOP('',(#6982,#6983,#6984,#6986));
#6988=FACE_OUTER_BOUND('',#6987,.F.);
#6989=ADVANCED_FACE('',(#6988),#6981,.F.);
#6990=CARTESIAN_POINT('',(9.7E0,-1.449996845616E1,7.700014140166E-1));
#6991=DIRECTION('',(0.E0,1.E0,-1.732870212380E-7));
#6992=DIRECTION('',(-1.E0,0.E0,0.E0));
#6993=AXIS2_PLACEMENT_3D('',#6990,#6991,#6992);
#6994=CYLINDRICAL_SURFACE('',#6993,1.04E1);
#6995=ORIENTED_EDGE('',*,*,#6399,.F.);
#6996=ORIENTED_EDGE('',*,*,#6985,.T.);
#6997=ORIENTED_EDGE('',*,*,#6776,.T.);
#6999=ORIENTED_EDGE('',*,*,#6998,.F.);
#7000=EDGE_LOOP('',(#6995,#6996,#6997,#6999));
#7001=FACE_OUTER_BOUND('',#7000,.F.);
#7002=ADVANCED_FACE('',(#7001),#6994,.T.);
#7003=CARTESIAN_POINT('',(3.507E1,-1.449996665398E1,1.117000141402E1));
#7004=DIRECTION('',(0.E0,-1.732870212380E-7,-1.E0));
#7005=DIRECTION('',(-1.E0,0.E0,0.E0));
#7006=AXIS2_PLACEMENT_3D('',#7003,#7004,#7005);
#7007=PLANE('',#7006);
#7008=ORIENTED_EDGE('',*,*,#6401,.T.);
#7009=ORIENTED_EDGE('',*,*,#6998,.T.);
#7010=ORIENTED_EDGE('',*,*,#6774,.F.);
#7012=ORIENTED_EDGE('',*,*,#7011,.F.);
#7013=EDGE_LOOP('',(#7008,#7009,#7010,#7012));
#7014=FACE_OUTER_BOUND('',#7013,.F.);
#7015=ADVANCED_FACE('',(#7014),#7007,.F.);
#7016=CARTESIAN_POINT('',(3.507E1,-1.449996845616E1,7.700014140166E-1));
#7017=DIRECTION('',(0.E0,1.E0,-1.732870212380E-7));
#7018=DIRECTION('',(-1.E0,0.E0,0.E0));
#7019=AXIS2_PLACEMENT_3D('',#7016,#7017,#7018);
#7020=CYLINDRICAL_SURFACE('',#7019,1.04E1);
#7022=ORIENTED_EDGE('',*,*,#7021,.F.);
#7023=ORIENTED_EDGE('',*,*,#6403,.F.);
#7024=ORIENTED_EDGE('',*,*,#7011,.T.);
#7025=ORIENTED_EDGE('',*,*,#6772,.T.);
#7026=EDGE_LOOP('',(#7022,#7023,#7024,#7025));
#7027=FACE_OUTER_BOUND('',#7026,.F.);
#7028=ADVANCED_FACE('',(#7027),#7020,.T.);
#7029=CARTESIAN_POINT('',(4.7E1,-6.999956196651E0,5.270001213002E0));
#7030=DIRECTION('',(0.E0,1.E0,-1.732870212380E-7));
#7031=DIRECTION('',(-1.E0,0.E0,0.E0));
#7032=AXIS2_PLACEMENT_3D('',#7029,#7030,#7031);
#7033=CYLINDRICAL_SURFACE('',#7032,3.394507820948E0);
#7035=ORIENTED_EDGE('',*,*,#7034,.F.);
#7036=ORIENTED_EDGE('',*,*,#6764,.T.);
#7037=EDGE_LOOP('',(#7035,#7036));
#7038=FACE_OUTER_BOUND('',#7037,.F.);
#7039=ADVANCED_FACE('',(#7038),#7033,.T.);
#7040=CARTESIAN_POINT('',(4.7E1,-6.999956196651E0,5.270001213002E0));
#7041=DIRECTION('',(0.E0,1.E0,-1.732870212380E-7));
#7042=DIRECTION('',(-1.E0,0.E0,0.E0));
#7043=AXIS2_PLACEMENT_3D('',#7040,#7041,#7042);
#7044=CYLINDRICAL_SURFACE('',#7043,3.394507820948E0);
#7045=ORIENTED_EDGE('',*,*,#6770,.T.);
#7047=ORIENTED_EDGE('',*,*,#7046,.F.);
#7048=ORIENTED_EDGE('',*,*,#6361,.T.);
#7049=ORIENTED_EDGE('',*,*,#7021,.T.);
#7050=EDGE_LOOP('',(#7045,#7047,#7048,#7049));
#7051=FACE_OUTER_BOUND('',#7050,.F.);
#7052=ADVANCED_FACE('',(#7051),#7044,.T.);
#7053=CARTESIAN_POINT('',(3.502E1,-6.249796452330E0,7.699999843690E-1));
#7054=DIRECTION('',(0.E0,1.E0,-1.732870212380E-7));
#7055=DIRECTION('',(-1.E0,0.E0,0.E0));
#7056=AXIS2_PLACEMENT_3D('',#7053,#7054,#7055);
#7057=CONICAL_SURFACE('',#7056,9.450160524112E0,4.5E1);
#7058=ORIENTED_EDGE('',*,*,#6762,.T.);
#7059=ORIENTED_EDGE('',*,*,#6760,.T.);
#7061=ORIENTED_EDGE('',*,*,#7060,.T.);
#7063=ORIENTED_EDGE('',*,*,#7062,.F.);
#7065=ORIENTED_EDGE('',*,*,#7064,.F.);
#7067=ORIENTED_EDGE('',*,*,#7066,.T.);
#7068=ORIENTED_EDGE('',*,*,#6766,.T.);
#7069=ORIENTED_EDGE('',*,*,#7034,.T.);
#7070=EDGE_LOOP('',(#7058,#7059,#7061,#7063,#7065,#7067,#7068,#7069));
#7071=FACE_OUTER_BOUND('',#7070,.F.);
#7072=ADVANCED_FACE('',(#7071),#7057,.F.);
#7073=CARTESIAN_POINT('',(2.236E1,-6.249955338880E0,1.021999998440E1));
#7074=DIRECTION('',(0.E0,7.071066586541E-1,-7.071069037190E-1));
#7075=DIRECTION('',(0.E0,-7.071069037190E-1,-7.071066586541E-1));
#7076=AXIS2_PLACEMENT_3D('',#7073,#7074,#7075);
#7077=PLANE('',#7076);
#7078=ORIENTED_EDGE('',*,*,#6758,.T.);
#7080=ORIENTED_EDGE('',*,*,#7079,.T.);
#7082=ORIENTED_EDGE('',*,*,#7081,.F.);
#7083=ORIENTED_EDGE('',*,*,#7060,.F.);
#7084=EDGE_LOOP('',(#7078,#7080,#7082,#7083));
#7085=FACE_OUTER_BOUND('',#7084,.F.);
#7086=ADVANCED_FACE('',(#7085),#7077,.T.);
#7087=CARTESIAN_POINT('',(9.7E0,-6.249956977612E0,7.699999843969E-1));
#7088=DIRECTION('',(0.E0,1.E0,-1.732870212380E-7));
#7089=DIRECTION('',(-1.E0,0.E0,0.E0));
#7090=AXIS2_PLACEMENT_3D('',#7087,#7088,#7089);
#7091=CONICAL_SURFACE('',#7090,9.449999998831E0,4.5E1);
#7092=ORIENTED_EDGE('',*,*,#6756,.T.);
#7094=ORIENTED_EDGE('',*,*,#7093,.T.);
#7096=ORIENTED_EDGE('',*,*,#7095,.F.);
#7097=ORIENTED_EDGE('',*,*,#7079,.F.);
#7098=EDGE_LOOP('',(#7092,#7094,#7096,#7097));
#7099=FACE_OUTER_BOUND('',#7098,.F.);
#7100=ADVANCED_FACE('',(#7099),#7091,.F.);
#7101=CARTESIAN_POINT('',(2.5E-1,-6.249958366204E0,-7.250000015603E0));
#7102=DIRECTION('',(7.071067811865E-1,7.071067811865E-1,-1.225324278581E-7));
#7103=DIRECTION('',(7.071067811865E-1,-7.071067811865E-1,1.225324278581E-7));
#7104=AXIS2_PLACEMENT_3D('',#7101,#7102,#7103);
#7105=PLANE('',#7104);
#7106=ORIENTED_EDGE('',*,*,#6754,.T.);
#7108=ORIENTED_EDGE('',*,*,#7107,.T.);
#7110=ORIENTED_EDGE('',*,*,#7109,.F.);
#7111=ORIENTED_EDGE('',*,*,#7093,.F.);
#7112=EDGE_LOOP('',(#7106,#7108,#7110,#7111));
#7113=FACE_OUTER_BOUND('',#7112,.F.);
#7114=ADVANCED_FACE('',(#7113),#7105,.T.);
#7115=CARTESIAN_POINT('',(9.7E0,-6.249959757135E0,-1.527000001560E1));
#7116=DIRECTION('',(0.E0,1.E0,-1.732870212380E-7));
#7117=DIRECTION('',(-1.E0,0.E0,0.E0));
#7118=AXIS2_PLACEMENT_3D('',#7115,#7116,#7117);
#7119=CONICAL_SURFACE('',#7118,9.449999998831E0,4.5E1);
#7120=ORIENTED_EDGE('',*,*,#6752,.T.);
#7122=ORIENTED_EDGE('',*,*,#7121,.T.);
#7124=ORIENTED_EDGE('',*,*,#7123,.F.);
#7125=ORIENTED_EDGE('',*,*,#7107,.F.);
#7126=EDGE_LOOP('',(#7120,#7122,#7124,#7125));
#7127=FACE_OUTER_BOUND('',#7126,.F.);
#7128=ADVANCED_FACE('',(#7127),#7119,.F.);
#7129=CARTESIAN_POINT('',(2.236E1,-6.249961393529E0,-2.472000001560E1));
#7130=DIRECTION('',(0.E0,7.071069037190E-1,7.071066586541E-1));
#7131=DIRECTION('',(0.E0,-7.071066586541E-1,7.071069037190E-1));
#7132=AXIS2_PLACEMENT_3D('',#7129,#7130,#7131);
#7133=PLANE('',#7132);
#7134=ORIENTED_EDGE('',*,*,#6750,.T.);
#7135=ORIENTED_EDGE('',*,*,#6908,.T.);
#7137=ORIENTED_EDGE('',*,*,#7136,.F.);
#7138=ORIENTED_EDGE('',*,*,#7121,.F.);
#7139=EDGE_LOOP('',(#7134,#7135,#7137,#7138));
#7140=FACE_OUTER_BOUND('',#7139,.F.);
#7141=ADVANCED_FACE('',(#7140),#7133,.T.);
#7142=CARTESIAN_POINT('',(3.502E1,-6.999961350207E0,-2.446999988564E1));
#7143=DIRECTION('',(0.E0,-1.732870212380E-7,-1.E0));
#7144=DIRECTION('',(-1.E0,0.E0,0.E0));
#7145=AXIS2_PLACEMENT_3D('',#7142,#7143,#7144);
#7146=PLANE('',#7145);
#7147=ORIENTED_EDGE('',*,*,#7136,.T.);
#7149=ORIENTED_EDGE('',*,*,#7148,.T.);
#7151=ORIENTED_EDGE('',*,*,#7150,.T.);
#7153=ORIENTED_EDGE('',*,*,#7152,.F.);
#7154=EDGE_LOOP('',(#7147,#7149,#7151,#7153));
#7155=FACE_OUTER_BOUND('',#7154,.F.);
#7156=ADVANCED_FACE('',(#7155),#7146,.F.);
#7157=CARTESIAN_POINT('',(3.502E1,-6.999959755966E0,-1.526999988564E1));
#7158=DIRECTION('',(0.E0,1.E0,-1.732870212380E-7));
#7159=DIRECTION('',(-1.E0,0.E0,0.E0));
#7160=AXIS2_PLACEMENT_3D('',#7157,#7158,#7159);
#7161=CYLINDRICAL_SURFACE('',#7160,9.2E0);
#7163=ORIENTED_EDGE('',*,*,#7162,.F.);
#7164=ORIENTED_EDGE('',*,*,#6383,.F.);
#7166=ORIENTED_EDGE('',*,*,#7165,.F.);
#7168=ORIENTED_EDGE('',*,*,#7167,.T.);
#7169=ORIENTED_EDGE('',*,*,#7148,.F.);
#7170=ORIENTED_EDGE('',*,*,#6906,.T.);
#7171=EDGE_LOOP('',(#7163,#7164,#7166,#7168,#7169,#7170));
#7172=FACE_OUTER_BOUND('',#7171,.F.);
#7173=ADVANCED_FACE('',(#7172),#7161,.F.);
#7174=CARTESIAN_POINT('',(4.445304855102E1,-3.255399189491E1,
-1.752999435882E1));
#7175=DIRECTION('',(0.E0,1.E0,-1.732870212130E-7));
#7176=DIRECTION('',(-9.724792320636E-1,4.037406997831E-8,2.329895774598E-1));
#7177=AXIS2_PLACEMENT_3D('',#7174,#7175,#7176);
#7178=CYLINDRICAL_SURFACE('',#7177,5.E-1);
#7179=ORIENTED_EDGE('',*,*,#6904,.T.);
#7181=ORIENTED_EDGE('',*,*,#7180,.F.);
#7182=ORIENTED_EDGE('',*,*,#6385,.T.);
#7183=ORIENTED_EDGE('',*,*,#7162,.T.);
#7184=EDGE_LOOP('',(#7179,#7181,#7182,#7183));
#7185=FACE_OUTER_BOUND('',#7184,.F.);
#7186=ADVANCED_FACE('',(#7185),#7178,.T.);
#7187=CARTESIAN_POINT('',(5.E1,-5.999960060951E0,-1.702999896028E1));
#7188=DIRECTION('',(0.E0,-1.732870212380E-7,-1.E0));
#7189=DIRECTION('',(-1.E0,0.E0,0.E0));
#7190=AXIS2_PLACEMENT_3D('',#7187,#7188,#7189);
#7191=PLANE('',#7190);
#7192=ORIENTED_EDGE('',*,*,#6923,.F.);
#7193=ORIENTED_EDGE('',*,*,#6387,.T.);
#7194=ORIENTED_EDGE('',*,*,#7180,.T.);
#7195=ORIENTED_EDGE('',*,*,#6902,.F.);
#7196=ORIENTED_EDGE('',*,*,#6788,.F.);
#7197=EDGE_LOOP('',(#7192,#7193,#7194,#7195,#7196));
#7198=FACE_OUTER_BOUND('',#7197,.F.);
#7199=ADVANCED_FACE('',(#7198),#7191,.F.);
#7200=CARTESIAN_POINT('',(4.518936102694E1,-3.255399189491E1,
-1.605999311808E1));
#7201=DIRECTION('',(0.E0,1.E0,-1.732870212781E-7));
#7202=DIRECTION('',(-9.969961791116E-1,1.342120994376E-8,7.745075104169E-2));
#7203=AXIS2_PLACEMENT_3D('',#7200,#7201,#7202);
#7204=CYLINDRICAL_SURFACE('',#7203,1.E0);
#7205=ORIENTED_EDGE('',*,*,#6381,.T.);
#7207=ORIENTED_EDGE('',*,*,#7206,.F.);
#7209=ORIENTED_EDGE('',*,*,#7208,.T.);
#7210=ORIENTED_EDGE('',*,*,#7165,.T.);
#7211=EDGE_LOOP('',(#7205,#7207,#7209,#7210));
#7212=FACE_OUTER_BOUND('',#7211,.F.);
#7213=ADVANCED_FACE('',(#7212),#7204,.T.);
#7214=CARTESIAN_POINT('',(4.854E1,-6.999959719576E0,-1.505999754626E1));
#7215=DIRECTION('',(0.E0,-1.732870212380E-7,-1.E0));
#7216=DIRECTION('',(-1.E0,0.E0,0.E0));
#7217=AXIS2_PLACEMENT_3D('',#7214,#7215,#7216);
#7218=PLANE('',#7217);
#7219=ORIENTED_EDGE('',*,*,#6379,.F.);
#7221=ORIENTED_EDGE('',*,*,#7220,.T.);
#7223=ORIENTED_EDGE('',*,*,#7222,.T.);
#7224=ORIENTED_EDGE('',*,*,#7206,.T.);
#7225=EDGE_LOOP('',(#7219,#7221,#7223,#7224));
#7226=FACE_OUTER_BOUND('',#7225,.F.);
#7227=ADVANCED_FACE('',(#7226),#7218,.F.);
#7228=CARTESIAN_POINT('',(4.754E1,2.155409320271E1,-1.406000249431E1));
#7229=DIRECTION('',(0.E0,-1.E0,1.732870212455E-7));
#7230=DIRECTION('',(0.E0,-1.732870212455E-7,-1.E0));
#7231=AXIS2_PLACEMENT_3D('',#7228,#7229,#7230);
#7232=CYLINDRICAL_SURFACE('',#7231,1.E0);
#7234=ORIENTED_EDGE('',*,*,#7233,.T.);
#7235=ORIENTED_EDGE('',*,*,#7220,.F.);
#7236=ORIENTED_EDGE('',*,*,#6377,.T.);
#7238=ORIENTED_EDGE('',*,*,#7237,.T.);
#7239=EDGE_LOOP('',(#7234,#7235,#7236,#7238));
#7240=FACE_OUTER_BOUND('',#7239,.F.);
#7241=ADVANCED_FACE('',(#7240),#7232,.F.);
#7242=CARTESIAN_POINT('',(0.E0,-7.999957109873E0,1.386288737199E-6));
#7243=DIRECTION('',(0.E0,1.E0,-1.732870212380E-7));
#7244=DIRECTION('',(-1.E0,0.E0,0.E0));
#7245=AXIS2_PLACEMENT_3D('',#7242,#7243,#7244);
#7246=PLANE('',#7245);
#7247=ORIENTED_EDGE('',*,*,#7167,.F.);
#7248=ORIENTED_EDGE('',*,*,#7208,.F.);
#7249=ORIENTED_EDGE('',*,*,#7222,.F.);
#7250=ORIENTED_EDGE('',*,*,#7233,.F.);
#7252=ORIENTED_EDGE('',*,*,#7251,.F.);
#7254=ORIENTED_EDGE('',*,*,#7253,.F.);
#7256=ORIENTED_EDGE('',*,*,#7255,.F.);
#7258=ORIENTED_EDGE('',*,*,#7257,.F.);
#7260=ORIENTED_EDGE('',*,*,#7259,.F.);
#7262=ORIENTED_EDGE('',*,*,#7261,.F.);
#7264=ORIENTED_EDGE('',*,*,#7263,.F.);
#7266=ORIENTED_EDGE('',*,*,#7265,.F.);
#7268=ORIENTED_EDGE('',*,*,#7267,.F.);
#7269=ORIENTED_EDGE('',*,*,#7150,.F.);
#7270=EDGE_LOOP('',(#7247,#7248,#7249,#7250,#7252,#7254,#7256,#7258,#7260,#7262,
#7264,#7266,#7268,#7269));
#7271=FACE_OUTER_BOUND('',#7270,.F.);
#7273=ORIENTED_EDGE('',*,*,#7272,.T.);
#7275=ORIENTED_EDGE('',*,*,#7274,.T.);
#7277=ORIENTED_EDGE('',*,*,#7276,.T.);
#7279=ORIENTED_EDGE('',*,*,#7278,.T.);
#7281=ORIENTED_EDGE('',*,*,#7280,.T.);
#7283=ORIENTED_EDGE('',*,*,#7282,.T.);
#7285=ORIENTED_EDGE('',*,*,#7284,.T.);
#7287=ORIENTED_EDGE('',*,*,#7286,.T.);
#7288=EDGE_LOOP('',(#7273,#7275,#7277,#7279,#7281,#7283,#7285,#7287));
#7289=FACE_BOUND('',#7288,.F.);
#7290=ADVANCED_FACE('',(#7271,#7289),#7246,.T.);
#7291=CARTESIAN_POINT('',(4.854E1,-6.999957005901E0,5.999999722666E-1));
#7292=DIRECTION('',(1.E0,0.E0,0.E0));
#7293=DIRECTION('',(0.E0,-1.732870212380E-7,-1.E0));
#7294=AXIS2_PLACEMENT_3D('',#7291,#7292,#7293);
#7295=PLANE('',#7294);
#7297=ORIENTED_EDGE('',*,*,#7296,.T.);
#7298=ORIENTED_EDGE('',*,*,#7251,.T.);
#7299=ORIENTED_EDGE('',*,*,#7237,.F.);
#7300=ORIENTED_EDGE('',*,*,#6375,.F.);
#7301=EDGE_LOOP('',(#7297,#7298,#7299,#7300));
#7302=FACE_OUTER_BOUND('',#7301,.F.);
#7303=ADVANCED_FACE('',(#7302),#7295,.F.);
#7304=CARTESIAN_POINT('',(4.754E1,2.155409320271E1,-4.000049757797E-1));
#7305=DIRECTION('',(0.E0,-1.E0,1.732870212374E-7));
#7306=DIRECTION('',(1.E0,0.E0,0.E0));
#7307=AXIS2_PLACEMENT_3D('',#7304,#7305,#7306);
#7308=CYLINDRICAL_SURFACE('',#7307,1.E0);
#7309=ORIENTED_EDGE('',*,*,#7253,.T.);
#7310=ORIENTED_EDGE('',*,*,#7296,.F.);
#7311=ORIENTED_EDGE('',*,*,#6373,.T.);
#7313=ORIENTED_EDGE('',*,*,#7312,.T.);
#7314=EDGE_LOOP('',(#7309,#7310,#7311,#7313));
#7315=FACE_OUTER_BOUND('',#7314,.F.);
#7316=ADVANCED_FACE('',(#7315),#7308,.F.);
#7317=CARTESIAN_POINT('',(3.854E1,-6.999957005901E0,5.999999722666E-1));
#7318=DIRECTION('',(0.E0,1.732870212380E-7,1.E0));
#7319=DIRECTION('',(1.E0,0.E0,0.E0));
#7320=AXIS2_PLACEMENT_3D('',#7317,#7318,#7319);
#7321=PLANE('',#7320);
#7322=ORIENTED_EDGE('',*,*,#6371,.F.);
#7324=ORIENTED_EDGE('',*,*,#7323,.T.);
#7325=ORIENTED_EDGE('',*,*,#7255,.T.);
#7326=ORIENTED_EDGE('',*,*,#7312,.F.);
#7327=EDGE_LOOP('',(#7322,#7324,#7325,#7326));
#7328=FACE_OUTER_BOUND('',#7327,.F.);
#7329=ADVANCED_FACE('',(#7328),#7321,.F.);
#7330=CARTESIAN_POINT('',(4.518617431662E1,2.155409320271E1,1.599995024220E0));
#7331=DIRECTION('',(0.E0,-1.E0,1.732870212414E-7));
#7332=DIRECTION('',(-9.966837565312E-1,-1.410080421638E-8,-8.137253508869E-2));
#7333=AXIS2_PLACEMENT_3D('',#7330,#7331,#7332);
#7334=CYLINDRICAL_SURFACE('',#7333,1.E0);
#7335=ORIENTED_EDGE('',*,*,#6369,.F.);
#7337=ORIENTED_EDGE('',*,*,#7336,.T.);
#7338=ORIENTED_EDGE('',*,*,#7257,.T.);
#7339=ORIENTED_EDGE('',*,*,#7323,.F.);
#7340=EDGE_LOOP('',(#7335,#7337,#7338,#7339));
#7341=FACE_OUTER_BOUND('',#7340,.F.);
#7342=ADVANCED_FACE('',(#7341),#7334,.T.);
#7343=CARTESIAN_POINT('',(3.502E1,-6.999956976443E0,7.700001143620E-1));
#7344=DIRECTION('',(0.E0,1.E0,-1.732870212380E-7));
#7345=DIRECTION('',(-1.E0,0.E0,0.E0));
#7346=AXIS2_PLACEMENT_3D('',#7343,#7344,#7345);
#7347=CYLINDRICAL_SURFACE('',#7346,9.2E0);
#7349=ORIENTED_EDGE('',*,*,#7348,.F.);
#7350=ORIENTED_EDGE('',*,*,#7062,.T.);
#7352=ORIENTED_EDGE('',*,*,#7351,.T.);
#7353=ORIENTED_EDGE('',*,*,#7259,.T.);
#7354=ORIENTED_EDGE('',*,*,#7336,.F.);
#7355=ORIENTED_EDGE('',*,*,#6367,.F.);
#7356=EDGE_LOOP('',(#7349,#7350,#7352,#7353,#7354,#7355));
#7357=FACE_OUTER_BOUND('',#7356,.F.);
#7358=ADVANCED_FACE('',(#7357),#7347,.F.);
#7359=CARTESIAN_POINT('',(4.444337492336E1,2.155409320271E1,3.069996264956E0));
#7360=DIRECTION('',(0.E0,-1.E0,1.732870212374E-7));
#7361=DIRECTION('',(-9.714819508621E-1,-4.108869476557E-8,-2.371135153237E-1));
#7362=AXIS2_PLACEMENT_3D('',#7359,#7360,#7361);
#7363=CYLINDRICAL_SURFACE('',#7362,5.E-1);
#7365=ORIENTED_EDGE('',*,*,#7364,.F.);
#7366=ORIENTED_EDGE('',*,*,#7064,.T.);
#7367=ORIENTED_EDGE('',*,*,#7348,.T.);
#7368=ORIENTED_EDGE('',*,*,#6365,.T.);
#7369=EDGE_LOOP('',(#7365,#7366,#7367,#7368));
#7370=FACE_OUTER_BOUND('',#7369,.F.);
#7371=ADVANCED_FACE('',(#7370),#7363,.T.);
#7372=CARTESIAN_POINT('',(3.8E1,-5.999956664526E0,2.570001039715E0));
#7373=DIRECTION('',(0.E0,1.732870212380E-7,1.E0));
#7374=DIRECTION('',(1.E0,0.E0,0.E0));
#7375=AXIS2_PLACEMENT_3D('',#7372,#7373,#7374);
#7376=PLANE('',#7375);
#7377=ORIENTED_EDGE('',*,*,#7046,.T.);
#7378=ORIENTED_EDGE('',*,*,#6768,.T.);
#7379=ORIENTED_EDGE('',*,*,#7066,.F.);
#7380=ORIENTED_EDGE('',*,*,#7364,.T.);
#7381=ORIENTED_EDGE('',*,*,#6363,.T.);
#7382=EDGE_LOOP('',(#7377,#7378,#7379,#7380,#7381));
#7383=FACE_OUTER_BOUND('',#7382,.F.);
#7384=ADVANCED_FACE('',(#7383),#7376,.F.);
#7385=CARTESIAN_POINT('',(9.7E0,-6.999955382202E0,9.970000114362E0));
#7386=DIRECTION('',(0.E0,1.732870212380E-7,1.E0));
#7387=DIRECTION('',(1.E0,0.E0,0.E0));
#7388=AXIS2_PLACEMENT_3D('',#7385,#7386,#7387);
#7389=PLANE('',#7388);
#7390=ORIENTED_EDGE('',*,*,#7081,.T.);
#7392=ORIENTED_EDGE('',*,*,#7391,.T.);
#7393=ORIENTED_EDGE('',*,*,#7261,.T.);
#7394=ORIENTED_EDGE('',*,*,#7351,.F.);
#7395=EDGE_LOOP('',(#7390,#7392,#7393,#7394));
#7396=FACE_OUTER_BOUND('',#7395,.F.);
#7397=ADVANCED_FACE('',(#7396),#7389,.F.);
#7398=CARTESIAN_POINT('',(9.7E0,-6.999956976443E0,7.700001143620E-1));
#7399=DIRECTION('',(0.E0,1.E0,-1.732870212380E-7));
#7400=DIRECTION('',(-1.E0,0.E0,0.E0));
#7401=AXIS2_PLACEMENT_3D('',#7398,#7399,#7400);
#7402=CYLINDRICAL_SURFACE('',#7401,9.2E0);
#7403=ORIENTED_EDGE('',*,*,#7095,.T.);
#7405=ORIENTED_EDGE('',*,*,#7404,.T.);
#7406=ORIENTED_EDGE('',*,*,#7263,.T.);
#7407=ORIENTED_EDGE('',*,*,#7391,.F.);
#7408=EDGE_LOOP('',(#7403,#7405,#7406,#7407));
#7409=FACE_OUTER_BOUND('',#7408,.F.);
#7410=ADVANCED_FACE('',(#7409),#7402,.F.);
#7411=CARTESIAN_POINT('',(5.E-1,-6.999959755966E0,-1.526999988564E1));
#7412=DIRECTION('',(-1.E0,0.E0,0.E0));
#7413=DIRECTION('',(0.E0,1.732870212380E-7,1.E0));
#7414=AXIS2_PLACEMENT_3D('',#7411,#7412,#7413);
#7415=PLANE('',#7414);
#7416=ORIENTED_EDGE('',*,*,#7109,.T.);
#7418=ORIENTED_EDGE('',*,*,#7417,.T.);
#7419=ORIENTED_EDGE('',*,*,#7265,.T.);
#7420=ORIENTED_EDGE('',*,*,#7404,.F.);
#7421=EDGE_LOOP('',(#7416,#7418,#7419,#7420));
#7422=FACE_OUTER_BOUND('',#7421,.F.);
#7423=ADVANCED_FACE('',(#7422),#7415,.F.);
#7424=CARTESIAN_POINT('',(9.7E0,-6.999959755966E0,-1.526999988564E1));
#7425=DIRECTION('',(0.E0,1.E0,-1.732870212380E-7));
#7426=DIRECTION('',(-1.E0,0.E0,0.E0));
#7427=AXIS2_PLACEMENT_3D('',#7424,#7425,#7426);
#7428=CYLINDRICAL_SURFACE('',#7427,9.2E0);
#7429=ORIENTED_EDGE('',*,*,#7123,.T.);
#7430=ORIENTED_EDGE('',*,*,#7152,.T.);
#7431=ORIENTED_EDGE('',*,*,#7267,.T.);
#7432=ORIENTED_EDGE('',*,*,#7417,.F.);
#7433=EDGE_LOOP('',(#7429,#7430,#7431,#7432));
#7434=FACE_OUTER_BOUND('',#7433,.F.);
#7435=ADVANCED_FACE('',(#7434),#7428,.F.);
#7436=CARTESIAN_POINT('',(3.311E1,-7.999959720670E0,-1.506631043378E1));
#7437=DIRECTION('',(0.E0,1.E0,-1.732870212380E-7));
#7438=DIRECTION('',(-1.E0,0.E0,0.E0));
#7439=AXIS2_PLACEMENT_3D('',#7436,#7437,#7438);
#7440=CYLINDRICAL_SURFACE('',#7439,8.E0);
#7442=ORIENTED_EDGE('',*,*,#7441,.T.);
#7444=ORIENTED_EDGE('',*,*,#7443,.F.);
#7445=ORIENTED_EDGE('',*,*,#7272,.F.);
#7447=ORIENTED_EDGE('',*,*,#7446,.T.);
#7448=EDGE_LOOP('',(#7442,#7444,#7445,#7447));
#7449=FACE_OUTER_BOUND('',#7448,.F.);
#7450=ADVANCED_FACE('',(#7449),#7440,.F.);
#7451=CARTESIAN_POINT('',(3.311E1,-8.499959720670E0,-1.506631034714E1));
#7452=DIRECTION('',(0.E0,1.E0,-1.732870212380E-7));
#7453=DIRECTION('',(9.998152822666E-1,3.330544728897E-9,1.921981649890E-2));
#7454=AXIS2_PLACEMENT_3D('',#7451,#7452,#7453);
#7455=TOROIDAL_SURFACE('',#7454,8.5E0,5.E-1);
#7457=ORIENTED_EDGE('',*,*,#7456,.T.);
#7459=ORIENTED_EDGE('',*,*,#7458,.T.);
#7460=ORIENTED_EDGE('',*,*,#7441,.F.);
#7462=ORIENTED_EDGE('',*,*,#7461,.F.);
#7463=EDGE_LOOP('',(#7457,#7459,#7460,#7462));
#7464=FACE_OUTER_BOUND('',#7463,.F.);
#7465=ADVANCED_FACE('',(#7464),#7455,.T.);
#7466=CARTESIAN_POINT('',(7.539337604258E0,-8.999958361212E0,
-7.221186781275E0));
#7467=DIRECTION('',(0.E0,-1.E0,1.732870212380E-7));
#7468=DIRECTION('',(9.999998164261E-1,1.049993312582E-10,6.059272674204E-4));
#7469=AXIS2_PLACEMENT_3D('',#7466,#7467,#7468);
#7470=PLANE('',#7469);
#7472=ORIENTED_EDGE('',*,*,#7471,.T.);
#7474=ORIENTED_EDGE('',*,*,#7473,.F.);
#7476=ORIENTED_EDGE('',*,*,#7475,.T.);
#7478=ORIENTED_EDGE('',*,*,#7477,.F.);
#7480=ORIENTED_EDGE('',*,*,#7479,.T.);
#7482=ORIENTED_EDGE('',*,*,#7481,.F.);
#7484=ORIENTED_EDGE('',*,*,#7483,.T.);
#7486=ORIENTED_EDGE('',*,*,#7485,.F.);
#7488=ORIENTED_EDGE('',*,*,#7487,.T.);
#7490=ORIENTED_EDGE('',*,*,#7489,.F.);
#7492=ORIENTED_EDGE('',*,*,#7491,.T.);
#7494=ORIENTED_EDGE('',*,*,#7493,.F.);
#7496=ORIENTED_EDGE('',*,*,#7495,.T.);
#7498=ORIENTED_EDGE('',*,*,#7497,.F.);
#7500=ORIENTED_EDGE('',*,*,#7499,.T.);
#7502=ORIENTED_EDGE('',*,*,#7501,.F.);
#7504=ORIENTED_EDGE('',*,*,#7503,.T.);
#7506=ORIENTED_EDGE('',*,*,#7505,.F.);
#7508=ORIENTED_EDGE('',*,*,#7507,.T.);
#7510=ORIENTED_EDGE('',*,*,#7509,.F.);
#7512=ORIENTED_EDGE('',*,*,#7511,.T.);
#7514=ORIENTED_EDGE('',*,*,#7513,.T.);
#7516=ORIENTED_EDGE('',*,*,#7515,.T.);
#7518=ORIENTED_EDGE('',*,*,#7517,.T.);
#7520=ORIENTED_EDGE('',*,*,#7519,.T.);
#7522=ORIENTED_EDGE('',*,*,#7521,.T.);
#7524=ORIENTED_EDGE('',*,*,#7523,.T.);
#7526=ORIENTED_EDGE('',*,*,#7525,.T.);
#7527=EDGE_LOOP('',(#7472,#7474,#7476,#7478,#7480,#7482,#7484,#7486,#7488,#7490,
#7492,#7494,#7496,#7498,#7500,#7502,#7504,#7506,#7508,#7510,#7512,#7514,#7516,
#7518,#7520,#7522,#7524,#7526));
#7528=FACE_OUTER_BOUND('',#7527,.F.);
#7530=ORIENTED_EDGE('',*,*,#7529,.F.);
#7532=ORIENTED_EDGE('',*,*,#7531,.F.);
#7534=ORIENTED_EDGE('',*,*,#7533,.F.);
#7536=ORIENTED_EDGE('',*,*,#7535,.F.);
#7538=ORIENTED_EDGE('',*,*,#7537,.F.);
#7540=ORIENTED_EDGE('',*,*,#7539,.F.);
#7542=ORIENTED_EDGE('',*,*,#7541,.F.);
#7544=ORIENTED_EDGE('',*,*,#7543,.F.);
#7546=ORIENTED_EDGE('',*,*,#7545,.F.);
#7548=ORIENTED_EDGE('',*,*,#7547,.F.);
#7550=ORIENTED_EDGE('',*,*,#7549,.F.);
#7552=ORIENTED_EDGE('',*,*,#7551,.F.);
#7554=ORIENTED_EDGE('',*,*,#7553,.F.);
#7556=ORIENTED_EDGE('',*,*,#7555,.F.);
#7557=EDGE_LOOP('',(#7530,#7532,#7534,#7536,#7538,#7540,#7542,#7544,#7546,#7548,
#7550,#7552,#7554,#7556));
#7558=FACE_BOUND('',#7557,.F.);
#7560=ORIENTED_EDGE('',*,*,#7559,.F.);
#7562=ORIENTED_EDGE('',*,*,#7561,.F.);
#7564=ORIENTED_EDGE('',*,*,#7563,.F.);
#7566=ORIENTED_EDGE('',*,*,#7565,.F.);
#7568=ORIENTED_EDGE('',*,*,#7567,.F.);
#7570=ORIENTED_EDGE('',*,*,#7569,.F.);
#7572=ORIENTED_EDGE('',*,*,#7571,.F.);
#7574=ORIENTED_EDGE('',*,*,#7573,.F.);
#7575=EDGE_LOOP('',(#7560,#7562,#7564,#7566,#7568,#7570,#7572,#7574));
#7576=FACE_BOUND('',#7575,.F.);
#7578=ORIENTED_EDGE('',*,*,#7577,.F.);
#7580=ORIENTED_EDGE('',*,*,#7579,.F.);
#7582=ORIENTED_EDGE('',*,*,#7581,.F.);
#7584=ORIENTED_EDGE('',*,*,#7583,.F.);
#7586=ORIENTED_EDGE('',*,*,#7585,.F.);
#7588=ORIENTED_EDGE('',*,*,#7587,.F.);
#7590=ORIENTED_EDGE('',*,*,#7589,.F.);
#7592=ORIENTED_EDGE('',*,*,#7591,.F.);
#7594=ORIENTED_EDGE('',*,*,#7593,.F.);
#7596=ORIENTED_EDGE('',*,*,#7595,.F.);
#7598=ORIENTED_EDGE('',*,*,#7597,.F.);
#7600=ORIENTED_EDGE('',*,*,#7599,.F.);
#7602=ORIENTED_EDGE('',*,*,#7601,.F.);
#7604=ORIENTED_EDGE('',*,*,#7603,.F.);
#7605=EDGE_LOOP('',(#7578,#7580,#7582,#7584,#7586,#7588,#7590,#7592,#7594,#7596,
#7598,#7600,#7602,#7604));
#7606=FACE_BOUND('',#7605,.F.);
#7608=ORIENTED_EDGE('',*,*,#7607,.F.);
#7610=ORIENTED_EDGE('',*,*,#7609,.F.);
#7612=ORIENTED_EDGE('',*,*,#7611,.F.);
#7614=ORIENTED_EDGE('',*,*,#7613,.F.);
#7616=ORIENTED_EDGE('',*,*,#7615,.F.);
#7617=ORIENTED_EDGE('',*,*,#7456,.F.);
#7619=ORIENTED_EDGE('',*,*,#7618,.F.);
#7621=ORIENTED_EDGE('',*,*,#7620,.F.);
#7622=EDGE_LOOP('',(#7608,#7610,#7612,#7614,#7616,#7617,#7619,#7621));
#7623=FACE_BOUND('',#7622,.F.);
#7625=ORIENTED_EDGE('',*,*,#7624,.F.);
#7627=ORIENTED_EDGE('',*,*,#7626,.F.);
#7629=ORIENTED_EDGE('',*,*,#7628,.F.);
#7631=ORIENTED_EDGE('',*,*,#7630,.F.);
#7632=EDGE_LOOP('',(#7625,#7627,#7629,#7631));
#7633=FACE_BOUND('',#7632,.F.);
#7634=ADVANCED_FACE('',(#7528,#7558,#7576,#7606,#7623,#7633),#7470,.T.);
#7635=CARTESIAN_POINT('',(-2.908917579402E1,-8.699977245277E0,
-1.161968377339E2));
#7636=DIRECTION('',(0.E0,1.732870212373E-7,1.E0));
#7637=DIRECTION('',(1.184237892934E-14,-1.E0,1.732870212373E-7));
#7638=AXIS2_PLACEMENT_3D('',#7635,#7636,#7637);
#7639=CYLINDRICAL_SURFACE('',#7638,3.E-1);
#7640=ORIENTED_EDGE('',*,*,#7577,.T.);
#7642=ORIENTED_EDGE('',*,*,#7641,.T.);
#7644=ORIENTED_EDGE('',*,*,#7643,.F.);
#7646=ORIENTED_EDGE('',*,*,#7645,.T.);
#7647=EDGE_LOOP('',(#7640,#7642,#7644,#7646));
#7648=FACE_OUTER_BOUND('',#7647,.F.);
#7649=ADVANCED_FACE('',(#7648),#7639,.T.);
#7650=CARTESIAN_POINT('',(-2.858917579402E1,-8.699959017430E0,
-1.100807268337E1));
#7651=DIRECTION('',(0.E0,1.E0,-1.732870212558E-7));
#7652=DIRECTION('',(-8.231581715622E-1,-9.839448011917E-8,-5.678121384669E-1));
#7653=AXIS2_PLACEMENT_3D('',#7650,#7651,#7652);
#7654=TOROIDAL_SURFACE('',#7653,5.E-1,3.E-1);
#7655=ORIENTED_EDGE('',*,*,#7603,.T.);
#7657=ORIENTED_EDGE('',*,*,#7656,.T.);
#7659=ORIENTED_EDGE('',*,*,#7658,.F.);
#7660=ORIENTED_EDGE('',*,*,#7641,.F.);
#7661=EDGE_LOOP('',(#7655,#7657,#7659,#7660));
#7662=FACE_OUTER_BOUND('',#7661,.F.);
#7663=ADVANCED_FACE('',(#7662),#7654,.T.);
#7664=CARTESIAN_POINT('',(-2.880761179402E1,-8.699958930786E0,
-1.050807268337E1));
#7665=DIRECTION('',(1.E0,0.E0,0.E0));
#7666=DIRECTION('',(0.E0,-1.E0,1.732870262098E-7));
#7667=AXIS2_PLACEMENT_3D('',#7664,#7665,#7666);
#7668=CYLINDRICAL_SURFACE('',#7667,3.E-1);
#7669=ORIENTED_EDGE('',*,*,#7601,.T.);
#7671=ORIENTED_EDGE('',*,*,#7670,.T.);
#7673=ORIENTED_EDGE('',*,*,#7672,.F.);
#7674=ORIENTED_EDGE('',*,*,#7656,.F.);
#7675=EDGE_LOOP('',(#7669,#7671,#7673,#7674));
#7676=FACE_OUTER_BOUND('',#7675,.F.);
#7677=ADVANCED_FACE('',(#7676),#7668,.T.);
#7678=CARTESIAN_POINT('',(-1.842918146533E1,-8.699959017430E0,
-1.100807268337E1));
#7679=DIRECTION('',(0.E0,1.E0,-1.732870212558E-7));
#7680=DIRECTION('',(-5.678121384669E-1,1.426426230466E-7,8.231581715622E-1));
#7681=AXIS2_PLACEMENT_3D('',#7678,#7679,#7680);
#7682=TOROIDAL_SURFACE('',#7681,5.E-1,3.E-1);
#7683=ORIENTED_EDGE('',*,*,#7599,.T.);
#7685=ORIENTED_EDGE('',*,*,#7684,.T.);
#7687=ORIENTED_EDGE('',*,*,#7686,.F.);
#7688=ORIENTED_EDGE('',*,*,#7670,.F.);
#7689=EDGE_LOOP('',(#7683,#7685,#7687,#7688));
#7690=FACE_OUTER_BOUND('',#7689,.F.);
#7691=ADVANCED_FACE('',(#7690),#7682,.T.);
#7692=CARTESIAN_POINT('',(-1.792918146533E1,-8.699958979578E0,
-1.078963668337E1));
#7693=DIRECTION('',(0.E0,-1.732870212441E-7,-1.E0));
#7694=DIRECTION('',(0.E0,-1.E0,1.732870212441E-7));
#7695=AXIS2_PLACEMENT_3D('',#7692,#7693,#7694);
#7696=CYLINDRICAL_SURFACE('',#7695,3.E-1);
#7698=ORIENTED_EDGE('',*,*,#7697,.F.);
#7699=ORIENTED_EDGE('',*,*,#7684,.F.);
#7700=ORIENTED_EDGE('',*,*,#7597,.T.);
#7702=ORIENTED_EDGE('',*,*,#7701,.T.);
#7703=EDGE_LOOP('',(#7698,#7699,#7700,#7702));
#7704=FACE_OUTER_BOUND('',#7703,.F.);
#7705=ADVANCED_FACE('',(#7704),#7696,.T.);
#7706=CARTESIAN_POINT('',(-1.822918146533E1,-8.999959444374E0,
-1.347187024057E1));
#7707=DIRECTION('',(1.E0,0.E0,0.E0));
#7708=DIRECTION('',(0.E0,1.732870212380E-7,1.E0));
#7709=AXIS2_PLACEMENT_3D('',#7706,#7707,#7708);
#7710=PLANE('',#7709);
#7711=ORIENTED_EDGE('',*,*,#7697,.T.);
#7713=ORIENTED_EDGE('',*,*,#7712,.F.);
#7714=ORIENTED_EDGE('',*,*,#6325,.T.);
#7716=ORIENTED_EDGE('',*,*,#7715,.F.);
#7717=EDGE_LOOP('',(#7711,#7713,#7714,#7716));
#7718=FACE_OUTER_BOUND('',#7717,.F.);
#7719=ADVANCED_FACE('',(#7718),#7710,.F.);
#7720=CARTESIAN_POINT('',(-1.802918146533E1,1.633981540390E1,
-1.327187463163E1));
#7721=DIRECTION('',(0.E0,-1.E0,1.732870212558E-7));
#7722=DIRECTION('',(-1.E0,0.E0,0.E0));
#7723=AXIS2_PLACEMENT_3D('',#7720,#7721,#7722);
#7724=CYLINDRICAL_SURFACE('',#7723,2.E-1);
#7726=ORIENTED_EDGE('',*,*,#7725,.T.);
#7728=ORIENTED_EDGE('',*,*,#7727,.F.);
#7729=ORIENTED_EDGE('',*,*,#6327,.T.);
#7730=ORIENTED_EDGE('',*,*,#7712,.T.);
#7731=EDGE_LOOP('',(#7726,#7728,#7729,#7730));
#7732=FACE_OUTER_BOUND('',#7731,.F.);
#7733=ADVANCED_FACE('',(#7732),#7724,.T.);
#7734=CARTESIAN_POINT('',(-1.819411300942E1,-8.687637455021E0,
-1.315897598659E1));
#7735=CARTESIAN_POINT('',(-1.819422659393E1,-8.692886572544E0,
-1.315894589700E1));
#7736=CARTESIAN_POINT('',(-1.819430971923E1,-8.704533634288E0,
-1.315890857978E1));
#7737=CARTESIAN_POINT('',(-1.819392245587E1,-8.722846819020E0,
-1.315905344791E1));
#7738=CARTESIAN_POINT('',(-1.819254654197E1,-8.743728617200E0,
-1.315920438656E1));
#7739=CARTESIAN_POINT('',(-1.818945721256E1,-8.766502222924E0,
-1.315886269502E1));
#7740=CARTESIAN_POINT('',(-1.818378655664E1,-8.791181358690E0,
-1.315749001683E1));
#7741=CARTESIAN_POINT('',(-1.817478955863E1,-8.817254351764E0,
-1.315466437216E1));
#7742=CARTESIAN_POINT('',(-1.816197787111E1,-8.843890781902E0,
-1.315015070568E1));
#7743=CARTESIAN_POINT('',(-1.814490410872E1,-8.870519248073E0,
-1.314380401360E1));
#7744=CARTESIAN_POINT('',(-1.812270102372E1,-8.896969253989E0,
-1.313535013177E1));
#7745=CARTESIAN_POINT('',(-1.809371166910E1,-8.923052271427E0,
-1.312422775622E1));
#7746=CARTESIAN_POINT('',(-1.805592360862E1,-8.947501628751E0,
-1.310976034361E1));
#7747=CARTESIAN_POINT('',(-1.801296183237E1,-8.965276726777E0,
-1.309348047958E1));
#7748=CARTESIAN_POINT('',(-1.798143034144E1,-8.972199316689E0,
-1.308159546537E1));
#7749=CARTESIAN_POINT('',(-1.796691634460E1,-8.974207961854E0,
-1.307607105720E1));
#7750=CARTESIAN_POINT('',(-1.835425803727E1,-8.655574811857E0,
-1.339528747798E1));
#7751=CARTESIAN_POINT('',(-1.835610955106E1,-8.674250548626E0,
-1.339589787635E1));
#7752=CARTESIAN_POINT('',(-1.835765082219E1,-8.716683361721E0,
-1.339641580745E1));
#7753=CARTESIAN_POINT('',(-1.835069621557E1,-8.782411572277E0,
-1.339410065230E1));
#7754=CARTESIAN_POINT('',(-1.833256045235E1,-8.849881526004E0,
-1.338819518509E1));
#7755=CARTESIAN_POINT('',(-1.830472004786E1,-8.912395917612E0,
-1.337944619151E1));
#7756=CARTESIAN_POINT('',(-1.826847107437E1,-8.968464856605E0,
-1.336854537273E1));
#7757=CARTESIAN_POINT('',(-1.822523872420E1,-9.017095448568E0,
-1.335613368220E1));
#7758=CARTESIAN_POINT('',(-1.817645032242E1,-9.057698750381E0,
-1.334272963610E1));
#7759=CARTESIAN_POINT('',(-1.812271072828E1,-9.090443216032E0,
-1.332852565968E1));
#7760=CARTESIAN_POINT('',(-1.806328675779E1,-9.115587160533E0,
-1.331333047602E1));
#7761=CARTESIAN_POINT('',(-1.799632558525E1,-9.132432066145E0,
-1.329668780701E1));
#7762=CARTESIAN_POINT('',(-1.792063914990E1,-9.138391517801E0,
-1.327834808937E1));
#7763=CARTESIAN_POINT('',(-1.784617537788E1,-9.130378833898E0,
-1.326069656035E1));
#7764=CARTESIAN_POINT('',(-1.779811823397E1,-9.116618435701E0,
-1.324959806702E1));
#7765=CARTESIAN_POINT('',(-1.777714184339E1,-9.108910575950E0,
-1.324488275434E1));
#7766=CARTESIAN_POINT('',(-1.815048098968E1,-8.655680718817E0,
-1.359775399063E1));
#7767=CARTESIAN_POINT('',(-1.815288070276E1,-8.674223016324E0,
-1.359891314709E1));
#7768=CARTESIAN_POINT('',(-1.815489408575E1,-8.716738187149E0,
-1.359990680736E1));
#7769=CARTESIAN_POINT('',(-1.814582600099E1,-8.782218666776E0,
-1.359548396516E1));
#7770=CARTESIAN_POINT('',(-1.812268399978E1,-8.846559196850E0,
-1.358438950933E1));
#7771=CARTESIAN_POINT('',(-1.808850699425E1,-8.901446547212E0,
-1.356843733046E1));
#7772=CARTESIAN_POINT('',(-1.804628230146E1,-8.944804622231E0,
-1.354937301607E1));
#7773=CARTESIAN_POINT('',(-1.799900591676E1,-8.975968629833E0,
-1.352874821748E1));
#7774=CARTESIAN_POINT('',(-1.794932256170E1,-8.995271423351E0,
-1.350772709434E1));
#7775=CARTESIAN_POINT('',(-1.789868481268E1,-9.003734164691E0,
-1.348679117365E1));
#7776=CARTESIAN_POINT('',(-1.784727718756E1,-9.001948816573E0,
-1.346582019449E1));
#7777=CARTESIAN_POINT('',(-1.779482810096E1,-8.989211085591E0,
-1.344444786253E1));
#7778=CARTESIAN_POINT('',(-1.774247443576E1,-8.963697881968E0,
-1.342279044135E1));
#7779=CARTESIAN_POINT('',(-1.769894901508E1,-8.928103637982E0,
-1.340396370071E1));
#7780=CARTESIAN_POINT('',(-1.767610986800E1,-8.899550427956E0,
-1.339353908076E1));
#7781=CARTESIAN_POINT('',(-1.766717708303E1,-8.886135785142E0,
-1.338951698295E1));
#7782=CARTESIAN_POINT('',(-1.791522147521E1,-8.687782400464E0,
-1.343607390810E1));
#7783=CARTESIAN_POINT('',(-1.791608533137E1,-8.692848891529E0,
-1.343679485494E1));
#7784=CARTESIAN_POINT('',(-1.791681459422E1,-8.704608668979E0,
-1.343740862595E1));
#7785=CARTESIAN_POINT('',(-1.791353480117E1,-8.722582806406E0,
-1.343466889013E1));
#7786=CARTESIAN_POINT('',(-1.790530729426E1,-8.739181640561E0,
-1.342771812123E1));
#7787=CARTESIAN_POINT('',(-1.789354562217E1,-8.751516792791E0,
-1.341751807017E1));
#7788=CARTESIAN_POINT('',(-1.787969653035E1,-8.758799698723E0,
-1.340497274108E1));
#7789=CARTESIAN_POINT('',(-1.786516482169E1,-8.760967730137E0,
-1.339090654536E1));
#7790=CARTESIAN_POINT('',(-1.785112829116E1,-8.758452047670E0,
-1.337596806249E1));
#7791=CARTESIAN_POINT('',(-1.783829974850E1,-8.751848275831E0,
-1.336040795661E1));
#7792=CARTESIAN_POINT('',(-1.782706792296E1,-8.741442552300E0,
-1.334404925681E1));
#7793=CARTESIAN_POINT('',(-1.781793997059E1,-8.727038444210E0,
-1.332645381194E1));
#7794=CARTESIAN_POINT('',(-1.781208539889E1,-8.708413975409E0,
-1.330744575334E1));
#7795=CARTESIAN_POINT('',(-1.781146619446E1,-8.688440643479E0,
-1.328955748163E1));
#7796=CARTESIAN_POINT('',(-1.781444833452E1,-8.675117626564E0,
-1.327859473802E1));
#7797=CARTESIAN_POINT('',(-1.781641735028E1,-8.669315904945E0,
-1.327401907143E1));
#7798=(BOUNDED_SURFACE()B_SPLINE_SURFACE(3,3,((#7734,#7735,#7736,#7737,#7738,
#7739,#7740,#7741,#7742,#7743,#7744,#7745,#7746,#7747,#7748,#7749),(#7750,#7751,
#7752,#7753,#7754,#7755,#7756,#7757,#7758,#7759,#7760,#7761,#7762,#7763,#7764,
#7765),(#7766,#7767,#7768,#7769,#7770,#7771,#7772,#7773,#7774,#7775,#7776,#7777,
#7778,#7779,#7780,#7781),(#7782,#7783,#7784,#7785,#7786,#7787,#7788,#7789,#7790,
#7791,#7792,#7793,#7794,#7795,#7796,#7797)),.UNSPECIFIED.,.F.,.F.,.F.)B_SPLINE_SURFACE_WITH_KNOTS((4,4),(4,1,1,1,1,1,1,1,1,1,1,1,1,4),(0.E0,1.E0),(
1.951846883205E-1,2.433488309841E-1,3.034940732014E-1,3.640309843730E-1,
4.251960254364E-1,4.871408636791E-1,5.499409058826E-1,6.134773512461E-1,
6.776593007588E-1,7.451878787660E-1,8.196176952173E-1,9.041712460131E-1,1.E0,
1.077216440749E0),.UNSPECIFIED.)GEOMETRIC_REPRESENTATION_ITEM()RATIONAL_B_SPLINE_SURFACE(((1.688753362252E0,1.688753362252E0,1.688753362252E0,1.688753362252E0,
1.688753362252E0,1.688753362252E0,1.688753362252E0,1.688753362252E0,
1.688753362252E0,1.688753362252E0,1.688753362252E0,1.688753362252E0,
1.688753362252E0,1.688753362252E0,1.688753362252E0,1.688753362252E0),(
7.704155459161E-1,7.704155459161E-1,7.704155459161E-1,7.704155459161E-1,
7.704155459161E-1,7.704155459161E-1,7.704155459161E-1,7.704155459161E-1,
7.704155459161E-1,7.704155459161E-1,7.704155459161E-1,7.704155459161E-1,
7.704155459161E-1,7.704155459161E-1,7.704155459161E-1,7.704155459161E-1),(
7.704155459161E-1,7.704155459161E-1,7.704155459161E-1,7.704155459161E-1,
7.704155459161E-1,7.704155459161E-1,7.704155459161E-1,7.704155459161E-1,
7.704155459161E-1,7.704155459161E-1,7.704155459161E-1,7.704155459161E-1,
7.704155459161E-1,7.704155459161E-1,7.704155459161E-1,7.704155459161E-1),(
1.688753362252E0,1.688753362252E0,1.688753362252E0,1.688753362252E0,
1.688753362252E0,1.688753362252E0,1.688753362252E0,1.688753362252E0,
1.688753362252E0,1.688753362252E0,1.688753362252E0,1.688753362252E0,
1.688753362252E0,1.688753362252E0,1.688753362252E0,1.688753362252E0)))REPRESENTATION_ITEM('')SURFACE());
#7799=ORIENTED_EDGE('',*,*,#7725,.F.);
#7800=ORIENTED_EDGE('',*,*,#7701,.F.);
#7802=ORIENTED_EDGE('',*,*,#7801,.F.);
#7803=EDGE_LOOP('',(#7799,#7800,#7802));
#7804=FACE_OUTER_BOUND('',#7803,.F.);
#7805=ADVANCED_FACE('',(#7804),#7798,.T.);
#7806=CARTESIAN_POINT('',(-1.892506321771E2,-8.699959392388E0,
-1.317187029256E1));
#7807=DIRECTION('',(1.E0,0.E0,0.E0));
#7808=DIRECTION('',(0.E0,-1.E0,1.732870262098E-7));
#7809=AXIS2_PLACEMENT_3D('',#7806,#7807,#7808);
#7810=CYLINDRICAL_SURFACE('',#7809,3.E-1);
#7811=ORIENTED_EDGE('',*,*,#7595,.T.);
#7813=ORIENTED_EDGE('',*,*,#7812,.T.);
#7815=ORIENTED_EDGE('',*,*,#7814,.F.);
#7816=ORIENTED_EDGE('',*,*,#7801,.T.);
#7817=EDGE_LOOP('',(#7811,#7813,#7815,#7816));
#7818=FACE_OUTER_BOUND('',#7817,.F.);
#7819=ADVANCED_FACE('',(#7818),#7810,.T.);
#7820=CARTESIAN_POINT('',(-1.436757169062E1,-8.699959479031E0,
-1.367187029256E1));
#7821=DIRECTION('',(0.E0,1.E0,-1.732870212558E-7));
#7822=DIRECTION('',(-5.678121384669E-1,1.426426230466E-7,8.231581715622E-1));
#7823=AXIS2_PLACEMENT_3D('',#7820,#7821,#7822);
#7824=TOROIDAL_SURFACE('',#7823,5.E-1,3.E-1);
#7825=ORIENTED_EDGE('',*,*,#7593,.T.);
#7827=ORIENTED_EDGE('',*,*,#7826,.T.);
#7829=ORIENTED_EDGE('',*,*,#7828,.F.);
#7830=ORIENTED_EDGE('',*,*,#7812,.F.);
#7831=EDGE_LOOP('',(#7825,#7827,#7829,#7830));
#7832=FACE_OUTER_BOUND('',#7831,.F.);
#7833=ADVANCED_FACE('',(#7832),#7824,.T.);
#7834=CARTESIAN_POINT('',(-1.386757169062E1,-8.699959441179E0,
-1.345343429256E1));
#7835=DIRECTION('',(0.E0,-1.732870212715E-7,-1.E0));
#7836=DIRECTION('',(0.E0,-1.E0,1.732870212715E-7));
#7837=AXIS2_PLACEMENT_3D('',#7834,#7835,#7836);
#7838=CYLINDRICAL_SURFACE('',#7837,3.E-1);
#7839=ORIENTED_EDGE('',*,*,#7591,.T.);
#7841=ORIENTED_EDGE('',*,*,#7840,.T.);
#7843=ORIENTED_EDGE('',*,*,#7842,.F.);
#7844=ORIENTED_EDGE('',*,*,#7826,.F.);
#7845=EDGE_LOOP('',(#7839,#7841,#7843,#7844));
#7846=FACE_OUTER_BOUND('',#7845,.F.);
#7847=ADVANCED_FACE('',(#7846),#7838,.T.);
#7848=CARTESIAN_POINT('',(-1.436757169062E1,-8.699961010415E0,
-2.250914012869E1));
#7849=DIRECTION('',(0.E0,1.E0,-1.732870212558E-7));
#7850=DIRECTION('',(8.231581715622E-1,9.839446946103E-8,5.678121384669E-1));
#7851=AXIS2_PLACEMENT_3D('',#7848,#7849,#7850);
#7852=TOROIDAL_SURFACE('',#7851,5.E-1,3.E-1);
#7853=ORIENTED_EDGE('',*,*,#7589,.T.);
#7855=ORIENTED_EDGE('',*,*,#7854,.T.);
#7857=ORIENTED_EDGE('',*,*,#7856,.F.);
#7858=ORIENTED_EDGE('',*,*,#7840,.F.);
#7859=EDGE_LOOP('',(#7853,#7855,#7857,#7858));
#7860=FACE_OUTER_BOUND('',#7859,.F.);
#7861=ADVANCED_FACE('',(#7860),#7852,.T.);
#7862=CARTESIAN_POINT('',(-1.414913569062E1,-8.699961097059E0,
-2.300914012869E1));
#7863=DIRECTION('',(-1.E0,0.E0,0.E0));
#7864=DIRECTION('',(0.E0,-1.E0,1.732870202886E-7));
#7865=AXIS2_PLACEMENT_3D('',#7862,#7863,#7864);
#7866=CYLINDRICAL_SURFACE('',#7865,3.E-1);
#7867=ORIENTED_EDGE('',*,*,#7587,.T.);
#7869=ORIENTED_EDGE('',*,*,#7868,.T.);
#7871=ORIENTED_EDGE('',*,*,#7870,.F.);
#7872=ORIENTED_EDGE('',*,*,#7854,.F.);
#7873=EDGE_LOOP('',(#7867,#7869,#7871,#7872));
#7874=FACE_OUTER_BOUND('',#7873,.F.);
#7875=ADVANCED_FACE('',(#7874),#7866,.T.);
#7876=CARTESIAN_POINT('',(-3.264487772736E1,-8.699961010415E0,
-2.250914012869E1));
#7877=DIRECTION('',(0.E0,1.E0,-1.732870212558E-7));
#7878=DIRECTION('',(5.678121384669E-1,-1.426426337048E-7,-8.231581715622E-1));
#7879=AXIS2_PLACEMENT_3D('',#7876,#7877,#7878);
#7880=TOROIDAL_SURFACE('',#7879,5.E-1,3.E-1);
#7881=ORIENTED_EDGE('',*,*,#7585,.T.);
#7883=ORIENTED_EDGE('',*,*,#7882,.T.);
#7885=ORIENTED_EDGE('',*,*,#7884,.F.);
#7886=ORIENTED_EDGE('',*,*,#7868,.F.);
#7887=EDGE_LOOP('',(#7881,#7883,#7885,#7886));
#7888=FACE_OUTER_BOUND('',#7887,.F.);
#7889=ADVANCED_FACE('',(#7888),#7880,.T.);
#7890=CARTESIAN_POINT('',(-3.314487772736E1,-8.699961048268E0,
-2.272757612869E1));
#7891=DIRECTION('',(0.E0,1.732870212715E-7,1.E0));
#7892=DIRECTION('',(0.E0,-1.E0,1.732870212715E-7));
#7893=AXIS2_PLACEMENT_3D('',#7890,#7891,#7892);
#7894=CYLINDRICAL_SURFACE('',#7893,3.E-1);
#7895=ORIENTED_EDGE('',*,*,#7583,.T.);
#7897=ORIENTED_EDGE('',*,*,#7896,.T.);
#7899=ORIENTED_EDGE('',*,*,#7898,.F.);
#7900=ORIENTED_EDGE('',*,*,#7882,.F.);
#7901=EDGE_LOOP('',(#7895,#7897,#7899,#7900));
#7902=FACE_OUTER_BOUND('',#7901,.F.);
#7903=ADVANCED_FACE('',(#7902),#7894,.T.);
#7904=CARTESIAN_POINT('',(-3.264487772736E1,-8.699959479031E0,
-1.367187029256E1));
#7905=DIRECTION('',(0.E0,1.E0,-1.732870212558E-7));
#7906=DIRECTION('',(-8.231581715622E-1,-9.839448011917E-8,-5.678121384669E-1));
#7907=AXIS2_PLACEMENT_3D('',#7904,#7905,#7906);
#7908=TOROIDAL_SURFACE('',#7907,5.E-1,3.E-1);
#7909=ORIENTED_EDGE('',*,*,#7581,.T.);
#7911=ORIENTED_EDGE('',*,*,#7910,.T.);
#7913=ORIENTED_EDGE('',*,*,#7912,.F.);
#7914=ORIENTED_EDGE('',*,*,#7896,.F.);
#7915=EDGE_LOOP('',(#7909,#7911,#7913,#7914));
#7916=FACE_OUTER_BOUND('',#7915,.F.);
#7917=ADVANCED_FACE('',(#7916),#7908,.T.);
#7918=CARTESIAN_POINT('',(-3.286331372736E1,-8.699959392388E0,
-1.317187029256E1));
#7919=DIRECTION('',(1.E0,0.E0,0.E0));
#7920=DIRECTION('',(0.E0,-1.E0,1.732870202886E-7));
#7921=AXIS2_PLACEMENT_3D('',#7918,#7919,#7920);
#7922=CYLINDRICAL_SURFACE('',#7921,3.E-1);
#7924=ORIENTED_EDGE('',*,*,#7923,.F.);
#7925=ORIENTED_EDGE('',*,*,#7910,.F.);
#7926=ORIENTED_EDGE('',*,*,#7579,.T.);
#7928=ORIENTED_EDGE('',*,*,#7927,.T.);
#7929=EDGE_LOOP('',(#7924,#7925,#7926,#7928));
#7930=FACE_OUTER_BOUND('',#7929,.F.);
#7931=ADVANCED_FACE('',(#7930),#7922,.T.);
#7932=CARTESIAN_POINT('',(-2.878917579402E1,-8.999959444374E0,
-1.347187024057E1));
#7933=DIRECTION('',(0.E0,1.732870212380E-7,1.E0));
#7934=DIRECTION('',(-1.E0,0.E0,0.E0));
#7935=AXIS2_PLACEMENT_3D('',#7932,#7933,#7934);
#7936=PLANE('',#7935);
#7937=ORIENTED_EDGE('',*,*,#7923,.T.);
#7939=ORIENTED_EDGE('',*,*,#7938,.F.);
#7940=ORIENTED_EDGE('',*,*,#6345,.T.);
#7942=ORIENTED_EDGE('',*,*,#7941,.F.);
#7943=EDGE_LOOP('',(#7937,#7939,#7940,#7942));
#7944=FACE_OUTER_BOUND('',#7943,.F.);
#7945=ADVANCED_FACE('',(#7944),#7936,.F.);
#7946=CARTESIAN_POINT('',(-2.898917579402E1,1.633981540390E1,
-1.327187463163E1));
#7947=DIRECTION('',(0.E0,-1.E0,1.732870212558E-7));
#7948=DIRECTION('',(0.E0,-1.732870212558E-7,-1.E0));
#7949=AXIS2_PLACEMENT_3D('',#7946,#7947,#7948);
#7950=CYLINDRICAL_SURFACE('',#7949,2.E-1);
#7952=ORIENTED_EDGE('',*,*,#7951,.T.);
#7954=ORIENTED_EDGE('',*,*,#7953,.F.);
#7955=ORIENTED_EDGE('',*,*,#6315,.T.);
#7956=ORIENTED_EDGE('',*,*,#7938,.T.);
#7957=EDGE_LOOP('',(#7952,#7954,#7955,#7956));
#7958=FACE_OUTER_BOUND('',#7957,.F.);
#7959=ADVANCED_FACE('',(#7958),#7950,.T.);
#7960=CARTESIAN_POINT('',(-2.910207010212E1,-8.687637503164E0,
-1.343680183878E1));
#7961=CARTESIAN_POINT('',(-2.910210019080E1,-8.692886620712E0,
-1.343691542239E1));
#7962=CARTESIAN_POINT('',(-2.910213750600E1,-8.704533682477E0,
-1.343699854567E1));
#7963=CARTESIAN_POINT('',(-2.910199263471E1,-8.722846867117E0,
-1.343661127913E1));
#7964=CARTESIAN_POINT('',(-2.910184169244E1,-8.743728665032E0,
-1.343523536161E1));
#7965=CARTESIAN_POINT('',(-2.910218338003E1,-8.766502270280E0,
-1.343214602826E1));
#7966=CARTESIAN_POINT('',(-2.910355605394E1,-8.791181405302E0,
-1.342647536806E1));
#7967=CARTESIAN_POINT('',(-2.910638169409E1,-8.817254397306E0,
-1.341747836553E1));
#7968=CARTESIAN_POINT('',(-2.911089535596E1,-8.843890826006E0,
-1.340466667340E1));
#7969=CARTESIAN_POINT('',(-2.911724204342E1,-8.870519290319E0,
-1.338759290639E1));
#7970=CARTESIAN_POINT('',(-2.912569592067E1,-8.896969293851E0,
-1.336538981681E1));
#7971=CARTESIAN_POINT('',(-2.913681829170E1,-8.923052308193E0,
-1.333640045767E1));
#7972=CARTESIAN_POINT('',(-2.915128570008E1,-8.947501661477E0,
-1.329861239295E1));
#7973=CARTESIAN_POINT('',(-2.916756556102E1,-8.965276754879E0,
-1.325565061362E1));
#7974=CARTESIAN_POINT('',(-2.917945057403E1,-8.972199341387E0,
-1.322411912149E1));
#7975=CARTESIAN_POINT('',(-2.918497498186E1,-8.974207984994E0,
-1.320960512430E1));
#7976=CARTESIAN_POINT('',(-2.886575861629E1,-8.655574846800E0,
-1.359694687220E1));
#7977=CARTESIAN_POINT('',(-2.886514821468E1,-8.674250583785E0,
-1.359879838275E1));
#7978=CARTESIAN_POINT('',(-2.886463027623E1,-8.716683397057E0,
-1.360033964652E1));
#7979=CARTESIAN_POINT('',(-2.886694541999E1,-8.782411606810E0,
-1.359338502851E1));
#7980=CARTESIAN_POINT('',(-2.887285087551E1,-8.849881558418E0,
-1.357524925360E1));
#7981=CARTESIAN_POINT('',(-2.888159985825E1,-8.912395946718E0,
-1.354740883828E1));
#7982=CARTESIAN_POINT('',(-2.889250066732E1,-8.968464881318E0,
-1.351115985507E1));
#7983=CARTESIAN_POINT('',(-2.890491234942E1,-9.017095467941E0,
-1.346792749648E1));
#7984=CARTESIAN_POINT('',(-2.891831638848E1,-9.057698763621E0,
-1.341913908766E1));
#7985=CARTESIAN_POINT('',(-2.893252035924E1,-9.090443222422E0,
-1.336539948785E1));
#7986=CARTESIAN_POINT('',(-2.894771553854E1,-9.115587159259E0,
-1.330597551300E1));
#7987=CARTESIAN_POINT('',(-2.896435820463E1,-9.132432056151E0,
-1.323901433754E1));
#7988=CARTESIAN_POINT('',(-2.898269792124E1,-9.138391497869E0,
-1.316332790115E1));
#7989=CARTESIAN_POINT('',(-2.900034945164E1,-9.130378804122E0,
-1.308886413052E1));
#7990=CARTESIAN_POINT('',(-2.901144794736E1,-9.116618399520E0,
-1.304080698899E1));
#7991=CARTESIAN_POINT('',(-2.901616326138E1,-9.108910536951E0,
-1.301983059976E1));
#7992=CARTESIAN_POINT('',(-2.866329210362E1,-8.655680683363E0,
-1.339316982458E1));
#7993=CARTESIAN_POINT('',(-2.866213294394E1,-8.674222981086E0,
-1.339556953445E1));
#7994=CARTESIAN_POINT('',(-2.866113927631E1,-8.716738152088E0,
-1.339758291008E1));
#7995=CARTESIAN_POINT('',(-2.866556210717E1,-8.782218630911E0,
-1.338851481397E1));
#7996=CARTESIAN_POINT('',(-2.867665655185E1,-8.846559158898E0,
-1.336537280161E1));
#7997=CARTESIAN_POINT('',(-2.869260872120E1,-8.901446506101E0,
-1.333119578656E1));
#7998=CARTESIAN_POINT('',(-2.871167302808E1,-8.944804577106E0,
-1.328897108626E1));
#7999=CARTESIAN_POINT('',(-2.873229782127E1,-8.975968580091E0,
-1.324169469616E1));
#8000=CARTESIAN_POINT('',(-2.875331894107E1,-8.995271368642E0,
-1.319201133776E1));
#8001=CARTESIAN_POINT('',(-2.877425486029E1,-9.003734104834E0,
-1.314137358727E1));
#8002=CARTESIAN_POINT('',(-2.879522583976E1,-9.001948751442E0,
-1.308996596246E1));
#8003=CARTESIAN_POINT('',(-2.881659817392E1,-8.989211015075E0,
-1.303751687807E1));
#8004=CARTESIAN_POINT('',(-2.883825559953E1,-8.963697806133E0,
-1.298516321728E1));
#8005=CARTESIAN_POINT('',(-2.885708234633E1,-8.928103557866E0,
-1.294163780277E1));
#8006=CARTESIAN_POINT('',(-2.886750697123E1,-8.899550345689E0,
-1.291879866064E1));
#8007=CARTESIAN_POINT('',(-2.887152907136E1,-8.886135702023E0,
-1.290986587800E1));
#8008=CARTESIAN_POINT('',(-2.882497218059E1,-8.687782352261E0,
-1.315791030454E1));
#8009=CARTESIAN_POINT('',(-2.882425123287E1,-8.692848843351E0,
-1.315877415984E1));
#8010=CARTESIAN_POINT('',(-2.882363745982E1,-8.704608620821E0,
-1.315950342064E1));
#8011=CARTESIAN_POINT('',(-2.882637719253E1,-8.722582758155E0,
-1.315622362447E1));
#8012=CARTESIAN_POINT('',(-2.883332795855E1,-8.739181592089E0,
-1.314799611470E1));
#8013=CARTESIAN_POINT('',(-2.884352800747E1,-8.751516744048E0,
-1.313623444046E1));
#8014=CARTESIAN_POINT('',(-2.885607333530E1,-8.758799649754E0,
-1.312238534738E1));
#8015=CARTESIAN_POINT('',(-2.887013953065E1,-8.760967681087E0,
-1.310785363834E1));
#8016=CARTESIAN_POINT('',(-2.888507801395E1,-8.758451998777E0,
-1.309381710825E1));
#8017=CARTESIAN_POINT('',(-2.890063812098E1,-8.751848227411E0,
-1.308098856674E1));
#8018=CARTESIAN_POINT('',(-2.891699682258E1,-8.741442504768E0,
-1.306975674300E1));
#8019=CARTESIAN_POINT('',(-2.893459226995E1,-8.727038398146E0,
-1.306062879313E1));
#8020=CARTESIAN_POINT('',(-2.895360033177E1,-8.708413931624E0,
-1.305477422465E1));
#8021=CARTESIAN_POINT('',(-2.897148860695E1,-8.688440602687E0,
-1.305415502368E1));
#8022=CARTESIAN_POINT('',(-2.898245135286E1,-8.675117588187E0,
-1.305713716606E1));
#8023=CARTESIAN_POINT('',(-2.898702702046E1,-8.669315867703E0,
-1.305910618283E1));
#8024=(BOUNDED_SURFACE()B_SPLINE_SURFACE(3,3,((#7960,#7961,#7962,#7963,#7964,
#7965,#7966,#7967,#7968,#7969,#7970,#7971,#7972,#7973,#7974,#7975),(#7976,#7977,
#7978,#7979,#7980,#7981,#7982,#7983,#7984,#7985,#7986,#7987,#7988,#7989,#7990,
#7991),(#7992,#7993,#7994,#7995,#7996,#7997,#7998,#7999,#8000,#8001,#8002,#8003,
#8004,#8005,#8006,#8007),(#8008,#8009,#8010,#8011,#8012,#8013,#8014,#8015,#8016,
#8017,#8018,#8019,#8020,#8021,#8022,#8023)),.UNSPECIFIED.,.F.,.F.,.F.)B_SPLINE_SURFACE_WITH_KNOTS((4,4),(4,1,1,1,1,1,1,1,1,1,1,1,1,4),(0.E0,1.E0),(
1.951846883188E-1,2.433488309839E-1,3.034940732012E-1,3.640309843728E-1,
4.251960254362E-1,4.871408636789E-1,5.499409058824E-1,6.134773512460E-1,
6.776593007587E-1,7.451878787659E-1,8.196176952172E-1,9.041712460131E-1,1.E0,
1.077216440752E0),.UNSPECIFIED.)GEOMETRIC_REPRESENTATION_ITEM()RATIONAL_B_SPLINE_SURFACE(((1.688753362252E0,1.688753362252E0,1.688753362252E0,1.688753362252E0,
1.688753362252E0,1.688753362252E0,1.688753362252E0,1.688753362252E0,
1.688753362252E0,1.688753362252E0,1.688753362252E0,1.688753362252E0,
1.688753362252E0,1.688753362252E0,1.688753362252E0,1.688753362252E0),(
7.704155459161E-1,7.704155459161E-1,7.704155459161E-1,7.704155459161E-1,
7.704155459161E-1,7.704155459161E-1,7.704155459161E-1,7.704155459161E-1,
7.704155459161E-1,7.704155459161E-1,7.704155459161E-1,7.704155459161E-1,
7.704155459161E-1,7.704155459161E-1,7.704155459161E-1,7.704155459161E-1),(
7.704155459161E-1,7.704155459161E-1,7.704155459161E-1,7.704155459161E-1,
7.704155459161E-1,7.704155459161E-1,7.704155459161E-1,7.704155459161E-1,
7.704155459161E-1,7.704155459161E-1,7.704155459161E-1,7.704155459161E-1,
7.704155459161E-1,7.704155459161E-1,7.704155459161E-1,7.704155459161E-1),(
1.688753362252E0,1.688753362252E0,1.688753362252E0,1.688753362252E0,
1.688753362252E0,1.688753362252E0,1.688753362252E0,1.688753362252E0,
1.688753362252E0,1.688753362252E0,1.688753362252E0,1.688753362252E0,
1.688753362252E0,1.688753362252E0,1.688753362252E0,1.688753362252E0)))REPRESENTATION_ITEM('')SURFACE());
#8025=ORIENTED_EDGE('',*,*,#7951,.F.);
#8026=ORIENTED_EDGE('',*,*,#7927,.F.);
#8027=ORIENTED_EDGE('',*,*,#7645,.F.);
#8028=EDGE_LOOP('',(#8025,#8026,#8027));
#8029=FACE_OUTER_BOUND('',#8028,.F.);
#8030=ADVANCED_FACE('',(#8029),#8024,.T.);
#8031=CARTESIAN_POINT('',(-2.878917579402E1,-8.999958982772E0,
-1.080807263139E1));
#8032=DIRECTION('',(-1.E0,0.E0,0.E0));
#8033=DIRECTION('',(0.E0,-1.732870212380E-7,-1.E0));
#8034=AXIS2_PLACEMENT_3D('',#8031,#8032,#8033);
#8035=PLANE('',#8034);
#8036=ORIENTED_EDGE('',*,*,#7643,.T.);
#8038=ORIENTED_EDGE('',*,*,#8037,.T.);
#8039=ORIENTED_EDGE('',*,*,#6317,.T.);
#8040=ORIENTED_EDGE('',*,*,#7953,.T.);
#8041=EDGE_LOOP('',(#8036,#8038,#8039,#8040));
#8042=FACE_OUTER_BOUND('',#8041,.F.);
#8043=ADVANCED_FACE('',(#8042),#8035,.F.);
#8044=CARTESIAN_POINT('',(-2.858917579402E1,-2.333980783741E1,
-1.100807014648E1));
#8045=DIRECTION('',(0.E0,1.E0,-1.732870212558E-7));
#8046=DIRECTION('',(-1.E0,0.E0,0.E0));
#8047=AXIS2_PLACEMENT_3D('',#8044,#8045,#8046);
#8048=CYLINDRICAL_SURFACE('',#8047,2.E-1);
#8049=ORIENTED_EDGE('',*,*,#7658,.T.);
#8051=ORIENTED_EDGE('',*,*,#8050,.T.);
#8052=ORIENTED_EDGE('',*,*,#6319,.T.);
#8053=ORIENTED_EDGE('',*,*,#8037,.F.);
#8054=EDGE_LOOP('',(#8049,#8051,#8052,#8053));
#8055=FACE_OUTER_BOUND('',#8054,.F.);
#8056=ADVANCED_FACE('',(#8055),#8048,.F.);
#8057=CARTESIAN_POINT('',(-1.822918146533E1,-8.999958982772E0,
-1.080807263139E1));
#8058=DIRECTION('',(0.E0,1.732870212380E-7,1.E0));
#8059=DIRECTION('',(-1.E0,0.E0,0.E0));
#8060=AXIS2_PLACEMENT_3D('',#8057,#8058,#8059);
#8061=PLANE('',#8060);
#8062=ORIENTED_EDGE('',*,*,#7672,.T.);
#8064=ORIENTED_EDGE('',*,*,#8063,.T.);
#8065=ORIENTED_EDGE('',*,*,#6321,.T.);
#8066=ORIENTED_EDGE('',*,*,#8050,.F.);
#8067=EDGE_LOOP('',(#8062,#8064,#8065,#8066));
#8068=FACE_OUTER_BOUND('',#8067,.F.);
#8069=ADVANCED_FACE('',(#8068),#8061,.F.);
#8070=CARTESIAN_POINT('',(-1.842918146533E1,-2.333980783741E1,
-1.100807014648E1));
#8071=DIRECTION('',(0.E0,1.E0,-1.732870212558E-7));
#8072=DIRECTION('',(0.E0,1.732870212558E-7,1.E0));
#8073=AXIS2_PLACEMENT_3D('',#8070,#8071,#8072);
#8074=CYLINDRICAL_SURFACE('',#8073,2.E-1);
#8075=ORIENTED_EDGE('',*,*,#7686,.T.);
#8076=ORIENTED_EDGE('',*,*,#7715,.T.);
#8077=ORIENTED_EDGE('',*,*,#6323,.T.);
#8078=ORIENTED_EDGE('',*,*,#8063,.F.);
#8079=EDGE_LOOP('',(#8075,#8076,#8077,#8078));
#8080=FACE_OUTER_BOUND('',#8079,.F.);
#8081=ADVANCED_FACE('',(#8080),#8074,.F.);
#8082=CARTESIAN_POINT('',(-3.264487772736E1,-2.333980783741E1,
-1.367186775566E1));
#8083=DIRECTION('',(0.E0,1.E0,-1.732870212558E-7));
#8084=DIRECTION('',(-1.E0,0.E0,0.E0));
#8085=AXIS2_PLACEMENT_3D('',#8082,#8083,#8084);
#8086=CYLINDRICAL_SURFACE('',#8085,2.E-1);
#8087=ORIENTED_EDGE('',*,*,#7912,.T.);
#8088=ORIENTED_EDGE('',*,*,#7941,.T.);
#8089=ORIENTED_EDGE('',*,*,#6343,.T.);
#8091=ORIENTED_EDGE('',*,*,#8090,.F.);
#8092=EDGE_LOOP('',(#8087,#8088,#8089,#8091));
#8093=FACE_OUTER_BOUND('',#8092,.F.);
#8094=ADVANCED_FACE('',(#8093),#8086,.F.);
#8095=CARTESIAN_POINT('',(-3.284487772736E1,-8.999959444374E0,
-1.347187024057E1));
#8096=DIRECTION('',(-1.E0,0.E0,0.E0));
#8097=DIRECTION('',(0.E0,-1.732870212380E-7,-1.E0));
#8098=AXIS2_PLACEMENT_3D('',#8095,#8096,#8097);
#8099=PLANE('',#8098);
#8100=ORIENTED_EDGE('',*,*,#7898,.T.);
#8101=ORIENTED_EDGE('',*,*,#8090,.T.);
#8102=ORIENTED_EDGE('',*,*,#6341,.T.);
#8104=ORIENTED_EDGE('',*,*,#8103,.F.);
#8105=EDGE_LOOP('',(#8100,#8101,#8102,#8104));
#8106=FACE_OUTER_BOUND('',#8105,.F.);
#8107=ADVANCED_FACE('',(#8106),#8099,.F.);
#8108=CARTESIAN_POINT('',(-3.264487772736E1,-2.333980783741E1,
-2.250913759179E1));
#8109=DIRECTION('',(0.E0,1.E0,-1.732870212558E-7));
#8110=DIRECTION('',(0.E0,-1.732870212558E-7,-1.E0));
#8111=AXIS2_PLACEMENT_3D('',#8108,#8109,#8110);
#8112=CYLINDRICAL_SURFACE('',#8111,2.E-1);
#8113=ORIENTED_EDGE('',*,*,#7884,.T.);
#8114=ORIENTED_EDGE('',*,*,#8103,.T.);
#8115=ORIENTED_EDGE('',*,*,#6339,.T.);
#8117=ORIENTED_EDGE('',*,*,#8116,.F.);
#8118=EDGE_LOOP('',(#8113,#8114,#8115,#8117));
#8119=FACE_OUTER_BOUND('',#8118,.F.);
#8120=ADVANCED_FACE('',(#8119),#8112,.F.);
#8121=CARTESIAN_POINT('',(-3.284487772736E1,-8.999961045073E0,
-2.270914007670E1));
#8122=DIRECTION('',(0.E0,-1.732870212380E-7,-1.E0));
#8123=DIRECTION('',(1.E0,0.E0,0.E0));
#8124=AXIS2_PLACEMENT_3D('',#8121,#8122,#8123);
#8125=PLANE('',#8124);
#8126=ORIENTED_EDGE('',*,*,#7870,.T.);
#8127=ORIENTED_EDGE('',*,*,#8116,.T.);
#8128=ORIENTED_EDGE('',*,*,#6337,.T.);
#8130=ORIENTED_EDGE('',*,*,#8129,.F.);
#8131=EDGE_LOOP('',(#8126,#8127,#8128,#8130));
#8132=FACE_OUTER_BOUND('',#8131,.F.);
#8133=ADVANCED_FACE('',(#8132),#8125,.F.);
#8134=CARTESIAN_POINT('',(-1.436757169062E1,-2.333980783741E1,
-2.250913759179E1));
#8135=DIRECTION('',(0.E0,1.E0,-1.732870212558E-7));
#8136=DIRECTION('',(1.E0,0.E0,0.E0));
#8137=AXIS2_PLACEMENT_3D('',#8134,#8135,#8136);
#8138=CYLINDRICAL_SURFACE('',#8137,2.E-1);
#8139=ORIENTED_EDGE('',*,*,#7856,.T.);
#8140=ORIENTED_EDGE('',*,*,#8129,.T.);
#8141=ORIENTED_EDGE('',*,*,#6335,.T.);
#8143=ORIENTED_EDGE('',*,*,#8142,.F.);
#8144=EDGE_LOOP('',(#8139,#8140,#8141,#8143));
#8145=FACE_OUTER_BOUND('',#8144,.F.);
#8146=ADVANCED_FACE('',(#8145),#8138,.F.);
#8147=CARTESIAN_POINT('',(-1.416757169062E1,-8.999961045073E0,
-2.270914007670E1));
#8148=DIRECTION('',(1.E0,0.E0,0.E0));
#8149=DIRECTION('',(0.E0,1.732870212380E-7,1.E0));
#8150=AXIS2_PLACEMENT_3D('',#8147,#8148,#8149);
#8151=PLANE('',#8150);
#8152=ORIENTED_EDGE('',*,*,#7842,.T.);
#8153=ORIENTED_EDGE('',*,*,#8142,.T.);
#8154=ORIENTED_EDGE('',*,*,#6333,.T.);
#8156=ORIENTED_EDGE('',*,*,#8155,.F.);
#8157=EDGE_LOOP('',(#8152,#8153,#8154,#8156));
#8158=FACE_OUTER_BOUND('',#8157,.F.);
#8159=ADVANCED_FACE('',(#8158),#8151,.F.);
#8160=CARTESIAN_POINT('',(-1.436757169062E1,-2.333980783741E1,
-1.367186775566E1));
#8161=DIRECTION('',(0.E0,1.E0,-1.732870212558E-7));
#8162=DIRECTION('',(0.E0,1.732870212558E-7,1.E0));
#8163=AXIS2_PLACEMENT_3D('',#8160,#8161,#8162);
#8164=CYLINDRICAL_SURFACE('',#8163,2.E-1);
#8165=ORIENTED_EDGE('',*,*,#7828,.T.);
#8166=ORIENTED_EDGE('',*,*,#8155,.T.);
#8167=ORIENTED_EDGE('',*,*,#6331,.T.);
#8169=ORIENTED_EDGE('',*,*,#8168,.F.);
#8170=EDGE_LOOP('',(#8165,#8166,#8167,#8169));
#8171=FACE_OUTER_BOUND('',#8170,.F.);
#8172=ADVANCED_FACE('',(#8171),#8164,.F.);
#8173=CARTESIAN_POINT('',(-1.416757169062E1,-8.999959444374E0,
-1.347187024057E1));
#8174=DIRECTION('',(0.E0,1.732870212380E-7,1.E0));
#8175=DIRECTION('',(-1.E0,0.E0,0.E0));
#8176=AXIS2_PLACEMENT_3D('',#8173,#8174,#8175);
#8177=PLANE('',#8176);
#8178=ORIENTED_EDGE('',*,*,#7814,.T.);
#8179=ORIENTED_EDGE('',*,*,#8168,.T.);
#8180=ORIENTED_EDGE('',*,*,#6329,.T.);
#8181=ORIENTED_EDGE('',*,*,#7727,.T.);
#8182=EDGE_LOOP('',(#8178,#8179,#8180,#8181));
#8183=FACE_OUTER_BOUND('',#8182,.F.);
#8184=ADVANCED_FACE('',(#8183),#8177,.F.);
#8185=CARTESIAN_POINT('',(-1.414913569062E1,-8.699957316431E0,
-1.191995193988E0));
#8186=DIRECTION('',(-1.E0,0.E0,0.E0));
#8187=DIRECTION('',(0.E0,-1.E0,1.732870217689E-7));
#8188=AXIS2_PLACEMENT_3D('',#8185,#8186,#8187);
#8189=CYLINDRICAL_SURFACE('',#8188,3.E-1);
#8191=ORIENTED_EDGE('',*,*,#8190,.F.);
#8193=ORIENTED_EDGE('',*,*,#8192,.F.);
#8194=ORIENTED_EDGE('',*,*,#7529,.T.);
#8196=ORIENTED_EDGE('',*,*,#8195,.T.);
#8197=EDGE_LOOP('',(#8191,#8193,#8194,#8196));
#8198=FACE_OUTER_BOUND('',#8197,.F.);
#8199=ADVANCED_FACE('',(#8198),#8189,.T.);
#8200=CARTESIAN_POINT('',(-1.822918146533E1,-8.999957264445E0,
-8.919951420022E-1));
#8201=DIRECTION('',(0.E0,-1.732870212380E-7,-1.E0));
#8202=DIRECTION('',(1.E0,0.E0,0.E0));
#8203=AXIS2_PLACEMENT_3D('',#8200,#8201,#8202);
#8204=PLANE('',#8203);
#8205=ORIENTED_EDGE('',*,*,#8190,.T.);
#8207=ORIENTED_EDGE('',*,*,#8206,.F.);
#8208=ORIENTED_EDGE('',*,*,#6311,.T.);
#8210=ORIENTED_EDGE('',*,*,#8209,.F.);
#8211=EDGE_LOOP('',(#8205,#8207,#8208,#8210));
#8212=FACE_OUTER_BOUND('',#8211,.F.);
#8213=ADVANCED_FACE('',(#8212),#8204,.F.);
#8214=CARTESIAN_POINT('',(-1.802918146533E1,1.633981540390E1,
-1.091999533056E0));
#8215=DIRECTION('',(0.E0,-1.E0,1.732870212336E-7));
#8216=DIRECTION('',(0.E0,1.732870212336E-7,1.E0));
#8217=AXIS2_PLACEMENT_3D('',#8214,#8215,#8216);
#8218=CYLINDRICAL_SURFACE('',#8217,2.E-1);
#8220=ORIENTED_EDGE('',*,*,#8219,.T.);
#8222=ORIENTED_EDGE('',*,*,#8221,.F.);
#8223=ORIENTED_EDGE('',*,*,#6281,.T.);
#8224=ORIENTED_EDGE('',*,*,#8206,.T.);
#8225=EDGE_LOOP('',(#8220,#8222,#8223,#8224));
#8226=FACE_OUTER_BOUND('',#8225,.F.);
#8227=ADVANCED_FACE('',(#8226),#8218,.T.);
#8228=CARTESIAN_POINT('',(-1.791628715722E1,-8.687635335389E0,
-9.270636520375E-1));
#8229=CARTESIAN_POINT('',(-1.791625706854E1,-8.692884452897E0,
-9.269500666129E-1));
#8230=CARTESIAN_POINT('',(-1.791621975335E1,-8.704531514634E0,
-9.268669392964E-1));
#8231=CARTESIAN_POINT('',(-1.791636462464E1,-8.722844699408E0,
-9.272541994829E-1));
#8232=CARTESIAN_POINT('',(-1.791651556691E1,-8.743726497800E0,
-9.286301097645E-1));
#8233=CARTESIAN_POINT('',(-1.791617387932E1,-8.766500104119E0,
-9.317194352303E-1));
#8234=CARTESIAN_POINT('',(-1.791480120540E1,-8.791179241106E0,
-9.373900868697E-1));
#8235=CARTESIAN_POINT('',(-1.791197556526E1,-8.817252236228E0,
-9.463870803655E-1));
#8236=CARTESIAN_POINT('',(-1.790746190339E1,-8.843888669368E0,
-9.591987632678E-1));
#8237=CARTESIAN_POINT('',(-1.790111521592E1,-8.870517139598E0,
-9.762725210434E-1));
#8238=CARTESIAN_POINT('',(-1.789266133868E1,-8.896967150826E0,
-9.984756014579E-1));
#8239=CARTESIAN_POINT('',(-1.788153896765E1,-8.923050175215E0,
-1.027464951557E0));
#8240=CARTESIAN_POINT('',(-1.786707155927E1,-8.947499541594E0,
-1.065253007806E0));
#8241=CARTESIAN_POINT('',(-1.785079169833E1,-8.965274649886E0,
-1.108214780973E0));
#8242=CARTESIAN_POINT('',(-1.783890668531E1,-8.972197247322E0,
-1.139746270703E0));
#8243=CARTESIAN_POINT('',(-1.783338227749E1,-8.974205895959E0,
-1.154260267204E0));
#8244=CARTESIAN_POINT('',(-1.815259864306E1,-8.655572623523E0,
-7.669186297357E-1));
#8245=CARTESIAN_POINT('',(-1.815320904467E1,-8.674248359866E0,
-7.650671127117E-1));
#8246=CARTESIAN_POINT('',(-1.815372698312E1,-8.716681172604E0,
-7.635258342303E-1));
#8247=CARTESIAN_POINT('',(-1.815141183936E1,-8.782409384768E0,
-7.704804294618E-1));
#8248=CARTESIAN_POINT('',(-1.814550638384E1,-8.849879342661E0,
-7.886161809897E-1));
#8249=CARTESIAN_POINT('',(-1.813675740110E1,-8.912393740609E0,
-8.164565746444E-1));
#8250=CARTESIAN_POINT('',(-1.812585659203E1,-8.968462687772E0,
-8.527055384249E-1));
#8251=CARTESIAN_POINT('',(-1.811344490993E1,-9.017093289378E0,
-8.959378801586E-1));
#8252=CARTESIAN_POINT('',(-1.810004087086E1,-9.057696601968E0,
-9.447262749070E-1));
#8253=CARTESIAN_POINT('',(-1.808583690011E1,-9.090441079393E0,
-9.984658633708E-1));
#8254=CARTESIAN_POINT('',(-1.807064172081E1,-9.115585036824E0,
-1.057889829507E0));
#8255=CARTESIAN_POINT('',(-1.805399905472E1,-9.132429956924E0,
-1.124850999124E0));
#8256=CARTESIAN_POINT('',(-1.803565933811E1,-9.138389424873E0,
-1.200537433447E0));
#8257=CARTESIAN_POINT('',(-1.801800780771E1,-9.130376756933E0,
-1.275001206856E0));
#8258=CARTESIAN_POINT('',(-1.800690931199E1,-9.116616368986E0,
-1.323058353151E0));
#8259=CARTESIAN_POINT('',(-1.800219399797E1,-9.108908513687E0,
-1.344034745061E0));
#8260=CARTESIAN_POINT('',(-1.835506515573E1,-8.655678530709E0,
-9.706956773120E-1));
#8261=CARTESIAN_POINT('',(-1.835622431540E1,-8.674220827601E0,
-9.682959610154E-1));
#8262=CARTESIAN_POINT('',(-1.835721798304E1,-8.716735997905E0,
-9.662825706580E-1));
#8263=CARTESIAN_POINT('',(-1.835279515218E1,-8.782216479871E0,
-9.753506440727E-1));
#8264=CARTESIAN_POINT('',(-1.834170070750E1,-8.846557015878E0,
-9.984926341319E-1));
#8265=CARTESIAN_POINT('',(-1.832574853814E1,-8.901444374927E0,
-1.032669630155E0));
#8266=CARTESIAN_POINT('',(-1.830668423127E1,-8.944802460565E0,
-1.074894315435E0));
#8267=CARTESIAN_POINT('',(-1.828605943808E1,-8.975966479935E0,
-1.122170694726E0));
#8268=CARTESIAN_POINT('',(-1.826503831828E1,-8.995269285704E0,
-1.171854046444E0));
#8269=CARTESIAN_POINT('',(-1.824410239906E1,-9.003732039447E0,
-1.222491793994E0));
#8270=CARTESIAN_POINT('',(-1.822313141959E1,-9.001946703871E0,
-1.273899419428E0));
#8271=CARTESIAN_POINT('',(-1.820175908543E1,-8.989208985682E0,
-1.326348508232E0));
#8272=CARTESIAN_POINT('',(-1.818010165982E1,-8.963695794884E0,
-1.378702177859E0));
#8273=CARTESIAN_POINT('',(-1.816127491302E1,-8.928101561702E0,
-1.422227604705E0));
#8274=CARTESIAN_POINT('',(-1.815085028812E1,-8.899548357440E0,
-1.445066756731E0));
#8275=CARTESIAN_POINT('',(-1.814682818799E1,-8.886133716870E0,
-1.453999544023E0));
#8276=CARTESIAN_POINT('',(-1.819338507876E1,-8.687780281142E0,
-1.205955186224E0));
#8277=CARTESIAN_POINT('',(-1.819410602648E1,-8.692846771933E0,
-1.205091329177E0));
#8278=CARTESIAN_POINT('',(-1.819471979953E1,-8.704606549151E0,
-1.204362064295E0));
#8279=CARTESIAN_POINT('',(-1.819198006682E1,-8.722580687621E0,
-1.207641854234E0));
#8280=CARTESIAN_POINT('',(-1.818502930080E1,-8.739179524406E0,
-1.215869358260E0));
#8281=CARTESIAN_POINT('',(-1.817482925188E1,-8.751514680441E0,
-1.227631028218E0));
#8282=CARTESIAN_POINT('',(-1.816228392405E1,-8.758797590947E0,
-1.241480118777E0));
#8283=CARTESIAN_POINT('',(-1.814821772870E1,-8.760965627317E0,
-1.256011827061E0));
#8284=CARTESIAN_POINT('',(-1.813327924540E1,-8.758449949871E0,
-1.270048358027E0));
#8285=CARTESIAN_POINT('',(-1.811771913837E1,-8.751846182952E0,
-1.282876901823E0));
#8286=CARTESIAN_POINT('',(-1.810136043677E1,-8.741440464201E0,
-1.294108729175E0));
#8287=CARTESIAN_POINT('',(-1.808376498940E1,-8.727036360742E0,
-1.303236684038E0));
#8288=CARTESIAN_POINT('',(-1.806475692758E1,-8.708411896249E0,
-1.309091258964E0));
#8289=CARTESIAN_POINT('',(-1.804686865240E1,-8.688438567527E0,
-1.309710466857E0));
#8290=CARTESIAN_POINT('',(-1.803590590649E1,-8.675115551994E0,
-1.306728329099E0));
#8291=CARTESIAN_POINT('',(-1.803133023889E1,-8.669313830827E0,
-1.304759314342E0));
#8292=(BOUNDED_SURFACE()B_SPLINE_SURFACE(3,3,((#8228,#8229,#8230,#8231,#8232,
#8233,#8234,#8235,#8236,#8237,#8238,#8239,#8240,#8241,#8242,#8243),(#8244,#8245,
#8246,#8247,#8248,#8249,#8250,#8251,#8252,#8253,#8254,#8255,#8256,#8257,#8258,
#8259),(#8260,#8261,#8262,#8263,#8264,#8265,#8266,#8267,#8268,#8269,#8270,#8271,
#8272,#8273,#8274,#8275),(#8276,#8277,#8278,#8279,#8280,#8281,#8282,#8283,#8284,
#8285,#8286,#8287,#8288,#8289,#8290,#8291)),.UNSPECIFIED.,.F.,.F.,.F.)B_SPLINE_SURFACE_WITH_KNOTS((4,4),(4,1,1,1,1,1,1,1,1,1,1,1,1,4),(0.E0,1.E0),(
1.951846883189E-1,2.433488309841E-1,3.034940732014E-1,3.640309843730E-1,
4.251960254364E-1,4.871408636791E-1,5.499409058826E-1,6.134773512461E-1,
6.776593007588E-1,7.451878787660E-1,8.196176952173E-1,9.041712460131E-1,1.E0,
1.077216440752E0),.UNSPECIFIED.)GEOMETRIC_REPRESENTATION_ITEM()RATIONAL_B_SPLINE_SURFACE(((1.688753362252E0,1.688753362252E0,1.688753362252E0,1.688753362252E0,
1.688753362252E0,1.688753362252E0,1.688753362252E0,1.688753362252E0,
1.688753362252E0,1.688753362252E0,1.688753362252E0,1.688753362252E0,
1.688753362252E0,1.688753362252E0,1.688753362252E0,1.688753362252E0),(
7.704155459161E-1,7.704155459161E-1,7.704155459161E-1,7.704155459161E-1,
7.704155459161E-1,7.704155459161E-1,7.704155459161E-1,7.704155459161E-1,
7.704155459161E-1,7.704155459161E-1,7.704155459161E-1,7.704155459161E-1,
7.704155459161E-1,7.704155459161E-1,7.704155459161E-1,7.704155459161E-1),(
7.704155459161E-1,7.704155459161E-1,7.704155459161E-1,7.704155459161E-1,
7.704155459161E-1,7.704155459161E-1,7.704155459161E-1,7.704155459161E-1,
7.704155459161E-1,7.704155459161E-1,7.704155459161E-1,7.704155459161E-1,
7.704155459161E-1,7.704155459161E-1,7.704155459161E-1,7.704155459161E-1),(
1.688753362252E0,1.688753362252E0,1.688753362252E0,1.688753362252E0,
1.688753362252E0,1.688753362252E0,1.688753362252E0,1.688753362252E0,
1.688753362252E0,1.688753362252E0,1.688753362252E0,1.688753362252E0,
1.688753362252E0,1.688753362252E0,1.688753362252E0,1.688753362252E0)))REPRESENTATION_ITEM('')SURFACE());
#8293=ORIENTED_EDGE('',*,*,#8219,.F.);
#8294=ORIENTED_EDGE('',*,*,#8195,.F.);
#8296=ORIENTED_EDGE('',*,*,#8295,.F.);
#8297=EDGE_LOOP('',(#8293,#8294,#8296));
#8298=FACE_OUTER_BOUND('',#8297,.F.);
#8299=ADVANCED_FACE('',(#8298),#8292,.T.);
#8300=CARTESIAN_POINT('',(-1.792918146533E1,-8.699939389981E0,
1.022574741821E2));
#8301=DIRECTION('',(0.E0,-1.732870212372E-7,-1.E0));
#8302=DIRECTION('',(0.E0,-1.E0,1.732870212372E-7));
#8303=AXIS2_PLACEMENT_3D('',#8300,#8301,#8302);
#8304=CYLINDRICAL_SURFACE('',#8303,3.E-1);
#8305=ORIENTED_EDGE('',*,*,#7555,.T.);
#8307=ORIENTED_EDGE('',*,*,#8306,.T.);
#8309=ORIENTED_EDGE('',*,*,#8308,.F.);
#8310=ORIENTED_EDGE('',*,*,#8295,.T.);
#8311=EDGE_LOOP('',(#8305,#8307,#8309,#8310));
#8312=FACE_OUTER_BOUND('',#8311,.F.);
#8313=ADVANCED_FACE('',(#8312),#8304,.T.);
#8314=CARTESIAN_POINT('',(-1.842918146533E1,-8.699957691389E0,
-3.355792803176E0));
#8315=DIRECTION('',(0.E0,1.E0,-1.732870212447E-7));
#8316=DIRECTION('',(8.231581715622E-1,9.839446946103E-8,5.678121384669E-1));
#8317=AXIS2_PLACEMENT_3D('',#8314,#8315,#8316);
#8318=TOROIDAL_SURFACE('',#8317,5.E-1,3.E-1);
#8319=ORIENTED_EDGE('',*,*,#7553,.T.);
#8321=ORIENTED_EDGE('',*,*,#8320,.T.);
#8323=ORIENTED_EDGE('',*,*,#8322,.F.);
#8324=ORIENTED_EDGE('',*,*,#8306,.F.);
#8325=EDGE_LOOP('',(#8319,#8321,#8323,#8324));
#8326=FACE_OUTER_BOUND('',#8325,.F.);
#8327=ADVANCED_FACE('',(#8326),#8318,.T.);
#8328=CARTESIAN_POINT('',(-1.821074546533E1,-8.699957778032E0,
-3.855792803176E0));
#8329=DIRECTION('',(-1.E0,0.E0,0.E0));
#8330=DIRECTION('',(0.E0,-1.E0,1.732870202886E-7));
#8331=AXIS2_PLACEMENT_3D('',#8328,#8329,#8330);
#8332=CYLINDRICAL_SURFACE('',#8331,3.E-1);
#8333=ORIENTED_EDGE('',*,*,#7551,.T.);
#8335=ORIENTED_EDGE('',*,*,#8334,.T.);
#8337=ORIENTED_EDGE('',*,*,#8336,.F.);
#8338=ORIENTED_EDGE('',*,*,#8320,.F.);
#8339=EDGE_LOOP('',(#8333,#8335,#8337,#8338));
#8340=FACE_OUTER_BOUND('',#8339,.F.);
#8341=ADVANCED_FACE('',(#8340),#8332,.T.);
#8342=CARTESIAN_POINT('',(-2.858917579402E1,-8.699957691389E0,
-3.355792803176E0));
#8343=DIRECTION('',(0.E0,1.E0,-1.732870212447E-7));
#8344=DIRECTION('',(5.678121384669E-1,-1.426426337048E-7,-8.231581715622E-1));
#8345=AXIS2_PLACEMENT_3D('',#8342,#8343,#8344);
#8346=TOROIDAL_SURFACE('',#8345,5.E-1,3.E-1);
#8347=ORIENTED_EDGE('',*,*,#7549,.T.);
#8349=ORIENTED_EDGE('',*,*,#8348,.T.);
#8351=ORIENTED_EDGE('',*,*,#8350,.F.);
#8352=ORIENTED_EDGE('',*,*,#8334,.F.);
#8353=EDGE_LOOP('',(#8347,#8349,#8351,#8352));
#8354=FACE_OUTER_BOUND('',#8353,.F.);
#8355=ADVANCED_FACE('',(#8354),#8346,.T.);
#8356=CARTESIAN_POINT('',(-2.908917579402E1,-8.699957729241E0,
-3.574228803176E0));
#8357=DIRECTION('',(0.E0,1.732870212440E-7,1.E0));
#8358=DIRECTION('',(1.184237892934E-14,-1.E0,1.732870212440E-7));
#8359=AXIS2_PLACEMENT_3D('',#8356,#8357,#8358);
#8360=CYLINDRICAL_SURFACE('',#8359,3.E-1);
#8362=ORIENTED_EDGE('',*,*,#8361,.F.);
#8363=ORIENTED_EDGE('',*,*,#8348,.F.);
#8364=ORIENTED_EDGE('',*,*,#7547,.T.);
#8366=ORIENTED_EDGE('',*,*,#8365,.T.);
#8367=EDGE_LOOP('',(#8362,#8363,#8364,#8366));
#8368=FACE_OUTER_BOUND('',#8367,.F.);
#8369=ADVANCED_FACE('',(#8368),#8360,.T.);
#8370=CARTESIAN_POINT('',(-2.878917579402E1,-8.999957264445E0,
-8.919951420022E-1));
#8371=DIRECTION('',(-1.E0,0.E0,0.E0));
#8372=DIRECTION('',(0.E0,-1.732870212380E-7,-1.E0));
#8373=AXIS2_PLACEMENT_3D('',#8370,#8371,#8372);
#8374=PLANE('',#8373);
#8375=ORIENTED_EDGE('',*,*,#8361,.T.);
#8377=ORIENTED_EDGE('',*,*,#8376,.F.);
#8378=ORIENTED_EDGE('',*,*,#6291,.T.);
#8380=ORIENTED_EDGE('',*,*,#8379,.F.);
#8381=EDGE_LOOP('',(#8375,#8377,#8378,#8380));
#8382=FACE_OUTER_BOUND('',#8381,.F.);
#8383=ADVANCED_FACE('',(#8382),#8374,.F.);
#8384=CARTESIAN_POINT('',(-2.898917579402E1,1.633981540390E1,
-1.091999533056E0));
#8385=DIRECTION('',(0.E0,-1.E0,1.732870212336E-7));
#8386=DIRECTION('',(1.E0,0.E0,0.E0));
#8387=AXIS2_PLACEMENT_3D('',#8384,#8385,#8386);
#8388=CYLINDRICAL_SURFACE('',#8387,2.E-1);
#8390=ORIENTED_EDGE('',*,*,#8389,.T.);
#8392=ORIENTED_EDGE('',*,*,#8391,.F.);
#8393=ORIENTED_EDGE('',*,*,#6293,.T.);
#8394=ORIENTED_EDGE('',*,*,#8376,.T.);
#8395=EDGE_LOOP('',(#8390,#8392,#8393,#8394));
#8396=FACE_OUTER_BOUND('',#8395,.F.);
#8397=ADVANCED_FACE('',(#8396),#8388,.T.);
#8398=CARTESIAN_POINT('',(-2.882424424993E1,-8.687635383532E0,
-1.204889504229E0));
#8399=CARTESIAN_POINT('',(-2.882413066542E1,-8.692884501066E0,-1.204919592E0));
#8400=CARTESIAN_POINT('',(-2.882404754012E1,-8.704531562823E0,
-1.204956905178E0));
#8401=CARTESIAN_POINT('',(-2.882443480348E1,-8.722844747505E0,
-1.204812030711E0));
#8402=CARTESIAN_POINT('',(-2.882581071738E1,-8.743726545632E0,
-1.204661084824E0));
#8403=CARTESIAN_POINT('',(-2.882890004679E1,-8.766500151475E0,
-1.205002768466E0));
#8404=CARTESIAN_POINT('',(-2.883457070271E1,-8.791179287717E0,
-1.206375438107E0));
#8405=CARTESIAN_POINT('',(-2.884356770072E1,-8.817252281770E0,
-1.209201073734E0));
#8406=CARTESIAN_POINT('',(-2.885637938824E1,-8.843888713473E0,
-1.213714730990E0));
#8407=CARTESIAN_POINT('',(-2.887345315063E1,-8.870517181843E0,
-1.220061413839E0));
#8408=CARTESIAN_POINT('',(-2.889565623563E1,-8.896967190688E0,
-1.228515286497E0));
#8409=CARTESIAN_POINT('',(-2.892464559025E1,-8.923050211981E0,
-1.239637653010E0));
#8410=CARTESIAN_POINT('',(-2.896243365073E1,-8.947499574320E0,
-1.254105057151E0));
#8411=CARTESIAN_POINT('',(-2.900539542698E1,-8.965274677988E0,
-1.270384915013E0));
#8412=CARTESIAN_POINT('',(-2.903692691791E1,-8.972197272019E0,
-1.282269926828E0));
#8413=CARTESIAN_POINT('',(-2.905144091476E1,-8.974205919099E0,
-1.287794334306E0));
#8414=CARTESIAN_POINT('',(-2.866409922207E1,-8.655572658468E0,
-9.685780239494E-1));
#8415=CARTESIAN_POINT('',(-2.866224770829E1,-8.674248395026E0,
-9.679676191072E-1));
#8416=CARTESIAN_POINT('',(-2.866070643716E1,-8.716681207942E0,
-9.674496733031E-1));
#8417=CARTESIAN_POINT('',(-2.866766104378E1,-8.782409419301E0,
-9.697648056742E-1));
#8418=CARTESIAN_POINT('',(-2.868579680700E1,-8.849879375075E0,
-9.756702494977E-1));
#8419=CARTESIAN_POINT('',(-2.871363721149E1,-8.912393769715E0,
-9.844192214106E-1));
#8420=CARTESIAN_POINT('',(-2.874988618498E1,-8.968462712485E0,
-9.953200207616E-1));
#8421=CARTESIAN_POINT('',(-2.879311853514E1,-9.017093308750E0,
-1.007731694438E0));
#8422=CARTESIAN_POINT('',(-2.884190693693E1,-9.057696615208E0,
-1.021135726463E0));
#8423=CARTESIAN_POINT('',(-2.889564653107E1,-9.090441085782E0,
-1.035339691540E0));
#8424=CARTESIAN_POINT('',(-2.895507050156E1,-9.115585035550E0,
-1.050534866484E0));
#8425=CARTESIAN_POINT('',(-2.902203167410E1,-9.132429946930E0,
-1.067177529657E0));
#8426=CARTESIAN_POINT('',(-2.909771810945E1,-9.138389404942E0,
-1.085517245230E0));
#8427=CARTESIAN_POINT('',(-2.917218188147E1,-9.130376727156E0,
-1.103168777028E0));
#8428=CARTESIAN_POINT('',(-2.922023902538E1,-9.116616332805E0,
-1.114267275129E0));
#8429=CARTESIAN_POINT('',(-2.924121541596E1,-9.108908474688E0,
-1.118982590479E0));
#8430=CARTESIAN_POINT('',(-2.886787626967E1,-8.655678495258E0,
-7.661115112622E-1));
#8431=CARTESIAN_POINT('',(-2.886547655659E1,-8.674220792364E0,
-7.649523483739E-1));
#8432=CARTESIAN_POINT('',(-2.886346317360E1,-8.716735962845E0,
-7.639586733744E-1));
#8433=CARTESIAN_POINT('',(-2.887253125836E1,-8.782216444006E0,
-7.683814928841E-1));
#8434=CARTESIAN_POINT('',(-2.889567325957E1,-8.846556977925E0,
-7.794759264112E-1));
#8435=CARTESIAN_POINT('',(-2.892985026510E1,-8.901444333815E0,
-7.954280862596E-1));
#8436=CARTESIAN_POINT('',(-2.897207495789E1,-8.944802415441E0,
-8.144923856184E-1));
#8437=CARTESIAN_POINT('',(-2.901935134259E1,-8.975966430192E0,
-8.351171734126E-1));
#8438=CARTESIAN_POINT('',(-2.906903469765E1,-8.995269230995E0,
-8.561382898640E-1));
#8439=CARTESIAN_POINT('',(-2.911967244666E1,-9.003731979590E0,
-8.770742076210E-1));
#8440=CARTESIAN_POINT('',(-2.917108007179E1,-9.001946638741E0,
-8.980451873974E-1));
#8441=CARTESIAN_POINT('',(-2.922352915839E1,-8.989208915166E0,
-9.194175237677E-1));
#8442=CARTESIAN_POINT('',(-2.927588282359E1,-8.963695719048E0,
-9.410749537934E-1));
#8443=CARTESIAN_POINT('',(-2.931940824427E1,-8.928101481587E0,
-9.599017067692E-1));
#8444=CARTESIAN_POINT('',(-2.934224739135E1,-8.899548275174E0,
-9.703263366148E-1));
#8445=CARTESIAN_POINT('',(-2.935118017632E1,-8.886133633753E0,
-9.743484390726E-1));
#8446=CARTESIAN_POINT('',(-2.910313578414E1,-8.687780232940E0,
-9.277915826708E-1));
#8447=CARTESIAN_POINT('',(-2.910227192797E1,-8.692846723755E0,
-9.270706340754E-1));
#8448=CARTESIAN_POINT('',(-2.910154266513E1,-8.704606500993E0,
-9.264568589845E-1));
#8449=CARTESIAN_POINT('',(-2.910482245818E1,-8.722580639370E0,
-9.291965885816E-1));
#8450=CARTESIAN_POINT('',(-2.911304996509E1,-8.739179475934E0,
-9.361473517262E-1));
#8451=CARTESIAN_POINT('',(-2.912481163718E1,-8.751514631699E0,
-9.463473985072E-1));
#8452=CARTESIAN_POINT('',(-2.913866072900E1,-8.758797541979E0,
-9.588927250719E-1));
#8453=CARTESIAN_POINT('',(-2.915319243766E1,-8.760965578268E0,
-9.729589200468E-1));
#8454=CARTESIAN_POINT('',(-2.916722896819E1,-8.758449900978E0,
-9.878974037816E-1));
#8455=CARTESIAN_POINT('',(-2.918005751084E1,-8.751846134532E0,
-1.003457511957E0));
#8456=CARTESIAN_POINT('',(-2.919128933639E1,-8.741440416670E0,
-1.019816215360E0));
#8457=CARTESIAN_POINT('',(-2.920041728876E1,-8.727036314678E0,
-1.037411665226E0));
#8458=CARTESIAN_POINT('',(-2.920627186046E1,-8.708411852465E0,
-1.056419730273E0));
#8459=CARTESIAN_POINT('',(-2.920689106489E1,-8.688438526735E0,
-1.074308008914E0));
#8460=CARTESIAN_POINT('',(-2.920390892482E1,-8.675115513618E0,
-1.085270757138E0));
#8461=CARTESIAN_POINT('',(-2.920193990906E1,-8.669313793585E0,
-1.089846425740E0));
#8462=(BOUNDED_SURFACE()B_SPLINE_SURFACE(3,3,((#8398,#8399,#8400,#8401,#8402,
#8403,#8404,#8405,#8406,#8407,#8408,#8409,#8410,#8411,#8412,#8413),(#8414,#8415,
#8416,#8417,#8418,#8419,#8420,#8421,#8422,#8423,#8424,#8425,#8426,#8427,#8428,
#8429),(#8430,#8431,#8432,#8433,#8434,#8435,#8436,#8437,#8438,#8439,#8440,#8441,
#8442,#8443,#8444,#8445),(#8446,#8447,#8448,#8449,#8450,#8451,#8452,#8453,#8454,
#8455,#8456,#8457,#8458,#8459,#8460,#8461)),.UNSPECIFIED.,.F.,.F.,.F.)B_SPLINE_SURFACE_WITH_KNOTS((4,4),(4,1,1,1,1,1,1,1,1,1,1,1,1,4),(0.E0,1.E0),(
1.951846883192E-1,2.433488309838E-1,3.034940732011E-1,3.640309843726E-1,
4.251960254360E-1,4.871408636787E-1,5.499409058823E-1,6.134773512458E-1,
6.776593007586E-1,7.451878787658E-1,8.196176952171E-1,9.041712460131E-1,1.E0,
1.077216440752E0),.UNSPECIFIED.)GEOMETRIC_REPRESENTATION_ITEM()RATIONAL_B_SPLINE_SURFACE(((1.688753362252E0,1.688753362252E0,1.688753362252E0,1.688753362252E0,
1.688753362252E0,1.688753362252E0,1.688753362252E0,1.688753362252E0,
1.688753362252E0,1.688753362252E0,1.688753362252E0,1.688753362252E0,
1.688753362252E0,1.688753362252E0,1.688753362252E0,1.688753362252E0),(
7.704155459161E-1,7.704155459161E-1,7.704155459161E-1,7.704155459161E-1,
7.704155459161E-1,7.704155459161E-1,7.704155459161E-1,7.704155459161E-1,
7.704155459161E-1,7.704155459161E-1,7.704155459161E-1,7.704155459161E-1,
7.704155459161E-1,7.704155459161E-1,7.704155459161E-1,7.704155459161E-1),(
7.704155459161E-1,7.704155459161E-1,7.704155459161E-1,7.704155459161E-1,
7.704155459161E-1,7.704155459161E-1,7.704155459161E-1,7.704155459161E-1,
7.704155459161E-1,7.704155459161E-1,7.704155459161E-1,7.704155459161E-1,
7.704155459161E-1,7.704155459161E-1,7.704155459161E-1,7.704155459161E-1),(
1.688753362252E0,1.688753362252E0,1.688753362252E0,1.688753362252E0,
1.688753362252E0,1.688753362252E0,1.688753362252E0,1.688753362252E0,
1.688753362252E0,1.688753362252E0,1.688753362252E0,1.688753362252E0,
1.688753362252E0,1.688753362252E0,1.688753362252E0,1.688753362252E0)))REPRESENTATION_ITEM('')SURFACE());
#8463=ORIENTED_EDGE('',*,*,#8389,.F.);
#8464=ORIENTED_EDGE('',*,*,#8365,.F.);
#8466=ORIENTED_EDGE('',*,*,#8465,.F.);
#8467=EDGE_LOOP('',(#8463,#8464,#8466));
#8468=FACE_OUTER_BOUND('',#8467,.F.);
#8469=ADVANCED_FACE('',(#8468),#8462,.T.);
#8470=CARTESIAN_POINT('',(1.682222260931E2,-8.699957316431E0,
-1.191995193988E0));
#8471=DIRECTION('',(-1.E0,0.E0,0.E0));
#8472=DIRECTION('',(0.E0,-1.E0,1.732870217689E-7));
#8473=AXIS2_PLACEMENT_3D('',#8470,#8471,#8472);
#8474=CYLINDRICAL_SURFACE('',#8473,3.E-1);
#8475=ORIENTED_EDGE('',*,*,#7545,.T.);
#8477=ORIENTED_EDGE('',*,*,#8476,.T.);
#8479=ORIENTED_EDGE('',*,*,#8478,.F.);
#8480=ORIENTED_EDGE('',*,*,#8465,.T.);
#8481=EDGE_LOOP('',(#8475,#8477,#8479,#8480));
#8482=FACE_OUTER_BOUND('',#8481,.F.);
#8483=ADVANCED_FACE('',(#8482),#8474,.T.);
#8484=CARTESIAN_POINT('',(-3.264487772736E1,-8.699957229787E0,
-6.919951939884E-1));
#8485=DIRECTION('',(0.E0,1.E0,-1.732870212364E-7));
#8486=DIRECTION('',(5.678121384669E-1,-1.426426337048E-7,-8.231581715622E-1));
#8487=AXIS2_PLACEMENT_3D('',#8484,#8485,#8486);
#8488=TOROIDAL_SURFACE('',#8487,5.E-1,3.E-1);
#8489=ORIENTED_EDGE('',*,*,#7543,.T.);
#8491=ORIENTED_EDGE('',*,*,#8490,.T.);
#8493=ORIENTED_EDGE('',*,*,#8492,.F.);
#8494=ORIENTED_EDGE('',*,*,#8476,.F.);
#8495=EDGE_LOOP('',(#8489,#8491,#8493,#8494));
#8496=FACE_OUTER_BOUND('',#8495,.F.);
#8497=ADVANCED_FACE('',(#8496),#8488,.T.);
#8498=CARTESIAN_POINT('',(-3.314487772736E1,-8.699957267640E0,
-9.104311939884E-1));
#8499=DIRECTION('',(0.E0,1.732870210786E-7,1.E0));
#8500=DIRECTION('',(0.E0,-1.E0,1.732870210786E-7));
#8501=AXIS2_PLACEMENT_3D('',#8498,#8499,#8500);
#8502=CYLINDRICAL_SURFACE('',#8501,3.E-1);
#8503=ORIENTED_EDGE('',*,*,#7541,.T.);
#8505=ORIENTED_EDGE('',*,*,#8504,.T.);
#8507=ORIENTED_EDGE('',*,*,#8506,.F.);
#8508=ORIENTED_EDGE('',*,*,#8490,.F.);
#8509=EDGE_LOOP('',(#8503,#8505,#8507,#8508));
#8510=FACE_OUTER_BOUND('',#8509,.F.);
#8511=ADVANCED_FACE('',(#8510),#8502,.T.);
#8512=CARTESIAN_POINT('',(-3.264487772736E1,-8.699955698403E0,
8.145274642142E0));
#8513=DIRECTION('',(0.E0,1.E0,-1.732870212115E-7));
#8514=DIRECTION('',(-8.231581715622E-1,-9.839448011917E-8,-5.678121384669E-1));
#8515=AXIS2_PLACEMENT_3D('',#8512,#8513,#8514);
#8516=TOROIDAL_SURFACE('',#8515,5.E-1,3.E-1);
#8517=ORIENTED_EDGE('',*,*,#7539,.T.);
#8519=ORIENTED_EDGE('',*,*,#8518,.T.);
#8521=ORIENTED_EDGE('',*,*,#8520,.F.);
#8522=ORIENTED_EDGE('',*,*,#8504,.F.);
#8523=EDGE_LOOP('',(#8517,#8519,#8521,#8522));
#8524=FACE_OUTER_BOUND('',#8523,.F.);
#8525=ADVANCED_FACE('',(#8524),#8516,.T.);
#8526=CARTESIAN_POINT('',(-3.286331372736E1,-8.699955611760E0,
8.645274642142E0));
#8527=DIRECTION('',(1.E0,0.E0,0.E0));
#8528=DIRECTION('',(0.E0,-1.E0,1.732870202886E-7));
#8529=AXIS2_PLACEMENT_3D('',#8526,#8527,#8528);
#8530=CYLINDRICAL_SURFACE('',#8529,3.E-1);
#8531=ORIENTED_EDGE('',*,*,#7537,.T.);
#8533=ORIENTED_EDGE('',*,*,#8532,.T.);
#8535=ORIENTED_EDGE('',*,*,#8534,.F.);
#8536=ORIENTED_EDGE('',*,*,#8518,.F.);
#8537=EDGE_LOOP('',(#8531,#8533,#8535,#8536));
#8538=FACE_OUTER_BOUND('',#8537,.F.);
#8539=ADVANCED_FACE('',(#8538),#8530,.T.);
#8540=CARTESIAN_POINT('',(-1.436757169062E1,-8.699955698403E0,
8.145274642142E0));
#8541=DIRECTION('',(0.E0,1.E0,-1.732870212115E-7));
#8542=DIRECTION('',(-5.678121384669E-1,1.426426230466E-7,8.231581715622E-1));
#8543=AXIS2_PLACEMENT_3D('',#8540,#8541,#8542);
#8544=TOROIDAL_SURFACE('',#8543,5.E-1,3.E-1);
#8545=ORIENTED_EDGE('',*,*,#7535,.T.);
#8547=ORIENTED_EDGE('',*,*,#8546,.T.);
#8549=ORIENTED_EDGE('',*,*,#8548,.F.);
#8550=ORIENTED_EDGE('',*,*,#8532,.F.);
#8551=EDGE_LOOP('',(#8545,#8547,#8549,#8550));
#8552=FACE_OUTER_BOUND('',#8551,.F.);
#8553=ADVANCED_FACE('',(#8552),#8544,.T.);
#8554=CARTESIAN_POINT('',(-1.386757169062E1,-8.699955660551E0,
8.363710642142E0));
#8555=DIRECTION('',(0.E0,-1.732870212715E-7,-1.E0));
#8556=DIRECTION('',(0.E0,-1.E0,1.732870212715E-7));
#8557=AXIS2_PLACEMENT_3D('',#8554,#8555,#8556);
#8558=CYLINDRICAL_SURFACE('',#8557,3.E-1);
#8559=ORIENTED_EDGE('',*,*,#7533,.T.);
#8561=ORIENTED_EDGE('',*,*,#8560,.T.);
#8563=ORIENTED_EDGE('',*,*,#8562,.F.);
#8564=ORIENTED_EDGE('',*,*,#8546,.F.);
#8565=EDGE_LOOP('',(#8559,#8561,#8563,#8564));
#8566=FACE_OUTER_BOUND('',#8565,.F.);
#8567=ADVANCED_FACE('',(#8566),#8558,.T.);
#8568=CARTESIAN_POINT('',(-1.436757169062E1,-8.699957229787E0,
-6.919951939884E-1));
#8569=DIRECTION('',(0.E0,1.E0,-1.732870212364E-7));
#8570=DIRECTION('',(8.231581715622E-1,9.839446946103E-8,5.678121384669E-1));
#8571=AXIS2_PLACEMENT_3D('',#8568,#8569,#8570);
#8572=TOROIDAL_SURFACE('',#8571,5.E-1,3.E-1);
#8573=ORIENTED_EDGE('',*,*,#7531,.T.);
#8574=ORIENTED_EDGE('',*,*,#8192,.T.);
#8576=ORIENTED_EDGE('',*,*,#8575,.F.);
#8577=ORIENTED_EDGE('',*,*,#8560,.F.);
#8578=EDGE_LOOP('',(#8573,#8574,#8576,#8577));
#8579=FACE_OUTER_BOUND('',#8578,.F.);
#8580=ADVANCED_FACE('',(#8579),#8572,.T.);
#8581=CARTESIAN_POINT('',(-1.436757169062E1,-2.333980783741E1,
-6.919926570923E-1));
#8582=DIRECTION('',(0.E0,1.E0,-1.732870212364E-7));
#8583=DIRECTION('',(1.E0,0.E0,0.E0));
#8584=AXIS2_PLACEMENT_3D('',#8581,#8582,#8583);
#8585=CYLINDRICAL_SURFACE('',#8584,2.E-1);
#8586=ORIENTED_EDGE('',*,*,#8575,.T.);
#8587=ORIENTED_EDGE('',*,*,#8209,.T.);
#8588=ORIENTED_EDGE('',*,*,#6309,.T.);
#8590=ORIENTED_EDGE('',*,*,#8589,.F.);
#8591=EDGE_LOOP('',(#8586,#8587,#8588,#8590));
#8592=FACE_OUTER_BOUND('',#8591,.F.);
#8593=ADVANCED_FACE('',(#8592),#8585,.F.);
#8594=CARTESIAN_POINT('',(-1.416757169062E1,-8.999957264445E0,
-8.919951420022E-1));
#8595=DIRECTION('',(1.E0,0.E0,0.E0));
#8596=DIRECTION('',(0.E0,1.732870212380E-7,1.E0));
#8597=AXIS2_PLACEMENT_3D('',#8594,#8595,#8596);
#8598=PLANE('',#8597);
#8599=ORIENTED_EDGE('',*,*,#8562,.T.);
#8600=ORIENTED_EDGE('',*,*,#8589,.T.);
#8601=ORIENTED_EDGE('',*,*,#6307,.T.);
#8603=ORIENTED_EDGE('',*,*,#8602,.F.);
#8604=EDGE_LOOP('',(#8599,#8600,#8601,#8603));
#8605=FACE_OUTER_BOUND('',#8604,.F.);
#8606=ADVANCED_FACE('',(#8605),#8598,.F.);
#8607=CARTESIAN_POINT('',(-1.436757169062E1,-2.333980783741E1,
8.145277179038E0));
#8608=DIRECTION('',(0.E0,1.E0,-1.732870212115E-7));
#8609=DIRECTION('',(0.E0,1.732870212115E-7,1.E0));
#8610=AXIS2_PLACEMENT_3D('',#8607,#8608,#8609);
#8611=CYLINDRICAL_SURFACE('',#8610,2.E-1);
#8612=ORIENTED_EDGE('',*,*,#8548,.T.);
#8613=ORIENTED_EDGE('',*,*,#8602,.T.);
#8614=ORIENTED_EDGE('',*,*,#6305,.T.);
#8616=ORIENTED_EDGE('',*,*,#8615,.F.);
#8617=EDGE_LOOP('',(#8612,#8613,#8614,#8616));
#8618=FACE_OUTER_BOUND('',#8617,.F.);
#8619=ADVANCED_FACE('',(#8618),#8611,.F.);
#8620=CARTESIAN_POINT('',(-1.416757169062E1,-8.999955663746E0,
8.345274694128E0));
#8621=DIRECTION('',(0.E0,1.732870212380E-7,1.E0));
#8622=DIRECTION('',(-1.E0,0.E0,0.E0));
#8623=AXIS2_PLACEMENT_3D('',#8620,#8621,#8622);
#8624=PLANE('',#8623);
#8625=ORIENTED_EDGE('',*,*,#8534,.T.);
#8626=ORIENTED_EDGE('',*,*,#8615,.T.);
#8627=ORIENTED_EDGE('',*,*,#6303,.T.);
#8629=ORIENTED_EDGE('',*,*,#8628,.F.);
#8630=EDGE_LOOP('',(#8625,#8626,#8627,#8629));
#8631=FACE_OUTER_BOUND('',#8630,.F.);
#8632=ADVANCED_FACE('',(#8631),#8624,.F.);
#8633=CARTESIAN_POINT('',(-3.264487772736E1,-2.333980783741E1,
8.145277179038E0));
#8634=DIRECTION('',(0.E0,1.E0,-1.732870212115E-7));
#8635=DIRECTION('',(-1.E0,0.E0,0.E0));
#8636=AXIS2_PLACEMENT_3D('',#8633,#8634,#8635);
#8637=CYLINDRICAL_SURFACE('',#8636,2.E-1);
#8638=ORIENTED_EDGE('',*,*,#8520,.T.);
#8639=ORIENTED_EDGE('',*,*,#8628,.T.);
#8640=ORIENTED_EDGE('',*,*,#6301,.T.);
#8642=ORIENTED_EDGE('',*,*,#8641,.F.);
#8643=EDGE_LOOP('',(#8638,#8639,#8640,#8642));
#8644=FACE_OUTER_BOUND('',#8643,.F.);
#8645=ADVANCED_FACE('',(#8644),#8637,.F.);
#8646=CARTESIAN_POINT('',(-3.284487772736E1,-8.999955663746E0,
8.345274694128E0));
#8647=DIRECTION('',(-1.E0,0.E0,0.E0));
#8648=DIRECTION('',(0.E0,-1.732870212380E-7,-1.E0));
#8649=AXIS2_PLACEMENT_3D('',#8646,#8647,#8648);
#8650=PLANE('',#8649);
#8651=ORIENTED_EDGE('',*,*,#8506,.T.);
#8652=ORIENTED_EDGE('',*,*,#8641,.T.);
#8653=ORIENTED_EDGE('',*,*,#6299,.T.);
#8655=ORIENTED_EDGE('',*,*,#8654,.F.);
#8656=EDGE_LOOP('',(#8651,#8652,#8653,#8655));
#8657=FACE_OUTER_BOUND('',#8656,.F.);
#8658=ADVANCED_FACE('',(#8657),#8650,.F.);
#8659=CARTESIAN_POINT('',(-3.264487772736E1,-2.333980783741E1,
-6.919926570923E-1));
#8660=DIRECTION('',(0.E0,1.E0,-1.732870212364E-7));
#8661=DIRECTION('',(0.E0,-1.732870212364E-7,-1.E0));
#8662=AXIS2_PLACEMENT_3D('',#8659,#8660,#8661);
#8663=CYLINDRICAL_SURFACE('',#8662,2.E-1);
#8664=ORIENTED_EDGE('',*,*,#8492,.T.);
#8665=ORIENTED_EDGE('',*,*,#8654,.T.);
#8666=ORIENTED_EDGE('',*,*,#6297,.T.);
#8668=ORIENTED_EDGE('',*,*,#8667,.F.);
#8669=EDGE_LOOP('',(#8664,#8665,#8666,#8668));
#8670=FACE_OUTER_BOUND('',#8669,.F.);
#8671=ADVANCED_FACE('',(#8670),#8663,.F.);
#8672=CARTESIAN_POINT('',(-3.284487772736E1,-8.999957264445E0,
-8.919951420022E-1));
#8673=DIRECTION('',(0.E0,-1.732870212380E-7,-1.E0));
#8674=DIRECTION('',(1.E0,0.E0,0.E0));
#8675=AXIS2_PLACEMENT_3D('',#8672,#8673,#8674);
#8676=PLANE('',#8675);
#8677=ORIENTED_EDGE('',*,*,#8478,.T.);
#8678=ORIENTED_EDGE('',*,*,#8667,.T.);
#8679=ORIENTED_EDGE('',*,*,#6295,.T.);
#8680=ORIENTED_EDGE('',*,*,#8391,.T.);
#8681=EDGE_LOOP('',(#8677,#8678,#8679,#8680));
#8682=FACE_OUTER_BOUND('',#8681,.F.);
#8683=ADVANCED_FACE('',(#8682),#8676,.F.);
#8684=CARTESIAN_POINT('',(-2.858917579402E1,-2.333980783741E1,
-3.355790266280E0));
#8685=DIRECTION('',(0.E0,1.E0,-1.732870212447E-7));
#8686=DIRECTION('',(0.E0,-1.732870212447E-7,-1.E0));
#8687=AXIS2_PLACEMENT_3D('',#8684,#8685,#8686);
#8688=CYLINDRICAL_SURFACE('',#8687,2.E-1);
#8689=ORIENTED_EDGE('',*,*,#8350,.T.);
#8690=ORIENTED_EDGE('',*,*,#8379,.T.);
#8691=ORIENTED_EDGE('',*,*,#6289,.T.);
#8693=ORIENTED_EDGE('',*,*,#8692,.F.);
#8694=EDGE_LOOP('',(#8689,#8690,#8691,#8693));
#8695=FACE_OUTER_BOUND('',#8694,.F.);
#8696=ADVANCED_FACE('',(#8695),#8688,.F.);
#8697=CARTESIAN_POINT('',(-2.878917579402E1,-8.999957726046E0,
-3.555792751190E0));
#8698=DIRECTION('',(0.E0,-1.732870212380E-7,-1.E0));
#8699=DIRECTION('',(1.E0,0.E0,0.E0));
#8700=AXIS2_PLACEMENT_3D('',#8697,#8698,#8699);
#8701=PLANE('',#8700);
#8702=ORIENTED_EDGE('',*,*,#8336,.T.);
#8703=ORIENTED_EDGE('',*,*,#8692,.T.);
#8704=ORIENTED_EDGE('',*,*,#6287,.T.);
#8706=ORIENTED_EDGE('',*,*,#8705,.F.);
#8707=EDGE_LOOP('',(#8702,#8703,#8704,#8706));
#8708=FACE_OUTER_BOUND('',#8707,.F.);
#8709=ADVANCED_FACE('',(#8708),#8701,.F.);
#8710=CARTESIAN_POINT('',(-1.842918146533E1,-2.333980783741E1,
-3.355790266280E0));
#8711=DIRECTION('',(0.E0,1.E0,-1.732870212447E-7));
#8712=DIRECTION('',(1.E0,0.E0,0.E0));
#8713=AXIS2_PLACEMENT_3D('',#8710,#8711,#8712);
#8714=CYLINDRICAL_SURFACE('',#8713,2.E-1);
#8715=ORIENTED_EDGE('',*,*,#8322,.T.);
#8716=ORIENTED_EDGE('',*,*,#8705,.T.);
#8717=ORIENTED_EDGE('',*,*,#6285,.T.);
#8719=ORIENTED_EDGE('',*,*,#8718,.F.);
#8720=EDGE_LOOP('',(#8715,#8716,#8717,#8719));
#8721=FACE_OUTER_BOUND('',#8720,.F.);
#8722=ADVANCED_FACE('',(#8721),#8714,.F.);
#8723=CARTESIAN_POINT('',(-1.822918146533E1,-8.999957726046E0,
-3.555792751190E0));
#8724=DIRECTION('',(1.E0,0.E0,0.E0));
#8725=DIRECTION('',(0.E0,1.732870212380E-7,1.E0));
#8726=AXIS2_PLACEMENT_3D('',#8723,#8724,#8725);
#8727=PLANE('',#8726);
#8728=ORIENTED_EDGE('',*,*,#8308,.T.);
#8729=ORIENTED_EDGE('',*,*,#8718,.T.);
#8730=ORIENTED_EDGE('',*,*,#6283,.T.);
#8731=ORIENTED_EDGE('',*,*,#8221,.T.);
#8732=EDGE_LOOP('',(#8728,#8729,#8730,#8731));
#8733=FACE_OUTER_BOUND('',#8732,.F.);
#8734=ADVANCED_FACE('',(#8733),#8727,.F.);
#8735=CARTESIAN_POINT('',(-3.323479635316E1,-8.966967535897E0,
-1.031242113419E1));
#8736=CARTESIAN_POINT('',(-3.324613408725E1,-8.966935366506E0,
-1.031282135598E1));
#8737=CARTESIAN_POINT('',(-3.329042425506E1,-8.966875651438E0,
-1.031322192273E1));
#8738=CARTESIAN_POINT('',(-3.336801173937E1,-8.966923435998E0,
-1.030575958743E1));
#8739=CARTESIAN_POINT('',(-3.346645396073E1,-8.966906862094E0,
-1.027924605341E1));
#8740=CARTESIAN_POINT('',(-3.356006111188E1,-8.966911782425E0,
-1.023468477105E1));
#8741=CARTESIAN_POINT('',(-3.364179514709E1,-8.966908847571E0,
-1.017580532114E1));
#8742=CARTESIAN_POINT('',(-3.371202205654E1,-8.966915435602E0,
-1.010627000143E1));
#8743=CARTESIAN_POINT('',(-3.377221796980E1,-8.966891778491E0,
-1.002303120725E1));
#8744=CARTESIAN_POINT('',(-3.381623597475E1,-8.966979813927E0,
-9.929034178128E0));
#8745=CARTESIAN_POINT('',(-3.384186492976E1,-8.966654443957E0,
-9.832694290751E0));
#8746=CARTESIAN_POINT('',(-3.384977438582E1,-8.967458617721E0,
-9.768966974187E0));
#8747=CARTESIAN_POINT('',(-3.385028524857E1,-8.966908462E0,-9.733898327704E0));
#8748=CARTESIAN_POINT('',(-3.385028715455E1,-8.966906344478E0,
-9.733763559872E0));
#8749=CARTESIAN_POINT('',(-3.324377874953E1,-9.121590566738E0,
-1.006906544851E1));
#8750=CARTESIAN_POINT('',(-3.325073948065E1,-9.121530623881E0,
-1.006934078937E1));
#8751=CARTESIAN_POINT('',(-3.327784010099E1,-9.121419357784E0,
-1.006965433764E1));
#8752=CARTESIAN_POINT('',(-3.332458232983E1,-9.121508449257E0,
-1.006504143246E1));
#8753=CARTESIAN_POINT('',(-3.338189705612E1,-9.121477546976E0,
-1.004952631210E1));
#8754=CARTESIAN_POINT('',(-3.343509964019E1,-9.121486591170E0,
-1.002424291817E1));
#8755=CARTESIAN_POINT('',(-3.348361476556E1,-9.121481220952E0,
-9.989425586374E0));
#8756=CARTESIAN_POINT('',(-3.352666829248E1,-9.121493949567E0,
-9.946763979872E0));
#8757=CARTESIAN_POINT('',(-3.356128962687E1,-9.121447921507E0,
-9.898571063067E0));
#8758=CARTESIAN_POINT('',(-3.358602366763E1,-9.121619436974E0,
-9.846172970155E0));
#8759=CARTESIAN_POINT('',(-3.360214390784E1,-9.120985464629E0,
-9.785948622941E0));
#8760=CARTESIAN_POINT('',(-3.360629959885E1,-9.122548524673E0,
-9.749567420746E0));
#8761=CARTESIAN_POINT('',(-3.360689173891E1,-9.121471978792E0,
-9.728772196661E0));
#8762=CARTESIAN_POINT('',(-3.360689398073E1,-9.121467834374E0,
-9.728692271110E0));
#8763=CARTESIAN_POINT('',(-3.325120443523E1,-8.917613993148E0,
-9.865226916283E0));
#8764=CARTESIAN_POINT('',(-3.325450086664E1,-8.917590681828E0,
-9.865399493927E0));
#8765=CARTESIAN_POINT('',(-3.326721681089E1,-8.917547412444E0,
-9.865646439709E0));
#8766=CARTESIAN_POINT('',(-3.328819754138E1,-8.917582074188E0,
-9.863433315228E0));
#8767=CARTESIAN_POINT('',(-3.331124593118E1,-8.917570049083E0,
-9.857034410782E0));
#8768=CARTESIAN_POINT('',(-3.333018147217E1,-8.917573527217E0,
-9.848111495713E0));
#8769=CARTESIAN_POINT('',(-3.335116946286E1,-8.917571463570E0,
-9.833314633709E0));
#8770=CARTESIAN_POINT('',(-3.337148892259E1,-8.917576541096E0,
-9.813014261135E0));
#8771=CARTESIAN_POINT('',(-3.338452179215E1,-8.917558066109E0,
-9.794626614061E0));
#8772=CARTESIAN_POINT('',(-3.339332727425E1,-8.917626948685E0,
-9.775997278909E0));
#8773=CARTESIAN_POINT('',(-3.340111621116E1,-8.917372290347E0,
-9.749043432271E0));
#8774=CARTESIAN_POINT('',(-3.340248821426E1,-8.917999053488E0,
-9.730417670754E0));
#8775=CARTESIAN_POINT('',(-3.340306148120E1,-8.917565344945E0,
-9.723166432956E0));
#8776=CARTESIAN_POINT('',(-3.340306367748E1,-8.917563675045E0,
-9.723138606979E0));
#8777=CARTESIAN_POINT('',(-3.324545858709E1,-8.674086038849E0,
-1.001973784501E1));
#8778=CARTESIAN_POINT('',(-3.325153490530E1,-8.674106467161E0,
-1.001999051335E1));
#8779=CARTESIAN_POINT('',(-3.327517071367E1,-8.674144385752E0,
-1.002029544836E1));
#8780=CARTESIAN_POINT('',(-3.331576833159E1,-8.674114016923E0,
-1.001627885858E1));
#8781=CARTESIAN_POINT('',(-3.336500894243E1,-8.674124547973E0,
-1.000285492067E1));
#8782=CARTESIAN_POINT('',(-3.340941346849E1,-8.674121476229E0,
-9.981784970952E0));
#8783=CARTESIAN_POINT('',(-3.345162243338E1,-8.674123289142E0,
-9.951652082770E0));
#8784=CARTESIAN_POINT('',(-3.348920643923E1,-8.674118891292E0,
-9.914224330872E0));
#8785=CARTESIAN_POINT('',(-3.351840437174E1,-8.674134796496E0,
-9.873781686586E0));
#8786=CARTESIAN_POINT('',(-3.353955122033E1,-8.674075465623E0,
-9.828271815339E0));
#8787=CARTESIAN_POINT('',(-3.355321760269E1,-8.674294736896E0,
-9.779703659023E0));
#8788=CARTESIAN_POINT('',(-3.355713007681E1,-8.673754520790E0,
-9.741470642882E0));
#8789=CARTESIAN_POINT('',(-3.355761384042E1,-8.674127388526E0,
-9.725849244237E0));
#8790=CARTESIAN_POINT('',(-3.355761568101E1,-8.674128824063E0,
-9.725789284022E0));
#8791=(BOUNDED_SURFACE()B_SPLINE_SURFACE(3,3,((#8735,#8736,#8737,#8738,#8739,
#8740,#8741,#8742,#8743,#8744,#8745,#8746,#8747,#8748),(#8749,#8750,#8751,#8752,
#8753,#8754,#8755,#8756,#8757,#8758,#8759,#8760,#8761,#8762),(#8763,#8764,#8765,
#8766,#8767,#8768,#8769,#8770,#8771,#8772,#8773,#8774,#8775,#8776),(#8777,#8778,
#8779,#8780,#8781,#8782,#8783,#8784,#8785,#8786,#8787,#8788,#8789,#8790)),
.UNSPECIFIED.,.F.,.F.,.F.)B_SPLINE_SURFACE_WITH_KNOTS((4,4),(4,1,1,1,1,1,1,1,1,
1,1,4),(0.E0,1.E0),(-3.434878325102E-2,0.E0,9.960900124061E-2,1.996321654175E-1,
3.000635593981E-1,3.998566581454E-1,4.992277451732E-1,5.994381331672E-1,
6.998596828271E-1,7.996093710226E-1,8.983202688894E-1,8.987009376939E-1),
.UNSPECIFIED.)GEOMETRIC_REPRESENTATION_ITEM()RATIONAL_B_SPLINE_SURFACE(((
1.642131511143E0,1.642131511143E0,1.642131511143E0,1.642131511143E0,
1.642131511143E0,1.642131511143E0,1.642131511143E0,1.642131511143E0,
1.642131511143E0,1.642131511143E0,1.642131511143E0,1.642131511143E0,
1.642131511143E0,1.642131511143E0),(7.859561629525E-1,7.859561629525E-1,
7.859561629525E-1,7.859561629525E-1,7.859561629525E-1,7.859561629525E-1,
7.859561629525E-1,7.859561629525E-1,7.859561629525E-1,7.859561629525E-1,
7.859561629525E-1,7.859561629525E-1,7.859561629525E-1,7.859561629525E-1),(
7.859561629525E-1,7.859561629525E-1,7.859561629525E-1,7.859561629525E-1,
7.859561629525E-1,7.859561629525E-1,7.859561629525E-1,7.859561629525E-1,
7.859561629525E-1,7.859561629525E-1,7.859561629525E-1,7.859561629525E-1,
7.859561629525E-1,7.859561629525E-1),(1.642131511143E0,1.642131511143E0,
1.642131511143E0,1.642131511143E0,1.642131511143E0,1.642131511143E0,
1.642131511143E0,1.642131511143E0,1.642131511143E0,1.642131511143E0,
1.642131511143E0,1.642131511143E0,1.642131511143E0,1.642131511143E0)))REPRESENTATION_ITEM('')SURFACE());
#8793=ORIENTED_EDGE('',*,*,#8792,.F.);
#8795=ORIENTED_EDGE('',*,*,#8794,.F.);
#8796=ORIENTED_EDGE('',*,*,#7559,.T.);
#8798=ORIENTED_EDGE('',*,*,#8797,.F.);
#8799=EDGE_LOOP('',(#8793,#8795,#8796,#8798));
#8800=FACE_OUTER_BOUND('',#8799,.F.);
#8801=ADVANCED_FACE('',(#8800),#8791,.T.);
#8802=CARTESIAN_POINT('',(-3.317759094480E1,-8.999958838630E0,
-9.976261159965E0));
#8803=CARTESIAN_POINT('',(-3.320054430707E1,-8.999958839745E0,
-9.982694462444E0));
#8804=CARTESIAN_POINT('',(-3.323160382602E1,-8.999958840616E0,
-9.987720984836E0));
#8805=CARTESIAN_POINT('',(-3.330402631805E1,-8.999958840306E0,
-9.985929108818E0));
#8806=CARTESIAN_POINT('',(-3.338929117706E1,-8.999958837237E0,
-9.968222861841E0));
#8807=CARTESIAN_POINT('',(-3.350400891323E1,-8.999958818285E0,
-9.858855452031E0));
#8808=CARTESIAN_POINT('',(-3.352238324752E1,-8.999958802352E0,
-9.766910505221E0));
#8809=CARTESIAN_POINT('',(-3.352562330939E1,-8.999958792235E0,
-9.708525464169E0));
#8810=CARTESIAN_POINT('',(-3.352319483547E1,-8.999958789312E0,
-9.691656119044E0));
#8811=CARTESIAN_POINT('',(-3.352168844474E1,-8.999958789071E0,
-9.690265829456E0));
#8813=DIRECTION('',(0.E0,-1.E0,1.732870212380E-7));
#8814=VECTOR('',#8813,1.E0);
#8815=SURFACE_OF_LINEAR_EXTRUSION('',#8812,#8814);
#8816=ORIENTED_EDGE('',*,*,#8792,.T.);
#8818=ORIENTED_EDGE('',*,*,#8817,.T.);
#8819=ORIENTED_EDGE('',*,*,#6267,.F.);
#8821=ORIENTED_EDGE('',*,*,#8820,.F.);
#8822=EDGE_LOOP('',(#8816,#8818,#8819,#8821));
#8823=FACE_OUTER_BOUND('',#8822,.F.);
#8824=ADVANCED_FACE('',(#8823),#8815,.T.);
#8825=CARTESIAN_POINT('',(-3.352982890600E1,-8.999957914126E0,
-4.641159782888E0));
#8826=DIRECTION('',(-9.999994418E-1,-1.830947507820E-10,-1.056598177255E-3));
#8827=DIRECTION('',(1.056598177255E-3,-1.732869245092E-7,-9.999994418E-1));
#8828=AXIS2_PLACEMENT_3D('',#8825,#8826,#8827);
#8829=PLANE('',#8828);
#8831=ORIENTED_EDGE('',*,*,#8830,.T.);
#8833=ORIENTED_EDGE('',*,*,#8832,.T.);
#8834=ORIENTED_EDGE('',*,*,#6269,.T.);
#8835=ORIENTED_EDGE('',*,*,#8817,.F.);
#8836=EDGE_LOOP('',(#8831,#8833,#8834,#8835));
#8837=FACE_OUTER_BOUND('',#8836,.F.);
#8838=ADVANCED_FACE('',(#8837),#8829,.F.);
#8839=CARTESIAN_POINT('',(-3.352115714329E1,-8.787862092621E0,
-2.136172843067E2));
#8840=DIRECTION('',(-1.056598177255E-3,1.732869245196E-7,9.999994418E-1));
#8841=DIRECTION('',(9.999994418E-1,1.830937152423E-10,1.056598177255E-3));
#8842=AXIS2_PLACEMENT_3D('',#8839,#8840,#8841);
#8843=CYLINDRICAL_SURFACE('',#8842,2.121320343560E-1);
#8844=ORIENTED_EDGE('',*,*,#7573,.T.);
#8846=ORIENTED_EDGE('',*,*,#8845,.T.);
#8847=ORIENTED_EDGE('',*,*,#8830,.F.);
#8848=ORIENTED_EDGE('',*,*,#8797,.T.);
#8849=EDGE_LOOP('',(#8844,#8846,#8847,#8848));
#8850=FACE_OUTER_BOUND('',#8849,.F.);
#8851=ADVANCED_FACE('',(#8850),#8843,.T.);
#8852=CARTESIAN_POINT('',(-3.385539765802E1,-8.967034417446E0,
-4.669989298404E0));
#8853=CARTESIAN_POINT('',(-3.385577958533E1,-8.966975781403E0,
-4.658382575375E0));
#8854=CARTESIAN_POINT('',(-3.385606882290E1,-8.966820657903E0,
-4.613856771550E0));
#8855=CARTESIAN_POINT('',(-3.384839146480E1,-8.966942865209E0,
-4.535659395324E0));
#8856=CARTESIAN_POINT('',(-3.382194182534E1,-8.966901022722E0,
-4.438119822409E0));
#8857=CARTESIAN_POINT('',(-3.377789706040E1,-8.966912223531E0,
-4.344656543844E0));
#8858=CARTESIAN_POINT('',(-3.371863378466E1,-8.966909396994E0,
-4.262179423903E0));
#8859=CARTESIAN_POINT('',(-3.364866308204E1,-8.966909375391E0,
-4.192042052614E0));
#8860=CARTESIAN_POINT('',(-3.356633094950E1,-8.966912214656E0,
-4.132581647476E0));
#8861=CARTESIAN_POINT('',(-3.347298075615E1,-8.966900855953E0,
-4.088317050705E0));
#8862=CARTESIAN_POINT('',(-3.337546146464E1,-8.966943181914E0,
-4.061620179598E0));
#8863=CARTESIAN_POINT('',(-3.329649389989E1,-8.966818164726E0,
-4.053683771723E0));
#8864=CARTESIAN_POINT('',(-3.325119509145E1,-8.966981731764E0,
-4.053954434437E0));
#8865=CARTESIAN_POINT('',(-3.323886444144E1,-8.967047279594E0,
-4.054373209401E0));
#8866=CARTESIAN_POINT('',(-3.361194346936E1,-9.121712610291E0,
-4.660776522315E0));
#8867=CARTESIAN_POINT('',(-3.361223899840E1,-9.121603338027E0,
-4.653836423132E0));
#8868=CARTESIAN_POINT('',(-3.361258698228E1,-9.121314302294E0,
-4.627069969633E0));
#8869=CARTESIAN_POINT('',(-3.360778922006E1,-9.121542273472E0,
-4.579637877171E0));
#8870=CARTESIAN_POINT('',(-3.359217245897E1,-9.121464239387E0,
-4.522341182138E0));
#8871=CARTESIAN_POINT('',(-3.356701884806E1,-9.121485111828E0,
-4.468941333631E0));
#8872=CARTESIAN_POINT('',(-3.353247736074E1,-9.121479934073E0,
-4.420710752088E0));
#8873=CARTESIAN_POINT('',(-3.348968523079E1,-9.121479909313E0,
-4.377816988799E0));
#8874=CARTESIAN_POINT('',(-3.344154235672E1,-9.121485141139E0,
-4.343162187347E0));
#8875=CARTESIAN_POINT('',(-3.338820704267E1,-9.121464004888E0,
-4.317883080255E0));
#8876=CARTESIAN_POINT('',(-3.333092149307E1,-9.121542971150E0,
-4.302120521356E0));
#8877=CARTESIAN_POINT('',(-3.328301160075E1,-9.121309767971E0,
-4.297161998268E0));
#8878=CARTESIAN_POINT('',(-3.325578652326E1,-9.121614550050E0,
-4.297508471503E0));
#8879=CARTESIAN_POINT('',(-3.324842005672E1,-9.121736708403E0,
-4.297833996432E0));
#8880=CARTESIAN_POINT('',(-3.340802988372E1,-8.917662790483E0,
-4.652950780768E0));
#8881=CARTESIAN_POINT('',(-3.340825355596E1,-8.917620289777E0,
-4.649851860055E0));
#8882=CARTESIAN_POINT('',(-3.340862674433E1,-8.917507884215E0,
-4.637872478266E0));
#8883=CARTESIAN_POINT('',(-3.340630467677E1,-8.917596612068E0,
-4.616717770245E0));
#8884=CARTESIAN_POINT('',(-3.339964033837E1,-8.917566238304E0,
-4.592667147198E0));
#8885=CARTESIAN_POINT('',(-3.339048959662E1,-8.917574350149E0,
-4.573236771352E0));
#8886=CARTESIAN_POINT('',(-3.337651180344E1,-8.917572357051E0,
-4.553438490859E0));
#8887=CARTESIAN_POINT('',(-3.335658401011E1,-8.917572346933E0,
-4.533463417969E0));
#8888=CARTESIAN_POINT('',(-3.333682345586E1,-8.917574360459E0,
-4.519440865115E0));
#8889=CARTESIAN_POINT('',(-3.331742093518E1,-8.917566146231E0,
-4.510246213830E0));
#8890=CARTESIAN_POINT('',(-3.329336683664E1,-8.917596883234E0,
-4.503518535553E0));
#8891=CARTESIAN_POINT('',(-3.327199471601E1,-8.917506115725E0,
-4.501120723715E0));
#8892=CARTESIAN_POINT('',(-3.325981042856E1,-8.917624645822E0,
-4.501504856898E0));
#8893=CARTESIAN_POINT('',(-3.325652274235E1,-8.917672159229E0,
-4.501753419582E0));
#8894=CARTESIAN_POINT('',(-3.356260339767E1,-8.674044541972E0,
-4.658752517880E0));
#8895=CARTESIAN_POINT('',(-3.356288214765E1,-8.674081781489E0,
-4.652661243983E0));
#8896=CARTESIAN_POINT('',(-3.356320757571E1,-8.674180276697E0,
-4.629367815187E0));
#8897=CARTESIAN_POINT('',(-3.355908500374E1,-8.674102548103E0,
-4.588901457800E0));
#8898=CARTESIAN_POINT('',(-3.354548991721E1,-8.674129139842E0,
-4.539099062503E0));
#8899=CARTESIAN_POINT('',(-3.352442325952E1,-8.674122018041E0,
-4.494411673935E0));
#8900=CARTESIAN_POINT('',(-3.349468686202E1,-8.674123764270E0,
-4.452759762032E0));
#8901=CARTESIAN_POINT('',(-3.345754647088E1,-8.674123763690E0,
-4.415530747401E0));
#8902=CARTESIAN_POINT('',(-3.341596777960E1,-8.674121981882E0,
-4.385695656086E0));
#8903=CARTESIAN_POINT('',(-3.337134080941E1,-8.674129177580E0,
-4.364526314721E0));
#8904=CARTESIAN_POINT('',(-3.332153770170E1,-8.674102252392E0,
-4.350802395763E0));
#8905=CARTESIAN_POINT('',(-3.328067503913E1,-8.674181754910E0,
-4.346542847150E0));
#8906=CARTESIAN_POINT('',(-3.325697291333E1,-8.674077887528E0,
-4.346867584813E0));
#8907=CARTESIAN_POINT('',(-3.325049887884E1,-8.674036254604E0,
-4.347175851675E0));
#8908=(BOUNDED_SURFACE()B_SPLINE_SURFACE(3,3,((#8852,#8853,#8854,#8855,#8856,
#8857,#8858,#8859,#8860,#8861,#8862,#8863,#8864,#8865),(#8866,#8867,#8868,#8869,
#8870,#8871,#8872,#8873,#8874,#8875,#8876,#8877,#8878,#8879),(#8880,#8881,#8882,
#8883,#8884,#8885,#8886,#8887,#8888,#8889,#8890,#8891,#8892,#8893),(#8894,#8895,
#8896,#8897,#8898,#8899,#8900,#8901,#8902,#8903,#8904,#8905,#8906,#8907)),
.UNSPECIFIED.,.F.,.F.,.F.)B_SPLINE_SURFACE_WITH_KNOTS((4,4),(4,1,1,1,1,1,1,1,1,
1,1,4),(0.E0,1.E0),(-3.933072680350E-2,0.E0,1.108137779793E-1,2.218672460985E-1,
3.334513477927E-1,4.446533803284E-1,5.552187058031E-1,6.663764694990E-1,
7.779913462902E-1,8.890211463160E-1,1.E0,1.041815121407E0),.UNSPECIFIED.)GEOMETRIC_REPRESENTATION_ITEM()RATIONAL_B_SPLINE_SURFACE(((1.642120915053E0,
1.642120915053E0,1.642120915053E0,1.642120915053E0,1.642120915053E0,
1.642120915053E0,1.642120915053E0,1.642120915053E0,1.642120915053E0,
1.642120915053E0,1.642120915053E0,1.642120915053E0,1.642120915053E0,
1.642120915053E0),(7.859596949823E-1,7.859596949823E-1,7.859596949823E-1,
7.859596949823E-1,7.859596949823E-1,7.859596949823E-1,7.859596949823E-1,
7.859596949823E-1,7.859596949823E-1,7.859596949823E-1,7.859596949823E-1,
7.859596949823E-1,7.859596949823E-1,7.859596949823E-1),(7.859596949823E-1,
7.859596949823E-1,7.859596949823E-1,7.859596949823E-1,7.859596949823E-1,
7.859596949823E-1,7.859596949823E-1,7.859596949823E-1,7.859596949823E-1,
7.859596949823E-1,7.859596949823E-1,7.859596949823E-1,7.859596949823E-1,
7.859596949823E-1),(1.642120915053E0,1.642120915053E0,1.642120915053E0,
1.642120915053E0,1.642120915053E0,1.642120915053E0,1.642120915053E0,
1.642120915053E0,1.642120915053E0,1.642120915053E0,1.642120915053E0,
1.642120915053E0,1.642120915053E0,1.642120915053E0)))REPRESENTATION_ITEM('')SURFACE());
#8909=ORIENTED_EDGE('',*,*,#7571,.T.);
#8911=ORIENTED_EDGE('',*,*,#8910,.T.);
#8913=ORIENTED_EDGE('',*,*,#8912,.F.);
#8914=ORIENTED_EDGE('',*,*,#8845,.F.);
#8915=EDGE_LOOP('',(#8909,#8911,#8913,#8914));
#8916=FACE_OUTER_BOUND('',#8915,.F.);
#8917=ADVANCED_FACE('',(#8916),#8908,.T.);
#8918=CARTESIAN_POINT('',(-3.348782855212E1,-8.787825797784E0,
-4.168034915731E0));
#8919=DIRECTION('',(9.999994418E-1,1.830946708682E-10,1.056598177255E-3));
#8920=DIRECTION('',(1.056598177255E-3,-1.732869261255E-7,-9.999994418E-1));
#8921=AXIS2_PLACEMENT_3D('',#8918,#8919,#8920);
#8922=CYLINDRICAL_SURFACE('',#8921,2.121320343560E-1);
#8923=ORIENTED_EDGE('',*,*,#7569,.T.);
#8925=ORIENTED_EDGE('',*,*,#8924,.T.);
#8927=ORIENTED_EDGE('',*,*,#8926,.F.);
#8928=ORIENTED_EDGE('',*,*,#8910,.F.);
#8929=EDGE_LOOP('',(#8923,#8925,#8927,#8928));
#8930=FACE_OUTER_BOUND('',#8929,.F.);
#8931=ADVANCED_FACE('',(#8930),#8922,.T.);
#8932=CARTESIAN_POINT('',(-2.567259725662E1,-8.966920141012E0,
-4.046323775782E0));
#8933=CARTESIAN_POINT('',(-2.566122463769E1,-8.966888366070E0,
-4.045920066164E0));
#8934=CARTESIAN_POINT('',(-2.561706111313E1,-8.966829799524E0,
-4.045516235161E0));
#8935=CARTESIAN_POINT('',(-2.553976138758E1,-8.966876482354E0,
-4.052921254658E0));
#8936=CARTESIAN_POINT('',(-2.544179014248E1,-8.966860332188E0,
-4.079174974431E0));
#8937=CARTESIAN_POINT('',(-2.534853794103E1,-8.966865094278E0,
-4.123298477288E0));
#8938=CARTESIAN_POINT('',(-2.526696723648E1,-8.966862444743E0,
-4.181695340816E0));
#8939=CARTESIAN_POINT('',(-2.519687416388E1,-8.966868185742E0,
-4.250629502583E0));
#8940=CARTESIAN_POINT('',(-2.513663888682E1,-8.966847793462E0,
-4.333058214425E0));
#8941=CARTESIAN_POINT('',(-2.509224245807E1,-8.966923817273E0,
-4.426405458901E0));
#8942=CARTESIAN_POINT('',(-2.506608092499E1,-8.966643005184E0,
-4.522240883755E0));
#8943=CARTESIAN_POINT('',(-2.505767978158E1,-8.967354205529E0,
-4.587270417235E0));
#8944=CARTESIAN_POINT('',(-2.505699737041E1,-8.966813152631E0,
-4.623794660342E0));
#8945=CARTESIAN_POINT('',(-2.505697301519E1,-8.966785473803E0,
-4.625657128191E0));
#8946=CARTESIAN_POINT('',(-2.566357487728E1,-9.121709971681E0,
-4.289725523924E0));
#8947=CARTESIAN_POINT('',(-2.565659221149E1,-9.121650727380E0,
-4.289448024403E0));
#8948=CARTESIAN_POINT('',(-2.562956914596E1,-9.121541534169E0,
-4.289133208671E0));
#8949=CARTESIAN_POINT('',(-2.558300493065E1,-9.121628622705E0,
-4.293708941117E0));
#8950=CARTESIAN_POINT('',(-2.552594020804E1,-9.121598481990E0,
-4.309078466589E0));
#8951=CARTESIAN_POINT('',(-2.547294775872E1,-9.121607227346E0,
-4.334113569208E0));
#8952=CARTESIAN_POINT('',(-2.542459680992E1,-9.121602356673E0,
-4.368594494099E0));
#8953=CARTESIAN_POINT('',(-2.538158716226E1,-9.121613426184E0,
-4.410922816140E0));
#8954=CARTESIAN_POINT('',(-2.534690175244E1,-9.121573703501E0,
-4.458694068639E0));
#8955=CARTESIAN_POINT('',(-2.532196333607E1,-9.121721842428E0,
-4.510754517499E0));
#8956=CARTESIAN_POINT('',(-2.530560703091E1,-9.121174393919E0,
-4.570329398894E0));
#8957=CARTESIAN_POINT('',(-2.530108346583E1,-9.122557591467E0,
-4.607729084570E0));
#8958=CARTESIAN_POINT('',(-2.530039173221E1,-9.121498904474E0,
-4.629551470554E0));
#8959=CARTESIAN_POINT('',(-2.530036287777E1,-9.121444584967E0,
-4.630665093056E0));
#8960=CARTESIAN_POINT('',(-2.565611147843E1,-8.917665793009E0,
-4.493678119139E0));
#8961=CARTESIAN_POINT('',(-2.565280636584E1,-8.917642752302E0,
-4.493504594320E0));
#8962=CARTESIAN_POINT('',(-2.564013382277E1,-8.917600287142E0,
-4.493257951740E0));
#8963=CARTESIAN_POINT('',(-2.561924281216E1,-8.917634171435E0,
-4.495451359947E0));
#8964=CARTESIAN_POINT('',(-2.559628620384E1,-8.917622442772E0,
-4.501791797913E0));
#8965=CARTESIAN_POINT('',(-2.557743259110E1,-8.917625807598E0,
-4.510627316044E0));
#8966=CARTESIAN_POINT('',(-2.555662411662E1,-8.917623937620E0,
-4.525208682436E0));
#8967=CARTESIAN_POINT('',(-2.553631167660E1,-8.917628354576E0,
-4.545342673742E0));
#8968=CARTESIAN_POINT('',(-2.552314003440E1,-8.917612413641E0,
-4.563741817905E0));
#8969=CARTESIAN_POINT('',(-2.551434375442E1,-8.917671902405E0,
-4.582096073155E0));
#8970=CARTESIAN_POINT('',(-2.550652659501E1,-8.917452016141E0,
-4.608598905120E0));
#8971=CARTESIAN_POINT('',(-2.550490428959E1,-8.918006684555E0,
-4.627632063242E0));
#8972=CARTESIAN_POINT('',(-2.550430145590E1,-8.917580355870E0,
-4.635394417875E0));
#8973=CARTESIAN_POINT('',(-2.550427230083E1,-8.917558437062E0,
-4.635782592207E0));
#8974=CARTESIAN_POINT('',(-2.566188502542E1,-8.674055125986E0,
-4.339057340890E0));
#8975=CARTESIAN_POINT('',(-2.565579080590E1,-8.674075314134E0,
-4.338802866368E0));
#8976=CARTESIAN_POINT('',(-2.563222461474E1,-8.674112522494E0,
-4.338496884425E0));
#8977=CARTESIAN_POINT('',(-2.559177369090E1,-8.674082841166E0,
-4.342482549209E0));
#8978=CARTESIAN_POINT('',(-2.554275789001E1,-8.674093117857E0,
-4.355776801747E0));
#8979=CARTESIAN_POINT('',(-2.549850522854E1,-8.674090157261E0,
-4.376649008805E0));
#8980=CARTESIAN_POINT('',(-2.545646629210E1,-8.674091814629E0,
-4.406483996484E0));
#8981=CARTESIAN_POINT('',(-2.541895056670E1,-8.674088007203E0,
-4.443562591255E0));
#8982=CARTESIAN_POINT('',(-2.538959404306E1,-8.674101748913E0,
-4.483833457646E0));
#8983=CARTESIAN_POINT('',(-2.536836645474E1,-8.674050532969E0,
-4.528802135471E0));
#8984=CARTESIAN_POINT('',(-2.535446117450E1,-8.674239871621E0,
-4.577169182071E0));
#8985=CARTESIAN_POINT('',(-2.535022421486E1,-8.673761882455E0,
-4.615837202064E0));
#8986=CARTESIAN_POINT('',(-2.534966940193E1,-8.674128454691E0,
-4.632181054240E0));
#8987=CARTESIAN_POINT('',(-2.534964461522E1,-8.674147280650E0,
-4.633002284890E0));
#8988=(BOUNDED_SURFACE()B_SPLINE_SURFACE(3,3,((#8932,#8933,#8934,#8935,#8936,
#8937,#8938,#8939,#8940,#8941,#8942,#8943,#8944,#8945),(#8946,#8947,#8948,#8949,
#8950,#8951,#8952,#8953,#8954,#8955,#8956,#8957,#8958,#8959),(#8960,#8961,#8962,
#8963,#8964,#8965,#8966,#8967,#8968,#8969,#8970,#8971,#8972,#8973),(#8974,#8975,
#8976,#8977,#8978,#8979,#8980,#8981,#8982,#8983,#8984,#8985,#8986,#8987)),
.UNSPECIFIED.,.F.,.F.,.F.)B_SPLINE_SURFACE_WITH_KNOTS((4,4),(4,1,1,1,1,1,1,1,1,
1,1,4),(0.E0,1.E0),(-3.462285643414E-2,0.E0,9.960188176959E-2,1.996180683416E-1,
3.000399284749E-1,3.998487298456E-1,4.992136947080E-1,5.993720163084E-1,
6.998263666617E-1,7.995822456727E-1,8.983096064440E-1,9.035915359412E-1),
.UNSPECIFIED.)GEOMETRIC_REPRESENTATION_ITEM()RATIONAL_B_SPLINE_SURFACE(((
1.642506769928E0,1.642506769928E0,1.642506769928E0,1.642506769928E0,
1.642506769928E0,1.642506769928E0,1.642506769928E0,1.642506769928E0,
1.642506769928E0,1.642506769928E0,1.642506769928E0,1.642506769928E0,
1.642506769928E0,1.642506769928E0),(7.858310766906E-1,7.858310766906E-1,
7.858310766906E-1,7.858310766906E-1,7.858310766906E-1,7.858310766906E-1,
7.858310766907E-1,7.858310766907E-1,7.858310766906E-1,7.858310766906E-1,
7.858310766907E-1,7.858310766906E-1,7.858310766906E-1,7.858310766906E-1),(
7.858310766906E-1,7.858310766906E-1,7.858310766906E-1,7.858310766906E-1,
7.858310766906E-1,7.858310766906E-1,7.858310766907E-1,7.858310766907E-1,
7.858310766906E-1,7.858310766906E-1,7.858310766907E-1,7.858310766906E-1,
7.858310766906E-1,7.858310766906E-1),(1.642506769928E0,1.642506769928E0,
1.642506769928E0,1.642506769928E0,1.642506769928E0,1.642506769928E0,
1.642506769928E0,1.642506769928E0,1.642506769928E0,1.642506769928E0,
1.642506769928E0,1.642506769928E0,1.642506769928E0,1.642506769928E0)))REPRESENTATION_ITEM('')SURFACE());
#8990=ORIENTED_EDGE('',*,*,#8989,.F.);
#8991=ORIENTED_EDGE('',*,*,#8924,.F.);
#8992=ORIENTED_EDGE('',*,*,#7567,.T.);
#8994=ORIENTED_EDGE('',*,*,#8993,.F.);
#8995=EDGE_LOOP('',(#8990,#8991,#8992,#8994));
#8996=FACE_OUTER_BOUND('',#8995,.F.);
#8997=ADVANCED_FACE('',(#8996),#8988,.T.);
#8998=CARTESIAN_POINT('',(-2.572969850332E1,-8.999957869313E0,
-4.382551005944E0));
#8999=CARTESIAN_POINT('',(-2.570674514121E1,-8.999957868198E0,
-4.376117703478E0));
#9000=CARTESIAN_POINT('',(-2.567568562235E1,-8.999957867327E0,
-4.371091181159E0));
#9001=CARTESIAN_POINT('',(-2.560326313045E1,-8.999957867637E0,
-4.372883057172E0));
#9002=CARTESIAN_POINT('',(-2.551799827145E1,-8.999957870706E0,
-4.390589304153E0));
#9003=CARTESIAN_POINT('',(-2.540328053532E1,-8.999957889658E0,
-4.499956713904E0));
#9004=CARTESIAN_POINT('',(-2.538490620099E1,-8.999957905591E0,
-4.591901660698E0));
#9005=CARTESIAN_POINT('',(-2.538166613913E1,-8.999957915708E0,
-4.650286701799E0));
#9006=CARTESIAN_POINT('',(-2.538409461305E1,-8.999957918631E0,
-4.667156047028E0));
#9007=CARTESIAN_POINT('',(-2.538560100384E1,-8.999957918872E0,
-4.668546336906E0));
#9009=DIRECTION('',(0.E0,-1.E0,1.732870212380E-7));
#9010=VECTOR('',#9009,1.E0);
#9011=SURFACE_OF_LINEAR_EXTRUSION('',#9008,#9010);
#9012=ORIENTED_EDGE('',*,*,#8989,.T.);
#9014=ORIENTED_EDGE('',*,*,#9013,.T.);
#9015=ORIENTED_EDGE('',*,*,#6275,.F.);
#9017=ORIENTED_EDGE('',*,*,#9016,.F.);
#9018=EDGE_LOOP('',(#9012,#9014,#9015,#9017));
#9019=FACE_OUTER_BOUND('',#9018,.F.);
#9020=ADVANCED_FACE('',(#9019),#9011,.T.);
#9021=CARTESIAN_POINT('',(-2.537746070456E1,-8.999958793790E0,
-9.717499016927E0));
#9022=DIRECTION('',(9.999994418E-1,1.830947507820E-10,1.056598177255E-3));
#9023=DIRECTION('',(-1.056598177255E-3,1.732869245092E-7,9.999994418E-1));
#9024=AXIS2_PLACEMENT_3D('',#9021,#9022,#9023);
#9025=PLANE('',#9024);
#9027=ORIENTED_EDGE('',*,*,#9026,.T.);
#9029=ORIENTED_EDGE('',*,*,#9028,.T.);
#9030=ORIENTED_EDGE('',*,*,#6277,.T.);
#9031=ORIENTED_EDGE('',*,*,#9013,.F.);
#9032=EDGE_LOOP('',(#9027,#9029,#9030,#9031));
#9033=FACE_OUTER_BOUND('',#9032,.F.);
#9034=ADVANCED_FACE('',(#9033),#9025,.F.);
#9035=CARTESIAN_POINT('',(-2.536996778075E1,-8.787793197666E0,
1.839598317675E2));
#9036=DIRECTION('',(1.056598177255E-3,-1.732869245109E-7,-9.999994418E-1));
#9037=DIRECTION('',(-9.999994418E-1,-1.830937152423E-10,-1.056598177255E-3));
#9038=AXIS2_PLACEMENT_3D('',#9035,#9036,#9037);
#9039=CYLINDRICAL_SURFACE('',#9038,2.121320343560E-1);
#9040=ORIENTED_EDGE('',*,*,#7565,.T.);
#9042=ORIENTED_EDGE('',*,*,#9041,.T.);
#9043=ORIENTED_EDGE('',*,*,#9026,.F.);
#9044=ORIENTED_EDGE('',*,*,#8993,.T.);
#9045=EDGE_LOOP('',(#9040,#9042,#9043,#9044));
#9046=FACE_OUTER_BOUND('',#9045,.F.);
#9047=ADVANCED_FACE('',(#9046),#9039,.T.);
#9048=CARTESIAN_POINT('',(-2.505191060693E1,-8.966925478438E0,
-9.689136755856E0));
#9049=CARTESIAN_POINT('',(-2.505150770632E1,-8.966893634240E0,
-9.700501263176E0));
#9050=CARTESIAN_POINT('',(-2.505110469505E1,-8.966834847255E0,
-9.744687425027E0));
#9051=CARTESIAN_POINT('',(-2.505852039764E1,-8.966881762397E0,
-9.822040572259E0));
#9052=CARTESIAN_POINT('',(-2.508482325080E1,-8.966865542267E0,
-9.920101684371E0));
#9053=CARTESIAN_POINT('',(-2.512902963224E1,-8.966870346099E0,
-1.001342210120E1));
#9054=CARTESIAN_POINT('',(-2.518751803936E1,-8.966867652973E0,
-1.009502466037E1));
#9055=CARTESIAN_POINT('',(-2.525656576038E1,-8.966873548464E0,
-1.016514368650E1));
#9056=CARTESIAN_POINT('',(-2.533914804931E1,-8.966852579696E0,
-1.022537314734E1));
#9057=CARTESIAN_POINT('',(-2.543261922497E1,-8.966930725953E0,
-1.026969927229E1));
#9058=CARTESIAN_POINT('',(-2.552855126241E1,-8.966642024793E0,
-1.029576112661E1));
#9059=CARTESIAN_POINT('',(-2.559337199815E1,-8.967370256656E0,
-1.030407304937E1));
#9060=CARTESIAN_POINT('',(-2.562966868627E1,-8.966825581877E0,
-1.030471858350E1));
#9061=CARTESIAN_POINT('',(-2.563124680726E1,-8.966801778518E0,
-1.030473909429E1));
#9062=CARTESIAN_POINT('',(-2.529530401481E1,-9.121697130121E0,
-9.698149658985E0));
#9063=CARTESIAN_POINT('',(-2.529502701399E1,-9.121637758035E0,
-9.705127271804E0));
#9064=CARTESIAN_POINT('',(-2.529471254536E1,-9.121528151304E0,
-9.732164333860E0));
#9065=CARTESIAN_POINT('',(-2.529929525573E1,-9.121615652033E0,
-9.778761971947E0));
#9066=CARTESIAN_POINT('',(-2.531469243666E1,-9.121585366489E0,
-9.835874886054E0));
#9067=CARTESIAN_POINT('',(-2.533977474565E1,-9.121594176015E0,
-9.888908099173E0));
#9068=CARTESIAN_POINT('',(-2.537431955985E1,-9.121589219932E0,
-9.937290912110E0));
#9069=CARTESIAN_POINT('',(-2.541671145171E1,-9.121600587416E0,
-9.980309821535E0));
#9070=CARTESIAN_POINT('',(-2.546456290079E1,-9.121559744856E0,
-1.001498417983E1));
#9071=CARTESIAN_POINT('',(-2.551668801051E1,-9.121712039203E0,
-1.003988475681E1));
#9072=CARTESIAN_POINT('',(-2.557638619449E1,-9.121149198606E0,
-1.005619704640E1));
#9073=CARTESIAN_POINT('',(-2.561361511099E1,-9.122565559856E0,
-1.006065353720E1));
#9074=CARTESIAN_POINT('',(-2.563527348538E1,-9.121499642970E0,
-1.006132469383E1));
#9075=CARTESIAN_POINT('',(-2.563621588075E1,-9.121452944665E0,
-1.006134925977E1));
#9076=CARTESIAN_POINT('',(-2.549924489177E1,-8.917665052461E0,
-9.705604733108E0));
#9077=CARTESIAN_POINT('',(-2.549907159197E1,-8.917641961507E0,
-9.708907646997E0));
#9078=CARTESIAN_POINT('',(-2.549882492546E1,-8.917599334692E0,
-9.721587600552E0));
#9079=CARTESIAN_POINT('',(-2.550102197974E1,-8.917633380705E0,
-9.742494711318E0));
#9080=CARTESIAN_POINT('',(-2.550737327791E1,-8.917621595332E0,
-9.765468108523E0));
#9081=CARTESIAN_POINT('',(-2.551622490199E1,-8.917624984470E0,
-9.784336496150E0));
#9082=CARTESIAN_POINT('',(-2.553084640839E1,-8.917623081549E0,
-9.805178409438E0));
#9083=CARTESIAN_POINT('',(-2.555101182193E1,-8.917627617695E0,
-9.825492286915E0));
#9084=CARTESIAN_POINT('',(-2.556940782342E1,-8.917611225379E0,
-9.838637122623E0));
#9085=CARTESIAN_POINT('',(-2.558781315724E1,-8.917672389642E0,
-9.847435041162E0));
#9086=CARTESIAN_POINT('',(-2.561440015212E1,-8.917446295965E0,
-9.855246783152E0));
#9087=CARTESIAN_POINT('',(-2.563336807103E1,-8.918014311840E0,
-9.856823014354E0));
#9088=CARTESIAN_POINT('',(-2.564103925729E1,-8.917584998034E0,
-9.857420693613E0));
#9089=CARTESIAN_POINT('',(-2.564136727556E1,-8.917566157368E0,
-9.857445577176E0));
#9090=CARTESIAN_POINT('',(-2.534464235336E1,-8.674062824749E0,
-9.699837586903E0));
#9091=CARTESIAN_POINT('',(-2.534438830265E1,-8.674083057602E0,
-9.705927521261E0));
#9092=CARTESIAN_POINT('',(-2.534408261288E1,-8.674120411950E0,
-9.729505840742E0));
#9093=CARTESIAN_POINT('',(-2.534807400308E1,-8.674090599500E0,
-9.769983433442E0));
#9094=CARTESIAN_POINT('',(-2.536139261739E1,-8.674100934062E0,
-9.819041518038E0));
#9095=CARTESIAN_POINT('',(-2.538230187071E1,-8.674097957602E0,
-9.863322580024E0));
#9096=CARTESIAN_POINT('',(-2.541219284914E1,-8.674099646912E0,
-9.905393605476E0));
#9097=CARTESIAN_POINT('',(-2.544933722682E1,-8.674095736865E0,
-9.942922384115E0));
#9098=CARTESIAN_POINT('',(-2.548963988676E1,-8.674109863381E0,
-9.972248894844E0));
#9099=CARTESIAN_POINT('',(-2.553471052088E1,-8.674057203743E0,
-9.993461657740E0));
#9100=CARTESIAN_POINT('',(-2.558311556737E1,-8.674251860875E0,
-1.000732203394E1));
#9101=CARTESIAN_POINT('',(-2.562172491384E1,-8.673762398537E0,
-1.001149970253E1));
#9102=CARTESIAN_POINT('',(-2.563794473423E1,-8.674131488247E0,
-1.001203976904E1));
#9103=CARTESIAN_POINT('',(-2.563864099338E1,-8.674147671062E0,
-1.001206073575E1));
#9104=(BOUNDED_SURFACE()B_SPLINE_SURFACE(3,3,((#9048,#9049,#9050,#9051,#9052,
#9053,#9054,#9055,#9056,#9057,#9058,#9059,#9060,#9061),(#9062,#9063,#9064,#9065,
#9066,#9067,#9068,#9069,#9070,#9071,#9072,#9073,#9074,#9075),(#9076,#9077,#9078,
#9079,#9080,#9081,#9082,#9083,#9084,#9085,#9086,#9087,#9088,#9089),(#9090,#9091,
#9092,#9093,#9094,#9095,#9096,#9097,#9098,#9099,#9100,#9101,#9102,#9103)),
.UNSPECIFIED.,.F.,.F.,.F.)B_SPLINE_SURFACE_WITH_KNOTS((4,4),(4,1,1,1,1,1,1,1,1,
1,1,4),(0.E0,1.E0),(-3.456597795171E-2,0.E0,9.960315415489E-2,1.996206008628E-1,
3.000442235440E-1,3.998500080050E-1,4.992160678761E-1,5.993840937662E-1,
6.998321621752E-1,7.995873647244E-1,8.983108945970E-1,9.027814442666E-1),
.UNSPECIFIED.)GEOMETRIC_REPRESENTATION_ITEM()RATIONAL_B_SPLINE_SURFACE(((
1.642457162758E0,1.642457162758E0,1.642457162758E0,1.642457162758E0,
1.642457162758E0,1.642457162758E0,1.642457162758E0,1.642457162758E0,
1.642457162758E0,1.642457162758E0,1.642457162758E0,1.642457162758E0,
1.642457162758E0,1.642457162758E0),(7.858476124139E-1,7.858476124139E-1,
7.858476124139E-1,7.858476124139E-1,7.858476124139E-1,7.858476124139E-1,
7.858476124139E-1,7.858476124139E-1,7.858476124139E-1,7.858476124139E-1,
7.858476124139E-1,7.858476124139E-1,7.858476124139E-1,7.858476124139E-1),(
7.858476124139E-1,7.858476124139E-1,7.858476124139E-1,7.858476124139E-1,
7.858476124139E-1,7.858476124139E-1,7.858476124139E-1,7.858476124139E-1,
7.858476124139E-1,7.858476124139E-1,7.858476124139E-1,7.858476124139E-1,
7.858476124139E-1,7.858476124139E-1),(1.642457162758E0,1.642457162758E0,
1.642457162758E0,1.642457162758E0,1.642457162758E0,1.642457162758E0,
1.642457162758E0,1.642457162758E0,1.642457162758E0,1.642457162758E0,
1.642457162758E0,1.642457162758E0,1.642457162758E0,1.642457162758E0)))REPRESENTATION_ITEM('')SURFACE());
#9106=ORIENTED_EDGE('',*,*,#9105,.F.);
#9107=ORIENTED_EDGE('',*,*,#9041,.F.);
#9108=ORIENTED_EDGE('',*,*,#7563,.T.);
#9110=ORIENTED_EDGE('',*,*,#9109,.F.);
#9111=EDGE_LOOP('',(#9106,#9107,#9108,#9110));
#9112=FACE_OUTER_BOUND('',#9111,.F.);
#9113=ADVANCED_FACE('',(#9112),#9104,.T.);
#9114=CARTESIAN_POINT('',(-2.538813223589E1,-8.999958778976E0,
-9.632011132992E0));
#9115=CARTESIAN_POINT('',(-2.538169893344E1,-8.999958782954E0,
-9.654964495314E0));
#9116=CARTESIAN_POINT('',(-2.537667241102E1,-8.999958788336E0,
-9.686024014118E0));
#9117=CARTESIAN_POINT('',(-2.537846428703E1,-8.999958800886E0,
-9.758446506046E0));
#9118=CARTESIAN_POINT('',(-2.539617053403E1,-8.999958815661E0,
-9.843711365056E0));
#9119=CARTESIAN_POINT('',(-2.550553794378E1,-8.999958835540E0,
-9.958429101172E0));
#9120=CARTESIAN_POINT('',(-2.559748289058E1,-8.999958838724E0,
-9.976803435494E0));
#9121=CARTESIAN_POINT('',(-2.565586793167E1,-8.999958839286E0,
-9.980043497355E0));
#9122=CARTESIAN_POINT('',(-2.567273727687E1,-8.999958838865E0,
-9.977615023430E0));
#9123=CARTESIAN_POINT('',(-2.567412756666E1,-8.999958838604E0,
-9.976108632654E0));
#9125=DIRECTION('',(0.E0,-1.E0,1.732870212380E-7));
#9126=VECTOR('',#9125,1.E0);
#9127=SURFACE_OF_LINEAR_EXTRUSION('',#9124,#9126);
#9128=ORIENTED_EDGE('',*,*,#9105,.T.);
#9130=ORIENTED_EDGE('',*,*,#9129,.T.);
#9131=ORIENTED_EDGE('',*,*,#6263,.F.);
#9132=ORIENTED_EDGE('',*,*,#9028,.F.);
#9133=EDGE_LOOP('',(#9128,#9130,#9131,#9132));
#9134=FACE_OUTER_BOUND('',#9133,.F.);
#9135=ADVANCED_FACE('',(#9134),#9127,.T.);
#9136=CARTESIAN_POINT('',(-3.326307882895E1,-8.999958840479E0,
-9.986932691288E0));
#9137=DIRECTION('',(1.056598177255E-3,-1.732869245092E-7,-9.999994418E-1));
#9138=DIRECTION('',(9.999994418E-1,1.830947507821E-10,1.056598177255E-3));
#9139=AXIS2_PLACEMENT_3D('',#9136,#9137,#9138);
#9140=PLANE('',#9139);
#9142=ORIENTED_EDGE('',*,*,#9141,.T.);
#9143=ORIENTED_EDGE('',*,*,#8820,.T.);
#9144=ORIENTED_EDGE('',*,*,#6265,.T.);
#9145=ORIENTED_EDGE('',*,*,#9129,.F.);
#9146=EDGE_LOOP('',(#9142,#9143,#9144,#9145));
#9147=FACE_OUTER_BOUND('',#9146,.F.);
#9148=ADVANCED_FACE('',(#9147),#9140,.F.);
#9149=CARTESIAN_POINT('',(1.779195407820E2,-8.787826804217E0,
-9.975929585313E0));
#9150=DIRECTION('',(-9.999994418E-1,-1.830947518778E-10,-1.056598177255E-3));
#9151=DIRECTION('',(-1.056598177255E-3,1.732869261255E-7,9.999994418E-1));
#9152=AXIS2_PLACEMENT_3D('',#9149,#9150,#9151);
#9153=CYLINDRICAL_SURFACE('',#9152,2.121320343560E-1);
#9154=ORIENTED_EDGE('',*,*,#7561,.T.);
#9155=ORIENTED_EDGE('',*,*,#8794,.T.);
#9156=ORIENTED_EDGE('',*,*,#9141,.F.);
#9157=ORIENTED_EDGE('',*,*,#9109,.T.);
#9158=EDGE_LOOP('',(#9154,#9155,#9156,#9157));
#9159=FACE_OUTER_BOUND('',#9158,.F.);
#9160=ADVANCED_FACE('',(#9159),#9153,.T.);
#9161=CARTESIAN_POINT('',(-2.564421061955E1,-8.999957867464E0,
-4.371879474703E0));
#9162=DIRECTION('',(-1.056598177255E-3,1.732869245092E-7,9.999994418E-1));
#9163=DIRECTION('',(-9.999994418E-1,-1.830947507820E-10,-1.056598177255E-3));
#9164=AXIS2_PLACEMENT_3D('',#9161,#9162,#9163);
#9165=PLANE('',#9164);
#9166=ORIENTED_EDGE('',*,*,#8926,.T.);
#9167=ORIENTED_EDGE('',*,*,#9016,.T.);
#9168=ORIENTED_EDGE('',*,*,#6273,.T.);
#9170=ORIENTED_EDGE('',*,*,#9169,.F.);
#9171=EDGE_LOOP('',(#9166,#9167,#9168,#9170));
#9172=FACE_OUTER_BOUND('',#9171,.F.);
#9173=ADVANCED_FACE('',(#9172),#9165,.F.);
#9174=CARTESIAN_POINT('',(-3.352225884763E1,-8.999957925732E0,
-4.708135382897E0));
#9175=CARTESIAN_POINT('',(-3.352725763559E1,-8.999957922557E0,
-4.689810047700E0));
#9176=CARTESIAN_POINT('',(-3.353048955487E1,-8.999957918297E0,
-4.665227066160E0));
#9177=CARTESIAN_POINT('',(-3.352871736854E1,-8.999957906883E0,
-4.599360842839E0));
#9178=CARTESIAN_POINT('',(-3.350925089705E1,-8.999957891471E0,
-4.510419802573E0));
#9179=CARTESIAN_POINT('',(-3.339988187654E1,-8.999957872475E0,
-4.400796497688E0));
#9180=CARTESIAN_POINT('',(-3.331095421031E1,-8.999957869068E0,
-4.381141017981E0));
#9181=CARTESIAN_POINT('',(-3.324923833100E1,-8.999957868757E0,
-4.379341694549E0));
#9182=CARTESIAN_POINT('',(-3.322805237093E1,-8.999957869136E0,
-4.381528693677E0));
#9183=CARTESIAN_POINT('',(-3.321146402062E1,-8.999957869758E0,
-4.385121171914E0));
#9185=DIRECTION('',(0.E0,-1.E0,1.732870212380E-7));
#9186=VECTOR('',#9185,1.E0);
#9187=SURFACE_OF_LINEAR_EXTRUSION('',#9184,#9186);
#9188=ORIENTED_EDGE('',*,*,#8912,.T.);
#9189=ORIENTED_EDGE('',*,*,#9169,.T.);
#9190=ORIENTED_EDGE('',*,*,#6271,.F.);
#9191=ORIENTED_EDGE('',*,*,#8832,.F.);
#9192=EDGE_LOOP('',(#9188,#9189,#9190,#9191));
#9193=FACE_OUTER_BOUND('',#9192,.F.);
#9194=ADVANCED_FACE('',(#9193),#9187,.T.);
#9195=CARTESIAN_POINT('',(5.025351812639E1,-8.499963122126E0,
-3.469533892247E1));
#9196=DIRECTION('',(-9.999998164261E-1,-1.049993334076E-10,-6.059272674204E-4));
#9197=DIRECTION('',(6.059272674184E-4,-2.756827633732E-6,-9.999998164223E-1));
#9198=AXIS2_PLACEMENT_3D('',#9195,#9196,#9197);
#9199=CYLINDRICAL_SURFACE('',#9198,5.E-1);
#9201=ORIENTED_EDGE('',*,*,#9200,.T.);
#9202=ORIENTED_EDGE('',*,*,#7471,.F.);
#9204=ORIENTED_EDGE('',*,*,#9203,.F.);
#9206=ORIENTED_EDGE('',*,*,#9205,.T.);
#9207=EDGE_LOOP('',(#9201,#9202,#9204,#9206));
#9208=FACE_OUTER_BOUND('',#9207,.F.);
#9209=ADVANCED_FACE('',(#9208),#9199,.T.);
#9210=CARTESIAN_POINT('',(3.152300090520E1,-1.6E1,2.936669745164E1));
#9211=DIRECTION('',(-1.E0,1.565437202089E-9,0.E0));
#9212=DIRECTION('',(1.565437202089E-9,1.E0,0.E0));
#9213=AXIS2_PLACEMENT_3D('',#9210,#9211,#9212);
#9214=PLANE('',#9213);
#9215=ORIENTED_EDGE('',*,*,#9200,.F.);
#9217=ORIENTED_EDGE('',*,*,#9216,.T.);
#9219=ORIENTED_EDGE('',*,*,#9218,.T.);
#9221=ORIENTED_EDGE('',*,*,#9220,.F.);
#9223=ORIENTED_EDGE('',*,*,#9222,.F.);
#9224=ORIENTED_EDGE('',*,*,#7473,.T.);
#9225=EDGE_LOOP('',(#9215,#9217,#9219,#9221,#9223,#9224));
#9226=FACE_OUTER_BOUND('',#9225,.F.);
#9227=ADVANCED_FACE('',(#9226),#9214,.T.);
#9228=CARTESIAN_POINT('',(-2.936533064088E1,-4.249950541497E0,
-3.524359397114E1));
#9229=DIRECTION('',(-6.059272674184E-4,2.756827632641E-6,9.999998164223E-1));
#9230=DIRECTION('',(1.565437722213E-9,9.999999999962E-1,-2.756827190181E-6));
#9231=AXIS2_PLACEMENT_3D('',#9228,#9229,#9230);
#9232=PLANE('',#9231);
#9233=ORIENTED_EDGE('',*,*,#9205,.F.);
#9235=ORIENTED_EDGE('',*,*,#9234,.F.);
#9237=ORIENTED_EDGE('',*,*,#9236,.T.);
#9238=ORIENTED_EDGE('',*,*,#9216,.F.);
#9239=EDGE_LOOP('',(#9233,#9235,#9237,#9238));
#9240=FACE_OUTER_BOUND('',#9239,.F.);
#9241=ADVANCED_FACE('',(#9240),#9232,.F.);
#9242=CARTESIAN_POINT('',(-2.936533064088E1,-4.249950541497E0,
-3.524359397114E1));
#9243=DIRECTION('',(-6.059272674184E-4,2.756827632641E-6,9.999998164223E-1));
#9244=DIRECTION('',(1.565437722213E-9,9.999999999962E-1,-2.756827190181E-6));
#9245=AXIS2_PLACEMENT_3D('',#9242,#9243,#9244);
#9246=PLANE('',#9245);
#9248=ORIENTED_EDGE('',*,*,#9247,.F.);
#9250=ORIENTED_EDGE('',*,*,#9249,.T.);
#9252=ORIENTED_EDGE('',*,*,#9251,.T.);
#9254=ORIENTED_EDGE('',*,*,#9253,.T.);
#9255=EDGE_LOOP('',(#9248,#9250,#9252,#9254));
#9256=FACE_OUTER_BOUND('',#9255,.F.);
#9257=ADVANCED_FACE('',(#9256),#9246,.F.);
#9258=CARTESIAN_POINT('',(-2.936533064088E1,-4.249950541497E0,
-3.524359397114E1));
#9259=DIRECTION('',(-6.059272674184E-4,2.756827632641E-6,9.999998164223E-1));
#9260=DIRECTION('',(1.565437722213E-9,9.999999999962E-1,-2.756827190181E-6));
#9261=AXIS2_PLACEMENT_3D('',#9258,#9259,#9260);
#9262=PLANE('',#9261);
#9264=ORIENTED_EDGE('',*,*,#9263,.F.);
#9266=ORIENTED_EDGE('',*,*,#9265,.T.);
#9268=ORIENTED_EDGE('',*,*,#9267,.T.);
#9270=ORIENTED_EDGE('',*,*,#9269,.F.);
#9271=EDGE_LOOP('',(#9264,#9266,#9268,#9270));
#9272=FACE_OUTER_BOUND('',#9271,.F.);
#9273=ADVANCED_FACE('',(#9272),#9262,.F.);
#9274=CARTESIAN_POINT('',(-2.936533064088E1,-4.249950541497E0,
-3.524359397114E1));
#9275=DIRECTION('',(-6.059272674184E-4,2.756827632641E-6,9.999998164223E-1));
#9276=DIRECTION('',(1.565437722213E-9,9.999999999962E-1,-2.756827190181E-6));
#9277=AXIS2_PLACEMENT_3D('',#9274,#9275,#9276);
#9278=PLANE('',#9277);
#9280=ORIENTED_EDGE('',*,*,#9279,.F.);
#9282=ORIENTED_EDGE('',*,*,#9281,.T.);
#9284=ORIENTED_EDGE('',*,*,#9283,.T.);
#9286=ORIENTED_EDGE('',*,*,#9285,.F.);
#9287=EDGE_LOOP('',(#9280,#9282,#9284,#9286));
#9288=FACE_OUTER_BOUND('',#9287,.F.);
#9289=ADVANCED_FACE('',(#9288),#9278,.F.);
#9290=CARTESIAN_POINT('',(-2.936533064088E1,-4.249950541497E0,
-3.524359397114E1));
#9291=DIRECTION('',(-6.059272674184E-4,2.756827632641E-6,9.999998164223E-1));
#9292=DIRECTION('',(1.565437722213E-9,9.999999999962E-1,-2.756827190181E-6));
#9293=AXIS2_PLACEMENT_3D('',#9290,#9291,#9292);
#9294=PLANE('',#9293);
#9296=ORIENTED_EDGE('',*,*,#9295,.F.);
#9298=ORIENTED_EDGE('',*,*,#9297,.T.);
#9300=ORIENTED_EDGE('',*,*,#9299,.T.);
#9302=ORIENTED_EDGE('',*,*,#9301,.F.);
#9303=EDGE_LOOP('',(#9296,#9298,#9300,#9302));
#9304=FACE_OUTER_BOUND('',#9303,.F.);
#9305=ADVANCED_FACE('',(#9304),#9294,.F.);
#9306=CARTESIAN_POINT('',(-2.936533064088E1,-4.249950541497E0,
-3.524359397114E1));
#9307=DIRECTION('',(-6.059272674184E-4,2.756827632641E-6,9.999998164223E-1));
#9308=DIRECTION('',(1.565437722213E-9,9.999999999962E-1,-2.756827190181E-6));
#9309=AXIS2_PLACEMENT_3D('',#9306,#9307,#9308);
#9310=PLANE('',#9309);
#9312=ORIENTED_EDGE('',*,*,#9311,.F.);
#9314=ORIENTED_EDGE('',*,*,#9313,.T.);
#9316=ORIENTED_EDGE('',*,*,#9315,.T.);
#9318=ORIENTED_EDGE('',*,*,#9317,.F.);
#9319=EDGE_LOOP('',(#9312,#9314,#9316,#9318));
#9320=FACE_OUTER_BOUND('',#9319,.F.);
#9321=ADVANCED_FACE('',(#9320),#9310,.F.);
#9322=CARTESIAN_POINT('',(5.009998752250E1,1.777365309188E1,-3.019550355661E1));
#9323=DIRECTION('',(-1.565437824913E-9,-9.999999999962E-1,2.756827190161E-6));
#9324=DIRECTION('',(6.059272674179E-4,-2.756827632621E-6,-9.999998164223E-1));
#9325=AXIS2_PLACEMENT_3D('',#9322,#9323,#9324);
#9326=CYLINDRICAL_SURFACE('',#9325,5.E0);
#9328=ORIENTED_EDGE('',*,*,#9327,.F.);
#9330=ORIENTED_EDGE('',*,*,#9329,.F.);
#9332=ORIENTED_EDGE('',*,*,#9331,.T.);
#9333=ORIENTED_EDGE('',*,*,#9234,.T.);
#9334=EDGE_LOOP('',(#9328,#9330,#9332,#9333));
#9335=FACE_OUTER_BOUND('',#9334,.F.);
#9336=ADVANCED_FACE('',(#9335),#9326,.T.);
#9337=CARTESIAN_POINT('',(5.009998748137E1,-8.499962686083E0,
-3.019543112479E1));
#9338=DIRECTION('',(-1.565437824913E-9,-9.999999999962E-1,2.756827190161E-6));
#9339=DIRECTION('',(9.995447291846E-1,8.161356943346E-8,3.017174769852E-2));
#9340=AXIS2_PLACEMENT_3D('',#9337,#9338,#9339);
#9341=TOROIDAL_SURFACE('',#9340,4.5E0,5.E-1);
#9342=ORIENTED_EDGE('',*,*,#9327,.T.);
#9343=ORIENTED_EDGE('',*,*,#9203,.T.);
#9344=ORIENTED_EDGE('',*,*,#7525,.F.);
#9346=ORIENTED_EDGE('',*,*,#9345,.F.);
#9347=EDGE_LOOP('',(#9342,#9343,#9344,#9346));
#9348=FACE_OUTER_BOUND('',#9347,.F.);
#9349=ADVANCED_FACE('',(#9348),#9341,.T.);
#9350=CARTESIAN_POINT('',(5.457201913834E1,-8.499954343546E0,1.596384487707E1));
#9351=DIRECTION('',(6.059272676099E-4,-1.732869894011E-7,-9.999998164260E-1));
#9352=DIRECTION('',(9.999998164261E-1,1.049969000632E-10,6.059272676099E-4));
#9353=AXIS2_PLACEMENT_3D('',#9350,#9351,#9352);
#9354=CYLINDRICAL_SURFACE('',#9353,5.E-1);
#9356=ORIENTED_EDGE('',*,*,#9355,.T.);
#9357=ORIENTED_EDGE('',*,*,#9345,.T.);
#9358=ORIENTED_EDGE('',*,*,#7523,.F.);
#9360=ORIENTED_EDGE('',*,*,#9359,.F.);
#9361=EDGE_LOOP('',(#9356,#9357,#9358,#9360));
#9362=FACE_OUTER_BOUND('',#9361,.F.);
#9363=ADVANCED_FACE('',(#9362),#9354,.T.);
#9364=CARTESIAN_POINT('',(5.507211389226E1,-3.891715150594E0,1.580761721126E1));
#9365=DIRECTION('',(9.999998164261E-1,1.049993312910E-10,6.059272676099E-4));
#9366=DIRECTION('',(0.E0,1.E0,-1.732870212380E-7));
#9367=AXIS2_PLACEMENT_3D('',#9364,#9365,#9366);
#9368=PLANE('',#9367);
#9369=ORIENTED_EDGE('',*,*,#9355,.F.);
#9371=ORIENTED_EDGE('',*,*,#9370,.T.);
#9373=ORIENTED_EDGE('',*,*,#9372,.F.);
#9374=ORIENTED_EDGE('',*,*,#9329,.T.);
#9375=EDGE_LOOP('',(#9369,#9371,#9373,#9374));
#9376=FACE_OUTER_BOUND('',#9375,.F.);
#9377=ADVANCED_FACE('',(#9376),#9368,.T.);
#9378=CARTESIAN_POINT('',(5.007211482042E1,-2.587355169906E1,1.580457439823E1));
#9379=DIRECTION('',(-1.565437663497E-9,9.999999999971E-1,2.410253155153E-6));
#9380=DIRECTION('',(-6.059272674179E-4,-2.410253661235E-6,9.999998164232E-1));
#9381=AXIS2_PLACEMENT_3D('',#9378,#9379,#9380);
#9382=CYLINDRICAL_SURFACE('',#9381,5.E0);
#9384=ORIENTED_EDGE('',*,*,#9383,.F.);
#9386=ORIENTED_EDGE('',*,*,#9385,.T.);
#9388=ORIENTED_EDGE('',*,*,#9387,.T.);
#9389=ORIENTED_EDGE('',*,*,#9370,.F.);
#9390=EDGE_LOOP('',(#9384,#9386,#9388,#9389));
#9391=FACE_OUTER_BOUND('',#9390,.F.);
#9392=ADVANCED_FACE('',(#9391),#9382,.T.);
#9393=CARTESIAN_POINT('',(5.007211479323E1,-8.499942751246E0,1.580461627302E1));
#9394=DIRECTION('',(-1.565437663497E-9,9.999999999971E-1,2.410253155153E-6));
#9395=DIRECTION('',(-3.283682335043E-2,-2.409004773243E-6,9.994607261051E-1));
#9396=AXIS2_PLACEMENT_3D('',#9393,#9394,#9395);
#9397=TOROIDAL_SURFACE('',#9396,4.5E0,5.E-1);
#9398=ORIENTED_EDGE('',*,*,#9383,.T.);
#9399=ORIENTED_EDGE('',*,*,#9359,.T.);
#9400=ORIENTED_EDGE('',*,*,#7521,.F.);
#9402=ORIENTED_EDGE('',*,*,#9401,.F.);
#9403=EDGE_LOOP('',(#9398,#9399,#9400,#9402));
#9404=FACE_OUTER_BOUND('',#9403,.F.);
#9405=ADVANCED_FACE('',(#9404),#9397,.T.);
#9406=CARTESIAN_POINT('',(-4.019177930988E1,-8.499953600825E0,
2.024992373435E1));
#9407=DIRECTION('',(9.999998164261E-1,1.049993501712E-10,6.059272674204E-4));
#9408=DIRECTION('',(-6.059272674184E-4,-2.410253664209E-6,9.999998164232E-1));
#9409=AXIS2_PLACEMENT_3D('',#9406,#9407,#9408);
#9410=CYLINDRICAL_SURFACE('',#9409,5.E-1);
#9412=ORIENTED_EDGE('',*,*,#9411,.T.);
#9413=ORIENTED_EDGE('',*,*,#9401,.T.);
#9414=ORIENTED_EDGE('',*,*,#7519,.F.);
#9416=ORIENTED_EDGE('',*,*,#9415,.F.);
#9417=EDGE_LOOP('',(#9412,#9413,#9414,#9416));
#9418=FACE_OUTER_BOUND('',#9417,.F.);
#9419=ADVANCED_FACE('',(#9418),#9410,.T.);
#9420=CARTESIAN_POINT('',(-1.235965268426E1,-4.249940849245E0,
2.076679831728E1));
#9421=DIRECTION('',(-6.059272674184E-4,-2.410253661181E-6,9.999998164232E-1));
#9422=DIRECTION('',(9.999998164261E-1,1.049993312582E-10,6.059272674204E-4));
#9423=AXIS2_PLACEMENT_3D('',#9420,#9421,#9422);
#9424=PLANE('',#9423);
#9425=ORIENTED_EDGE('',*,*,#9411,.F.);
#9427=ORIENTED_EDGE('',*,*,#9426,.F.);
#9429=ORIENTED_EDGE('',*,*,#9428,.T.);
#9431=ORIENTED_EDGE('',*,*,#9430,.T.);
#9433=ORIENTED_EDGE('',*,*,#9432,.T.);
#9435=ORIENTED_EDGE('',*,*,#9434,.T.);
#9437=ORIENTED_EDGE('',*,*,#9436,.T.);
#9439=ORIENTED_EDGE('',*,*,#9438,.F.);
#9441=ORIENTED_EDGE('',*,*,#9440,.F.);
#9443=ORIENTED_EDGE('',*,*,#9442,.F.);
#9445=ORIENTED_EDGE('',*,*,#9444,.F.);
#9447=ORIENTED_EDGE('',*,*,#9446,.T.);
#9449=ORIENTED_EDGE('',*,*,#9448,.F.);
#9451=ORIENTED_EDGE('',*,*,#9450,.T.);
#9453=ORIENTED_EDGE('',*,*,#9452,.T.);
#9455=ORIENTED_EDGE('',*,*,#9454,.T.);
#9457=ORIENTED_EDGE('',*,*,#9456,.T.);
#9458=ORIENTED_EDGE('',*,*,#9385,.F.);
#9459=EDGE_LOOP('',(#9425,#9427,#9429,#9431,#9433,#9435,#9437,#9439,#9441,#9443,
#9445,#9447,#9449,#9451,#9453,#9455,#9457,#9458));
#9460=FACE_OUTER_BOUND('',#9459,.F.);
#9462=ORIENTED_EDGE('',*,*,#9461,.T.);
#9464=ORIENTED_EDGE('',*,*,#9463,.T.);
#9466=ORIENTED_EDGE('',*,*,#9465,.T.);
#9468=ORIENTED_EDGE('',*,*,#9467,.T.);
#9470=ORIENTED_EDGE('',*,*,#9469,.T.);
#9472=ORIENTED_EDGE('',*,*,#9471,.T.);
#9474=ORIENTED_EDGE('',*,*,#9473,.T.);
#9476=ORIENTED_EDGE('',*,*,#9475,.T.);
#9477=EDGE_LOOP('',(#9462,#9464,#9466,#9468,#9470,#9472,#9474,#9476));
#9478=FACE_BOUND('',#9477,.F.);
#9479=ADVANCED_FACE('',(#9460,#9478),#9424,.T.);
#9480=CARTESIAN_POINT('',(-1.854016405251E1,-5.199953563899E0,
2.046301459846E1));
#9481=DIRECTION('',(6.059272674204E-4,-1.732869894271E-7,-9.999998164260E-1));
#9482=DIRECTION('',(-1.134872567696E-1,-9.935394495670E-1,-6.859286851401E-5));
#9483=AXIS2_PLACEMENT_3D('',#9480,#9481,#9482);
#9484=TOROIDAL_SURFACE('',#9483,1.6E0,3.E-1);
#9486=ORIENTED_EDGE('',*,*,#9485,.T.);
#9488=ORIENTED_EDGE('',*,*,#9487,.T.);
#9489=ORIENTED_EDGE('',*,*,#9461,.F.);
#9491=ORIENTED_EDGE('',*,*,#9490,.F.);
#9492=EDGE_LOOP('',(#9486,#9488,#9489,#9491));
#9493=FACE_OUTER_BOUND('',#9492,.F.);
#9494=ADVANCED_FACE('',(#9493),#9484,.T.);
#9495=CARTESIAN_POINT('',(-1.853965421237E1,-5.199953709706E0,
1.962159339670E1));
#9496=DIRECTION('',(6.059272674204E-4,-1.732869894271E-7,-9.999998164260E-1));
#9497=DIRECTION('',(9.999998164261E-1,1.049384275951E-10,6.059272674204E-4));
#9498=AXIS2_PLACEMENT_3D('',#9495,#9496,#9497);
#9499=CYLINDRICAL_SURFACE('',#9498,1.3E0);
#9500=ORIENTED_EDGE('',*,*,#9485,.F.);
#9502=ORIENTED_EDGE('',*,*,#9501,.T.);
#9504=ORIENTED_EDGE('',*,*,#9503,.T.);
#9506=ORIENTED_EDGE('',*,*,#9505,.F.);
#9507=EDGE_LOOP('',(#9500,#9502,#9504,#9506));
#9508=FACE_OUTER_BOUND('',#9507,.F.);
#9509=ADVANCED_FACE('',(#9508),#9499,.F.);
#9510=CARTESIAN_POINT('',(-2.353965329450E1,-6.499953710231E0,
1.961856398548E1));
#9511=DIRECTION('',(0.E0,-1.E0,1.732870212380E-7));
#9512=DIRECTION('',(-6.059272674204E-4,1.732869894271E-7,9.999998164260E-1));
#9513=AXIS2_PLACEMENT_3D('',#9510,#9511,#9512);
#9514=PLANE('',#9513);
#9516=ORIENTED_EDGE('',*,*,#9515,.F.);
#9518=ORIENTED_EDGE('',*,*,#9517,.F.);
#9520=ORIENTED_EDGE('',*,*,#9519,.F.);
#9521=ORIENTED_EDGE('',*,*,#9501,.F.);
#9522=EDGE_LOOP('',(#9516,#9518,#9520,#9521));
#9523=FACE_OUTER_BOUND('',#9522,.F.);
#9524=ADVANCED_FACE('',(#9523),#9514,.F.);
#9525=CARTESIAN_POINT('',(-2.869664218805E1,-6.799953564965E0,
2.045686078755E1));
#9526=DIRECTION('',(9.999998164261E-1,1.049993227025E-10,6.059272674203E-4));
#9527=DIRECTION('',(0.E0,1.E0,-1.732870321310E-7));
#9528=AXIS2_PLACEMENT_3D('',#9525,#9526,#9527);
#9529=CYLINDRICAL_SURFACE('',#9528,3.E-1);
#9530=ORIENTED_EDGE('',*,*,#9515,.T.);
#9531=ORIENTED_EDGE('',*,*,#9490,.T.);
#9532=ORIENTED_EDGE('',*,*,#9475,.F.);
#9534=ORIENTED_EDGE('',*,*,#9533,.F.);
#9535=EDGE_LOOP('',(#9530,#9531,#9532,#9534));
#9536=FACE_OUTER_BOUND('',#9535,.F.);
#9537=ADVANCED_FACE('',(#9536),#9529,.T.);
#9538=CARTESIAN_POINT('',(-2.854016221677E1,-5.199953564949E0,
2.045695532572E1));
#9539=DIRECTION('',(6.059272674204E-4,-1.732869894271E-7,-9.999998164260E-1));
#9540=DIRECTION('',(-9.935392671672E-1,1.134872774986E-1,-6.020323096156E-4));
#9541=AXIS2_PLACEMENT_3D('',#9538,#9539,#9540);
#9542=TOROIDAL_SURFACE('',#9541,1.6E0,3.E-1);
#9544=ORIENTED_EDGE('',*,*,#9543,.T.);
#9545=ORIENTED_EDGE('',*,*,#9533,.T.);
#9546=ORIENTED_EDGE('',*,*,#9473,.F.);
#9548=ORIENTED_EDGE('',*,*,#9547,.F.);
#9549=EDGE_LOOP('',(#9544,#9545,#9546,#9548));
#9550=FACE_OUTER_BOUND('',#9549,.F.);
#9551=ADVANCED_FACE('',(#9550),#9542,.T.);
#9552=CARTESIAN_POINT('',(-2.853965237663E1,-5.199953710756E0,
1.961553412387E1));
#9553=DIRECTION('',(6.059272674204E-4,-1.732869894271E-7,-9.999998164260E-1));
#9554=DIRECTION('',(-1.218073037696E-13,-1.E0,1.732870211642E-7));
#9555=AXIS2_PLACEMENT_3D('',#9552,#9553,#9554);
#9556=CYLINDRICAL_SURFACE('',#9555,1.3E0);
#9557=ORIENTED_EDGE('',*,*,#9543,.F.);
#9559=ORIENTED_EDGE('',*,*,#9558,.T.);
#9561=ORIENTED_EDGE('',*,*,#9560,.T.);
#9562=ORIENTED_EDGE('',*,*,#9517,.T.);
#9563=EDGE_LOOP('',(#9557,#9559,#9561,#9562));
#9564=FACE_OUTER_BOUND('',#9563,.F.);
#9565=ADVANCED_FACE('',(#9564),#9556,.F.);
#9566=CARTESIAN_POINT('',(-2.983965213799E1,-4.199953710893E0,
1.961474624525E1));
#9567=DIRECTION('',(9.999998164261E-1,1.049993312582E-10,6.059272674204E-4));
#9568=DIRECTION('',(6.059272674204E-4,-1.732869894271E-7,-9.999998164260E-1));
#9569=AXIS2_PLACEMENT_3D('',#9566,#9567,#9568);
#9570=PLANE('',#9569);
#9572=ORIENTED_EDGE('',*,*,#9571,.F.);
#9574=ORIENTED_EDGE('',*,*,#9573,.T.);
#9576=ORIENTED_EDGE('',*,*,#9575,.F.);
#9577=ORIENTED_EDGE('',*,*,#9558,.F.);
#9578=EDGE_LOOP('',(#9572,#9574,#9576,#9577));
#9579=FACE_OUTER_BOUND('',#9578,.F.);
#9580=ADVANCED_FACE('',(#9579),#9570,.T.);
#9581=CARTESIAN_POINT('',(-3.014016192306E1,-3.043473565117E0,
2.045598546832E1));
#9582=DIRECTION('',(-2.463650719236E-14,-1.E0,1.733260243562E-7));
#9583=DIRECTION('',(9.999998164261E-1,1.049983278090E-10,6.059272674245E-4));
#9584=AXIS2_PLACEMENT_3D('',#9581,#9582,#9583);
#9585=CYLINDRICAL_SURFACE('',#9584,3.E-1);
#9586=ORIENTED_EDGE('',*,*,#9571,.T.);
#9587=ORIENTED_EDGE('',*,*,#9547,.T.);
#9588=ORIENTED_EDGE('',*,*,#9471,.F.);
#9590=ORIENTED_EDGE('',*,*,#9589,.F.);
#9591=EDGE_LOOP('',(#9586,#9587,#9588,#9590));
#9592=FACE_OUTER_BOUND('',#9591,.F.);
#9593=ADVANCED_FACE('',(#9592),#9585,.T.);
#9594=CARTESIAN_POINT('',(-2.854016221678E1,-3.199953564949E0,
2.045695497901E1));
#9595=DIRECTION('',(6.059272674204E-4,-1.732869894271E-7,-9.999998164260E-1));
#9596=DIRECTION('',(1.134872567696E-1,9.935394495670E-1,6.859286851402E-5));
#9597=AXIS2_PLACEMENT_3D('',#9594,#9595,#9596);
#9598=TOROIDAL_SURFACE('',#9597,1.6E0,3.E-1);
#9600=ORIENTED_EDGE('',*,*,#9599,.T.);
#9601=ORIENTED_EDGE('',*,*,#9589,.T.);
#9602=ORIENTED_EDGE('',*,*,#9469,.F.);
#9604=ORIENTED_EDGE('',*,*,#9603,.F.);
#9605=EDGE_LOOP('',(#9600,#9601,#9602,#9604));
#9606=FACE_OUTER_BOUND('',#9605,.F.);
#9607=ADVANCED_FACE('',(#9606),#9598,.T.);
#9608=CARTESIAN_POINT('',(-2.853965237663E1,-3.199953710756E0,
1.961553377741E1));
#9609=DIRECTION('',(6.059272674204E-4,-1.732869894271E-7,-9.999998164260E-1));
#9610=DIRECTION('',(-9.999998164261E-1,-1.050703855318E-10,-6.059272674204E-4));
#9611=AXIS2_PLACEMENT_3D('',#9608,#9609,#9610);
#9612=CYLINDRICAL_SURFACE('',#9611,1.3E0);
#9613=ORIENTED_EDGE('',*,*,#9599,.F.);
#9615=ORIENTED_EDGE('',*,*,#9614,.T.);
#9617=ORIENTED_EDGE('',*,*,#9616,.T.);
#9618=ORIENTED_EDGE('',*,*,#9573,.F.);
#9619=EDGE_LOOP('',(#9613,#9615,#9617,#9618));
#9620=FACE_OUTER_BOUND('',#9619,.F.);
#9621=ADVANCED_FACE('',(#9620),#9612,.F.);
#9622=CARTESIAN_POINT('',(-2.353965330245E1,-1.899953710231E0,
1.961856318844E1));
#9623=DIRECTION('',(0.E0,-1.E0,1.732870212380E-7));
#9624=DIRECTION('',(6.059272674204E-4,-1.732869894271E-7,-9.999998164260E-1));
#9625=AXIS2_PLACEMENT_3D('',#9622,#9623,#9624);
#9626=PLANE('',#9625);
#9628=ORIENTED_EDGE('',*,*,#9627,.F.);
#9630=ORIENTED_EDGE('',*,*,#9629,.T.);
#9632=ORIENTED_EDGE('',*,*,#9631,.F.);
#9633=ORIENTED_EDGE('',*,*,#9614,.F.);
#9634=EDGE_LOOP('',(#9628,#9630,#9632,#9633));
#9635=FACE_OUTER_BOUND('',#9634,.F.);
#9636=ADVANCED_FACE('',(#9635),#9626,.T.);
#9637=CARTESIAN_POINT('',(-1.838368408124E1,-1.599953563882E0,
2.046310878992E1));
#9638=DIRECTION('',(-9.999998164261E-1,-1.049993442450E-10,-6.059272674206E-4));
#9639=DIRECTION('',(0.E0,-1.E0,1.732870202886E-7));
#9640=AXIS2_PLACEMENT_3D('',#9637,#9638,#9639);
#9641=CYLINDRICAL_SURFACE('',#9640,3.E-1);
#9642=ORIENTED_EDGE('',*,*,#9627,.T.);
#9643=ORIENTED_EDGE('',*,*,#9603,.T.);
#9644=ORIENTED_EDGE('',*,*,#9467,.F.);
#9646=ORIENTED_EDGE('',*,*,#9645,.F.);
#9647=EDGE_LOOP('',(#9642,#9643,#9644,#9646));
#9648=FACE_OUTER_BOUND('',#9647,.F.);
#9649=ADVANCED_FACE('',(#9648),#9641,.T.);
#9650=CARTESIAN_POINT('',(-1.854016405251E1,-3.199953563899E0,
2.046301425175E1));
#9651=DIRECTION('',(6.059272674204E-4,-1.732869894271E-7,-9.999998164260E-1));
#9652=DIRECTION('',(9.935392671672E-1,-1.134872774986E-1,6.020323096156E-4));
#9653=AXIS2_PLACEMENT_3D('',#9650,#9651,#9652);
#9654=TOROIDAL_SURFACE('',#9653,1.6E0,3.E-1);
#9656=ORIENTED_EDGE('',*,*,#9655,.T.);
#9657=ORIENTED_EDGE('',*,*,#9645,.T.);
#9658=ORIENTED_EDGE('',*,*,#9465,.F.);
#9660=ORIENTED_EDGE('',*,*,#9659,.F.);
#9661=EDGE_LOOP('',(#9656,#9657,#9658,#9660));
#9662=FACE_OUTER_BOUND('',#9661,.F.);
#9663=ADVANCED_FACE('',(#9662),#9654,.T.);
#9664=CARTESIAN_POINT('',(-1.853965421237E1,-3.199953709706E0,
1.962159305006E1));
#9665=DIRECTION('',(6.059272674204E-4,-1.732869894271E-7,-9.999998164260E-1));
#9666=DIRECTION('',(-4.060243458989E-14,1.E0,-1.732870212626E-7));
#9667=AXIS2_PLACEMENT_3D('',#9664,#9665,#9666);
#9668=CYLINDRICAL_SURFACE('',#9667,1.3E0);
#9669=ORIENTED_EDGE('',*,*,#9655,.F.);
#9671=ORIENTED_EDGE('',*,*,#9670,.T.);
#9673=ORIENTED_EDGE('',*,*,#9672,.T.);
#9674=ORIENTED_EDGE('',*,*,#9629,.F.);
#9675=EDGE_LOOP('',(#9669,#9671,#9673,#9674));
#9676=FACE_OUTER_BOUND('',#9675,.F.);
#9677=ADVANCED_FACE('',(#9676),#9668,.F.);
#9678=CARTESIAN_POINT('',(-1.723965445102E1,-4.199953709570E0,
1.962238092886E1));
#9679=DIRECTION('',(9.999998164261E-1,1.049993312582E-10,6.059272674204E-4));
#9680=DIRECTION('',(-6.059272674204E-4,1.732869894271E-7,9.999998164260E-1));
#9681=AXIS2_PLACEMENT_3D('',#9678,#9679,#9680);
#9682=PLANE('',#9681);
#9684=ORIENTED_EDGE('',*,*,#9683,.F.);
#9685=ORIENTED_EDGE('',*,*,#9505,.T.);
#9687=ORIENTED_EDGE('',*,*,#9686,.F.);
#9688=ORIENTED_EDGE('',*,*,#9670,.F.);
#9689=EDGE_LOOP('',(#9684,#9685,#9687,#9688));
#9690=FACE_OUTER_BOUND('',#9689,.F.);
#9691=ADVANCED_FACE('',(#9690),#9682,.F.);
#9692=CARTESIAN_POINT('',(-1.694016434623E1,-5.356433563731E0,
2.046398410915E1));
#9693=DIRECTION('',(2.309672549283E-14,1.E0,-1.733260228164E-7));
#9694=DIRECTION('',(-9.999998164261E-1,-1.049998666575E-10,-6.059272674245E-4));
#9695=AXIS2_PLACEMENT_3D('',#9692,#9693,#9694);
#9696=CYLINDRICAL_SURFACE('',#9695,3.E-1);
#9697=ORIENTED_EDGE('',*,*,#9683,.T.);
#9698=ORIENTED_EDGE('',*,*,#9659,.T.);
#9699=ORIENTED_EDGE('',*,*,#9463,.F.);
#9700=ORIENTED_EDGE('',*,*,#9487,.F.);
#9701=EDGE_LOOP('',(#9697,#9698,#9699,#9700));
#9702=FACE_OUTER_BOUND('',#9701,.F.);
#9703=ADVANCED_FACE('',(#9702),#9696,.T.);
#9704=CARTESIAN_POINT('',(-5.203771482785E0,1.000046142969E0,1.877109409713E1));
#9705=DIRECTION('',(-6.059272674204E-4,1.732869894271E-7,9.999998164260E-1));
#9706=DIRECTION('',(9.999998164261E-1,1.049993312582E-10,6.059272674204E-4));
#9707=AXIS2_PLACEMENT_3D('',#9704,#9705,#9706);
#9708=PLANE('',#9707);
#9709=ORIENTED_EDGE('',*,*,#6186,.F.);
#9711=ORIENTED_EDGE('',*,*,#9710,.F.);
#9713=ORIENTED_EDGE('',*,*,#9712,.F.);
#9715=ORIENTED_EDGE('',*,*,#9714,.T.);
#9716=EDGE_LOOP('',(#9709,#9711,#9713,#9715));
#9717=FACE_OUTER_BOUND('',#9716,.F.);
#9718=ADVANCED_FACE('',(#9717),#9708,.F.);
#9719=CARTESIAN_POINT('',(-5.203771482785E0,1.000046142969E0,1.877109409713E1));
#9720=DIRECTION('',(-6.059272674204E-4,1.732869894271E-7,9.999998164260E-1));
#9721=DIRECTION('',(9.999998164261E-1,1.049993312582E-10,6.059272674204E-4));
#9722=AXIS2_PLACEMENT_3D('',#9719,#9720,#9721);
#9723=PLANE('',#9722);
#9725=ORIENTED_EDGE('',*,*,#9724,.F.);
#9726=ORIENTED_EDGE('',*,*,#6178,.F.);
#9728=ORIENTED_EDGE('',*,*,#9727,.T.);
#9730=ORIENTED_EDGE('',*,*,#9729,.T.);
#9732=ORIENTED_EDGE('',*,*,#9731,.T.);
#9734=ORIENTED_EDGE('',*,*,#9733,.T.);
#9736=ORIENTED_EDGE('',*,*,#9735,.T.);
#9738=ORIENTED_EDGE('',*,*,#9737,.F.);
#9740=ORIENTED_EDGE('',*,*,#9739,.F.);
#9742=ORIENTED_EDGE('',*,*,#9741,.F.);
#9743=EDGE_LOOP('',(#9725,#9726,#9728,#9730,#9732,#9734,#9736,#9738,#9740,
#9742));
#9744=FACE_OUTER_BOUND('',#9743,.F.);
#9745=ADVANCED_FACE('',(#9744),#9723,.F.);
#9746=CARTESIAN_POINT('',(-5.203771482785E0,1.000046142969E0,1.877109409713E1));
#9747=DIRECTION('',(-6.059272674204E-4,1.732869894271E-7,9.999998164260E-1));
#9748=DIRECTION('',(9.999998164261E-1,1.049993312582E-10,6.059272674204E-4));
#9749=AXIS2_PLACEMENT_3D('',#9746,#9747,#9748);
#9750=PLANE('',#9749);
#9752=ORIENTED_EDGE('',*,*,#9751,.T.);
#9754=ORIENTED_EDGE('',*,*,#9753,.F.);
#9755=ORIENTED_EDGE('',*,*,#6194,.F.);
#9757=ORIENTED_EDGE('',*,*,#9756,.T.);
#9759=ORIENTED_EDGE('',*,*,#9758,.F.);
#9761=ORIENTED_EDGE('',*,*,#9760,.T.);
#9762=EDGE_LOOP('',(#9752,#9754,#9755,#9757,#9759,#9761));
#9763=FACE_OUTER_BOUND('',#9762,.F.);
#9764=ORIENTED_EDGE('',*,*,#9503,.F.);
#9765=ORIENTED_EDGE('',*,*,#9519,.T.);
#9766=ORIENTED_EDGE('',*,*,#9560,.F.);
#9767=ORIENTED_EDGE('',*,*,#9575,.T.);
#9768=ORIENTED_EDGE('',*,*,#9616,.F.);
#9769=ORIENTED_EDGE('',*,*,#9631,.T.);
#9770=ORIENTED_EDGE('',*,*,#9672,.F.);
#9771=ORIENTED_EDGE('',*,*,#9686,.T.);
#9772=EDGE_LOOP('',(#9764,#9765,#9766,#9767,#9768,#9769,#9770,#9771));
#9773=FACE_BOUND('',#9772,.F.);
#9774=ADVANCED_FACE('',(#9763,#9773),#9750,.F.);
#9775=CARTESIAN_POINT('',(2.057151429817E1,2.000046006990E0,1.798671172833E1));
#9776=DIRECTION('',(-9.999992657043E-1,-2.099986239662E-10,-1.211854312377E-3));
#9777=DIRECTION('',(-1.211854312377E-3,1.732868939941E-7,9.999992657043E-1));
#9778=AXIS2_PLACEMENT_3D('',#9775,#9776,#9777);
#9779=PLANE('',#9778);
#9780=ORIENTED_EDGE('',*,*,#9710,.T.);
#9781=ORIENTED_EDGE('',*,*,#6184,.F.);
#9783=ORIENTED_EDGE('',*,*,#9782,.T.);
#9785=ORIENTED_EDGE('',*,*,#9784,.F.);
#9787=ORIENTED_EDGE('',*,*,#9786,.T.);
#9788=EDGE_LOOP('',(#9780,#9781,#9783,#9785,#9787));
#9789=FACE_OUTER_BOUND('',#9788,.F.);
#9790=ADVANCED_FACE('',(#9789),#9779,.T.);
#9791=CARTESIAN_POINT('',(2.157151411459E1,2.000046007095E0,1.798731765560E1));
#9792=DIRECTION('',(6.059272674186E-4,-1.732869894271E-7,-9.999998164260E-1));
#9793=DIRECTION('',(-9.999998164261E-1,-1.049993312579E-10,-6.059272674186E-4));
#9794=AXIS2_PLACEMENT_3D('',#9791,#9792,#9793);
#9795=PLANE('',#9794);
#9796=ORIENTED_EDGE('',*,*,#9782,.F.);
#9797=ORIENTED_EDGE('',*,*,#6182,.F.);
#9799=ORIENTED_EDGE('',*,*,#9798,.T.);
#9801=ORIENTED_EDGE('',*,*,#9800,.T.);
#9802=EDGE_LOOP('',(#9796,#9797,#9799,#9801));
#9803=FACE_OUTER_BOUND('',#9802,.F.);
#9804=ADVANCED_FACE('',(#9803),#9795,.T.);
#9805=CARTESIAN_POINT('',(2.157005988942E1,2.000046215040E0,1.918731677444E1));
#9806=DIRECTION('',(9.999992657043E-1,2.099986239665E-10,1.211854312378E-3));
#9807=DIRECTION('',(1.211854312378E-3,-1.732868939941E-7,-9.999992657043E-1));
#9808=AXIS2_PLACEMENT_3D('',#9805,#9806,#9807);
#9809=PLANE('',#9808);
#9810=ORIENTED_EDGE('',*,*,#9798,.F.);
#9811=ORIENTED_EDGE('',*,*,#6180,.F.);
#9812=ORIENTED_EDGE('',*,*,#9724,.T.);
#9814=ORIENTED_EDGE('',*,*,#9813,.T.);
#9816=ORIENTED_EDGE('',*,*,#9815,.F.);
#9817=EDGE_LOOP('',(#9810,#9811,#9812,#9814,#9816));
#9818=FACE_OUTER_BOUND('',#9817,.F.);
#9819=ADVANCED_FACE('',(#9818),#9809,.T.);
#9820=CARTESIAN_POINT('',(5.045593672846E0,2.000038911855E0,-2.295770336665E1));
#9821=DIRECTION('',(0.E0,-1.E0,1.732870212380E-7));
#9822=DIRECTION('',(-9.999998164261E-1,-1.049993312582E-10,-6.059272674204E-4));
#9823=AXIS2_PLACEMENT_3D('',#9820,#9821,#9822);
#9824=PLANE('',#9823);
#9826=ORIENTED_EDGE('',*,*,#9825,.F.);
#9828=ORIENTED_EDGE('',*,*,#9827,.T.);
#9830=ORIENTED_EDGE('',*,*,#9829,.F.);
#9832=ORIENTED_EDGE('',*,*,#9831,.T.);
#9834=ORIENTED_EDGE('',*,*,#9833,.F.);
#9836=ORIENTED_EDGE('',*,*,#9835,.T.);
#9838=ORIENTED_EDGE('',*,*,#9837,.T.);
#9840=ORIENTED_EDGE('',*,*,#9839,.F.);
#9842=ORIENTED_EDGE('',*,*,#9841,.F.);
#9844=ORIENTED_EDGE('',*,*,#9843,.F.);
#9846=ORIENTED_EDGE('',*,*,#9845,.F.);
#9848=ORIENTED_EDGE('',*,*,#9847,.F.);
#9850=ORIENTED_EDGE('',*,*,#9849,.F.);
#9851=ORIENTED_EDGE('',*,*,#6044,.F.);
#9852=ORIENTED_EDGE('',*,*,#6114,.F.);
#9854=ORIENTED_EDGE('',*,*,#9853,.F.);
#9855=ORIENTED_EDGE('',*,*,#6081,.F.);
#9856=ORIENTED_EDGE('',*,*,#6028,.F.);
#9858=ORIENTED_EDGE('',*,*,#9857,.F.);
#9860=ORIENTED_EDGE('',*,*,#9859,.F.);
#9862=ORIENTED_EDGE('',*,*,#9861,.F.);
#9863=ORIENTED_EDGE('',*,*,#6066,.F.);
#9865=ORIENTED_EDGE('',*,*,#9864,.F.);
#9867=ORIENTED_EDGE('',*,*,#9866,.F.);
#9869=ORIENTED_EDGE('',*,*,#9868,.F.);
#9871=ORIENTED_EDGE('',*,*,#9870,.F.);
#9873=ORIENTED_EDGE('',*,*,#9872,.F.);
#9875=ORIENTED_EDGE('',*,*,#9874,.F.);
#9876=EDGE_LOOP('',(#9826,#9828,#9830,#9832,#9834,#9836,#9838,#9840,#9842,#9844,
#9846,#9848,#9850,#9851,#9852,#9854,#9855,#9856,#9858,#9860,#9862,#9863,#9865,
#9867,#9869,#9871,#9873,#9875));
#9877=FACE_OUTER_BOUND('',#9876,.F.);
#9878=ADVANCED_FACE('',(#9877),#9824,.F.);
#9879=CARTESIAN_POINT('',(5.045593672846E0,2.000038911855E0,-2.295770336665E1));
#9880=DIRECTION('',(0.E0,-1.E0,1.732870212380E-7));
#9881=DIRECTION('',(-9.999998164261E-1,-1.049993312582E-10,-6.059272674204E-4));
#9882=AXIS2_PLACEMENT_3D('',#9879,#9880,#9881);
#9883=PLANE('',#9882);
#9885=ORIENTED_EDGE('',*,*,#9884,.T.);
#9887=ORIENTED_EDGE('',*,*,#9886,.F.);
#9889=ORIENTED_EDGE('',*,*,#9888,.T.);
#9891=ORIENTED_EDGE('',*,*,#9890,.T.);
#9893=ORIENTED_EDGE('',*,*,#9892,.F.);
#9895=ORIENTED_EDGE('',*,*,#9894,.F.);
#9897=ORIENTED_EDGE('',*,*,#9896,.F.);
#9899=ORIENTED_EDGE('',*,*,#9898,.F.);
#9901=ORIENTED_EDGE('',*,*,#9900,.F.);
#9903=ORIENTED_EDGE('',*,*,#9902,.F.);
#9904=ORIENTED_EDGE('',*,*,#9758,.T.);
#9906=ORIENTED_EDGE('',*,*,#9905,.F.);
#9908=ORIENTED_EDGE('',*,*,#9907,.F.);
#9910=ORIENTED_EDGE('',*,*,#9909,.F.);
#9911=ORIENTED_EDGE('',*,*,#9712,.T.);
#9912=ORIENTED_EDGE('',*,*,#9786,.F.);
#9914=ORIENTED_EDGE('',*,*,#9913,.F.);
#9915=ORIENTED_EDGE('',*,*,#9813,.F.);
#9916=ORIENTED_EDGE('',*,*,#9741,.T.);
#9918=ORIENTED_EDGE('',*,*,#9917,.F.);
#9919=EDGE_LOOP('',(#9885,#9887,#9889,#9891,#9893,#9895,#9897,#9899,#9901,#9903,
#9904,#9906,#9908,#9910,#9911,#9912,#9914,#9915,#9916,#9918));
#9920=FACE_OUTER_BOUND('',#9919,.F.);
#9921=ADVANCED_FACE('',(#9920),#9883,.F.);
#9922=CARTESIAN_POINT('',(5.045593672846E0,2.000038911855E0,-2.295770336665E1));
#9923=DIRECTION('',(0.E0,-1.E0,1.732870212380E-7));
#9924=DIRECTION('',(-9.999998164261E-1,-1.049993312582E-10,-6.059272674204E-4));
#9925=AXIS2_PLACEMENT_3D('',#9922,#9923,#9924);
#9926=PLANE('',#9925);
#9927=ORIENTED_EDGE('',*,*,#9733,.F.);
#9929=ORIENTED_EDGE('',*,*,#9928,.F.);
#9931=ORIENTED_EDGE('',*,*,#9930,.F.);
#9933=ORIENTED_EDGE('',*,*,#9932,.F.);
#9935=ORIENTED_EDGE('',*,*,#9934,.F.);
#9937=ORIENTED_EDGE('',*,*,#9936,.F.);
#9939=ORIENTED_EDGE('',*,*,#9938,.F.);
#9941=ORIENTED_EDGE('',*,*,#9940,.T.);
#9943=ORIENTED_EDGE('',*,*,#9942,.T.);
#9945=ORIENTED_EDGE('',*,*,#9944,.F.);
#9947=ORIENTED_EDGE('',*,*,#9946,.T.);
#9949=ORIENTED_EDGE('',*,*,#9948,.T.);
#9950=EDGE_LOOP('',(#9927,#9929,#9931,#9933,#9935,#9937,#9939,#9941,#9943,#9945,
#9947,#9949));
#9951=FACE_OUTER_BOUND('',#9950,.F.);
#9952=ADVANCED_FACE('',(#9951),#9926,.F.);
#9953=CARTESIAN_POINT('',(-4.011177458539E1,2.000040275109E0,
-1.509067376581E1));
#9954=DIRECTION('',(1.056598177255E-3,-1.732869245092E-7,-9.999994418E-1));
#9955=DIRECTION('',(-9.999994418E-1,-1.830947507821E-10,-1.056598177255E-3));
#9956=AXIS2_PLACEMENT_3D('',#9953,#9954,#9955);
#9957=PLANE('',#9956);
#9959=ORIENTED_EDGE('',*,*,#9958,.T.);
#9961=ORIENTED_EDGE('',*,*,#9960,.T.);
#9963=ORIENTED_EDGE('',*,*,#9962,.F.);
#9965=ORIENTED_EDGE('',*,*,#9964,.F.);
#9966=ORIENTED_EDGE('',*,*,#9825,.T.);
#9967=EDGE_LOOP('',(#9959,#9961,#9963,#9965,#9966));
#9968=FACE_OUTER_BOUND('',#9967,.F.);
#9969=ADVANCED_FACE('',(#9968),#9957,.F.);
#9970=CARTESIAN_POINT('',(-4.301393177198E1,-2.499958366520E0,
-7.251820280958E0));
#9971=DIRECTION('',(9.999998164261E-1,1.049993312582E-10,6.059272674204E-4));
#9972=DIRECTION('',(0.E0,-1.E0,1.732870212380E-7));
#9973=AXIS2_PLACEMENT_3D('',#9970,#9971,#9972);
#9974=PLANE('',#9973);
#9976=ORIENTED_EDGE('',*,*,#9975,.F.);
#9977=ORIENTED_EDGE('',*,*,#9866,.T.);
#9979=ORIENTED_EDGE('',*,*,#9978,.F.);
#9980=ORIENTED_EDGE('',*,*,#5983,.F.);
#9982=ORIENTED_EDGE('',*,*,#9981,.F.);
#9983=ORIENTED_EDGE('',*,*,#6218,.T.);
#9984=EDGE_LOOP('',(#9976,#9977,#9979,#9980,#9982,#9983));
#9985=FACE_OUTER_BOUND('',#9984,.F.);
#9987=ORIENTED_EDGE('',*,*,#9986,.F.);
#9989=ORIENTED_EDGE('',*,*,#9988,.F.);
#9991=ORIENTED_EDGE('',*,*,#9990,.F.);
#9993=ORIENTED_EDGE('',*,*,#9992,.F.);
#9994=EDGE_LOOP('',(#9987,#9989,#9991,#9993));
#9995=FACE_BOUND('',#9994,.F.);
#9996=ADVANCED_FACE('',(#9985,#9995),#9974,.T.);
#9997=CARTESIAN_POINT('',(-4.301393177198E1,-2.499958366520E0,
-7.251820280958E0));
#9998=DIRECTION('',(9.999998164261E-1,1.049993312582E-10,6.059272674204E-4));
#9999=DIRECTION('',(0.E0,-1.E0,1.732870212380E-7));
#10000=AXIS2_PLACEMENT_3D('',#9997,#9998,#9999);
#10001=PLANE('',#10000);
#10003=ORIENTED_EDGE('',*,*,#10002,.T.);
#10004=ORIENTED_EDGE('',*,*,#6202,.T.);
#10006=ORIENTED_EDGE('',*,*,#10005,.T.);
#10008=ORIENTED_EDGE('',*,*,#10007,.T.);
#10010=ORIENTED_EDGE('',*,*,#10009,.T.);
#10011=ORIENTED_EDGE('',*,*,#9900,.T.);
#10012=EDGE_LOOP('',(#10003,#10004,#10006,#10008,#10010,#10011));
#10013=FACE_OUTER_BOUND('',#10012,.F.);
#10014=ADVANCED_FACE('',(#10013),#10001,.T.);
#10015=CARTESIAN_POINT('',(-4.301393177198E1,-2.499958366520E0,
-7.251820280958E0));
#10016=DIRECTION('',(9.999998164261E-1,1.049993312582E-10,6.059272674204E-4));
#10017=DIRECTION('',(0.E0,-1.E0,1.732870212380E-7));
#10018=AXIS2_PLACEMENT_3D('',#10015,#10016,#10017);
#10019=PLANE('',#10018);
#10021=ORIENTED_EDGE('',*,*,#10020,.F.);
#10023=ORIENTED_EDGE('',*,*,#10022,.T.);
#10024=ORIENTED_EDGE('',*,*,#9958,.F.);
#10025=ORIENTED_EDGE('',*,*,#9874,.T.);
#10027=ORIENTED_EDGE('',*,*,#10026,.T.);
#10028=ORIENTED_EDGE('',*,*,#6210,.T.);
#10030=ORIENTED_EDGE('',*,*,#10029,.F.);
#10031=ORIENTED_EDGE('',*,*,#9892,.T.);
#10033=ORIENTED_EDGE('',*,*,#10032,.T.);
#10035=ORIENTED_EDGE('',*,*,#10034,.T.);
#10037=ORIENTED_EDGE('',*,*,#10036,.F.);
#10039=ORIENTED_EDGE('',*,*,#10038,.F.);
#10041=ORIENTED_EDGE('',*,*,#10040,.F.);
#10043=ORIENTED_EDGE('',*,*,#10042,.F.);
#10044=EDGE_LOOP('',(#10021,#10023,#10024,#10025,#10027,#10028,#10030,#10031,
#10033,#10035,#10037,#10039,#10041,#10043));
#10045=FACE_OUTER_BOUND('',#10044,.F.);
#10046=ADVANCED_FACE('',(#10045),#10019,.T.);
#10047=CARTESIAN_POINT('',(-4.210817114782E1,2.000039986067E0,
-1.675866816286E1));
#10048=DIRECTION('',(0.E0,-1.732870212380E-7,-1.E0));
#10049=DIRECTION('',(-1.E0,0.E0,0.E0));
#10050=AXIS2_PLACEMENT_3D('',#10047,#10048,#10049);
#10051=PLANE('',#10050);
#10053=ORIENTED_EDGE('',*,*,#10052,.F.);
#10054=ORIENTED_EDGE('',*,*,#9868,.T.);
#10055=ORIENTED_EDGE('',*,*,#9975,.T.);
#10056=ORIENTED_EDGE('',*,*,#6216,.T.);
#10058=ORIENTED_EDGE('',*,*,#10057,.F.);
#10059=EDGE_LOOP('',(#10053,#10054,#10055,#10056,#10058));
#10060=FACE_OUTER_BOUND('',#10059,.F.);
#10061=ADVANCED_FACE('',(#10060),#10051,.T.);
#10062=CARTESIAN_POINT('',(-4.235847415740E1,1.250040072710E0,
-1.625866803290E1));
#10063=DIRECTION('',(9.486831238970E-1,3.162277661164E-1,5.747782802720E-4));
#10064=DIRECTION('',(3.162277079657E-1,-9.486832980173E-1,1.917754206493E-4));
#10065=AXIS2_PLACEMENT_3D('',#10062,#10063,#10064);
#10066=PLANE('',#10065);
#10067=ORIENTED_EDGE('',*,*,#10052,.T.);
#10069=ORIENTED_EDGE('',*,*,#10068,.F.);
#10071=ORIENTED_EDGE('',*,*,#10070,.T.);
#10072=ORIENTED_EDGE('',*,*,#9870,.T.);
#10073=EDGE_LOOP('',(#10067,#10069,#10071,#10072));
#10074=FACE_OUTER_BOUND('',#10073,.F.);
#10075=ADVANCED_FACE('',(#10074),#10066,.T.);
#10076=CARTESIAN_POINT('',(-4.210877707520E1,2.000040159354E0,
-1.575866816286E1));
#10077=DIRECTION('',(9.999998164261E-1,1.049993312590E-10,6.059272674251E-4));
#10078=DIRECTION('',(6.059272674251E-4,-1.732869894271E-7,-9.999998164260E-1));
#10079=AXIS2_PLACEMENT_3D('',#10076,#10077,#10078);
#10080=PLANE('',#10079);
#10081=ORIENTED_EDGE('',*,*,#10068,.T.);
#10082=ORIENTED_EDGE('',*,*,#10057,.T.);
#10083=ORIENTED_EDGE('',*,*,#6214,.F.);
#10085=ORIENTED_EDGE('',*,*,#10084,.F.);
#10086=EDGE_LOOP('',(#10081,#10082,#10083,#10085));
#10087=FACE_OUTER_BOUND('',#10086,.F.);
#10088=ADVANCED_FACE('',(#10087),#10080,.T.);
#10089=CARTESIAN_POINT('',(-4.330817114782E1,2.000040159354E0,
-1.575866816286E1));
#10090=DIRECTION('',(0.E0,1.732870212380E-7,1.E0));
#10091=DIRECTION('',(1.E0,0.E0,0.E0));
#10092=AXIS2_PLACEMENT_3D('',#10089,#10090,#10091);
#10093=PLANE('',#10092);
#10094=ORIENTED_EDGE('',*,*,#10070,.F.);
#10095=ORIENTED_EDGE('',*,*,#10084,.T.);
#10096=ORIENTED_EDGE('',*,*,#6212,.F.);
#10097=ORIENTED_EDGE('',*,*,#10026,.F.);
#10098=ORIENTED_EDGE('',*,*,#9872,.T.);
#10099=EDGE_LOOP('',(#10094,#10095,#10096,#10097,#10098));
#10100=FACE_OUTER_BOUND('',#10099,.F.);
#10101=ADVANCED_FACE('',(#10100),#10093,.T.);
#10102=CARTESIAN_POINT('',(-3.999999599555E1,1.000037648304E0,
-3.024999888310E1));
#10103=DIRECTION('',(0.E0,1.E0,-1.732870212380E-7));
#10104=DIRECTION('',(6.059258675472E-4,-1.732869894272E-7,-9.999998164269E-1));
#10105=AXIS2_PLACEMENT_3D('',#10102,#10103,#10104);
#10106=CYLINDRICAL_SURFACE('',#10105,3.E0);
#10107=ORIENTED_EDGE('',*,*,#5985,.T.);
#10108=ORIENTED_EDGE('',*,*,#9978,.T.);
#10109=ORIENTED_EDGE('',*,*,#9864,.T.);
#10110=ORIENTED_EDGE('',*,*,#6064,.F.);
#10111=EDGE_LOOP('',(#10107,#10108,#10109,#10110));
#10112=FACE_OUTER_BOUND('',#10111,.F.);
#10113=ADVANCED_FACE('',(#10112),#10106,.F.);
#10114=CARTESIAN_POINT('',(-4.145181351262E1,-3.499961831987E0,
-2.725087725425E1));
#10115=DIRECTION('',(-6.059272674204E-4,1.732869894271E-7,9.999998164260E-1));
#10116=DIRECTION('',(-9.999998164261E-1,-1.049993312582E-10,
-6.059272674204E-4));
#10117=AXIS2_PLACEMENT_3D('',#10114,#10115,#10116);
#10118=PLANE('',#10117);
#10119=ORIENTED_EDGE('',*,*,#5981,.T.);
#10121=ORIENTED_EDGE('',*,*,#10120,.T.);
#10122=ORIENTED_EDGE('',*,*,#6220,.T.);
#10123=ORIENTED_EDGE('',*,*,#9981,.T.);
#10124=EDGE_LOOP('',(#10119,#10121,#10122,#10123));
#10125=FACE_OUTER_BOUND('',#10124,.F.);
#10126=ADVANCED_FACE('',(#10125),#10118,.T.);
#10127=CARTESIAN_POINT('',(-3.989999601560E1,-3.499962351685E0,
-3.024993751626E1));
#10128=DIRECTION('',(0.E0,-1.E0,1.732870212380E-7));
#10129=DIRECTION('',(9.999998164252E-1,1.049995703712E-10,6.059286472870E-4));
#10130=AXIS2_PLACEMENT_3D('',#10127,#10128,#10129);
#10131=CYLINDRICAL_SURFACE('',#10130,2.999999999999E0);
#10132=ORIENTED_EDGE('',*,*,#5979,.T.);
#10133=ORIENTED_EDGE('',*,*,#6012,.T.);
#10134=ORIENTED_EDGE('',*,*,#6222,.T.);
#10135=ORIENTED_EDGE('',*,*,#10120,.F.);
#10136=EDGE_LOOP('',(#10132,#10133,#10134,#10135));
#10137=FACE_OUTER_BOUND('',#10136,.F.);
#10138=ADVANCED_FACE('',(#10137),#10131,.T.);
#10139=CARTESIAN_POINT('',(-4.331969184542E1,2.000043280830E0,
2.254662485989E0));
#10140=DIRECTION('',(-1.211854312377E-3,1.732868939941E-7,9.999992657043E-1));
#10141=DIRECTION('',(9.999992657043E-1,2.099986239663E-10,1.211854312377E-3));
#10142=AXIS2_PLACEMENT_3D('',#10139,#10140,#10141);
#10143=PLANE('',#10142);
#10145=ORIENTED_EDGE('',*,*,#10144,.F.);
#10147=ORIENTED_EDGE('',*,*,#10146,.T.);
#10148=ORIENTED_EDGE('',*,*,#6204,.F.);
#10149=ORIENTED_EDGE('',*,*,#10002,.F.);
#10150=ORIENTED_EDGE('',*,*,#9898,.T.);
#10151=EDGE_LOOP('',(#10145,#10147,#10148,#10149,#10150));
#10152=FACE_OUTER_BOUND('',#10151,.F.);
#10153=ADVANCED_FACE('',(#10152),#10143,.T.);
#10154=CARTESIAN_POINT('',(-4.236938962520E1,1.250043194386E0,
1.755813877496E0));
#10155=DIRECTION('',(9.486831238970E-1,3.162277661164E-1,5.747782802720E-4));
#10156=DIRECTION('',(3.162277079657E-1,-9.486832980173E-1,1.917754206494E-4));
#10157=AXIS2_PLACEMENT_3D('',#10154,#10155,#10156);
#10158=PLANE('',#10157);
#10160=ORIENTED_EDGE('',*,*,#10159,.T.);
#10162=ORIENTED_EDGE('',*,*,#10161,.F.);
#10163=ORIENTED_EDGE('',*,*,#10144,.T.);
#10164=ORIENTED_EDGE('',*,*,#9896,.T.);
#10165=EDGE_LOOP('',(#10160,#10162,#10163,#10164));
#10166=FACE_OUTER_BOUND('',#10165,.F.);
#10167=ADVANCED_FACE('',(#10166),#10158,.T.);
#10168=CARTESIAN_POINT('',(-4.211908679919E1,2.000043107795E0,
1.256116711164E0));
#10169=DIRECTION('',(1.211854312377E-3,-1.732868939941E-7,-9.999992657043E-1));
#10170=DIRECTION('',(-9.999992657043E-1,-2.099986239663E-10,
-1.211854312377E-3));
#10171=AXIS2_PLACEMENT_3D('',#10168,#10169,#10170);
#10172=PLANE('',#10171);
#10173=ORIENTED_EDGE('',*,*,#10159,.F.);
#10174=ORIENTED_EDGE('',*,*,#9894,.T.);
#10175=ORIENTED_EDGE('',*,*,#10029,.T.);
#10176=ORIENTED_EDGE('',*,*,#6208,.T.);
#10178=ORIENTED_EDGE('',*,*,#10177,.F.);
#10179=EDGE_LOOP('',(#10173,#10174,#10175,#10176,#10178));
#10180=FACE_OUTER_BOUND('',#10179,.F.);
#10181=ADVANCED_FACE('',(#10180),#10172,.T.);
#10182=CARTESIAN_POINT('',(-4.211969272657E1,2.000043281082E0,
2.256116711164E0));
#10183=DIRECTION('',(9.999998164261E-1,1.049993312590E-10,6.059272674251E-4));
#10184=DIRECTION('',(6.059272674251E-4,-1.732869894271E-7,-9.999998164260E-1));
#10185=AXIS2_PLACEMENT_3D('',#10182,#10183,#10184);
#10186=PLANE('',#10185);
#10187=ORIENTED_EDGE('',*,*,#10161,.T.);
#10188=ORIENTED_EDGE('',*,*,#10177,.T.);
#10189=ORIENTED_EDGE('',*,*,#6206,.F.);
#10190=ORIENTED_EDGE('',*,*,#10146,.F.);
#10191=EDGE_LOOP('',(#10187,#10188,#10189,#10190));
#10192=FACE_OUTER_BOUND('',#10191,.F.);
#10193=ADVANCED_FACE('',(#10192),#10186,.T.);
#10194=CARTESIAN_POINT('',(-4.147605060332E1,-3.499954900472E0,
1.274911540844E1));
#10195=DIRECTION('',(-6.059272674204E-4,1.732869894271E-7,9.999998164260E-1));
#10196=DIRECTION('',(0.E0,1.E0,-1.732870212380E-7));
#10197=AXIS2_PLACEMENT_3D('',#10194,#10195,#10196);
#10198=PLANE('',#10197);
#10200=ORIENTED_EDGE('',*,*,#10199,.T.);
#10202=ORIENTED_EDGE('',*,*,#10201,.F.);
#10203=ORIENTED_EDGE('',*,*,#10005,.F.);
#10204=ORIENTED_EDGE('',*,*,#6200,.F.);
#10205=EDGE_LOOP('',(#10200,#10202,#10203,#10204));
#10206=FACE_OUTER_BOUND('',#10205,.F.);
#10207=ADVANCED_FACE('',(#10206),#10198,.F.);
#10208=CARTESIAN_POINT('',(-3.992786866991E1,-3.499954380484E0,
1.575005404499E1));
#10209=DIRECTION('',(0.E0,-1.E0,1.732870212380E-7));
#10210=DIRECTION('',(6.059272675151E-4,-1.732869894271E-7,-9.999998164260E-1));
#10211=AXIS2_PLACEMENT_3D('',#10208,#10209,#10210);
#10212=CYLINDRICAL_SURFACE('',#10211,2.999999999999E0);
#10214=ORIENTED_EDGE('',*,*,#10213,.T.);
#10215=ORIENTED_EDGE('',*,*,#10199,.F.);
#10216=ORIENTED_EDGE('',*,*,#6198,.T.);
#10218=ORIENTED_EDGE('',*,*,#10217,.T.);
#10219=EDGE_LOOP('',(#10214,#10215,#10216,#10218));
#10220=FACE_OUTER_BOUND('',#10219,.F.);
#10221=ADVANCED_FACE('',(#10220),#10212,.T.);
#10222=CARTESIAN_POINT('',(-3.997786866048E1,4.561962111893E-5,
1.575002314213E1));
#10223=DIRECTION('',(0.E0,-1.E0,1.732870212380E-7));
#10224=DIRECTION('',(-9.999998164261E-1,-1.049993312582E-10,
-6.059272674204E-4));
#10225=AXIS2_PLACEMENT_3D('',#10222,#10223,#10224);
#10226=PLANE('',#10225);
#10227=ORIENTED_EDGE('',*,*,#10007,.F.);
#10228=ORIENTED_EDGE('',*,*,#10201,.T.);
#10229=ORIENTED_EDGE('',*,*,#10213,.F.);
#10231=ORIENTED_EDGE('',*,*,#10230,.T.);
#10232=ORIENTED_EDGE('',*,*,#9751,.F.);
#10234=ORIENTED_EDGE('',*,*,#10233,.F.);
#10235=EDGE_LOOP('',(#10227,#10228,#10229,#10231,#10232,#10234));
#10236=FACE_OUTER_BOUND('',#10235,.F.);
#10238=ORIENTED_EDGE('',*,*,#10237,.F.);
#10240=ORIENTED_EDGE('',*,*,#10239,.F.);
#10242=ORIENTED_EDGE('',*,*,#10241,.F.);
#10244=ORIENTED_EDGE('',*,*,#10243,.F.);
#10245=EDGE_LOOP('',(#10238,#10240,#10242,#10244));
#10246=FACE_BOUND('',#10245,.F.);
#10247=ADVANCED_FACE('',(#10236,#10246),#10226,.F.);
#10248=CARTESIAN_POINT('',(-3.692877811153E1,-3.499954120238E0,
1.725187154937E1));
#10249=DIRECTION('',(9.999998164261E-1,1.049993312582E-10,6.059272674204E-4));
#10250=DIRECTION('',(-6.059272674204E-4,1.732869894271E-7,9.999998164260E-1));
#10251=AXIS2_PLACEMENT_3D('',#10248,#10249,#10250);
#10252=PLANE('',#10251);
#10253=ORIENTED_EDGE('',*,*,#10230,.F.);
#10254=ORIENTED_EDGE('',*,*,#10217,.F.);
#10255=ORIENTED_EDGE('',*,*,#6196,.F.);
#10256=ORIENTED_EDGE('',*,*,#9753,.T.);
#10257=EDGE_LOOP('',(#10253,#10254,#10255,#10256));
#10258=FACE_OUTER_BOUND('',#10257,.F.);
#10259=ADVANCED_FACE('',(#10258),#10252,.T.);
#10260=CARTESIAN_POINT('',(-4.002786864985E1,1.000045619506E0,
1.574999267250E1));
#10261=DIRECTION('',(0.E0,1.E0,-1.732870212380E-7));
#10262=DIRECTION('',(-9.999998164267E-1,-1.049991568967E-10,
-6.059262612198E-4));
#10263=AXIS2_PLACEMENT_3D('',#10260,#10261,#10262);
#10264=CYLINDRICAL_SURFACE('',#10263,2.999999999999E0);
#10265=ORIENTED_EDGE('',*,*,#10233,.T.);
#10266=ORIENTED_EDGE('',*,*,#9760,.F.);
#10267=ORIENTED_EDGE('',*,*,#9902,.T.);
#10268=ORIENTED_EDGE('',*,*,#10009,.F.);
#10269=EDGE_LOOP('',(#10265,#10266,#10267,#10268));
#10270=FACE_OUTER_BOUND('',#10269,.F.);
#10271=ADVANCED_FACE('',(#10270),#10264,.F.);
#10272=CARTESIAN_POINT('',(-3.992786866991E1,-3.249533189873E-1,
1.575005349480E1));
#10273=DIRECTION('',(-1.458785137784E-14,1.E0,-1.732868169420E-7));
#10274=DIRECTION('',(9.999998164261E-1,1.050137952832E-10,6.059272672179E-4));
#10275=AXIS2_PLACEMENT_3D('',#10272,#10273,#10274);
#10276=CONICAL_SURFACE('',#10275,1.325001061384E0,4.500000000001E1);
#10278=ORIENTED_EDGE('',*,*,#10277,.T.);
#10279=ORIENTED_EDGE('',*,*,#10237,.T.);
#10280=ORIENTED_EDGE('',*,*,#10243,.T.);
#10282=ORIENTED_EDGE('',*,*,#10281,.T.);
#10284=ORIENTED_EDGE('',*,*,#10283,.F.);
#10285=EDGE_LOOP('',(#10278,#10279,#10280,#10282,#10284));
#10286=FACE_OUTER_BOUND('',#10285,.F.);
#10287=ADVANCED_FACE('',(#10286),#10276,.F.);
#10288=CARTESIAN_POINT('',(-3.992786866991E1,-3.249533189873E-1,
1.575005349480E1));
#10289=DIRECTION('',(-1.434628898508E-14,1.E0,-1.732872156076E-7));
#10290=DIRECTION('',(-9.999998164261E-1,-1.050137952842E-10,
-6.059272672233E-4));
#10291=AXIS2_PLACEMENT_3D('',#10288,#10289,#10290);
#10292=CONICAL_SURFACE('',#10291,1.325001061384E0,4.500000000001E1);
#10293=ORIENTED_EDGE('',*,*,#10281,.F.);
#10294=ORIENTED_EDGE('',*,*,#10241,.T.);
#10295=ORIENTED_EDGE('',*,*,#10239,.T.);
#10296=ORIENTED_EDGE('',*,*,#10277,.F.);
#10298=ORIENTED_EDGE('',*,*,#10297,.F.);
#10299=EDGE_LOOP('',(#10293,#10294,#10295,#10296,#10298));
#10300=FACE_OUTER_BOUND('',#10299,.F.);
#10301=ADVANCED_FACE('',(#10300),#10292,.F.);
#10302=CARTESIAN_POINT('',(-3.992786866991E1,-3.699954380374E0,
1.575005407964E1));
#10303=DIRECTION('',(0.E0,1.E0,-1.732870212380E-7));
#10304=DIRECTION('',(-9.999998164261E-1,-1.049993312572E-10,
-6.059272674147E-4));
#10305=AXIS2_PLACEMENT_3D('',#10302,#10303,#10304);
#10306=CYLINDRICAL_SURFACE('',#10305,1.E0);
#10308=ORIENTED_EDGE('',*,*,#10307,.T.);
#10309=ORIENTED_EDGE('',*,*,#10297,.T.);
#10311=ORIENTED_EDGE('',*,*,#10310,.T.);
#10313=ORIENTED_EDGE('',*,*,#10312,.T.);
#10314=EDGE_LOOP('',(#10308,#10309,#10311,#10313));
#10315=FACE_OUTER_BOUND('',#10314,.F.);
#10316=ADVANCED_FACE('',(#10315),#10306,.F.);
#10317=CARTESIAN_POINT('',(-3.992786866991E1,-3.699954380374E0,
1.575005407964E1));
#10318=DIRECTION('',(0.E0,1.E0,-1.732870212380E-7));
#10319=DIRECTION('',(9.999998164261E-1,1.049993312582E-10,6.059272674204E-4));
#10320=AXIS2_PLACEMENT_3D('',#10317,#10318,#10319);
#10321=CYLINDRICAL_SURFACE('',#10320,1.E0);
#10322=ORIENTED_EDGE('',*,*,#10310,.F.);
#10323=ORIENTED_EDGE('',*,*,#10283,.T.);
#10324=ORIENTED_EDGE('',*,*,#10307,.F.);
#10326=ORIENTED_EDGE('',*,*,#10325,.T.);
#10327=EDGE_LOOP('',(#10322,#10323,#10324,#10326));
#10328=FACE_OUTER_BOUND('',#10327,.F.);
#10329=ADVANCED_FACE('',(#10328),#10321,.F.);
#10330=CARTESIAN_POINT('',(-3.992786866991E1,-6.999954380594E0,
1.575005465149E1));
#10331=DIRECTION('',(0.E0,-1.E0,1.732870212380E-7));
#10332=DIRECTION('',(6.059272674204E-4,-1.732869894271E-7,-9.999998164260E-1));
#10333=AXIS2_PLACEMENT_3D('',#10330,#10331,#10332);
#10334=PLANE('',#10333);
#10335=ORIENTED_EDGE('',*,*,#10312,.F.);
#10336=ORIENTED_EDGE('',*,*,#10325,.F.);
#10337=EDGE_LOOP('',(#10335,#10336));
#10338=FACE_OUTER_BOUND('',#10337,.F.);
#10339=ADVANCED_FACE('',(#10338),#10334,.F.);
#10340=CARTESIAN_POINT('',(-4.501101516413E1,1.000040799265E0,
-1.206588788576E1));
#10341=DIRECTION('',(6.059272674204E-4,-1.308769314876E-7,-9.999998164260E-1));
#10342=DIRECTION('',(2.569741051836E-11,-1.E0,1.308769710840E-7));
#10343=AXIS2_PLACEMENT_3D('',#10340,#10341,#10342);
#10344=PLANE('',#10343);
#10345=ORIENTED_EDGE('',*,*,#10020,.T.);
#10347=ORIENTED_EDGE('',*,*,#10346,.F.);
#10349=ORIENTED_EDGE('',*,*,#10348,.F.);
#10351=ORIENTED_EDGE('',*,*,#10350,.F.);
#10352=EDGE_LOOP('',(#10345,#10347,#10349,#10351));
#10353=FACE_OUTER_BOUND('',#10352,.F.);
#10354=ADVANCED_FACE('',(#10353),#10344,.F.);
#10355=CARTESIAN_POINT('',(-4.501197252913E1,-2.064958926722E0,
-1.048588777467E1));
#10356=DIRECTION('',(-9.999998164261E-1,-1.049993312582E-10,
-6.059272674204E-4));
#10357=DIRECTION('',(-6.059272674204E-4,0.E0,9.999998164261E-1));
#10358=AXIS2_PLACEMENT_3D('',#10355,#10356,#10357);
#10359=CYLINDRICAL_SURFACE('',#10358,1.58E0);
#10360=ORIENTED_EDGE('',*,*,#10042,.T.);
#10362=ORIENTED_EDGE('',*,*,#10361,.F.);
#10364=ORIENTED_EDGE('',*,*,#10363,.F.);
#10365=ORIENTED_EDGE('',*,*,#10346,.T.);
#10366=EDGE_LOOP('',(#10360,#10362,#10364,#10365));
#10367=FACE_OUTER_BOUND('',#10366,.F.);
#10368=ADVANCED_FACE('',(#10367),#10359,.F.);
#10369=CARTESIAN_POINT('',(-4.501197252913E1,-3.644958926722E0,
-1.048588750087E1));
#10370=DIRECTION('',(0.E0,-1.E0,1.732870203881E-7));
#10371=DIRECTION('',(-6.059272674204E-4,1.732869885771E-7,9.999998164260E-1));
#10372=AXIS2_PLACEMENT_3D('',#10369,#10370,#10371);
#10373=PLANE('',#10372);
#10374=ORIENTED_EDGE('',*,*,#10040,.T.);
#10376=ORIENTED_EDGE('',*,*,#10375,.F.);
#10378=ORIENTED_EDGE('',*,*,#10377,.F.);
#10379=ORIENTED_EDGE('',*,*,#10361,.T.);
#10380=EDGE_LOOP('',(#10374,#10376,#10378,#10379));
#10381=FACE_OUTER_BOUND('',#10380,.F.);
#10382=ADVANCED_FACE('',(#10381),#10373,.F.);
#10383=CARTESIAN_POINT('',(-4.501583834471E1,-2.064957821151E0,
-4.105889593772E0));
#10384=DIRECTION('',(-9.999998164261E-1,-1.049993312582E-10,
-6.059272674204E-4));
#10385=DIRECTION('',(-6.059272674204E-4,0.E0,9.999998164261E-1));
#10386=AXIS2_PLACEMENT_3D('',#10383,#10384,#10385);
#10387=CYLINDRICAL_SURFACE('',#10386,1.58E0);
#10388=ORIENTED_EDGE('',*,*,#10038,.T.);
#10390=ORIENTED_EDGE('',*,*,#10389,.F.);
#10392=ORIENTED_EDGE('',*,*,#10391,.F.);
#10393=ORIENTED_EDGE('',*,*,#10375,.T.);
#10394=EDGE_LOOP('',(#10388,#10390,#10392,#10393));
#10395=FACE_OUTER_BOUND('',#10394,.F.);
#10396=ADVANCED_FACE('',(#10395),#10387,.F.);
#10397=CARTESIAN_POINT('',(-4.501679570979E1,-2.064957547357E0,
-2.525889883818E0));
#10398=DIRECTION('',(-6.059272674204E-4,2.156970440007E-7,9.999998164260E-1));
#10399=DIRECTION('',(2.569740847897E-11,1.E0,-2.156970680263E-7));
#10400=AXIS2_PLACEMENT_3D('',#10397,#10398,#10399);
#10401=PLANE('',#10400);
#10402=ORIENTED_EDGE('',*,*,#10036,.T.);
#10404=ORIENTED_EDGE('',*,*,#10403,.T.);
#10406=ORIENTED_EDGE('',*,*,#10405,.T.);
#10407=ORIENTED_EDGE('',*,*,#10389,.T.);
#10408=EDGE_LOOP('',(#10402,#10404,#10406,#10407));
#10409=FACE_OUTER_BOUND('',#10408,.F.);
#10410=ADVANCED_FACE('',(#10409),#10401,.F.);
#10411=CARTESIAN_POINT('',(7.536040554417E0,4.163878489294E-5,
-7.221208038974E0));
#10412=DIRECTION('',(0.E0,-1.E0,1.732870212380E-7));
#10413=DIRECTION('',(6.059272674204E-4,-1.732869894271E-7,-9.999998164260E-1));
#10414=AXIS2_PLACEMENT_3D('',#10411,#10412,#10413);
#10415=PLANE('',#10414);
#10417=ORIENTED_EDGE('',*,*,#10416,.F.);
#10419=ORIENTED_EDGE('',*,*,#10418,.F.);
#10420=ORIENTED_EDGE('',*,*,#10403,.F.);
#10421=ORIENTED_EDGE('',*,*,#10034,.F.);
#10423=ORIENTED_EDGE('',*,*,#10422,.F.);
#10425=ORIENTED_EDGE('',*,*,#10424,.T.);
#10427=ORIENTED_EDGE('',*,*,#10426,.F.);
#10429=ORIENTED_EDGE('',*,*,#10428,.T.);
#10431=ORIENTED_EDGE('',*,*,#10430,.T.);
#10433=ORIENTED_EDGE('',*,*,#10432,.F.);
#10435=ORIENTED_EDGE('',*,*,#10434,.F.);
#10436=ORIENTED_EDGE('',*,*,#9428,.F.);
#10437=EDGE_LOOP('',(#10417,#10419,#10420,#10421,#10423,#10425,#10427,#10429,
#10431,#10433,#10435,#10436));
#10438=FACE_OUTER_BOUND('',#10437,.F.);
#10439=ADVANCED_FACE('',(#10438),#10415,.F.);
#10440=CARTESIAN_POINT('',(7.536040554417E0,4.163878489294E-5,
-7.221208038974E0));
#10441=DIRECTION('',(0.E0,-1.E0,1.732870212380E-7));
#10442=DIRECTION('',(6.059272674204E-4,-1.732869894271E-7,-9.999998164260E-1));
#10443=AXIS2_PLACEMENT_3D('',#10440,#10441,#10442);
#10444=PLANE('',#10443);
#10445=ORIENTED_EDGE('',*,*,#9236,.F.);
#10446=ORIENTED_EDGE('',*,*,#9331,.F.);
#10447=ORIENTED_EDGE('',*,*,#9372,.T.);
#10448=ORIENTED_EDGE('',*,*,#9387,.F.);
#10449=ORIENTED_EDGE('',*,*,#9456,.F.);
#10451=ORIENTED_EDGE('',*,*,#10450,.F.);
#10453=ORIENTED_EDGE('',*,*,#10452,.F.);
#10455=ORIENTED_EDGE('',*,*,#10454,.T.);
#10457=ORIENTED_EDGE('',*,*,#10456,.T.);
#10459=ORIENTED_EDGE('',*,*,#10458,.F.);
#10461=ORIENTED_EDGE('',*,*,#10460,.F.);
#10463=ORIENTED_EDGE('',*,*,#10462,.T.);
#10465=ORIENTED_EDGE('',*,*,#10464,.F.);
#10467=ORIENTED_EDGE('',*,*,#10466,.T.);
#10469=ORIENTED_EDGE('',*,*,#10468,.T.);
#10471=ORIENTED_EDGE('',*,*,#10470,.F.);
#10473=ORIENTED_EDGE('',*,*,#10472,.T.);
#10475=ORIENTED_EDGE('',*,*,#10474,.F.);
#10477=ORIENTED_EDGE('',*,*,#10476,.F.);
#10478=ORIENTED_EDGE('',*,*,#9960,.F.);
#10479=ORIENTED_EDGE('',*,*,#10022,.F.);
#10480=ORIENTED_EDGE('',*,*,#10350,.T.);
#10482=ORIENTED_EDGE('',*,*,#10481,.F.);
#10484=ORIENTED_EDGE('',*,*,#10483,.F.);
#10485=ORIENTED_EDGE('',*,*,#9251,.F.);
#10487=ORIENTED_EDGE('',*,*,#10486,.T.);
#10489=ORIENTED_EDGE('',*,*,#10488,.F.);
#10491=ORIENTED_EDGE('',*,*,#10490,.F.);
#10492=ORIENTED_EDGE('',*,*,#9267,.F.);
#10494=ORIENTED_EDGE('',*,*,#10493,.T.);
#10496=ORIENTED_EDGE('',*,*,#10495,.F.);
#10498=ORIENTED_EDGE('',*,*,#10497,.F.);
#10499=ORIENTED_EDGE('',*,*,#9283,.F.);
#10501=ORIENTED_EDGE('',*,*,#10500,.T.);
#10503=ORIENTED_EDGE('',*,*,#10502,.F.);
#10505=ORIENTED_EDGE('',*,*,#10504,.F.);
#10506=ORIENTED_EDGE('',*,*,#9299,.F.);
#10508=ORIENTED_EDGE('',*,*,#10507,.T.);
#10510=ORIENTED_EDGE('',*,*,#10509,.F.);
#10512=ORIENTED_EDGE('',*,*,#10511,.F.);
#10513=ORIENTED_EDGE('',*,*,#9315,.F.);
#10515=ORIENTED_EDGE('',*,*,#10514,.T.);
#10517=ORIENTED_EDGE('',*,*,#10516,.F.);
#10518=ORIENTED_EDGE('',*,*,#9218,.F.);
#10519=EDGE_LOOP('',(#10445,#10446,#10447,#10448,#10449,#10451,#10453,#10455,
#10457,#10459,#10461,#10463,#10465,#10467,#10469,#10471,#10473,#10475,#10477,
#10478,#10479,#10480,#10482,#10484,#10485,#10487,#10489,#10491,#10492,#10494,
#10496,#10498,#10499,#10501,#10503,#10505,#10506,#10508,#10510,#10512,#10513,
#10515,#10517,#10518));
#10520=FACE_OUTER_BOUND('',#10519,.F.);
#10521=ADVANCED_FACE('',(#10520),#10444,.F.);
#10522=CARTESIAN_POINT('',(-4.002786870789E1,1.777365309188E1,
1.575008555225E1));
#10523=DIRECTION('',(1.565437663497E-9,-9.999999999971E-1,-2.410253155153E-6));
#10524=DIRECTION('',(-6.059272674179E-4,-2.410253661235E-6,9.999998164232E-1));
#10525=AXIS2_PLACEMENT_3D('',#10522,#10523,#10524);
#10526=CYLINDRICAL_SURFACE('',#10525,5.E0);
#10528=ORIENTED_EDGE('',*,*,#10527,.F.);
#10530=ORIENTED_EDGE('',*,*,#10529,.F.);
#10531=ORIENTED_EDGE('',*,*,#10416,.T.);
#10532=ORIENTED_EDGE('',*,*,#9426,.T.);
#10533=EDGE_LOOP('',(#10528,#10530,#10531,#10532));
#10534=FACE_OUTER_BOUND('',#10533,.F.);
#10535=ADVANCED_FACE('',(#10534),#10526,.T.);
#10536=CARTESIAN_POINT('',(-4.002786866676E1,-8.499954724333E0,
1.575002222620E1));
#10537=DIRECTION('',(1.565437663497E-9,-9.999999999971E-1,-2.410253155153E-6));
#10538=DIRECTION('',(-9.995447291847E-1,7.115682699855E-8,-3.017174769836E-2));
#10539=AXIS2_PLACEMENT_3D('',#10536,#10537,#10538);
#10540=TOROIDAL_SURFACE('',#10539,4.5E0,5.E-1);
#10541=ORIENTED_EDGE('',*,*,#10527,.T.);
#10542=ORIENTED_EDGE('',*,*,#9415,.T.);
#10543=ORIENTED_EDGE('',*,*,#7517,.F.);
#10545=ORIENTED_EDGE('',*,*,#10544,.F.);
#10546=EDGE_LOOP('',(#10541,#10542,#10543,#10545));
#10547=FACE_OUTER_BOUND('',#10546,.F.);
#10548=ADVANCED_FACE('',(#10547),#10540,.T.);
#10549=CARTESIAN_POINT('',(-4.449990376298E1,-8.499962378419E0,
-3.040357777670E1));
#10550=DIRECTION('',(-6.059272674204E-4,1.732869894395E-7,9.999998164260E-1));
#10551=DIRECTION('',(-9.999998164261E-1,-1.050004527766E-10,
-6.059272674204E-4));
#10552=AXIS2_PLACEMENT_3D('',#10549,#10550,#10551);
#10553=CYLINDRICAL_SURFACE('',#10552,5.E-1);
#10555=ORIENTED_EDGE('',*,*,#10554,.T.);
#10556=ORIENTED_EDGE('',*,*,#10544,.T.);
#10557=ORIENTED_EDGE('',*,*,#7515,.F.);
#10559=ORIENTED_EDGE('',*,*,#10558,.F.);
#10560=EDGE_LOOP('',(#10555,#10556,#10557,#10559));
#10561=FACE_OUTER_BOUND('',#10560,.F.);
#10562=ADVANCED_FACE('',(#10561),#10553,.T.);
#10563=CARTESIAN_POINT('',(-4.501393140559E1,-3.999960061315E0,
-7.253030618992E0));
#10564=DIRECTION('',(9.999998164261E-1,1.049993312582E-10,6.059272674204E-4));
#10565=DIRECTION('',(0.E0,1.E0,-1.732870212380E-7));
#10566=AXIS2_PLACEMENT_3D('',#10563,#10564,#10565);
#10567=PLANE('',#10566);
#10568=ORIENTED_EDGE('',*,*,#10554,.F.);
#10570=ORIENTED_EDGE('',*,*,#10569,.F.);
#10571=ORIENTED_EDGE('',*,*,#10481,.T.);
#10572=ORIENTED_EDGE('',*,*,#10348,.T.);
#10573=ORIENTED_EDGE('',*,*,#10363,.T.);
#10574=ORIENTED_EDGE('',*,*,#10377,.T.);
#10575=ORIENTED_EDGE('',*,*,#10391,.T.);
#10576=ORIENTED_EDGE('',*,*,#10405,.F.);
#10577=ORIENTED_EDGE('',*,*,#10418,.T.);
#10578=ORIENTED_EDGE('',*,*,#10529,.T.);
#10579=EDGE_LOOP('',(#10568,#10570,#10571,#10572,#10573,#10574,#10575,#10576,
#10577,#10578));
#10580=FACE_OUTER_BOUND('',#10579,.F.);
#10582=ORIENTED_EDGE('',*,*,#10581,.T.);
#10584=ORIENTED_EDGE('',*,*,#10583,.T.);
#10586=ORIENTED_EDGE('',*,*,#10585,.T.);
#10588=ORIENTED_EDGE('',*,*,#10587,.T.);
#10589=EDGE_LOOP('',(#10582,#10584,#10586,#10588));
#10590=FACE_BOUND('',#10589,.F.);
#10591=ADVANCED_FACE('',(#10580,#10590),#10567,.F.);
#10592=CARTESIAN_POINT('',(-4.500615052867E1,-2.140000000436E0,
-2.009430069419E1));
#10593=DIRECTION('',(1.049993119830E-10,-1.E0,6.362195787024E-14));
#10594=DIRECTION('',(-6.059272674204E-4,0.E0,9.999998164261E-1));
#10595=AXIS2_PLACEMENT_3D('',#10592,#10593,#10594);
#10596=PLANE('',#10595);
#10597=ORIENTED_EDGE('',*,*,#9986,.T.);
#10599=ORIENTED_EDGE('',*,*,#10598,.F.);
#10600=ORIENTED_EDGE('',*,*,#10581,.F.);
#10602=ORIENTED_EDGE('',*,*,#10601,.T.);
#10603=EDGE_LOOP('',(#10597,#10599,#10600,#10602));
#10604=FACE_OUTER_BOUND('',#10603,.F.);
#10605=ADVANCED_FACE('',(#10604),#10596,.F.);
#10606=CARTESIAN_POINT('',(-4.500651408469E1,-1.390000000436E0,
-1.949430150192E1));
#10607=DIRECTION('',(-9.999998164261E-1,-1.049993312582E-10,
-6.059272674204E-4));
#10608=DIRECTION('',(-6.059272674204E-4,0.E0,9.999998164261E-1));
#10609=AXIS2_PLACEMENT_3D('',#10606,#10607,#10608);
#10610=CYLINDRICAL_SURFACE('',#10609,7.5E-1);
#10611=ORIENTED_EDGE('',*,*,#9992,.T.);
#10613=ORIENTED_EDGE('',*,*,#10612,.F.);
#10614=ORIENTED_EDGE('',*,*,#10583,.F.);
#10615=ORIENTED_EDGE('',*,*,#10598,.T.);
#10616=EDGE_LOOP('',(#10611,#10613,#10614,#10615));
#10617=FACE_OUTER_BOUND('',#10616,.F.);
#10618=ADVANCED_FACE('',(#10617),#10610,.F.);
#10619=CARTESIAN_POINT('',(-4.500651408477E1,-6.400000004364E-1,
-1.949430150192E1));
#10620=DIRECTION('',(-1.049993119830E-10,1.E0,-6.362195787024E-14));
#10621=DIRECTION('',(6.059272674204E-4,0.E0,-9.999998164261E-1));
#10622=AXIS2_PLACEMENT_3D('',#10619,#10620,#10621);
#10623=PLANE('',#10622);
#10624=ORIENTED_EDGE('',*,*,#9990,.T.);
#10626=ORIENTED_EDGE('',*,*,#10625,.F.);
#10627=ORIENTED_EDGE('',*,*,#10585,.F.);
#10628=ORIENTED_EDGE('',*,*,#10612,.T.);
#10629=EDGE_LOOP('',(#10624,#10626,#10627,#10628));
#10630=FACE_OUTER_BOUND('',#10629,.F.);
#10631=ADVANCED_FACE('',(#10630),#10623,.F.);
#10632=CARTESIAN_POINT('',(-4.500615052875E1,-1.390000000436E0,
-2.009430069419E1));
#10633=DIRECTION('',(-9.999998164261E-1,-1.049993312582E-10,
-6.059272674204E-4));
#10634=DIRECTION('',(-6.059272674204E-4,0.E0,9.999998164261E-1));
#10635=AXIS2_PLACEMENT_3D('',#10632,#10633,#10634);
#10636=CYLINDRICAL_SURFACE('',#10635,7.5E-1);
#10637=ORIENTED_EDGE('',*,*,#9988,.T.);
#10638=ORIENTED_EDGE('',*,*,#10601,.F.);
#10639=ORIENTED_EDGE('',*,*,#10587,.F.);
#10640=ORIENTED_EDGE('',*,*,#10625,.T.);
#10641=EDGE_LOOP('',(#10637,#10638,#10639,#10640));
#10642=FACE_OUTER_BOUND('',#10641,.F.);
#10643=ADVANCED_FACE('',(#10642),#10636,.F.);
#10644=CARTESIAN_POINT('',(-3.999999593749E1,1.777365309188E1,
-3.025009760341E1));
#10645=DIRECTION('',(-1.565437663496E-9,-9.999999999962E-1,2.756827190161E-6));
#10646=DIRECTION('',(-9.999998164261E-1,-1.049993899634E-10,
-6.059272674207E-4));
#10647=AXIS2_PLACEMENT_3D('',#10644,#10645,#10646);
#10648=CYLINDRICAL_SURFACE('',#10647,5.E0);
#10650=ORIENTED_EDGE('',*,*,#10649,.F.);
#10651=ORIENTED_EDGE('',*,*,#9253,.F.);
#10652=ORIENTED_EDGE('',*,*,#10483,.T.);
#10653=ORIENTED_EDGE('',*,*,#10569,.T.);
#10654=EDGE_LOOP('',(#10650,#10651,#10652,#10653));
#10655=FACE_OUTER_BOUND('',#10654,.F.);
#10656=ADVANCED_FACE('',(#10655),#10648,.T.);
#10657=CARTESIAN_POINT('',(-3.999999597862E1,-8.499950730960E0,
-3.025002517162E1));
#10658=DIRECTION('',(-1.565437663496E-9,-9.999999999962E-1,2.756827190161E-6));
#10659=DIRECTION('',(3.017174769844E-2,-2.755619319493E-6,-9.995447291809E-1));
#10660=AXIS2_PLACEMENT_3D('',#10657,#10658,#10659);
#10661=TOROIDAL_SURFACE('',#10660,4.5E0,5.E-1);
#10662=ORIENTED_EDGE('',*,*,#10649,.T.);
#10663=ORIENTED_EDGE('',*,*,#10558,.T.);
#10664=ORIENTED_EDGE('',*,*,#7513,.F.);
#10666=ORIENTED_EDGE('',*,*,#10665,.F.);
#10667=EDGE_LOOP('',(#10662,#10663,#10664,#10666));
#10668=FACE_OUTER_BOUND('',#10667,.F.);
#10669=ADVANCED_FACE('',(#10668),#10661,.T.);
#10670=CARTESIAN_POINT('',(2.042948781401E2,-8.499963105951E0,
-3.460200104499E1));
#10671=DIRECTION('',(-9.999998164261E-1,-1.049993262855E-10,
-6.059272674204E-4));
#10672=DIRECTION('',(6.059272674184E-4,-2.756827637285E-6,-9.999998164223E-1));
#10673=AXIS2_PLACEMENT_3D('',#10670,#10671,#10672);
#10674=CYLINDRICAL_SURFACE('',#10673,5.E-1);
#10675=ORIENTED_EDGE('',*,*,#9247,.T.);
#10676=ORIENTED_EDGE('',*,*,#10665,.T.);
#10677=ORIENTED_EDGE('',*,*,#7511,.F.);
#10679=ORIENTED_EDGE('',*,*,#10678,.T.);
#10680=EDGE_LOOP('',(#10675,#10676,#10677,#10679));
#10681=FACE_OUTER_BOUND('',#10680,.F.);
#10682=ADVANCED_FACE('',(#10681),#10674,.T.);
#10683=CARTESIAN_POINT('',(-3.061563336213E1,4.E0,2.936669745164E1));
#10684=DIRECTION('',(1.E0,-1.565437557360E-9,0.E0));
#10685=DIRECTION('',(-1.565437557360E-9,-1.E0,0.E0));
#10686=AXIS2_PLACEMENT_3D('',#10683,#10684,#10685);
#10687=PLANE('',#10686);
#10688=ORIENTED_EDGE('',*,*,#9249,.F.);
#10689=ORIENTED_EDGE('',*,*,#10678,.F.);
#10690=ORIENTED_EDGE('',*,*,#7509,.T.);
#10692=ORIENTED_EDGE('',*,*,#10691,.F.);
#10694=ORIENTED_EDGE('',*,*,#10693,.T.);
#10695=ORIENTED_EDGE('',*,*,#10486,.F.);
#10696=EDGE_LOOP('',(#10688,#10689,#10690,#10692,#10694,#10695));
#10697=FACE_OUTER_BOUND('',#10696,.F.);
#10698=ADVANCED_FACE('',(#10697),#10687,.T.);
#10699=CARTESIAN_POINT('',(-2.936578509299E1,-8.499963121823E0,
-3.469358242898E1));
#10700=DIRECTION('',(5.419572636801E-4,-4.472155991219E-1,-8.944260249928E-1));
#10701=DIRECTION('',(-2.709800320096E-4,-8.944261891861E-1,4.472155170248E-1));
#10702=AXIS2_PLACEMENT_3D('',#10699,#10700,#10701);
#10703=PLANE('',#10702);
#10704=ORIENTED_EDGE('',*,*,#7507,.F.);
#10706=ORIENTED_EDGE('',*,*,#10705,.T.);
#10708=ORIENTED_EDGE('',*,*,#10707,.T.);
#10709=ORIENTED_EDGE('',*,*,#10691,.T.);
#10710=EDGE_LOOP('',(#10704,#10706,#10708,#10709));
#10711=FACE_OUTER_BOUND('',#10710,.F.);
#10712=ADVANCED_FACE('',(#10711),#10703,.T.);
#10713=CARTESIAN_POINT('',(-2.811563385238E1,-1.6E1,2.936669745164E1));
#10714=DIRECTION('',(-1.E0,1.565437557360E-9,0.E0));
#10715=DIRECTION('',(1.565437557360E-9,1.E0,0.E0));
#10716=AXIS2_PLACEMENT_3D('',#10713,#10714,#10715);
#10717=PLANE('',#10716);
#10718=ORIENTED_EDGE('',*,*,#9269,.T.);
#10719=ORIENTED_EDGE('',*,*,#10490,.T.);
#10721=ORIENTED_EDGE('',*,*,#10720,.F.);
#10722=ORIENTED_EDGE('',*,*,#10705,.F.);
#10723=ORIENTED_EDGE('',*,*,#7505,.T.);
#10725=ORIENTED_EDGE('',*,*,#10724,.F.);
#10726=EDGE_LOOP('',(#10718,#10719,#10721,#10722,#10723,#10725));
#10727=FACE_OUTER_BOUND('',#10726,.F.);
#10728=ADVANCED_FACE('',(#10727),#10717,.T.);
#10729=CARTESIAN_POINT('',(-2.936551241906E1,-4.249949714449E0,
-3.494359402621E1));
#10730=DIRECTION('',(-6.059272674184E-4,2.756827632641E-6,9.999998164223E-1));
#10731=DIRECTION('',(1.565437722213E-9,9.999999999962E-1,-2.756827190181E-6));
#10732=AXIS2_PLACEMENT_3D('',#10729,#10730,#10731);
#10733=PLANE('',#10732);
#10734=ORIENTED_EDGE('',*,*,#10707,.F.);
#10735=ORIENTED_EDGE('',*,*,#10720,.T.);
#10736=ORIENTED_EDGE('',*,*,#10488,.T.);
#10737=ORIENTED_EDGE('',*,*,#10693,.F.);
#10738=EDGE_LOOP('',(#10734,#10735,#10736,#10737));
#10739=FACE_OUTER_BOUND('',#10738,.F.);
#10740=ADVANCED_FACE('',(#10739),#10733,.F.);
#10741=CARTESIAN_POINT('',(-2.936551241906E1,-4.249949714449E0,
-3.494359402621E1));
#10742=DIRECTION('',(-6.059272674184E-4,2.756827632641E-6,9.999998164223E-1));
#10743=DIRECTION('',(1.565437722213E-9,9.999999999962E-1,-2.756827190181E-6));
#10744=AXIS2_PLACEMENT_3D('',#10741,#10742,#10743);
#10745=PLANE('',#10744);
#10747=ORIENTED_EDGE('',*,*,#10746,.F.);
#10749=ORIENTED_EDGE('',*,*,#10748,.T.);
#10750=ORIENTED_EDGE('',*,*,#10495,.T.);
#10752=ORIENTED_EDGE('',*,*,#10751,.F.);
#10753=EDGE_LOOP('',(#10747,#10749,#10750,#10752));
#10754=FACE_OUTER_BOUND('',#10753,.F.);
#10755=ADVANCED_FACE('',(#10754),#10745,.F.);
#10756=CARTESIAN_POINT('',(-2.936551241906E1,-4.249949714449E0,
-3.494359402621E1));
#10757=DIRECTION('',(-6.059272674184E-4,2.756827632641E-6,9.999998164223E-1));
#10758=DIRECTION('',(1.565437722213E-9,9.999999999962E-1,-2.756827190181E-6));
#10759=AXIS2_PLACEMENT_3D('',#10756,#10757,#10758);
#10760=PLANE('',#10759);
#10762=ORIENTED_EDGE('',*,*,#10761,.F.);
#10764=ORIENTED_EDGE('',*,*,#10763,.T.);
#10765=ORIENTED_EDGE('',*,*,#10502,.T.);
#10767=ORIENTED_EDGE('',*,*,#10766,.F.);
#10768=EDGE_LOOP('',(#10762,#10764,#10765,#10767));
#10769=FACE_OUTER_BOUND('',#10768,.F.);
#10770=ADVANCED_FACE('',(#10769),#10760,.F.);
#10771=CARTESIAN_POINT('',(-2.936551241906E1,-4.249949714449E0,
-3.494359402621E1));
#10772=DIRECTION('',(-6.059272674184E-4,2.756827632641E-6,9.999998164223E-1));
#10773=DIRECTION('',(1.565437722213E-9,9.999999999962E-1,-2.756827190181E-6));
#10774=AXIS2_PLACEMENT_3D('',#10771,#10772,#10773);
#10775=PLANE('',#10774);
#10777=ORIENTED_EDGE('',*,*,#10776,.F.);
#10779=ORIENTED_EDGE('',*,*,#10778,.T.);
#10780=ORIENTED_EDGE('',*,*,#10509,.T.);
#10782=ORIENTED_EDGE('',*,*,#10781,.F.);
#10783=EDGE_LOOP('',(#10777,#10779,#10780,#10782));
#10784=FACE_OUTER_BOUND('',#10783,.F.);
#10785=ADVANCED_FACE('',(#10784),#10775,.F.);
#10786=CARTESIAN_POINT('',(-2.936551241906E1,-4.249949714449E0,
-3.494359402621E1));
#10787=DIRECTION('',(-6.059272674184E-4,2.756827632641E-6,9.999998164223E-1));
#10788=DIRECTION('',(1.565437722213E-9,9.999999999962E-1,-2.756827190181E-6));
#10789=AXIS2_PLACEMENT_3D('',#10786,#10787,#10788);
#10790=PLANE('',#10789);
#10792=ORIENTED_EDGE('',*,*,#10791,.F.);
#10793=ORIENTED_EDGE('',*,*,#9220,.T.);
#10794=ORIENTED_EDGE('',*,*,#10516,.T.);
#10796=ORIENTED_EDGE('',*,*,#10795,.F.);
#10797=EDGE_LOOP('',(#10792,#10793,#10794,#10796));
#10798=FACE_OUTER_BOUND('',#10797,.F.);
#10799=ADVANCED_FACE('',(#10798),#10790,.F.);
#10800=CARTESIAN_POINT('',(-2.084598012762E1,-8.499963120928E0,
-3.468842004589E1));
#10801=DIRECTION('',(5.419572636801E-4,-4.472155991219E-1,-8.944260249928E-1));
#10802=DIRECTION('',(-2.709800320096E-4,-8.944261891861E-1,4.472155170248E-1));
#10803=AXIS2_PLACEMENT_3D('',#10800,#10801,#10802);
#10804=PLANE('',#10803);
#10805=ORIENTED_EDGE('',*,*,#7499,.F.);
#10807=ORIENTED_EDGE('',*,*,#10806,.T.);
#10808=ORIENTED_EDGE('',*,*,#10746,.T.);
#10810=ORIENTED_EDGE('',*,*,#10809,.T.);
#10811=EDGE_LOOP('',(#10805,#10807,#10808,#10810));
#10812=FACE_OUTER_BOUND('',#10811,.F.);
#10813=ADVANCED_FACE('',(#10812),#10804,.T.);
#10814=CARTESIAN_POINT('',(-1.959582888701E1,-1.6E1,2.936669745164E1));
#10815=DIRECTION('',(-1.E0,1.565437202089E-9,0.E0));
#10816=DIRECTION('',(1.565437202089E-9,1.E0,0.E0));
#10817=AXIS2_PLACEMENT_3D('',#10814,#10815,#10816);
#10818=PLANE('',#10817);
#10819=ORIENTED_EDGE('',*,*,#9285,.T.);
#10820=ORIENTED_EDGE('',*,*,#10497,.T.);
#10821=ORIENTED_EDGE('',*,*,#10748,.F.);
#10822=ORIENTED_EDGE('',*,*,#10806,.F.);
#10823=ORIENTED_EDGE('',*,*,#7497,.T.);
#10825=ORIENTED_EDGE('',*,*,#10824,.F.);
#10826=EDGE_LOOP('',(#10819,#10820,#10821,#10822,#10823,#10825));
#10827=FACE_OUTER_BOUND('',#10826,.F.);
#10828=ADVANCED_FACE('',(#10827),#10818,.T.);
#10829=CARTESIAN_POINT('',(2.042948781401E2,-8.499963105951E0,
-3.460200104499E1));
#10830=DIRECTION('',(-9.999998164261E-1,-1.049993315721E-10,
-6.059272674204E-4));
#10831=DIRECTION('',(6.059272674184E-4,-2.756827637285E-6,-9.999998164223E-1));
#10832=AXIS2_PLACEMENT_3D('',#10829,#10830,#10831);
#10833=CYLINDRICAL_SURFACE('',#10832,5.E-1);
#10834=ORIENTED_EDGE('',*,*,#7495,.F.);
#10836=ORIENTED_EDGE('',*,*,#10835,.T.);
#10837=ORIENTED_EDGE('',*,*,#9279,.T.);
#10838=ORIENTED_EDGE('',*,*,#10824,.T.);
#10839=EDGE_LOOP('',(#10834,#10836,#10837,#10838));
#10840=FACE_OUTER_BOUND('',#10839,.F.);
#10841=ADVANCED_FACE('',(#10840),#10833,.T.);
#10842=CARTESIAN_POINT('',(1.198339146471E1,4.E0,2.936669745164E1));
#10843=DIRECTION('',(1.E0,-1.565437512951E-9,0.E0));
#10844=DIRECTION('',(-1.565437512951E-9,-1.E0,0.E0));
#10845=AXIS2_PLACEMENT_3D('',#10842,#10843,#10844);
#10846=PLANE('',#10845);
#10847=ORIENTED_EDGE('',*,*,#10835,.F.);
#10848=ORIENTED_EDGE('',*,*,#7493,.T.);
#10850=ORIENTED_EDGE('',*,*,#10849,.F.);
#10851=ORIENTED_EDGE('',*,*,#10766,.T.);
#10852=ORIENTED_EDGE('',*,*,#10500,.F.);
#10853=ORIENTED_EDGE('',*,*,#9281,.F.);
#10854=EDGE_LOOP('',(#10847,#10848,#10850,#10851,#10852,#10853));
#10855=FACE_OUTER_BOUND('',#10854,.F.);
#10856=ADVANCED_FACE('',(#10855),#10846,.T.);
#10857=CARTESIAN_POINT('',(1.323323973386E1,-8.499963117350E0,
-3.466777051354E1));
#10858=DIRECTION('',(5.419572636801E-4,-4.472155991219E-1,-8.944260249928E-1));
#10859=DIRECTION('',(-2.709800320096E-4,-8.944261891861E-1,4.472155170248E-1));
#10860=AXIS2_PLACEMENT_3D('',#10857,#10858,#10859);
#10861=PLANE('',#10860);
#10862=ORIENTED_EDGE('',*,*,#7491,.F.);
#10864=ORIENTED_EDGE('',*,*,#10863,.T.);
#10865=ORIENTED_EDGE('',*,*,#10761,.T.);
#10866=ORIENTED_EDGE('',*,*,#10849,.T.);
#10867=EDGE_LOOP('',(#10862,#10864,#10865,#10866));
#10868=FACE_OUTER_BOUND('',#10867,.F.);
#10869=ADVANCED_FACE('',(#10868),#10861,.T.);
#10870=CARTESIAN_POINT('',(1.448339097447E1,-1.6E1,2.936669745164E1));
#10871=DIRECTION('',(-1.E0,1.565437379725E-9,0.E0));
#10872=DIRECTION('',(1.565437379725E-9,1.E0,0.E0));
#10873=AXIS2_PLACEMENT_3D('',#10870,#10871,#10872);
#10874=PLANE('',#10873);
#10876=ORIENTED_EDGE('',*,*,#10875,.F.);
#10877=ORIENTED_EDGE('',*,*,#9301,.T.);
#10878=ORIENTED_EDGE('',*,*,#10504,.T.);
#10879=ORIENTED_EDGE('',*,*,#10763,.F.);
#10880=ORIENTED_EDGE('',*,*,#10863,.F.);
#10881=ORIENTED_EDGE('',*,*,#7489,.T.);
#10882=EDGE_LOOP('',(#10876,#10877,#10878,#10879,#10880,#10881));
#10883=FACE_OUTER_BOUND('',#10882,.F.);
#10884=ADVANCED_FACE('',(#10883),#10874,.T.);
#10885=CARTESIAN_POINT('',(2.042948781401E2,-8.499963105951E0,
-3.460200104499E1));
#10886=DIRECTION('',(-9.999998164261E-1,-1.049993315721E-10,
-6.059272674204E-4));
#10887=DIRECTION('',(6.059272674184E-4,-2.756827637285E-6,-9.999998164223E-1));
#10888=AXIS2_PLACEMENT_3D('',#10885,#10886,#10887);
#10889=CYLINDRICAL_SURFACE('',#10888,5.E-1);
#10890=ORIENTED_EDGE('',*,*,#10875,.T.);
#10891=ORIENTED_EDGE('',*,*,#7487,.F.);
#10893=ORIENTED_EDGE('',*,*,#10892,.T.);
#10894=ORIENTED_EDGE('',*,*,#9295,.T.);
#10895=EDGE_LOOP('',(#10890,#10891,#10893,#10894));
#10896=FACE_OUTER_BOUND('',#10895,.F.);
#10897=ADVANCED_FACE('',(#10896),#10889,.T.);
#10898=CARTESIAN_POINT('',(2.050319643008E1,4.E0,2.936669745164E1));
#10899=DIRECTION('',(1.E0,-1.565437468543E-9,0.E0));
#10900=DIRECTION('',(-1.565437468543E-9,-1.E0,0.E0));
#10901=AXIS2_PLACEMENT_3D('',#10898,#10899,#10900);
#10902=PLANE('',#10901);
#10903=ORIENTED_EDGE('',*,*,#10892,.F.);
#10904=ORIENTED_EDGE('',*,*,#7485,.T.);
#10906=ORIENTED_EDGE('',*,*,#10905,.F.);
#10907=ORIENTED_EDGE('',*,*,#10781,.T.);
#10908=ORIENTED_EDGE('',*,*,#10507,.F.);
#10909=ORIENTED_EDGE('',*,*,#9297,.F.);
#10910=EDGE_LOOP('',(#10903,#10904,#10906,#10907,#10908,#10909));
#10911=FACE_OUTER_BOUND('',#10910,.F.);
#10912=ADVANCED_FACE('',(#10911),#10902,.T.);
#10913=CARTESIAN_POINT('',(2.175304469923E1,-8.499963116455E0,
-3.466260813045E1));
#10914=DIRECTION('',(5.419572636801E-4,-4.472155991219E-1,-8.944260249928E-1));
#10915=DIRECTION('',(-2.709800320096E-4,-8.944261891861E-1,4.472155170248E-1));
#10916=AXIS2_PLACEMENT_3D('',#10913,#10914,#10915);
#10917=PLANE('',#10916);
#10918=ORIENTED_EDGE('',*,*,#7483,.F.);
#10920=ORIENTED_EDGE('',*,*,#10919,.T.);
#10921=ORIENTED_EDGE('',*,*,#10776,.T.);
#10922=ORIENTED_EDGE('',*,*,#10905,.T.);
#10923=EDGE_LOOP('',(#10918,#10920,#10921,#10922));
#10924=FACE_OUTER_BOUND('',#10923,.F.);
#10925=ADVANCED_FACE('',(#10924),#10917,.T.);
#10926=CARTESIAN_POINT('',(2.300319593984E1,-1.6E1,2.936669745164E1));
#10927=DIRECTION('',(-1.E0,1.565437202089E-9,0.E0));
#10928=DIRECTION('',(1.565437202089E-9,1.E0,0.E0));
#10929=AXIS2_PLACEMENT_3D('',#10926,#10927,#10928);
#10930=PLANE('',#10929);
#10932=ORIENTED_EDGE('',*,*,#10931,.F.);
#10933=ORIENTED_EDGE('',*,*,#9317,.T.);
#10934=ORIENTED_EDGE('',*,*,#10511,.T.);
#10935=ORIENTED_EDGE('',*,*,#10778,.F.);
#10936=ORIENTED_EDGE('',*,*,#10919,.F.);
#10937=ORIENTED_EDGE('',*,*,#7481,.T.);
#10938=EDGE_LOOP('',(#10932,#10933,#10934,#10935,#10936,#10937));
#10939=FACE_OUTER_BOUND('',#10938,.F.);
#10940=ADVANCED_FACE('',(#10939),#10930,.T.);
#10941=CARTESIAN_POINT('',(2.042948781401E2,-8.499963105951E0,
-3.460200104499E1));
#10942=DIRECTION('',(-9.999998164261E-1,-1.049993315721E-10,
-6.059272674204E-4));
#10943=DIRECTION('',(6.059272674184E-4,-2.756827637285E-6,-9.999998164223E-1));
#10944=AXIS2_PLACEMENT_3D('',#10941,#10942,#10943);
#10945=CYLINDRICAL_SURFACE('',#10944,5.E-1);
#10946=ORIENTED_EDGE('',*,*,#10931,.T.);
#10947=ORIENTED_EDGE('',*,*,#7479,.F.);
#10949=ORIENTED_EDGE('',*,*,#10948,.T.);
#10950=ORIENTED_EDGE('',*,*,#9311,.T.);
#10951=EDGE_LOOP('',(#10946,#10947,#10949,#10950));
#10952=FACE_OUTER_BOUND('',#10951,.F.);
#10953=ADVANCED_FACE('',(#10952),#10945,.T.);
#10954=CARTESIAN_POINT('',(2.902300139545E1,4.E0,2.936669745164E1));
#10955=DIRECTION('',(1.E0,-1.565437557360E-9,0.E0));
#10956=DIRECTION('',(-1.565437557360E-9,-1.E0,0.E0));
#10957=AXIS2_PLACEMENT_3D('',#10954,#10955,#10956);
#10958=PLANE('',#10957);
#10959=ORIENTED_EDGE('',*,*,#10948,.F.);
#10960=ORIENTED_EDGE('',*,*,#7477,.T.);
#10962=ORIENTED_EDGE('',*,*,#10961,.F.);
#10963=ORIENTED_EDGE('',*,*,#10795,.T.);
#10964=ORIENTED_EDGE('',*,*,#10514,.F.);
#10965=ORIENTED_EDGE('',*,*,#9313,.F.);
#10966=EDGE_LOOP('',(#10959,#10960,#10962,#10963,#10964,#10965));
#10967=FACE_OUTER_BOUND('',#10966,.F.);
#10968=ADVANCED_FACE('',(#10967),#10958,.T.);
#10969=CARTESIAN_POINT('',(3.027284966459E1,-8.499963115561E0,
-3.465744574736E1));
#10970=DIRECTION('',(5.419572636801E-4,-4.472155991219E-1,-8.944260249928E-1));
#10971=DIRECTION('',(-2.709800320096E-4,-8.944261891861E-1,4.472155170248E-1));
#10972=AXIS2_PLACEMENT_3D('',#10969,#10970,#10971);
#10973=PLANE('',#10972);
#10974=ORIENTED_EDGE('',*,*,#7475,.F.);
#10975=ORIENTED_EDGE('',*,*,#9222,.T.);
#10976=ORIENTED_EDGE('',*,*,#10791,.T.);
#10977=ORIENTED_EDGE('',*,*,#10961,.T.);
#10978=EDGE_LOOP('',(#10974,#10975,#10976,#10977));
#10979=FACE_OUTER_BOUND('',#10978,.F.);
#10980=ADVANCED_FACE('',(#10979),#10973,.T.);
#10981=CARTESIAN_POINT('',(-2.209582839677E1,4.E0,2.936669745164E1));
#10982=DIRECTION('',(1.E0,-1.565437557360E-9,0.E0));
#10983=DIRECTION('',(-1.565437557360E-9,-1.E0,0.E0));
#10984=AXIS2_PLACEMENT_3D('',#10981,#10982,#10983);
#10985=PLANE('',#10984);
#10986=ORIENTED_EDGE('',*,*,#9265,.F.);
#10988=ORIENTED_EDGE('',*,*,#10987,.F.);
#10989=ORIENTED_EDGE('',*,*,#7501,.T.);
#10990=ORIENTED_EDGE('',*,*,#10809,.F.);
#10991=ORIENTED_EDGE('',*,*,#10751,.T.);
#10992=ORIENTED_EDGE('',*,*,#10493,.F.);
#10993=EDGE_LOOP('',(#10986,#10988,#10989,#10990,#10991,#10992));
#10994=FACE_OUTER_BOUND('',#10993,.F.);
#10995=ADVANCED_FACE('',(#10994),#10985,.T.);
#10996=CARTESIAN_POINT('',(2.042948781401E2,-8.499963105951E0,
-3.460200104499E1));
#10997=DIRECTION('',(-9.999998164261E-1,-1.049993315721E-10,
-6.059272674204E-4));
#10998=DIRECTION('',(6.059272674184E-4,-2.756827637285E-6,-9.999998164223E-1));
#10999=AXIS2_PLACEMENT_3D('',#10996,#10997,#10998);
#11000=CYLINDRICAL_SURFACE('',#10999,5.E-1);
#11001=ORIENTED_EDGE('',*,*,#7503,.F.);
#11002=ORIENTED_EDGE('',*,*,#10987,.T.);
#11003=ORIENTED_EDGE('',*,*,#9263,.T.);
#11004=ORIENTED_EDGE('',*,*,#10724,.T.);
#11005=EDGE_LOOP('',(#11001,#11002,#11003,#11004));
#11006=FACE_OUTER_BOUND('',#11005,.F.);
#11007=ADVANCED_FACE('',(#11006),#11000,.T.);
#11008=CARTESIAN_POINT('',(-4.611177123619E1,2.000042977289E0,
5.029953530560E-1));
#11009=DIRECTION('',(-1.056598177256E-3,1.732869245092E-7,9.999994418E-1));
#11010=DIRECTION('',(9.999994418E-1,1.830947507822E-10,1.056598177256E-3));
#11011=AXIS2_PLACEMENT_3D('',#11008,#11009,#11010);
#11012=PLANE('',#11011);
#11013=ORIENTED_EDGE('',*,*,#10032,.F.);
#11014=ORIENTED_EDGE('',*,*,#9890,.F.);
#11016=ORIENTED_EDGE('',*,*,#11015,.T.);
#11018=ORIENTED_EDGE('',*,*,#11017,.T.);
#11019=ORIENTED_EDGE('',*,*,#10422,.T.);
#11020=EDGE_LOOP('',(#11013,#11014,#11016,#11018,#11019));
#11021=FACE_OUTER_BOUND('',#11020,.F.);
#11022=ADVANCED_FACE('',(#11021),#11012,.F.);
#11023=CARTESIAN_POINT('',(-4.387234491605E1,1.500044039481E0,
6.632661440277E0));
#11024=DIRECTION('',(9.578261093892E-1,-2.873478854657E-1,5.804228573266E-4));
#11025=DIRECTION('',(-2.873478328167E-1,-9.578262852513E-1,-1.739459402364E-4));
#11026=AXIS2_PLACEMENT_3D('',#11023,#11024,#11025);
#11027=PLANE('',#11026);
#11028=ORIENTED_EDGE('',*,*,#11015,.F.);
#11029=ORIENTED_EDGE('',*,*,#9888,.F.);
#11031=ORIENTED_EDGE('',*,*,#11030,.F.);
#11033=ORIENTED_EDGE('',*,*,#11032,.T.);
#11034=EDGE_LOOP('',(#11028,#11029,#11031,#11033));
#11035=FACE_OUTER_BOUND('',#11034,.F.);
#11036=ADVANCED_FACE('',(#11035),#11027,.F.);
#11037=CARTESIAN_POINT('',(-4.002786864965E1,1.500053089989E0,
1.574999258569E1));
#11038=DIRECTION('',(-1.078088362263E-14,-1.E0,1.732870058330E-7));
#11039=DIRECTION('',(-6.059047539011E-4,1.732869894294E-7,9.999998164397E-1));
#11040=AXIS2_PLACEMENT_3D('',#11037,#11038,#11039);
#11041=CONICAL_SURFACE('',#11040,3.849997758984E0,1.669924423399E1);
#11042=ORIENTED_EDGE('',*,*,#9886,.T.);
#11044=ORIENTED_EDGE('',*,*,#11043,.F.);
#11046=ORIENTED_EDGE('',*,*,#11045,.F.);
#11047=ORIENTED_EDGE('',*,*,#11030,.T.);
#11048=EDGE_LOOP('',(#11042,#11044,#11046,#11047));
#11049=FACE_OUTER_BOUND('',#11048,.F.);
#11050=ADVANCED_FACE('',(#11049),#11041,.T.);
#11051=CARTESIAN_POINT('',(-5.204286484962E0,1.500046293407E0,
1.962109385351E1));
#11052=DIRECTION('',(-5.803730636675E-4,2.873480515451E-1,9.578260595955E-1));
#11053=DIRECTION('',(-1.741119191002E-4,-9.578262354275E-1,2.873479987956E-1));
#11054=AXIS2_PLACEMENT_3D('',#11051,#11052,#11053);
#11055=PLANE('',#11054);
#11056=ORIENTED_EDGE('',*,*,#9884,.F.);
#11058=ORIENTED_EDGE('',*,*,#11057,.T.);
#11060=ORIENTED_EDGE('',*,*,#11059,.T.);
#11061=ORIENTED_EDGE('',*,*,#11043,.T.);
#11062=EDGE_LOOP('',(#11056,#11058,#11060,#11061));
#11063=FACE_OUTER_BOUND('',#11062,.F.);
#11064=ADVANCED_FACE('',(#11063),#11055,.T.);
#11065=CARTESIAN_POINT('',(2.534465028484E1,2.000046059478E0,1.828960395718E1));
#11066=DIRECTION('',(-8.339840995518E-1,9.561778127289E-8,5.517884755001E-1));
#11067=DIRECTION('',(5.517884755001E-1,1.445186203712E-7,8.339840995518E-1));
#11068=AXIS2_PLACEMENT_3D('',#11065,#11066,#11067);
#11069=PLANE('',#11068);
#11070=ORIENTED_EDGE('',*,*,#9917,.T.);
#11071=ORIENTED_EDGE('',*,*,#9739,.T.);
#11073=ORIENTED_EDGE('',*,*,#11072,.T.);
#11075=ORIENTED_EDGE('',*,*,#11074,.F.);
#11077=ORIENTED_EDGE('',*,*,#11076,.T.);
#11078=ORIENTED_EDGE('',*,*,#10430,.F.);
#11080=ORIENTED_EDGE('',*,*,#11079,.T.);
#11081=ORIENTED_EDGE('',*,*,#11057,.F.);
#11082=EDGE_LOOP('',(#11070,#11071,#11073,#11075,#11077,#11078,#11080,#11081));
#11083=FACE_OUTER_BOUND('',#11082,.F.);
#11084=ADVANCED_FACE('',(#11083),#11069,.F.);
#11085=CARTESIAN_POINT('',(3.678156425895E1,-4.884953616201E0,
2.016049756712E1));
#11086=DIRECTION('',(0.E0,-1.E0,1.732870212380E-7));
#11087=DIRECTION('',(-9.999998164261E-1,-1.049993312582E-10,
-6.059272674204E-4));
#11088=AXIS2_PLACEMENT_3D('',#11085,#11086,#11087);
#11089=PLANE('',#11088);
#11090=ORIENTED_EDGE('',*,*,#9737,.T.);
#11092=ORIENTED_EDGE('',*,*,#11091,.F.);
#11094=ORIENTED_EDGE('',*,*,#11093,.F.);
#11096=ORIENTED_EDGE('',*,*,#11095,.F.);
#11098=ORIENTED_EDGE('',*,*,#11097,.F.);
#11100=ORIENTED_EDGE('',*,*,#11099,.F.);
#11102=ORIENTED_EDGE('',*,*,#11101,.F.);
#11104=ORIENTED_EDGE('',*,*,#11103,.F.);
#11106=ORIENTED_EDGE('',*,*,#11105,.F.);
#11108=ORIENTED_EDGE('',*,*,#11107,.T.);
#11110=ORIENTED_EDGE('',*,*,#11109,.F.);
#11111=ORIENTED_EDGE('',*,*,#11072,.F.);
#11112=EDGE_LOOP('',(#11090,#11092,#11094,#11096,#11098,#11100,#11102,#11104,
#11106,#11108,#11110,#11111));
#11113=FACE_OUTER_BOUND('',#11112,.F.);
#11114=ADVANCED_FACE('',(#11113),#11089,.F.);
#11115=CARTESIAN_POINT('',(4.094177861305E1,2.000046393839E0,2.021912582177E1));
#11116=DIRECTION('',(8.515127883175E-1,9.086024853466E-8,5.243338357686E-1));
#11117=DIRECTION('',(5.243338357686E-1,-1.475561146336E-7,-8.515127883174E-1));
#11118=AXIS2_PLACEMENT_3D('',#11115,#11116,#11117);
#11119=PLANE('',#11118);
#11120=ORIENTED_EDGE('',*,*,#9948,.F.);
#11122=ORIENTED_EDGE('',*,*,#11121,.T.);
#11124=ORIENTED_EDGE('',*,*,#11123,.F.);
#11125=ORIENTED_EDGE('',*,*,#10454,.F.);
#11127=ORIENTED_EDGE('',*,*,#11126,.T.);
#11129=ORIENTED_EDGE('',*,*,#11128,.T.);
#11130=ORIENTED_EDGE('',*,*,#11091,.T.);
#11131=ORIENTED_EDGE('',*,*,#9735,.F.);
#11132=EDGE_LOOP('',(#11120,#11122,#11124,#11125,#11127,#11129,#11130,#11131));
#11133=FACE_OUTER_BOUND('',#11132,.F.);
#11134=ADVANCED_FACE('',(#11133),#11119,.F.);
#11135=CARTESIAN_POINT('',(4.700595246330E1,1.500046295690E0,1.965272946770E1));
#11136=DIRECTION('',(-5.803730636675E-4,2.873480515451E-1,9.578260595955E-1));
#11137=DIRECTION('',(-1.741119191002E-4,-9.578262354275E-1,2.873479987956E-1));
#11138=AXIS2_PLACEMENT_3D('',#11135,#11136,#11137);
#11139=PLANE('',#11138);
#11140=ORIENTED_EDGE('',*,*,#9946,.F.);
#11142=ORIENTED_EDGE('',*,*,#11141,.T.);
#11144=ORIENTED_EDGE('',*,*,#11143,.F.);
#11145=ORIENTED_EDGE('',*,*,#11121,.F.);
#11146=EDGE_LOOP('',(#11140,#11142,#11144,#11145));
#11147=FACE_OUTER_BOUND('',#11146,.F.);
#11148=ADVANCED_FACE('',(#11147),#11139,.T.);
#11149=CARTESIAN_POINT('',(5.007211480994E1,1.500053098853E0,1.580458663241E1));
#11150=DIRECTION('',(3.032484930884E-13,-1.E0,1.732868911536E-7));
#11151=DIRECTION('',(9.999998164397E-1,1.052986032853E-10,6.059047753061E-4));
#11152=AXIS2_PLACEMENT_3D('',#11149,#11150,#11151);
#11153=CONICAL_SURFACE('',#11152,3.849997759243E0,1.669924423400E1);
#11154=ORIENTED_EDGE('',*,*,#9944,.T.);
#11156=ORIENTED_EDGE('',*,*,#11155,.F.);
#11158=ORIENTED_EDGE('',*,*,#11157,.T.);
#11159=ORIENTED_EDGE('',*,*,#11141,.F.);
#11160=EDGE_LOOP('',(#11154,#11156,#11158,#11159));
#11161=FACE_OUTER_BOUND('',#11160,.F.);
#11162=ADVANCED_FACE('',(#11161),#11153,.T.);
#11163=CARTESIAN_POINT('',(5.392671914967E1,1.500044315477E0,8.206920813960E0));
#11164=DIRECTION('',(9.578261093892E-1,2.873478856669E-1,5.803232700083E-4));
#11165=DIRECTION('',(2.873478328167E-1,-9.578262851910E-1,1.742778979640E-4));
#11166=AXIS2_PLACEMENT_3D('',#11163,#11164,#11165);
#11167=PLANE('',#11166);
#11169=ORIENTED_EDGE('',*,*,#11168,.T.);
#11171=ORIENTED_EDGE('',*,*,#11170,.T.);
#11172=ORIENTED_EDGE('',*,*,#11155,.T.);
#11173=ORIENTED_EDGE('',*,*,#9942,.F.);
#11174=EDGE_LOOP('',(#11169,#11171,#11172,#11173));
#11175=FACE_OUTER_BOUND('',#11174,.F.);
#11176=ADVANCED_FACE('',(#11175),#11167,.T.);
#11177=CARTESIAN_POINT('',(5.358132426209E1,1.000042995262E0,
6.067102550537E-1));
#11178=DIRECTION('',(-6.059272674204E-4,1.732869894271E-7,9.999998164260E-1));
#11179=DIRECTION('',(-9.999998164261E-1,-1.049993312582E-10,
-6.059272674204E-4));
#11180=AXIS2_PLACEMENT_3D('',#11177,#11178,#11179);
#11181=PLANE('',#11180);
#11183=ORIENTED_EDGE('',*,*,#11182,.T.);
#11184=ORIENTED_EDGE('',*,*,#11168,.F.);
#11185=ORIENTED_EDGE('',*,*,#9940,.F.);
#11187=ORIENTED_EDGE('',*,*,#11186,.F.);
#11188=ORIENTED_EDGE('',*,*,#10462,.F.);
#11189=EDGE_LOOP('',(#11183,#11184,#11185,#11187,#11188));
#11190=FACE_OUTER_BOUND('',#11189,.F.);
#11191=ADVANCED_FACE('',(#11190),#11181,.F.);
#11192=CARTESIAN_POINT('',(5.407671912307E1,5.000443148902E-1,
8.207011910167E0));
#11193=DIRECTION('',(9.999998164261E-1,1.049993312582E-10,6.059272674204E-4));
#11194=DIRECTION('',(0.E0,1.E0,-1.732870212380E-7));
#11195=AXIS2_PLACEMENT_3D('',#11192,#11193,#11194);
#11196=PLANE('',#11195);
#11197=ORIENTED_EDGE('',*,*,#11170,.F.);
#11198=ORIENTED_EDGE('',*,*,#11182,.F.);
#11199=ORIENTED_EDGE('',*,*,#10460,.T.);
#11201=ORIENTED_EDGE('',*,*,#11200,.T.);
#11202=EDGE_LOOP('',(#11197,#11198,#11199,#11201));
#11203=FACE_OUTER_BOUND('',#11202,.F.);
#11204=ADVANCED_FACE('',(#11203),#11196,.T.);
#11205=CARTESIAN_POINT('',(5.007211480994E1,-2.499427033116E-1,
1.580458693566E1));
#11206=DIRECTION('',(0.E0,1.E0,-1.732870212380E-7));
#11207=DIRECTION('',(-6.059273269088E-4,1.732869894270E-7,9.999998164260E-1));
#11208=AXIS2_PLACEMENT_3D('',#11205,#11206,#11207);
#11209=CYLINDRICAL_SURFACE('',#11208,4.000000000241E0);
#11210=ORIENTED_EDGE('',*,*,#11157,.F.);
#11211=ORIENTED_EDGE('',*,*,#11200,.F.);
#11212=ORIENTED_EDGE('',*,*,#10458,.T.);
#11214=ORIENTED_EDGE('',*,*,#11213,.F.);
#11215=EDGE_LOOP('',(#11210,#11211,#11212,#11214));
#11216=FACE_OUTER_BOUND('',#11215,.F.);
#11217=ADVANCED_FACE('',(#11216),#11209,.T.);
#11218=CARTESIAN_POINT('',(4.700586157421E1,5.000463216826E-1,
1.980272961345E1));
#11219=DIRECTION('',(-6.059272674204E-4,1.732869894271E-7,9.999998164260E-1));
#11220=DIRECTION('',(0.E0,1.E0,-1.732870212380E-7));
#11221=AXIS2_PLACEMENT_3D('',#11218,#11219,#11220);
#11222=PLANE('',#11221);
#11223=ORIENTED_EDGE('',*,*,#10456,.F.);
#11224=ORIENTED_EDGE('',*,*,#11123,.T.);
#11225=ORIENTED_EDGE('',*,*,#11143,.T.);
#11226=ORIENTED_EDGE('',*,*,#11213,.T.);
#11227=EDGE_LOOP('',(#11223,#11224,#11225,#11226));
#11228=FACE_OUTER_BOUND('',#11227,.F.);
#11229=ADVANCED_FACE('',(#11228),#11222,.T.);
#11230=CARTESIAN_POINT('',(5.308605058657E1,-1.999958356429E0,
-7.193590759872E0));
#11231=DIRECTION('',(9.999998164261E-1,1.049993312582E-10,6.059272674204E-4));
#11232=DIRECTION('',(-6.059272674204E-4,1.732869894271E-7,9.999998164260E-1));
#11233=AXIS2_PLACEMENT_3D('',#11230,#11231,#11232);
#11234=PLANE('',#11233);
#11236=ORIENTED_EDGE('',*,*,#11235,.F.);
#11237=ORIENTED_EDGE('',*,*,#6259,.F.);
#11239=ORIENTED_EDGE('',*,*,#11238,.F.);
#11240=ORIENTED_EDGE('',*,*,#9930,.T.);
#11242=ORIENTED_EDGE('',*,*,#11241,.T.);
#11244=ORIENTED_EDGE('',*,*,#11243,.T.);
#11245=EDGE_LOOP('',(#11236,#11237,#11239,#11240,#11242,#11244));
#11246=FACE_OUTER_BOUND('',#11245,.F.);
#11247=ADVANCED_FACE('',(#11246),#11234,.F.);
#11248=CARTESIAN_POINT('',(5.308605058657E1,-1.999958356429E0,
-7.193590759872E0));
#11249=DIRECTION('',(9.999998164261E-1,1.049993312582E-10,6.059272674204E-4));
#11250=DIRECTION('',(-6.059272674204E-4,1.732869894271E-7,9.999998164260E-1));
#11251=AXIS2_PLACEMENT_3D('',#11248,#11249,#11250);
#11252=PLANE('',#11251);
#11254=ORIENTED_EDGE('',*,*,#11253,.F.);
#11255=ORIENTED_EDGE('',*,*,#6251,.F.);
#11257=ORIENTED_EDGE('',*,*,#11256,.F.);
#11258=ORIENTED_EDGE('',*,*,#9839,.T.);
#11260=ORIENTED_EDGE('',*,*,#11259,.T.);
#11261=ORIENTED_EDGE('',*,*,#10464,.T.);
#11262=ORIENTED_EDGE('',*,*,#11186,.T.);
#11263=ORIENTED_EDGE('',*,*,#9938,.T.);
#11264=EDGE_LOOP('',(#11254,#11255,#11257,#11258,#11260,#11261,#11262,#11263));
#11265=FACE_OUTER_BOUND('',#11264,.F.);
#11266=ADVANCED_FACE('',(#11265),#11252,.F.);
#11267=CARTESIAN_POINT('',(5.308605058657E1,-1.999958356429E0,
-7.193590759872E0));
#11268=DIRECTION('',(9.999998164261E-1,1.049993312582E-10,6.059272674204E-4));
#11269=DIRECTION('',(-6.059272674204E-4,1.732869894271E-7,9.999998164260E-1));
#11270=AXIS2_PLACEMENT_3D('',#11267,#11268,#11269);
#11271=PLANE('',#11270);
#11273=ORIENTED_EDGE('',*,*,#11272,.F.);
#11274=ORIENTED_EDGE('',*,*,#6243,.F.);
#11276=ORIENTED_EDGE('',*,*,#11275,.T.);
#11278=ORIENTED_EDGE('',*,*,#11277,.F.);
#11280=ORIENTED_EDGE('',*,*,#11279,.T.);
#11281=ORIENTED_EDGE('',*,*,#9847,.T.);
#11282=EDGE_LOOP('',(#11273,#11274,#11276,#11278,#11280,#11281));
#11283=FACE_OUTER_BOUND('',#11282,.F.);
#11284=ADVANCED_FACE('',(#11283),#11271,.F.);
#11285=CARTESIAN_POINT('',(5.152393232566E1,-2.999954890742E0,
1.280546655757E1));
#11286=DIRECTION('',(-6.059272674204E-4,1.732534427053E-7,9.999998164260E-1));
#11287=DIRECTION('',(-2.032687342107E-14,1.E0,-1.732534745225E-7));
#11288=AXIS2_PLACEMENT_3D('',#11285,#11286,#11287);
#11289=PLANE('',#11288);
#11291=ORIENTED_EDGE('',*,*,#11290,.F.);
#11292=ORIENTED_EDGE('',*,*,#6172,.F.);
#11293=ORIENTED_EDGE('',*,*,#11235,.T.);
#11295=ORIENTED_EDGE('',*,*,#11294,.T.);
#11296=EDGE_LOOP('',(#11291,#11292,#11293,#11295));
#11297=FACE_OUTER_BOUND('',#11296,.F.);
#11298=ADVANCED_FACE('',(#11297),#11289,.F.);
#11299=CARTESIAN_POINT('',(4.997211482829E1,-3.255399189491E1,
1.580453193992E1));
#11300=DIRECTION('',(-2.031277228428E-14,1.E0,-1.732534745068E-7));
#11301=DIRECTION('',(6.059272674198E-4,-1.732534426896E-7,-9.999998164260E-1));
#11302=AXIS2_PLACEMENT_3D('',#11299,#11300,#11301);
#11303=CYLINDRICAL_SURFACE('',#11302,3.E0);
#11305=ORIENTED_EDGE('',*,*,#11304,.T.);
#11307=ORIENTED_EDGE('',*,*,#11306,.F.);
#11308=ORIENTED_EDGE('',*,*,#6174,.T.);
#11309=ORIENTED_EDGE('',*,*,#11290,.T.);
#11310=EDGE_LOOP('',(#11305,#11307,#11308,#11309));
#11311=FACE_OUTER_BOUND('',#11310,.F.);
#11312=ADVANCED_FACE('',(#11311),#11303,.T.);
#11313=CARTESIAN_POINT('',(5.004998747352E1,3.765786954091E-5,
-3.019543495937E1));
#11314=DIRECTION('',(0.E0,-1.E0,1.732870212380E-7));
#11315=DIRECTION('',(6.059272674204E-4,-1.732869894271E-7,-9.999998164260E-1));
#11316=AXIS2_PLACEMENT_3D('',#11313,#11314,#11315);
#11317=PLANE('',#11316);
#11319=ORIENTED_EDGE('',*,*,#11318,.F.);
#11321=ORIENTED_EDGE('',*,*,#11320,.F.);
#11322=ORIENTED_EDGE('',*,*,#6048,.F.);
#11324=ORIENTED_EDGE('',*,*,#11323,.F.);
#11325=ORIENTED_EDGE('',*,*,#11277,.T.);
#11327=ORIENTED_EDGE('',*,*,#11326,.F.);
#11328=EDGE_LOOP('',(#11319,#11321,#11322,#11324,#11325,#11327));
#11329=FACE_OUTER_BOUND('',#11328,.F.);
#11331=ORIENTED_EDGE('',*,*,#11330,.F.);
#11333=ORIENTED_EDGE('',*,*,#11332,.F.);
#11334=EDGE_LOOP('',(#11331,#11333));
#11335=FACE_BOUND('',#11334,.F.);
#11336=ADVANCED_FACE('',(#11329,#11335),#11317,.F.);
#11337=CARTESIAN_POINT('',(5.004998747352E1,3.765786954091E-5,
-3.019543495937E1));
#11338=DIRECTION('',(0.E0,-1.E0,1.732870212380E-7));
#11339=DIRECTION('',(6.059272674204E-4,-1.732869894271E-7,-9.999998164260E-1));
#11340=AXIS2_PLACEMENT_3D('',#11337,#11338,#11339);
#11341=PLANE('',#11340);
#11342=ORIENTED_EDGE('',*,*,#11304,.F.);
#11343=ORIENTED_EDGE('',*,*,#11294,.F.);
#11344=ORIENTED_EDGE('',*,*,#11243,.F.);
#11346=ORIENTED_EDGE('',*,*,#11345,.F.);
#11347=ORIENTED_EDGE('',*,*,#9729,.F.);
#11349=ORIENTED_EDGE('',*,*,#11348,.F.);
#11350=EDGE_LOOP('',(#11342,#11343,#11344,#11346,#11347,#11349));
#11351=FACE_OUTER_BOUND('',#11350,.F.);
#11353=ORIENTED_EDGE('',*,*,#11352,.T.);
#11355=ORIENTED_EDGE('',*,*,#11354,.T.);
#11356=EDGE_LOOP('',(#11353,#11355));
#11357=FACE_BOUND('',#11356,.F.);
#11358=ADVANCED_FACE('',(#11351,#11357),#11341,.F.);
#11359=CARTESIAN_POINT('',(4.999998748280E1,-3.749623403814E-1,
-3.019546519073E1));
#11360=DIRECTION('',(0.E0,1.E0,-1.732870212380E-7));
#11361=DIRECTION('',(-1.E0,0.E0,0.E0));
#11362=AXIS2_PLACEMENT_3D('',#11359,#11360,#11361);
#11363=CONICAL_SURFACE('',#11362,1.375000001754E0,4.5E1);
#11364=ORIENTED_EDGE('',*,*,#11330,.T.);
#11366=ORIENTED_EDGE('',*,*,#11365,.T.);
#11368=ORIENTED_EDGE('',*,*,#11367,.F.);
#11370=ORIENTED_EDGE('',*,*,#11369,.F.);
#11371=EDGE_LOOP('',(#11364,#11366,#11368,#11370));
#11372=FACE_OUTER_BOUND('',#11371,.F.);
#11373=ADVANCED_FACE('',(#11372),#11363,.F.);
#11374=CARTESIAN_POINT('',(4.999998748280E1,-3.749623403813E-1,
-3.019546519073E1));
#11375=DIRECTION('',(0.E0,1.E0,-1.732870212380E-7));
#11376=DIRECTION('',(-1.E0,0.E0,0.E0));
#11377=AXIS2_PLACEMENT_3D('',#11374,#11375,#11376);
#11378=CONICAL_SURFACE('',#11377,1.375000001754E0,4.5E1);
#11379=ORIENTED_EDGE('',*,*,#11332,.T.);
#11380=ORIENTED_EDGE('',*,*,#11369,.T.);
#11382=ORIENTED_EDGE('',*,*,#11381,.F.);
#11383=ORIENTED_EDGE('',*,*,#11365,.F.);
#11384=EDGE_LOOP('',(#11379,#11380,#11382,#11383));
#11385=FACE_OUTER_BOUND('',#11384,.F.);
#11386=ADVANCED_FACE('',(#11385),#11378,.F.);
#11387=CARTESIAN_POINT('',(4.999998748280E1,-3.199962342246E0,
-3.019546470120E1));
#11388=DIRECTION('',(0.E0,1.E0,-1.732870212380E-7));
#11389=DIRECTION('',(9.999998164261E-1,1.049993312592E-10,6.059272674261E-4));
#11390=AXIS2_PLACEMENT_3D('',#11387,#11388,#11389);
#11391=CYLINDRICAL_SURFACE('',#11390,1.E0);
#11393=ORIENTED_EDGE('',*,*,#11392,.T.);
#11395=ORIENTED_EDGE('',*,*,#11394,.F.);
#11396=ORIENTED_EDGE('',*,*,#11381,.T.);
#11398=ORIENTED_EDGE('',*,*,#11397,.F.);
#11399=EDGE_LOOP('',(#11393,#11395,#11396,#11398));
#11400=FACE_OUTER_BOUND('',#11399,.F.);
#11401=ADVANCED_FACE('',(#11400),#11391,.F.);
#11402=CARTESIAN_POINT('',(5.109692829818E1,-6.999958356640E0,
-7.194804715843E0));
#11403=DIRECTION('',(0.E0,-1.E0,1.732870212380E-7));
#11404=DIRECTION('',(-9.999998164261E-1,-1.049993312582E-10,
-6.059272674204E-4));
#11405=AXIS2_PLACEMENT_3D('',#11402,#11403,#11404);
#11406=PLANE('',#11405);
#11408=ORIENTED_EDGE('',*,*,#11407,.F.);
#11409=ORIENTED_EDGE('',*,*,#11392,.F.);
#11410=EDGE_LOOP('',(#11408,#11409));
#11411=FACE_OUTER_BOUND('',#11410,.F.);
#11412=ADVANCED_FACE('',(#11411),#11406,.F.);
#11413=CARTESIAN_POINT('',(5.109692829818E1,-6.999958356640E0,
-7.194804715843E0));
#11414=DIRECTION('',(0.E0,-1.E0,1.732870212380E-7));
#11415=DIRECTION('',(-9.999998164261E-1,-1.049993312582E-10,
-6.059272674204E-4));
#11416=AXIS2_PLACEMENT_3D('',#11413,#11414,#11415);
#11417=PLANE('',#11416);
#11419=ORIENTED_EDGE('',*,*,#11418,.F.);
#11421=ORIENTED_EDGE('',*,*,#11420,.F.);
#11422=EDGE_LOOP('',(#11419,#11421));
#11423=FACE_OUTER_BOUND('',#11422,.F.);
#11424=ADVANCED_FACE('',(#11423),#11417,.F.);
#11425=CARTESIAN_POINT('',(4.999998748280E1,-3.199962342246E0,
-3.019546470120E1));
#11426=DIRECTION('',(0.E0,1.E0,-1.732870212380E-7));
#11427=DIRECTION('',(-9.999998164261E-1,-1.049993312572E-10,
-6.059272674147E-4));
#11428=AXIS2_PLACEMENT_3D('',#11425,#11426,#11427);
#11429=CYLINDRICAL_SURFACE('',#11428,1.E0);
#11430=ORIENTED_EDGE('',*,*,#11407,.T.);
#11431=ORIENTED_EDGE('',*,*,#11397,.T.);
#11432=ORIENTED_EDGE('',*,*,#11367,.T.);
#11433=ORIENTED_EDGE('',*,*,#11394,.T.);
#11434=EDGE_LOOP('',(#11430,#11431,#11432,#11433));
#11435=FACE_OUTER_BOUND('',#11434,.F.);
#11436=ADVANCED_FACE('',(#11435),#11429,.F.);
#11437=CARTESIAN_POINT('',(4.997211482849E1,-3.199954371044E0,
1.580452685434E1));
#11438=DIRECTION('',(0.E0,1.E0,-1.732870212380E-7));
#11439=DIRECTION('',(-9.999998164261E-1,-1.049993312567E-10,
-6.059272674119E-4));
#11440=AXIS2_PLACEMENT_3D('',#11437,#11438,#11439);
#11441=CYLINDRICAL_SURFACE('',#11440,1.E0);
#11442=ORIENTED_EDGE('',*,*,#11418,.T.);
#11444=ORIENTED_EDGE('',*,*,#11443,.T.);
#11446=ORIENTED_EDGE('',*,*,#11445,.F.);
#11448=ORIENTED_EDGE('',*,*,#11447,.T.);
#11449=EDGE_LOOP('',(#11442,#11444,#11446,#11448));
#11450=FACE_OUTER_BOUND('',#11449,.F.);
#11451=ADVANCED_FACE('',(#11450),#11441,.F.);
#11452=CARTESIAN_POINT('',(4.997211482849E1,-3.199954371044E0,
1.580452685434E1));
#11453=DIRECTION('',(0.E0,1.E0,-1.732870212380E-7));
#11454=DIRECTION('',(9.999998164261E-1,1.049993312579E-10,6.059272674190E-4));
#11455=AXIS2_PLACEMENT_3D('',#11452,#11453,#11454);
#11456=CYLINDRICAL_SURFACE('',#11455,1.E0);
#11457=ORIENTED_EDGE('',*,*,#11420,.T.);
#11458=ORIENTED_EDGE('',*,*,#11447,.F.);
#11460=ORIENTED_EDGE('',*,*,#11459,.F.);
#11461=ORIENTED_EDGE('',*,*,#11443,.F.);
#11462=EDGE_LOOP('',(#11457,#11458,#11460,#11461));
#11463=FACE_OUTER_BOUND('',#11462,.F.);
#11464=ADVANCED_FACE('',(#11463),#11456,.F.);
#11465=CARTESIAN_POINT('',(4.997211482849E1,-3.749543692576E-1,
1.580452636481E1));
#11466=DIRECTION('',(0.E0,1.E0,-1.732870212380E-7));
#11467=DIRECTION('',(-1.E0,0.E0,0.E0));
#11468=AXIS2_PLACEMENT_3D('',#11465,#11466,#11467);
#11469=CONICAL_SURFACE('',#11468,1.375000001677E0,4.5E1);
#11470=ORIENTED_EDGE('',*,*,#11459,.T.);
#11472=ORIENTED_EDGE('',*,*,#11471,.T.);
#11473=ORIENTED_EDGE('',*,*,#11354,.F.);
#11475=ORIENTED_EDGE('',*,*,#11474,.F.);
#11476=EDGE_LOOP('',(#11470,#11472,#11473,#11475));
#11477=FACE_OUTER_BOUND('',#11476,.F.);
#11478=ADVANCED_FACE('',(#11477),#11469,.F.);
#11479=CARTESIAN_POINT('',(4.997211482849E1,-3.749543692576E-1,
1.580452636481E1));
#11480=DIRECTION('',(0.E0,1.E0,-1.732870212380E-7));
#11481=DIRECTION('',(-1.E0,0.E0,0.E0));
#11482=AXIS2_PLACEMENT_3D('',#11479,#11480,#11481);
#11483=CONICAL_SURFACE('',#11482,1.375000001677E0,4.5E1);
#11484=ORIENTED_EDGE('',*,*,#11445,.T.);
#11485=ORIENTED_EDGE('',*,*,#11474,.T.);
#11486=ORIENTED_EDGE('',*,*,#11352,.F.);
#11487=ORIENTED_EDGE('',*,*,#11471,.F.);
#11488=EDGE_LOOP('',(#11484,#11485,#11486,#11487));
#11489=FACE_OUTER_BOUND('',#11488,.F.);
#11490=ADVANCED_FACE('',(#11489),#11483,.F.);
#11491=CARTESIAN_POINT('',(4.999998748259E1,-3.255399189491E1,
-3.019545961343E1));
#11492=DIRECTION('',(2.044298236302E-14,1.E0,-1.733205684074E-7));
#11493=DIRECTION('',(-9.999998164261E-1,-1.049992154242E-10,
-6.059272674198E-4));
#11494=AXIS2_PLACEMENT_3D('',#11491,#11492,#11493);
#11495=CYLINDRICAL_SURFACE('',#11494,3.E0);
#11496=ORIENTED_EDGE('',*,*,#11318,.T.);
#11498=ORIENTED_EDGE('',*,*,#11497,.F.);
#11499=ORIENTED_EDGE('',*,*,#6239,.T.);
#11501=ORIENTED_EDGE('',*,*,#11500,.T.);
#11502=EDGE_LOOP('',(#11496,#11498,#11499,#11501));
#11503=FACE_OUTER_BOUND('',#11502,.F.);
#11504=ADVANCED_FACE('',(#11503),#11495,.T.);
#11505=CARTESIAN_POINT('',(5.154816941635E1,-2.999961822222E0,
-2.719452609921E1));
#11506=DIRECTION('',(-6.059272674204E-4,1.733205366225E-7,9.999998164260E-1));
#11507=DIRECTION('',(-2.032716044677E-14,-1.E0,1.733205684273E-7));
#11508=AXIS2_PLACEMENT_3D('',#11505,#11506,#11507);
#11509=PLANE('',#11508);
#11510=ORIENTED_EDGE('',*,*,#11497,.T.);
#11511=ORIENTED_EDGE('',*,*,#11326,.T.);
#11512=ORIENTED_EDGE('',*,*,#11275,.F.);
#11513=ORIENTED_EDGE('',*,*,#6241,.F.);
#11514=EDGE_LOOP('',(#11510,#11511,#11512,#11513));
#11515=FACE_OUTER_BOUND('',#11514,.F.);
#11516=ADVANCED_FACE('',(#11515),#11509,.T.);
#11517=CARTESIAN_POINT('',(4.700089692422E1,-2.999962602491E0,
-3.169728224023E1));
#11518=DIRECTION('',(9.999998164261E-1,1.049993312582E-10,6.059272674204E-4));
#11519=DIRECTION('',(6.059272674204E-4,-1.733205536605E-7,-9.999998164260E-1));
#11520=AXIS2_PLACEMENT_3D('',#11517,#11518,#11519);
#11521=PLANE('',#11520);
#11522=ORIENTED_EDGE('',*,*,#11500,.F.);
#11523=ORIENTED_EDGE('',*,*,#6237,.F.);
#11524=ORIENTED_EDGE('',*,*,#6038,.T.);
#11525=ORIENTED_EDGE('',*,*,#11320,.T.);
#11526=EDGE_LOOP('',(#11522,#11523,#11524,#11525));
#11527=FACE_OUTER_BOUND('',#11526,.F.);
#11528=ADVANCED_FACE('',(#11527),#11521,.F.);
#11529=CARTESIAN_POINT('',(5.009998746444E1,1.000037657655E0,
-3.019540483630E1));
#11530=DIRECTION('',(0.E0,1.E0,-1.732870212380E-7));
#11531=DIRECTION('',(9.999998164271E-1,1.049990271062E-10,6.059255122286E-4));
#11532=AXIS2_PLACEMENT_3D('',#11529,#11530,#11531);
#11533=CYLINDRICAL_SURFACE('',#11532,3.000000000001E0);
#11534=ORIENTED_EDGE('',*,*,#11323,.T.);
#11535=ORIENTED_EDGE('',*,*,#6046,.F.);
#11536=ORIENTED_EDGE('',*,*,#9849,.T.);
#11537=ORIENTED_EDGE('',*,*,#11279,.F.);
#11538=EDGE_LOOP('',(#11534,#11535,#11536,#11537));
#11539=FACE_OUTER_BOUND('',#11538,.F.);
#11540=ADVANCED_FACE('',(#11539),#11533,.F.);
#11541=CARTESIAN_POINT('',(5.007211481014E1,1.000045628856E0,1.580458671929E1));
#11542=DIRECTION('',(0.E0,1.E0,-1.732870396597E-7));
#11543=DIRECTION('',(-6.059172507592E-4,1.732870078497E-7,9.999998164321E-1));
#11544=AXIS2_PLACEMENT_3D('',#11541,#11542,#11543);
#11545=CYLINDRICAL_SURFACE('',#11544,3.E0);
#11546=ORIENTED_EDGE('',*,*,#11345,.T.);
#11547=ORIENTED_EDGE('',*,*,#11241,.F.);
#11548=ORIENTED_EDGE('',*,*,#9928,.T.);
#11549=ORIENTED_EDGE('',*,*,#9731,.F.);
#11550=EDGE_LOOP('',(#11546,#11547,#11548,#11549));
#11551=FACE_OUTER_BOUND('',#11550,.F.);
#11552=ADVANCED_FACE('',(#11551),#11545,.F.);
#11553=CARTESIAN_POINT('',(4.697120648812E1,-2.999954111429E0,
1.730270876036E1));
#11554=DIRECTION('',(9.999998164261E-1,1.049993312582E-10,6.059272674204E-4));
#11555=DIRECTION('',(0.E0,1.E0,-1.732870212380E-7));
#11556=AXIS2_PLACEMENT_3D('',#11553,#11554,#11555);
#11557=PLANE('',#11556);
#11558=ORIENTED_EDGE('',*,*,#11306,.T.);
#11559=ORIENTED_EDGE('',*,*,#11348,.T.);
#11560=ORIENTED_EDGE('',*,*,#9727,.F.);
#11561=ORIENTED_EDGE('',*,*,#6176,.F.);
#11562=EDGE_LOOP('',(#11558,#11559,#11560,#11561));
#11563=FACE_OUTER_BOUND('',#11562,.F.);
#11564=ADVANCED_FACE('',(#11563),#11557,.F.);
#11565=CARTESIAN_POINT('',(5.228025528528E1,2.000043300906E0,2.370515779253E0));
#11566=DIRECTION('',(-1.211854312377E-3,1.732868939941E-7,9.999992657043E-1));
#11567=DIRECTION('',(9.999992657043E-1,2.099986239663E-10,1.211854312377E-3));
#11568=AXIS2_PLACEMENT_3D('',#11565,#11566,#11567);
#11569=PLANE('',#11568);
#11570=ORIENTED_EDGE('',*,*,#11238,.T.);
#11571=ORIENTED_EDGE('',*,*,#6257,.F.);
#11573=ORIENTED_EDGE('',*,*,#11572,.T.);
#11575=ORIENTED_EDGE('',*,*,#11574,.F.);
#11576=ORIENTED_EDGE('',*,*,#9932,.T.);
#11577=EDGE_LOOP('',(#11570,#11571,#11573,#11575,#11576));
#11578=FACE_OUTER_BOUND('',#11577,.F.);
#11579=ADVANCED_FACE('',(#11578),#11569,.T.);
#11580=CARTESIAN_POINT('',(5.228086121266E1,2.000043127619E0,1.370515779253E0));
#11581=DIRECTION('',(-9.999998164261E-1,-1.049993312590E-10,
-6.059272674251E-4));
#11582=DIRECTION('',(-6.059272674251E-4,1.732869894271E-7,9.999998164260E-1));
#11583=AXIS2_PLACEMENT_3D('',#11580,#11581,#11582);
#11584=PLANE('',#11583);
#11585=ORIENTED_EDGE('',*,*,#11572,.F.);
#11586=ORIENTED_EDGE('',*,*,#6255,.F.);
#11588=ORIENTED_EDGE('',*,*,#11587,.F.);
#11590=ORIENTED_EDGE('',*,*,#11589,.T.);
#11591=EDGE_LOOP('',(#11585,#11586,#11588,#11590));
#11592=FACE_OUTER_BOUND('',#11591,.F.);
#11593=ADVANCED_FACE('',(#11592),#11584,.T.);
#11594=CARTESIAN_POINT('',(5.348086033151E1,2.000043127871E0,1.371970004428E0));
#11595=DIRECTION('',(1.211854312377E-3,-1.732868939941E-7,-9.999992657043E-1));
#11596=DIRECTION('',(-9.999992657043E-1,-2.099986239663E-10,
-1.211854312377E-3));
#11597=AXIS2_PLACEMENT_3D('',#11594,#11595,#11596);
#11598=PLANE('',#11597);
#11599=ORIENTED_EDGE('',*,*,#11587,.T.);
#11600=ORIENTED_EDGE('',*,*,#6253,.F.);
#11601=ORIENTED_EDGE('',*,*,#11253,.T.);
#11602=ORIENTED_EDGE('',*,*,#9936,.T.);
#11604=ORIENTED_EDGE('',*,*,#11603,.F.);
#11605=EDGE_LOOP('',(#11599,#11600,#11601,#11602,#11604));
#11606=FACE_OUTER_BOUND('',#11605,.F.);
#11607=ADVANCED_FACE('',(#11606),#11598,.T.);
#11608=CARTESIAN_POINT('',(5.253055811129E1,1.250043214315E0,1.870818872852E0));
#11609=DIRECTION('',(-9.486831238970E-1,3.162277659172E-1,-5.748878766072E-4));
#11610=DIRECTION('',(-3.162277079657E-1,-9.486832980837E-1,-1.914466316437E-4));
#11611=AXIS2_PLACEMENT_3D('',#11608,#11609,#11610);
#11612=PLANE('',#11611);
#11613=ORIENTED_EDGE('',*,*,#11574,.T.);
#11614=ORIENTED_EDGE('',*,*,#11589,.F.);
#11615=ORIENTED_EDGE('',*,*,#11603,.T.);
#11616=ORIENTED_EDGE('',*,*,#9934,.T.);
#11617=EDGE_LOOP('',(#11613,#11614,#11615,#11616));
#11618=FACE_OUTER_BOUND('',#11617,.F.);
#11619=ADVANCED_FACE('',(#11618),#11612,.T.);
#11620=CARTESIAN_POINT('',(5.229124025419E1,2.000040159354E0,
-1.575866816286E1));
#11621=DIRECTION('',(0.E0,1.732870212380E-7,1.E0));
#11622=DIRECTION('',(1.E0,0.E0,0.E0));
#11623=AXIS2_PLACEMENT_3D('',#11620,#11621,#11622);
#11624=PLANE('',#11623);
#11625=ORIENTED_EDGE('',*,*,#11256,.T.);
#11626=ORIENTED_EDGE('',*,*,#6249,.F.);
#11628=ORIENTED_EDGE('',*,*,#11627,.F.);
#11630=ORIENTED_EDGE('',*,*,#11629,.F.);
#11631=ORIENTED_EDGE('',*,*,#9841,.T.);
#11632=EDGE_LOOP('',(#11625,#11626,#11628,#11630,#11631));
#11633=FACE_OUTER_BOUND('',#11632,.F.);
#11634=ADVANCED_FACE('',(#11633),#11624,.T.);
#11635=CARTESIAN_POINT('',(5.229184618157E1,2.000039986067E0,
-1.675866816286E1));
#11636=DIRECTION('',(-9.999998164261E-1,-1.049993312565E-10,
-6.059272674109E-4));
#11637=DIRECTION('',(-6.059272674109E-4,1.732869894271E-7,9.999998164260E-1));
#11638=AXIS2_PLACEMENT_3D('',#11635,#11636,#11637);
#11639=PLANE('',#11638);
#11640=ORIENTED_EDGE('',*,*,#11627,.T.);
#11641=ORIENTED_EDGE('',*,*,#6247,.F.);
#11643=ORIENTED_EDGE('',*,*,#11642,.T.);
#11645=ORIENTED_EDGE('',*,*,#11644,.T.);
#11646=EDGE_LOOP('',(#11640,#11641,#11643,#11645));
#11647=FACE_OUTER_BOUND('',#11646,.F.);
#11648=ADVANCED_FACE('',(#11647),#11639,.T.);
#11649=CARTESIAN_POINT('',(5.349124025419E1,2.000039986067E0,
-1.675866816286E1));
#11650=DIRECTION('',(0.E0,-1.732870212380E-7,-1.E0));
#11651=DIRECTION('',(-1.E0,0.E0,0.E0));
#11652=AXIS2_PLACEMENT_3D('',#11649,#11650,#11651);
#11653=PLANE('',#11652);
#11654=ORIENTED_EDGE('',*,*,#11642,.F.);
#11655=ORIENTED_EDGE('',*,*,#6245,.F.);
#11656=ORIENTED_EDGE('',*,*,#11272,.T.);
#11657=ORIENTED_EDGE('',*,*,#9845,.T.);
#11659=ORIENTED_EDGE('',*,*,#11658,.F.);
#11660=EDGE_LOOP('',(#11654,#11655,#11656,#11657,#11659));
#11661=FACE_OUTER_BOUND('',#11660,.F.);
#11662=ADVANCED_FACE('',(#11661),#11653,.T.);
#11663=CARTESIAN_POINT('',(5.254154326377E1,1.250040072710E0,
-1.625866803290E1));
#11664=DIRECTION('',(-9.486831238970E-1,3.162277659172E-1,-5.748878765937E-4));
#11665=DIRECTION('',(-3.162277079657E-1,-9.486832980837E-1,-1.914466316392E-4));
#11666=AXIS2_PLACEMENT_3D('',#11663,#11664,#11665);
#11667=PLANE('',#11666);
#11668=ORIENTED_EDGE('',*,*,#11629,.T.);
#11669=ORIENTED_EDGE('',*,*,#11644,.F.);
#11670=ORIENTED_EDGE('',*,*,#11658,.T.);
#11671=ORIENTED_EDGE('',*,*,#9843,.T.);
#11672=EDGE_LOOP('',(#11668,#11669,#11670,#11671));
#11673=FACE_OUTER_BOUND('',#11672,.F.);
#11674=ADVANCED_FACE('',(#11673),#11667,.T.);
#11675=CARTESIAN_POINT('',(5.359077672746E1,1.000040291985E0,
-1.499328688119E1));
#11676=DIRECTION('',(-6.059272674204E-4,1.732869894271E-7,9.999998164260E-1));
#11677=DIRECTION('',(0.E0,1.E0,-1.732870212380E-7));
#11678=AXIS2_PLACEMENT_3D('',#11675,#11676,#11677);
#11679=PLANE('',#11678);
#11681=ORIENTED_EDGE('',*,*,#11680,.F.);
#11683=ORIENTED_EDGE('',*,*,#11682,.T.);
#11684=ORIENTED_EDGE('',*,*,#10466,.F.);
#11685=ORIENTED_EDGE('',*,*,#11259,.F.);
#11686=ORIENTED_EDGE('',*,*,#9837,.F.);
#11687=EDGE_LOOP('',(#11681,#11683,#11684,#11685,#11686));
#11688=FACE_OUTER_BOUND('',#11687,.F.);
#11689=ADVANCED_FACE('',(#11688),#11679,.T.);
#11690=CARTESIAN_POINT('',(5.394538171045E1,1.500038975040E0,
-2.259307349982E1));
#11691=DIRECTION('',(9.578261093892E-1,2.873478856669E-1,5.803232700083E-4));
#11692=DIRECTION('',(2.873478328167E-1,-9.578262851910E-1,1.742778979640E-4));
#11693=AXIS2_PLACEMENT_3D('',#11690,#11691,#11692);
#11694=PLANE('',#11693);
#11695=ORIENTED_EDGE('',*,*,#11680,.T.);
#11696=ORIENTED_EDGE('',*,*,#9835,.F.);
#11698=ORIENTED_EDGE('',*,*,#11697,.T.);
#11700=ORIENTED_EDGE('',*,*,#11699,.T.);
#11701=EDGE_LOOP('',(#11695,#11696,#11698,#11700));
#11702=FACE_OUTER_BOUND('',#11701,.F.);
#11703=ADVANCED_FACE('',(#11702),#11694,.T.);
#11704=CARTESIAN_POINT('',(5.009998746424E1,1.500045127650E0,
-3.019540492271E1));
#11705=DIRECTION('',(2.651040177597E-13,-1.E0,1.732873008832E-7));
#11706=DIRECTION('',(6.059047538682E-4,-1.732872689139E-7,-9.999998164397E-1));
#11707=AXIS2_PLACEMENT_3D('',#11704,#11705,#11706);
#11708=CONICAL_SURFACE('',#11707,3.849997759243E0,1.669924423400E1);
#11709=ORIENTED_EDGE('',*,*,#9833,.T.);
#11711=ORIENTED_EDGE('',*,*,#11710,.T.);
#11713=ORIENTED_EDGE('',*,*,#11712,.T.);
#11714=ORIENTED_EDGE('',*,*,#11697,.F.);
#11715=EDGE_LOOP('',(#11709,#11711,#11713,#11714));
#11716=FACE_OUTER_BOUND('',#11715,.F.);
#11717=ADVANCED_FACE('',(#11716),#11708,.T.);
#11718=CARTESIAN_POINT('',(5.052328519473E0,1.500036988970E0,
-3.407270123865E1));
#11719=DIRECTION('',(-5.803730636675E-4,-2.873477195875E-1,9.578261591829E-1));
#11720=DIRECTION('',(1.741119191002E-4,-9.578263350148E-1,-2.873476668378E-1));
#11721=AXIS2_PLACEMENT_3D('',#11718,#11719,#11720);
#11722=PLANE('',#11721);
#11723=ORIENTED_EDGE('',*,*,#9831,.F.);
#11725=ORIENTED_EDGE('',*,*,#11724,.T.);
#11727=ORIENTED_EDGE('',*,*,#11726,.T.);
#11728=ORIENTED_EDGE('',*,*,#11710,.F.);
#11729=EDGE_LOOP('',(#11723,#11725,#11727,#11728));
#11730=FACE_OUTER_BOUND('',#11729,.F.);
#11731=ADVANCED_FACE('',(#11730),#11722,.F.);
#11732=CARTESIAN_POINT('',(-3.999999599535E1,1.500045118183E0,
-3.024999896958E1));
#11733=DIRECTION('',(1.269745835534E-14,-1.E0,1.732870159152E-7));
#11734=DIRECTION('',(-9.999998164397E-1,-1.049970298286E-10,
-6.059047538947E-4));
#11735=AXIS2_PLACEMENT_3D('',#11732,#11733,#11734);
#11736=CONICAL_SURFACE('',#11735,3.849997759162E0,1.669924423399E1);
#11737=ORIENTED_EDGE('',*,*,#9829,.T.);
#11739=ORIENTED_EDGE('',*,*,#11738,.F.);
#11741=ORIENTED_EDGE('',*,*,#11740,.T.);
#11742=ORIENTED_EDGE('',*,*,#11724,.F.);
#11743=EDGE_LOOP('',(#11737,#11739,#11741,#11742));
#11744=FACE_OUTER_BOUND('',#11743,.F.);
#11745=ADVANCED_FACE('',(#11744),#11736,.T.);
#11746=CARTESIAN_POINT('',(-4.385551831489E1,1.500039230498E0,
-2.113733342917E1));
#11747=DIRECTION('',(9.578261093892E-1,-2.873478854657E-1,5.804228573266E-4));
#11748=DIRECTION('',(-2.873478328167E-1,-9.578262852513E-1,-1.739459402364E-4));
#11749=AXIS2_PLACEMENT_3D('',#11746,#11747,#11748);
#11750=PLANE('',#11749);
#11751=ORIENTED_EDGE('',*,*,#9964,.T.);
#11753=ORIENTED_EDGE('',*,*,#11752,.T.);
#11754=ORIENTED_EDGE('',*,*,#11738,.T.);
#11755=ORIENTED_EDGE('',*,*,#9827,.F.);
#11756=EDGE_LOOP('',(#11751,#11753,#11754,#11755));
#11757=FACE_OUTER_BOUND('',#11756,.F.);
#11758=ADVANCED_FACE('',(#11757),#11750,.F.);
#11759=CARTESIAN_POINT('',(-4.400551828830E1,5.000392298803E-1,
-2.113742417880E1));
#11760=DIRECTION('',(9.999998164261E-1,1.049993312582E-10,6.059272674204E-4));
#11761=DIRECTION('',(-6.059272674204E-4,1.732869894271E-7,9.999998164260E-1));
#11762=AXIS2_PLACEMENT_3D('',#11759,#11760,#11761);
#11763=PLANE('',#11762);
#11764=ORIENTED_EDGE('',*,*,#9962,.T.);
#11765=ORIENTED_EDGE('',*,*,#10476,.T.);
#11767=ORIENTED_EDGE('',*,*,#11766,.F.);
#11768=ORIENTED_EDGE('',*,*,#11752,.F.);
#11769=EDGE_LOOP('',(#11764,#11765,#11767,#11768));
#11770=FACE_OUTER_BOUND('',#11769,.F.);
#11771=ADVANCED_FACE('',(#11770),#11763,.F.);
#11772=CARTESIAN_POINT('',(-3.999999599535E1,-2.499506839735E-1,
-3.024999866633E1));
#11773=DIRECTION('',(0.E0,1.E0,-1.732870212380E-7));
#11774=DIRECTION('',(6.059273064283E-4,-1.732869894270E-7,-9.999998164260E-1));
#11775=AXIS2_PLACEMENT_3D('',#11772,#11773,#11774);
#11776=CYLINDRICAL_SURFACE('',#11775,4.000000000158E0);
#11777=ORIENTED_EDGE('',*,*,#11740,.F.);
#11778=ORIENTED_EDGE('',*,*,#11766,.T.);
#11779=ORIENTED_EDGE('',*,*,#10474,.T.);
#11781=ORIENTED_EDGE('',*,*,#11780,.T.);
#11782=EDGE_LOOP('',(#11777,#11778,#11779,#11781));
#11783=FACE_OUTER_BOUND('',#11782,.F.);
#11784=ADVANCED_FACE('',(#11783),#11776,.T.);
#11785=CARTESIAN_POINT('',(5.052419442414E0,5.000369623716E-1,
-3.422270103876E1));
#11786=DIRECTION('',(-6.059272674204E-4,1.732869894271E-7,9.999998164260E-1));
#11787=DIRECTION('',(-9.999998164261E-1,-1.049993312582E-10,
-6.059272674204E-4));
#11788=AXIS2_PLACEMENT_3D('',#11785,#11786,#11787);
#11789=PLANE('',#11788);
#11791=ORIENTED_EDGE('',*,*,#11790,.F.);
#11792=ORIENTED_EDGE('',*,*,#11726,.F.);
#11793=ORIENTED_EDGE('',*,*,#11780,.F.);
#11794=ORIENTED_EDGE('',*,*,#10472,.F.);
#11795=EDGE_LOOP('',(#11791,#11792,#11793,#11794));
#11796=FACE_OUTER_BOUND('',#11795,.F.);
#11797=ADVANCED_FACE('',(#11796),#11789,.F.);
#11798=CARTESIAN_POINT('',(5.009998746424E1,-2.499506745131E-1,
-3.019540461946E1));
#11799=DIRECTION('',(0.E0,1.E0,-1.732870212380E-7));
#11800=DIRECTION('',(9.999998164260E-1,1.049993415218E-10,6.059273266494E-4));
#11801=AXIS2_PLACEMENT_3D('',#11798,#11799,#11800);
#11802=CYLINDRICAL_SURFACE('',#11801,4.000000000240E0);
#11803=ORIENTED_EDGE('',*,*,#11712,.F.);
#11804=ORIENTED_EDGE('',*,*,#11790,.T.);
#11805=ORIENTED_EDGE('',*,*,#10470,.T.);
#11807=ORIENTED_EDGE('',*,*,#11806,.F.);
#11808=EDGE_LOOP('',(#11803,#11804,#11805,#11807));
#11809=FACE_OUTER_BOUND('',#11808,.F.);
#11810=ADVANCED_FACE('',(#11809),#11802,.T.);
#11811=CARTESIAN_POINT('',(5.409538168291E1,5.000389750559E-1,
-2.259298243744E1));
#11812=DIRECTION('',(9.999998164261E-1,1.049993312582E-10,6.059272674204E-4));
#11813=DIRECTION('',(0.E0,1.E0,-1.732870212380E-7));
#11814=AXIS2_PLACEMENT_3D('',#11811,#11812,#11813);
#11815=PLANE('',#11814);
#11816=ORIENTED_EDGE('',*,*,#11699,.F.);
#11817=ORIENTED_EDGE('',*,*,#11806,.T.);
#11818=ORIENTED_EDGE('',*,*,#10468,.F.);
#11819=ORIENTED_EDGE('',*,*,#11682,.F.);
#11820=EDGE_LOOP('',(#11816,#11817,#11818,#11819));
#11821=FACE_OUTER_BOUND('',#11820,.F.);
#11822=ADVANCED_FACE('',(#11821),#11815,.T.);
#11823=CARTESIAN_POINT('',(4.094211773500E1,-1.288900331553E0,
1.965945213498E1));
#11824=DIRECTION('',(9.999998164261E-1,1.049993312582E-10,6.059272674204E-4));
#11825=DIRECTION('',(-6.059272674204E-4,1.732869894271E-7,9.999998164260E-1));
#11826=AXIS2_PLACEMENT_3D('',#11823,#11824,#11825);
#11827=PLANE('',#11826);
#11828=ORIENTED_EDGE('',*,*,#10452,.T.);
#11830=ORIENTED_EDGE('',*,*,#11829,.F.);
#11832=ORIENTED_EDGE('',*,*,#11831,.T.);
#11833=ORIENTED_EDGE('',*,*,#11126,.F.);
#11834=EDGE_LOOP('',(#11828,#11830,#11832,#11833));
#11835=FACE_OUTER_BOUND('',#11834,.F.);
#11836=ADVANCED_FACE('',(#11835),#11827,.F.);
#11837=CARTESIAN_POINT('',(4.124160894123E1,-4.341433557502E0,
2.049923786260E1));
#11838=DIRECTION('',(2.370623208441E-14,1.E0,-1.733260228654E-7));
#11839=DIRECTION('',(-9.999998164261E-1,-1.049992571807E-10,
-6.059272674245E-4));
#11840=AXIS2_PLACEMENT_3D('',#11837,#11838,#11839);
#11841=CYLINDRICAL_SURFACE('',#11840,3.E-1);
#11842=ORIENTED_EDGE('',*,*,#10450,.T.);
#11843=ORIENTED_EDGE('',*,*,#9454,.F.);
#11845=ORIENTED_EDGE('',*,*,#11844,.F.);
#11846=ORIENTED_EDGE('',*,*,#11829,.T.);
#11847=EDGE_LOOP('',(#11842,#11843,#11845,#11846));
#11848=FACE_OUTER_BOUND('',#11847,.F.);
#11849=ADVANCED_FACE('',(#11848),#11841,.T.);
#11850=CARTESIAN_POINT('',(4.024160912480E1,-4.184953557607E0,
2.049863190825E1));
#11851=DIRECTION('',(6.059272674204E-4,-1.732869894255E-7,-9.999998164260E-1));
#11852=DIRECTION('',(-2.096501099977E-1,-9.777764648853E-1,-1.268633056171E-4));
#11853=AXIS2_PLACEMENT_3D('',#11850,#11851,#11852);
#11854=TOROIDAL_SURFACE('',#11853,1.E0,3.E-1);
#11855=ORIENTED_EDGE('',*,*,#11844,.T.);
#11856=ORIENTED_EDGE('',*,*,#9452,.F.);
#11858=ORIENTED_EDGE('',*,*,#11857,.F.);
#11860=ORIENTED_EDGE('',*,*,#11859,.T.);
#11861=EDGE_LOOP('',(#11855,#11856,#11858,#11860));
#11862=FACE_OUTER_BOUND('',#11861,.F.);
#11863=ADVANCED_FACE('',(#11862),#11854,.T.);
#11864=CARTESIAN_POINT('',(2.717326239411E1,-5.184953558979E0,
2.049071361246E1));
#11865=DIRECTION('',(9.999998164261E-1,1.049992841673E-10,6.059272674206E-4));
#11866=DIRECTION('',(0.E0,1.E0,-1.732870202886E-7));
#11867=AXIS2_PLACEMENT_3D('',#11864,#11865,#11866);
#11868=CYLINDRICAL_SURFACE('',#11867,3.E-1);
#11869=ORIENTED_EDGE('',*,*,#11097,.T.);
#11870=ORIENTED_EDGE('',*,*,#11857,.T.);
#11871=ORIENTED_EDGE('',*,*,#9450,.F.);
#11873=ORIENTED_EDGE('',*,*,#11872,.F.);
#11874=EDGE_LOOP('',(#11869,#11870,#11871,#11873));
#11875=FACE_OUTER_BOUND('',#11874,.F.);
#11876=ADVANCED_FACE('',(#11875),#11868,.T.);
#11877=CARTESIAN_POINT('',(3.899277973618E1,-5.184953322088E0,
2.185787563128E1));
#11878=DIRECTION('',(-9.773426365011E-11,-1.E0,1.733259637178E-7));
#11879=DIRECTION('',(-5.005519441652E-1,-1.500004878477E-7,-8.657065040719E-1));
#11880=AXIS2_PLACEMENT_3D('',#11877,#11878,#11879);
#11881=TOROIDAL_SURFACE('',#11880,1.36E0,3.E-1);
#11882=ORIENTED_EDGE('',*,*,#11099,.T.);
#11883=ORIENTED_EDGE('',*,*,#11872,.T.);
#11885=ORIENTED_EDGE('',*,*,#11884,.F.);
#11887=ORIENTED_EDGE('',*,*,#11886,.F.);
#11888=EDGE_LOOP('',(#11882,#11883,#11885,#11887));
#11889=FACE_OUTER_BOUND('',#11888,.F.);
#11890=ADVANCED_FACE('',(#11889),#11881,.T.);
#11891=CARTESIAN_POINT('',(3.899277973828E1,1.633981540390E1,2.185787190047E1));
#11892=DIRECTION('',(-9.773426365011E-11,-1.E0,1.733259637178E-7));
#11893=DIRECTION('',(-3.701514752745E-1,-1.609786888662E-7,-9.289714125591E-1));
#11894=AXIS2_PLACEMENT_3D('',#11891,#11892,#11893);
#11895=CYLINDRICAL_SURFACE('',#11894,1.06E0);
#11897=ORIENTED_EDGE('',*,*,#11896,.T.);
#11899=ORIENTED_EDGE('',*,*,#11898,.F.);
#11900=ORIENTED_EDGE('',*,*,#11884,.T.);
#11901=ORIENTED_EDGE('',*,*,#9448,.T.);
#11902=EDGE_LOOP('',(#11897,#11899,#11900,#11901));
#11903=FACE_OUTER_BOUND('',#11902,.F.);
#11904=ADVANCED_FACE('',(#11903),#11895,.F.);
#11905=CARTESIAN_POINT('',(3.913827345012E1,-5.880040901753E0,
2.062520709252E1));
#11906=CARTESIAN_POINT('',(3.908567671470E1,-5.897608529315E0,
2.061937623845E1));
#11907=CARTESIAN_POINT('',(3.892499304503E1,-5.944593402873E0,
2.061158959649E1));
#11908=CARTESIAN_POINT('',(3.869077458708E1,-5.983062805879E0,
2.064600567435E1));
#11909=CARTESIAN_POINT('',(3.852072602339E1,-5.984841826273E0,
2.071084897369E1));
#11910=CARTESIAN_POINT('',(3.846026170078E1,-5.981870670591E0,
2.073952720362E1));
#11911=CARTESIAN_POINT('',(3.910941536569E1,-5.812940296373E0,
2.078254419562E1));
#11912=CARTESIAN_POINT('',(3.906428564103E1,-5.830045746082E0,
2.077788730097E1));
#11913=CARTESIAN_POINT('',(3.892660837623E1,-5.875719186443E0,
2.077214594963E1));
#11914=CARTESIAN_POINT('',(3.872661325856E1,-5.912912108850E0,
2.080231346487E1));
#11915=CARTESIAN_POINT('',(3.858144142946E1,-5.914651251110E0,
2.085771311247E1));
#11916=CARTESIAN_POINT('',(3.852977732912E1,-5.911775140177E0,
2.088215309987E1));
#11917=CARTESIAN_POINT('',(3.905896721160E1,-5.658708461169E0,
2.084384777732E1));
#11918=CARTESIAN_POINT('',(3.901961874935E1,-5.674751587293E0,
2.084128588751E1));
#11919=CARTESIAN_POINT('',(3.890042071843E1,-5.717410676037E0,
2.084034826003E1));
#11920=CARTESIAN_POINT('',(3.873025307141E1,-5.751669584485E0,
2.086941025445E1));
#11921=CARTESIAN_POINT('',(3.860686157783E1,-5.753317063816E0,
2.091668268018E1));
#11922=CARTESIAN_POINT('',(3.856275197921E1,-5.750659413837E0,
2.093726948612E1));
#11923=CARTESIAN_POINT('',(3.901590052243E1,-5.505918170026E0,
2.077391221181E1));
#11924=CARTESIAN_POINT('',(3.897732749154E1,-5.520908901574E0,
2.077316324584E1));
#11925=CARTESIAN_POINT('',(3.886146920730E1,-5.560581812203E0,
2.077702907690E1));
#11926=CARTESIAN_POINT('',(3.869960374174E1,-5.591934128674E0,
2.080876347450E1));
#11927=CARTESIAN_POINT('',(3.858238810072E1,-5.593490800776E0,
2.085389243637E1));
#11928=CARTESIAN_POINT('',(3.854024885877E1,-5.591049569471E0,
2.087322393982E1));
#11929=(BOUNDED_SURFACE()B_SPLINE_SURFACE(3,3,((#11905,#11906,#11907,#11908,
#11909,#11910),(#11911,#11912,#11913,#11914,#11915,#11916),(#11917,#11918,
#11919,#11920,#11921,#11922),(#11923,#11924,#11925,#11926,#11927,#11928)),
.UNSPECIFIED.,.F.,.F.,.F.)B_SPLINE_SURFACE_WITH_KNOTS((4,4),(4,1,1,4),(0.E0,
1.E0),(5.594862481913E-1,6.492943911757E-1,8.271814660825E-1,9.320074856297E-1),
.UNSPECIFIED.)GEOMETRIC_REPRESENTATION_ITEM()RATIONAL_B_SPLINE_SURFACE(((
1.167638891436E0,1.167638891436E0,1.167638891436E0,1.167638891436E0,
1.167638891436E0,1.167638891436E0),(9.441203695212E-1,9.441203695212E-1,
9.441203695212E-1,9.441203695212E-1,9.441203695212E-1,9.441203695212E-1),(
9.441203695212E-1,9.441203695212E-1,9.441203695212E-1,9.441203695212E-1,
9.441203695212E-1,9.441203695212E-1),(1.167638891436E0,1.167638891436E0,
1.167638891436E0,1.167638891436E0,1.167638891436E0,1.167638891436E0)))REPRESENTATION_ITEM('')SURFACE());
#11930=ORIENTED_EDGE('',*,*,#11896,.F.);
#11931=ORIENTED_EDGE('',*,*,#9446,.F.);
#11933=ORIENTED_EDGE('',*,*,#11932,.F.);
#11934=EDGE_LOOP('',(#11930,#11931,#11933));
#11935=FACE_OUTER_BOUND('',#11934,.F.);
#11936=ADVANCED_FACE('',(#11935),#11929,.T.);
#11937=CARTESIAN_POINT('',(3.378844999592E1,-5.709400457882E0,
8.796537660737E0));
#11938=DIRECTION('',(0.E0,1.E0,-1.732869317133E-7));
#11939=DIRECTION('',(2.091885968512E-3,-1.732865526312E-7,-9.999978120041E-1));
#11940=AXIS2_PLACEMENT_3D('',#11937,#11938,#11939);
#11941=TOROIDAL_SURFACE('',#11940,1.27E1,3.E-1);
#11943=ORIENTED_EDGE('',*,*,#11942,.F.);
#11944=ORIENTED_EDGE('',*,*,#11932,.T.);
#11945=ORIENTED_EDGE('',*,*,#9444,.T.);
#11947=ORIENTED_EDGE('',*,*,#11946,.T.);
#11948=ORIENTED_EDGE('',*,*,#9440,.T.);
#11950=ORIENTED_EDGE('',*,*,#11949,.T.);
#11951=EDGE_LOOP('',(#11943,#11944,#11945,#11947,#11948,#11950));
#11952=FACE_OUTER_BOUND('',#11951,.F.);
#11953=ADVANCED_FACE('',(#11952),#11941,.T.);
#11954=CARTESIAN_POINT('',(3.378844999592E1,-5.739130547523E0,
8.796537665887E0));
#11955=DIRECTION('',(0.E0,-1.E0,1.732870212380E-7));
#11956=DIRECTION('',(3.698198681687E-1,1.610015734042E-7,9.291034738433E-1));
#11957=AXIS2_PLACEMENT_3D('',#11954,#11955,#11956);
#11958=CYLINDRICAL_SURFACE('',#11957,1.3E1);
#11959=ORIENTED_EDGE('',*,*,#11942,.T.);
#11961=ORIENTED_EDGE('',*,*,#11960,.T.);
#11963=ORIENTED_EDGE('',*,*,#11962,.T.);
#11964=ORIENTED_EDGE('',*,*,#11898,.T.);
#11965=EDGE_LOOP('',(#11959,#11961,#11963,#11964));
#11966=FACE_OUTER_BOUND('',#11965,.F.);
#11967=ADVANCED_FACE('',(#11966),#11958,.T.);
#11968=CARTESIAN_POINT('',(2.856829563622E1,1.633981540390E1,2.185155542015E1));
#11969=DIRECTION('',(9.768685577528E-11,-1.E0,1.733260820599E-7));
#11970=DIRECTION('',(6.059272674183E-4,-1.733259910506E-7,-9.999998164260E-1));
#11971=AXIS2_PLACEMENT_3D('',#11968,#11969,#11970);
#11972=CYLINDRICAL_SURFACE('',#11971,1.06E0);
#11974=ORIENTED_EDGE('',*,*,#11973,.T.);
#11975=ORIENTED_EDGE('',*,*,#9436,.F.);
#11977=ORIENTED_EDGE('',*,*,#11976,.T.);
#11978=ORIENTED_EDGE('',*,*,#11960,.F.);
#11979=EDGE_LOOP('',(#11974,#11975,#11977,#11978));
#11980=FACE_OUTER_BOUND('',#11979,.F.);
#11981=ADVANCED_FACE('',(#11980),#11972,.F.);
#11982=CARTESIAN_POINT('',(2.910293542823E1,-5.981848009952E0,
2.073428254309E1));
#11983=CARTESIAN_POINT('',(2.908169789456E1,-5.982925333575E0,
2.072414682877E1));
#11984=CARTESIAN_POINT('',(2.897051027872E1,-5.986116122531E0,
2.067482399935E1));
#11985=CARTESIAN_POINT('',(2.875297856348E1,-5.968846801893E0,
2.061434279393E1));
#11986=CARTESIAN_POINT('',(2.854509542617E1,-5.919195202329E0,
2.060725421757E1));
#11987=CARTESIAN_POINT('',(2.843733257045E1,-5.884375370563E0,
2.061734790247E1));
#11988=CARTESIAN_POINT('',(2.842426303039E1,-5.880013695964E0,
2.061877994704E1));
#11989=CARTESIAN_POINT('',(2.903315763403E1,-5.911717936789E0,
2.087671025496E1));
#11990=CARTESIAN_POINT('',(2.901501029647E1,-5.912758705784E0,
2.086807203369E1));
#11991=CARTESIAN_POINT('',(2.892003002876E1,-5.915839329657E0,
2.082600572102E1));
#11992=CARTESIAN_POINT('',(2.873439370919E1,-5.899161039690E0,
2.077403551737E1));
#11993=CARTESIAN_POINT('',(2.855659059145E1,-5.851027695035E0,
2.076697289725E1));
#11994=CARTESIAN_POINT('',(2.846415823536E1,-5.817132754508E0,
2.077494360344E1));
#11995=CARTESIAN_POINT('',(2.845294393929E1,-5.812885364926E0,
2.077608622024E1));
#11996=CARTESIAN_POINT('',(2.900003454833E1,-5.750627118090E0,
2.093170265949E1));
#11997=CARTESIAN_POINT('',(2.898453842801E1,-5.751583920378E0,
2.092442487796E1));
#11998=CARTESIAN_POINT('',(2.890355939695E1,-5.754411493539E0,
2.088885025988E1));
#11999=CARTESIAN_POINT('',(2.874609876765E1,-5.739090820914E0,
2.084321652032E1));
#12000=CARTESIAN_POINT('',(2.859354115666E1,-5.694444953578E0,
2.083282164578E1));
#12001=CARTESIAN_POINT('',(2.851309489651E1,-5.662674515613E0,
2.083678809971E1));
#12002=CARTESIAN_POINT('',(2.850331730423E1,-5.658689642089E0,
2.083741197972E1));
#12003=CARTESIAN_POINT('',(2.902257979893E1,-5.591046433497E0,
2.086769249505E1));
#12004=CARTESIAN_POINT('',(2.900777404012E1,-5.591920056363E0,
2.086085716743E1));
#12005=CARTESIAN_POINT('',(2.893055301158E1,-5.594496951754E0,
2.082728299767E1));
#12006=CARTESIAN_POINT('',(2.878137469019E1,-5.580521170758E0,
2.078217386731E1));
#12007=CARTESIAN_POINT('',(2.863473640790E1,-5.539330088342E0,
2.076700133999E1));
#12008=CARTESIAN_POINT('',(2.855605146753E1,-5.509664237151E0,
2.076738082696E1));
#12009=CARTESIAN_POINT('',(2.854646732848E1,-5.505939418771E0,
2.076755443135E1));
#12010=(BOUNDED_SURFACE()B_SPLINE_SURFACE(3,3,((#11982,#11983,#11984,#11985,
#11986,#11987,#11988),(#11989,#11990,#11991,#11992,#11993,#11994,#11995),
(#11996,#11997,#11998,#11999,#12000,#12001,#12002),(#12003,#12004,#12005,#12006,
#12007,#12008,#12009)),.UNSPECIFIED.,.F.,.F.,.F.)B_SPLINE_SURFACE_WITH_KNOTS((4,
4),(4,1,1,1,4),(0.E0,1.E0),(1.090861678860E-1,1.443145360743E-1,
2.908595071611E-1,4.442896657098E-1,4.656195979370E-1),.UNSPECIFIED.)GEOMETRIC_REPRESENTATION_ITEM()RATIONAL_B_SPLINE_SURFACE(((1.167552371537E0,
1.167552371537E0,1.167552371537E0,1.167552371537E0,1.167552371537E0,
1.167552371537E0,1.167552371537E0),(9.441492094878E-1,9.441492094878E-1,
9.441492094878E-1,9.441492094878E-1,9.441492094878E-1,9.441492094878E-1,
9.441492094878E-1),(9.441492094878E-1,9.441492094878E-1,9.441492094878E-1,
9.441492094878E-1,9.441492094878E-1,9.441492094878E-1,9.441492094878E-1),(
1.167552371537E0,1.167552371537E0,1.167552371537E0,1.167552371537E0,
1.167552371537E0,1.167552371537E0,1.167552371537E0)))REPRESENTATION_ITEM('')SURFACE());
#12011=ORIENTED_EDGE('',*,*,#11973,.F.);
#12012=ORIENTED_EDGE('',*,*,#11949,.F.);
#12013=ORIENTED_EDGE('',*,*,#9438,.T.);
#12014=EDGE_LOOP('',(#12011,#12012,#12013));
#12015=FACE_OUTER_BOUND('',#12014,.F.);
#12016=ADVANCED_FACE('',(#12015),#12010,.T.);
#12017=CARTESIAN_POINT('',(2.856829563833E1,-5.184953323090E0,
2.185155915095E1));
#12018=DIRECTION('',(9.768685577528E-11,-1.E0,1.733260820599E-7));
#12019=DIRECTION('',(-1.439563176220E-1,-1.715347811505E-7,-9.895840432306E-1));
#12020=AXIS2_PLACEMENT_3D('',#12017,#12018,#12019);
#12021=TOROIDAL_SURFACE('',#12020,1.36E0,3.E-1);
#12022=ORIENTED_EDGE('',*,*,#11103,.T.);
#12024=ORIENTED_EDGE('',*,*,#12023,.T.);
#12025=ORIENTED_EDGE('',*,*,#11976,.F.);
#12027=ORIENTED_EDGE('',*,*,#12026,.F.);
#12028=EDGE_LOOP('',(#12022,#12024,#12025,#12027));
#12029=FACE_OUTER_BOUND('',#12028,.F.);
#12030=ADVANCED_FACE('',(#12029),#12021,.T.);
#12031=CARTESIAN_POINT('',(3.378844999592E1,-5.184955585428E0,
8.796537569856E0));
#12032=DIRECTION('',(0.E0,-1.E0,1.732870212380E-7));
#12033=DIRECTION('',(-3.868255801462E-1,1.597971290898E-7,9.221528997648E-1));
#12034=AXIS2_PLACEMENT_3D('',#12031,#12032,#12033);
#12035=TOROIDAL_SURFACE('',#12034,1.27E1,3.E-1);
#12036=ORIENTED_EDGE('',*,*,#11101,.T.);
#12037=ORIENTED_EDGE('',*,*,#11886,.T.);
#12038=ORIENTED_EDGE('',*,*,#11962,.F.);
#12039=ORIENTED_EDGE('',*,*,#12023,.F.);
#12040=EDGE_LOOP('',(#12036,#12037,#12038,#12039));
#12041=FACE_OUTER_BOUND('',#12040,.F.);
#12042=ADVANCED_FACE('',(#12041),#12035,.T.);
#12043=CARTESIAN_POINT('',(2.717326239411E1,-5.184953558979E0,
2.049071361246E1));
#12044=DIRECTION('',(9.999998164261E-1,1.049992841673E-10,6.059272674206E-4));
#12045=DIRECTION('',(0.E0,1.E0,-1.732870202886E-7));
#12046=AXIS2_PLACEMENT_3D('',#12043,#12044,#12045);
#12047=CYLINDRICAL_SURFACE('',#12046,3.E-1);
#12048=ORIENTED_EDGE('',*,*,#11105,.T.);
#12049=ORIENTED_EDGE('',*,*,#12026,.T.);
#12050=ORIENTED_EDGE('',*,*,#9434,.F.);
#12052=ORIENTED_EDGE('',*,*,#12051,.F.);
#12053=EDGE_LOOP('',(#12048,#12049,#12050,#12052));
#12054=FACE_OUTER_BOUND('',#12053,.F.);
#12055=ADVANCED_FACE('',(#12054),#12047,.T.);
#12056=CARTESIAN_POINT('',(2.732111436697E1,-4.184953558963E0,
2.049080302668E1));
#12057=DIRECTION('',(6.059272674204E-4,-1.732869894255E-7,-9.999998164260E-1));
#12058=DIRECTION('',(-9.777762853690E-1,2.096501483814E-1,-5.924977511498E-4));
#12059=AXIS2_PLACEMENT_3D('',#12056,#12057,#12058);
#12060=TOROIDAL_SURFACE('',#12059,1.E0,3.E-1);
#12062=ORIENTED_EDGE('',*,*,#12061,.T.);
#12063=ORIENTED_EDGE('',*,*,#12051,.T.);
#12064=ORIENTED_EDGE('',*,*,#9432,.F.);
#12066=ORIENTED_EDGE('',*,*,#12065,.F.);
#12067=EDGE_LOOP('',(#12062,#12063,#12064,#12066));
#12068=FACE_OUTER_BOUND('',#12067,.F.);
#12069=ADVANCED_FACE('',(#12068),#12060,.T.);
#12070=CARTESIAN_POINT('',(2.727227180884E1,-4.184939590653E0,
1.010987436063E2));
#12071=DIRECTION('',(6.059272674204E-4,-1.732869894255E-7,-9.999998164260E-1));
#12072=DIRECTION('',(0.E0,-1.E0,1.732870212365E-7));
#12073=AXIS2_PLACEMENT_3D('',#12070,#12071,#12072);
#12074=CYLINDRICAL_SURFACE('',#12073,7.E-1);
#12076=ORIENTED_EDGE('',*,*,#12075,.F.);
#12077=ORIENTED_EDGE('',*,*,#11107,.F.);
#12078=ORIENTED_EDGE('',*,*,#12061,.F.);
#12080=ORIENTED_EDGE('',*,*,#12079,.T.);
#12081=EDGE_LOOP('',(#12076,#12077,#12078,#12080));
#12082=FACE_OUTER_BOUND('',#12081,.F.);
#12083=ADVANCED_FACE('',(#12082),#12074,.F.);
#12084=CARTESIAN_POINT('',(2.662127885448E1,2.000046393839E0,2.021912582177E1));
#12085=DIRECTION('',(0.E0,1.732870212380E-7,1.E0));
#12086=DIRECTION('',(1.E0,0.E0,0.E0));
#12087=AXIS2_PLACEMENT_3D('',#12084,#12085,#12086);
#12088=PLANE('',#12087);
#12089=ORIENTED_EDGE('',*,*,#11109,.T.);
#12090=ORIENTED_EDGE('',*,*,#12075,.T.);
#12091=ORIENTED_EDGE('',*,*,#11074,.T.);
#12092=EDGE_LOOP('',(#12089,#12090,#12091));
#12093=FACE_OUTER_BOUND('',#12092,.F.);
#12094=ADVANCED_FACE('',(#12093),#12088,.F.);
#12095=CARTESIAN_POINT('',(2.662127885448E1,2.000046393839E0,2.021912582177E1));
#12096=DIRECTION('',(0.E0,1.732870212380E-7,1.E0));
#12097=DIRECTION('',(1.E0,0.E0,0.E0));
#12098=AXIS2_PLACEMENT_3D('',#12095,#12096,#12097);
#12099=PLANE('',#12098);
#12100=ORIENTED_EDGE('',*,*,#11093,.T.);
#12101=ORIENTED_EDGE('',*,*,#11128,.F.);
#12103=ORIENTED_EDGE('',*,*,#12102,.T.);
#12104=EDGE_LOOP('',(#12100,#12101,#12103));
#12105=FACE_OUTER_BOUND('',#12104,.F.);
#12106=ADVANCED_FACE('',(#12105),#12099,.F.);
#12107=CARTESIAN_POINT('',(4.019277131040E1,-4.184939590653E0,
1.010987436063E2));
#12108=DIRECTION('',(6.059272674204E-4,-1.732869894255E-7,-9.999998164260E-1));
#12109=DIRECTION('',(9.999998164261E-1,1.049991839505E-10,6.059272674204E-4));
#12110=AXIS2_PLACEMENT_3D('',#12107,#12108,#12109);
#12111=CYLINDRICAL_SURFACE('',#12110,7.E-1);
#12112=ORIENTED_EDGE('',*,*,#12102,.F.);
#12113=ORIENTED_EDGE('',*,*,#11831,.F.);
#12114=ORIENTED_EDGE('',*,*,#11859,.F.);
#12115=ORIENTED_EDGE('',*,*,#11095,.T.);
#12116=EDGE_LOOP('',(#12112,#12113,#12114,#12115));
#12117=FACE_OUTER_BOUND('',#12116,.F.);
#12118=ADVANCED_FACE('',(#12117),#12111,.F.);
#12119=CARTESIAN_POINT('',(2.662162323417E1,-1.288900313999E0,
1.965077495575E1));
#12120=DIRECTION('',(9.999998164261E-1,1.049993312582E-10,6.059272674204E-4));
#12121=DIRECTION('',(0.E0,1.E0,-1.732870212380E-7));
#12122=AXIS2_PLACEMENT_3D('',#12119,#12120,#12121);
#12123=PLANE('',#12122);
#12124=ORIENTED_EDGE('',*,*,#10432,.T.);
#12125=ORIENTED_EDGE('',*,*,#11076,.F.);
#12126=ORIENTED_EDGE('',*,*,#12079,.F.);
#12128=ORIENTED_EDGE('',*,*,#12127,.F.);
#12129=EDGE_LOOP('',(#12124,#12125,#12126,#12128));
#12130=FACE_OUTER_BOUND('',#12129,.F.);
#12131=ADVANCED_FACE('',(#12130),#12123,.T.);
#12132=CARTESIAN_POINT('',(2.632111455054E1,1.633981540390E1,2.049019354194E1));
#12133=DIRECTION('',(-2.370084126906E-14,-1.E0,1.733260228939E-7));
#12134=DIRECTION('',(9.999998164261E-1,1.049992625867E-10,6.059272674127E-4));
#12135=AXIS2_PLACEMENT_3D('',#12132,#12133,#12134);
#12136=CYLINDRICAL_SURFACE('',#12135,3.E-1);
#12137=ORIENTED_EDGE('',*,*,#10434,.T.);
#12138=ORIENTED_EDGE('',*,*,#12127,.T.);
#12139=ORIENTED_EDGE('',*,*,#12065,.T.);
#12140=ORIENTED_EDGE('',*,*,#9430,.F.);
#12141=EDGE_LOOP('',(#12137,#12138,#12139,#12140));
#12142=FACE_OUTER_BOUND('',#12141,.F.);
#12143=ADVANCED_FACE('',(#12142),#12136,.T.);
#12144=CARTESIAN_POINT('',(3.378844999592E1,-6.248424825818E0,
8.796537754142E0));
#12145=DIRECTION('',(0.E0,1.E0,-1.732869317133E-7));
#12146=DIRECTION('',(-3.468121059850E-1,1.625318155498E-7,9.379346262625E-1));
#12147=AXIS2_PLACEMENT_3D('',#12144,#12145,#12146);
#12148=CONICAL_SURFACE('',#12147,1.243229613942E1,5.630993247401E1);
#12149=ORIENTED_EDGE('',*,*,#11946,.F.);
#12150=ORIENTED_EDGE('',*,*,#9442,.T.);
#12151=EDGE_LOOP('',(#12149,#12150));
#12152=FACE_OUTER_BOUND('',#12151,.F.);
#12153=ADVANCED_FACE('',(#12152),#12148,.T.);
#12154=CARTESIAN_POINT('',(-5.204377407903E0,5.000463187955E-1,
1.977109400020E1));
#12155=DIRECTION('',(-6.059272674204E-4,1.732869894271E-7,9.999998164260E-1));
#12156=DIRECTION('',(0.E0,1.E0,-1.732870212380E-7));
#12157=AXIS2_PLACEMENT_3D('',#12154,#12155,#12156);
#12158=PLANE('',#12157);
#12159=ORIENTED_EDGE('',*,*,#10428,.F.);
#12161=ORIENTED_EDGE('',*,*,#12160,.T.);
#12162=ORIENTED_EDGE('',*,*,#11059,.F.);
#12163=ORIENTED_EDGE('',*,*,#11079,.F.);
#12164=EDGE_LOOP('',(#12159,#12161,#12162,#12163));
#12165=FACE_OUTER_BOUND('',#12164,.F.);
#12166=ADVANCED_FACE('',(#12165),#12158,.T.);
#12167=CARTESIAN_POINT('',(-4.002786864965E1,-2.499427127720E-1,
1.574999288895E1));
#12168=DIRECTION('',(0.E0,1.E0,-1.732870212380E-7));
#12169=DIRECTION('',(-9.999998164260E-1,-1.049993381486E-10,
-6.059273071837E-4));
#12170=AXIS2_PLACEMENT_3D('',#12167,#12168,#12169);
#12171=CYLINDRICAL_SURFACE('',#12170,4.000000000161E0);
#12172=ORIENTED_EDGE('',*,*,#11045,.T.);
#12173=ORIENTED_EDGE('',*,*,#12160,.F.);
#12174=ORIENTED_EDGE('',*,*,#10426,.T.);
#12176=ORIENTED_EDGE('',*,*,#12175,.T.);
#12177=EDGE_LOOP('',(#12172,#12173,#12174,#12176));
#12178=FACE_OUTER_BOUND('',#12177,.F.);
#12179=ADVANCED_FACE('',(#12178),#12171,.T.);
#12180=CARTESIAN_POINT('',(-4.402234488851E1,5.000440394650E-1,
6.632570724474E0));
#12181=DIRECTION('',(9.999998164261E-1,1.049993312582E-10,6.059272674204E-4));
#12182=DIRECTION('',(-6.059272674204E-4,1.732869894271E-7,9.999998164260E-1));
#12183=AXIS2_PLACEMENT_3D('',#12180,#12181,#12182);
#12184=PLANE('',#12183);
#12185=ORIENTED_EDGE('',*,*,#11017,.F.);
#12186=ORIENTED_EDGE('',*,*,#11032,.F.);
#12187=ORIENTED_EDGE('',*,*,#12175,.F.);
#12188=ORIENTED_EDGE('',*,*,#10424,.F.);
#12189=EDGE_LOOP('',(#12185,#12186,#12187,#12188));
#12190=FACE_OUTER_BOUND('',#12189,.F.);
#12191=ADVANCED_FACE('',(#12190),#12184,.F.);
#12192=CARTESIAN_POINT('',(2.110205294066E1,1.250037230057E0,
-3.266297597183E1));
#12193=DIRECTION('',(-5.748330784368E-4,3.162279304113E-1,9.486830690988E-1));
#12194=DIRECTION('',(-1.916110261456E-4,-9.486832432523E-1,3.162278723602E-1));
#12195=AXIS2_PLACEMENT_3D('',#12192,#12193,#12194);
#12196=PLANE('',#12195);
#12197=ORIENTED_EDGE('',*,*,#6112,.T.);
#12198=ORIENTED_EDGE('',*,*,#6098,.F.);
#12199=ORIENTED_EDGE('',*,*,#6083,.T.);
#12200=ORIENTED_EDGE('',*,*,#9853,.T.);
#12201=EDGE_LOOP('',(#12197,#12198,#12199,#12200));
#12202=FACE_OUTER_BOUND('',#12201,.F.);
#12203=ADVANCED_FACE('',(#12202),#12196,.T.);
#12204=CARTESIAN_POINT('',(-1.049794125841E1,2.000037270061E0,
-3.243212335756E1));
#12205=DIRECTION('',(1.E0,0.E0,0.E0));
#12206=DIRECTION('',(0.E0,-1.732870212380E-7,-1.E0));
#12207=AXIS2_PLACEMENT_3D('',#12204,#12205,#12206);
#12208=PLANE('',#12207);
#12210=ORIENTED_EDGE('',*,*,#12209,.F.);
#12211=ORIENTED_EDGE('',*,*,#9857,.T.);
#12212=ORIENTED_EDGE('',*,*,#6026,.T.);
#12213=ORIENTED_EDGE('',*,*,#6230,.T.);
#12215=ORIENTED_EDGE('',*,*,#12214,.F.);
#12216=EDGE_LOOP('',(#12210,#12211,#12212,#12213,#12215));
#12217=FACE_OUTER_BOUND('',#12216,.F.);
#12218=ADVANCED_FACE('',(#12217),#12208,.T.);
#12219=CARTESIAN_POINT('',(-1.099794116662E1,1.250037226686E0,
-3.268242623712E1));
#12220=DIRECTION('',(-5.748330784368E-4,3.162279304113E-1,9.486830690988E-1));
#12221=DIRECTION('',(-1.916110261456E-4,-9.486832432523E-1,3.162278723602E-1));
#12222=AXIS2_PLACEMENT_3D('',#12219,#12220,#12221);
#12223=PLANE('',#12222);
#12224=ORIENTED_EDGE('',*,*,#12209,.T.);
#12226=ORIENTED_EDGE('',*,*,#12225,.F.);
#12228=ORIENTED_EDGE('',*,*,#12227,.T.);
#12229=ORIENTED_EDGE('',*,*,#9859,.T.);
#12230=EDGE_LOOP('',(#12224,#12226,#12228,#12229));
#12231=FACE_OUTER_BOUND('',#12230,.F.);
#12232=ADVANCED_FACE('',(#12231),#12223,.T.);
#12233=CARTESIAN_POINT('',(-1.149794107483E1,2.000037269956E0,
-3.243272928482E1));
#12234=DIRECTION('',(-6.059272674221E-4,1.732869894271E-7,9.999998164260E-1));
#12235=DIRECTION('',(9.999998164261E-1,1.049993312585E-10,6.059272674221E-4));
#12236=AXIS2_PLACEMENT_3D('',#12233,#12234,#12235);
#12237=PLANE('',#12236);
#12238=ORIENTED_EDGE('',*,*,#12225,.T.);
#12239=ORIENTED_EDGE('',*,*,#12214,.T.);
#12240=ORIENTED_EDGE('',*,*,#6228,.F.);
#12242=ORIENTED_EDGE('',*,*,#12241,.F.);
#12243=EDGE_LOOP('',(#12238,#12239,#12240,#12242));
#12244=FACE_OUTER_BOUND('',#12243,.F.);
#12245=ADVANCED_FACE('',(#12244),#12237,.T.);
#12246=CARTESIAN_POINT('',(-1.149794107483E1,2.000037062011E0,
-3.363272928482E1));
#12247=DIRECTION('',(-1.E0,0.E0,0.E0));
#12248=DIRECTION('',(0.E0,1.732870212380E-7,1.E0));
#12249=AXIS2_PLACEMENT_3D('',#12246,#12247,#12248);
#12250=PLANE('',#12249);
#12251=ORIENTED_EDGE('',*,*,#12227,.F.);
#12252=ORIENTED_EDGE('',*,*,#12241,.T.);
#12253=ORIENTED_EDGE('',*,*,#6226,.F.);
#12254=ORIENTED_EDGE('',*,*,#6058,.F.);
#12255=ORIENTED_EDGE('',*,*,#9861,.T.);
#12256=EDGE_LOOP('',(#12251,#12252,#12253,#12254,#12255));
#12257=FACE_OUTER_BOUND('',#12256,.F.);
#12258=ADVANCED_FACE('',(#12257),#12250,.T.);
#12259=CARTESIAN_POINT('',(-1.152847980911E1,2.000046003620E0,
1.796726146305E1));
#12260=DIRECTION('',(-9.999992657043E-1,-2.099986239665E-10,
-1.211854312378E-3));
#12261=DIRECTION('',(-1.211854312378E-3,1.732868939941E-7,9.999992657043E-1));
#12262=AXIS2_PLACEMENT_3D('',#12259,#12260,#12261);
#12263=PLANE('',#12262);
#12265=ORIENTED_EDGE('',*,*,#12264,.F.);
#12266=ORIENTED_EDGE('',*,*,#9905,.T.);
#12267=ORIENTED_EDGE('',*,*,#9756,.F.);
#12268=ORIENTED_EDGE('',*,*,#6192,.T.);
#12270=ORIENTED_EDGE('',*,*,#12269,.F.);
#12271=EDGE_LOOP('',(#12265,#12266,#12267,#12268,#12270));
#12272=FACE_OUTER_BOUND('',#12271,.F.);
#12273=ADVANCED_FACE('',(#12272),#12263,.T.);
#12274=CARTESIAN_POINT('',(-1.102878286453E1,1.250046046994E0,
1.821756441897E1));
#12275=DIRECTION('',(5.748330784368E-4,3.162276016224E-1,-9.486831786951E-1));
#12276=DIRECTION('',(1.916110261456E-4,-9.486833528487E-1,-3.162275435712E-1));
#12277=AXIS2_PLACEMENT_3D('',#12274,#12275,#12276);
#12278=PLANE('',#12277);
#12279=ORIENTED_EDGE('',*,*,#12264,.T.);
#12281=ORIENTED_EDGE('',*,*,#12280,.F.);
#12283=ORIENTED_EDGE('',*,*,#12282,.T.);
#12284=ORIENTED_EDGE('',*,*,#9907,.T.);
#12285=EDGE_LOOP('',(#12279,#12281,#12283,#12284));
#12286=FACE_OUTER_BOUND('',#12285,.F.);
#12287=ADVANCED_FACE('',(#12286),#12278,.T.);
#12288=CARTESIAN_POINT('',(-1.052847999268E1,2.000046003725E0,
1.796786739032E1));
#12289=DIRECTION('',(6.059272674221E-4,-1.732869894271E-7,-9.999998164260E-1));
#12290=DIRECTION('',(-9.999998164261E-1,-1.049993312585E-10,
-6.059272674221E-4));
#12291=AXIS2_PLACEMENT_3D('',#12288,#12289,#12290);
#12292=PLANE('',#12291);
#12293=ORIENTED_EDGE('',*,*,#12280,.T.);
#12294=ORIENTED_EDGE('',*,*,#12269,.T.);
#12295=ORIENTED_EDGE('',*,*,#6190,.F.);
#12297=ORIENTED_EDGE('',*,*,#12296,.F.);
#12298=EDGE_LOOP('',(#12293,#12294,#12295,#12297));
#12299=FACE_OUTER_BOUND('',#12298,.F.);
#12300=ADVANCED_FACE('',(#12299),#12292,.T.);
#12301=CARTESIAN_POINT('',(-1.052993421786E1,2.000046211669E0,
1.916786650916E1));
#12302=DIRECTION('',(9.999992657043E-1,2.099986239665E-10,1.211854312378E-3));
#12303=DIRECTION('',(1.211854312378E-3,-1.732868939941E-7,-9.999992657043E-1));
#12304=AXIS2_PLACEMENT_3D('',#12301,#12302,#12303);
#12305=PLANE('',#12304);
#12306=ORIENTED_EDGE('',*,*,#12282,.F.);
#12307=ORIENTED_EDGE('',*,*,#12296,.T.);
#12308=ORIENTED_EDGE('',*,*,#6188,.F.);
#12309=ORIENTED_EDGE('',*,*,#9714,.F.);
#12310=ORIENTED_EDGE('',*,*,#9909,.T.);
#12311=EDGE_LOOP('',(#12306,#12307,#12308,#12309,#12310));
#12312=FACE_OUTER_BOUND('',#12311,.F.);
#12313=ADVANCED_FACE('',(#12312),#12305,.T.);
#12314=CARTESIAN_POINT('',(2.107121124275E1,1.250046050364E0,1.823701468425E1));
#12315=DIRECTION('',(5.748330784334E-4,3.162276016224E-1,-9.486831786951E-1));
#12316=DIRECTION('',(1.916110261445E-4,-9.486833528487E-1,-3.162275435712E-1));
#12317=AXIS2_PLACEMENT_3D('',#12314,#12315,#12316);
#12318=PLANE('',#12317);
#12319=ORIENTED_EDGE('',*,*,#9784,.T.);
#12320=ORIENTED_EDGE('',*,*,#9800,.F.);
#12321=ORIENTED_EDGE('',*,*,#9815,.T.);
#12322=ORIENTED_EDGE('',*,*,#9913,.T.);
#12323=EDGE_LOOP('',(#12319,#12320,#12321,#12322));
#12324=FACE_OUTER_BOUND('',#12323,.F.);
#12325=ADVANCED_FACE('',(#12324),#12318,.T.);
#12326=CARTESIAN_POINT('',(9.846232E0,-8.499955537521E0,9.073689652861E0));
#12327=DIRECTION('',(1.E0,0.E0,0.E0));
#12328=DIRECTION('',(0.E0,-1.E0,1.732870238413E-7));
#12329=AXIS2_PLACEMENT_3D('',#12326,#12327,#12328);
#12330=CYLINDRICAL_SURFACE('',#12329,5.E-1);
#12331=ORIENTED_EDGE('',*,*,#7607,.T.);
#12333=ORIENTED_EDGE('',*,*,#12332,.T.);
#12335=ORIENTED_EDGE('',*,*,#12334,.F.);
#12337=ORIENTED_EDGE('',*,*,#12336,.F.);
#12338=EDGE_LOOP('',(#12331,#12333,#12335,#12337));
#12339=FACE_OUTER_BOUND('',#12338,.F.);
#12340=ADVANCED_FACE('',(#12339),#12330,.T.);
#12341=CARTESIAN_POINT('',(3.311E1,-8.499957010461E0,5.736896528607E-1));
#12342=DIRECTION('',(0.E0,1.E0,-1.732870212380E-7));
#12343=DIRECTION('',(-1.921981649891E-2,1.732550120102E-7,9.998152822665E-1));
#12344=AXIS2_PLACEMENT_3D('',#12341,#12342,#12343);
#12345=TOROIDAL_SURFACE('',#12344,8.5E0,5.E-1);
#12346=ORIENTED_EDGE('',*,*,#7620,.T.);
#12348=ORIENTED_EDGE('',*,*,#12347,.T.);
#12350=ORIENTED_EDGE('',*,*,#12349,.F.);
#12351=ORIENTED_EDGE('',*,*,#12332,.F.);
#12352=EDGE_LOOP('',(#12346,#12348,#12350,#12351));
#12353=FACE_OUTER_BOUND('',#12352,.F.);
#12354=ADVANCED_FACE('',(#12353),#12345,.T.);
#12355=CARTESIAN_POINT('',(4.161E1,-8.499956983815E0,7.274576528607E-1));
#12356=DIRECTION('',(0.E0,-1.732870213279E-7,-1.E0));
#12357=DIRECTION('',(0.E0,-1.E0,1.732870213279E-7));
#12358=AXIS2_PLACEMENT_3D('',#12355,#12356,#12357);
#12359=CYLINDRICAL_SURFACE('',#12358,5.E-1);
#12360=ORIENTED_EDGE('',*,*,#7618,.T.);
#12361=ORIENTED_EDGE('',*,*,#7461,.T.);
#12363=ORIENTED_EDGE('',*,*,#12362,.F.);
#12364=ORIENTED_EDGE('',*,*,#12347,.F.);
#12365=EDGE_LOOP('',(#12360,#12361,#12363,#12364));
#12366=FACE_OUTER_BOUND('',#12365,.F.);
#12367=ADVANCED_FACE('',(#12366),#12359,.T.);
#12368=CARTESIAN_POINT('',(4.111E1,-7.999957010461E0,5.736895662172E-1));
#12369=DIRECTION('',(1.E0,0.E0,0.E0));
#12370=DIRECTION('',(0.E0,-1.732870212380E-7,-1.E0));
#12371=AXIS2_PLACEMENT_3D('',#12368,#12369,#12370);
#12372=PLANE('',#12371);
#12373=ORIENTED_EDGE('',*,*,#12362,.T.);
#12374=ORIENTED_EDGE('',*,*,#7446,.F.);
#12375=ORIENTED_EDGE('',*,*,#7286,.F.);
#12377=ORIENTED_EDGE('',*,*,#12376,.T.);
#12378=EDGE_LOOP('',(#12373,#12374,#12375,#12377));
#12379=FACE_OUTER_BOUND('',#12378,.F.);
#12380=ADVANCED_FACE('',(#12379),#12372,.F.);
#12381=CARTESIAN_POINT('',(3.311E1,-7.999957010461E0,5.736895662172E-1));
#12382=DIRECTION('',(0.E0,1.E0,-1.732870212380E-7));
#12383=DIRECTION('',(-1.E0,0.E0,0.E0));
#12384=AXIS2_PLACEMENT_3D('',#12381,#12382,#12383);
#12385=CYLINDRICAL_SURFACE('',#12384,8.E0);
#12386=ORIENTED_EDGE('',*,*,#12349,.T.);
#12387=ORIENTED_EDGE('',*,*,#12376,.F.);
#12388=ORIENTED_EDGE('',*,*,#7284,.F.);
#12390=ORIENTED_EDGE('',*,*,#12389,.T.);
#12391=EDGE_LOOP('',(#12386,#12387,#12388,#12390));
#12392=FACE_OUTER_BOUND('',#12391,.F.);
#12393=ADVANCED_FACE('',(#12392),#12385,.F.);
#12394=CARTESIAN_POINT('',(1.E1,-7.999955624164E0,8.573689566217E0));
#12395=DIRECTION('',(0.E0,1.732870212380E-7,1.E0));
#12396=DIRECTION('',(1.E0,0.E0,0.E0));
#12397=AXIS2_PLACEMENT_3D('',#12394,#12395,#12396);
#12398=PLANE('',#12397);
#12399=ORIENTED_EDGE('',*,*,#12334,.T.);
#12400=ORIENTED_EDGE('',*,*,#12389,.F.);
#12401=ORIENTED_EDGE('',*,*,#7282,.F.);
#12403=ORIENTED_EDGE('',*,*,#12402,.T.);
#12404=EDGE_LOOP('',(#12399,#12400,#12401,#12403));
#12405=FACE_OUTER_BOUND('',#12404,.F.);
#12406=ADVANCED_FACE('',(#12405),#12398,.F.);
#12407=CARTESIAN_POINT('',(1.E1,-7.999957010461E0,5.736895662172E-1));
#12408=DIRECTION('',(0.E0,1.E0,-1.732870212380E-7));
#12409=DIRECTION('',(-1.E0,0.E0,0.E0));
#12410=AXIS2_PLACEMENT_3D('',#12407,#12408,#12409);
#12411=CYLINDRICAL_SURFACE('',#12410,8.E0);
#12413=ORIENTED_EDGE('',*,*,#12412,.T.);
#12414=ORIENTED_EDGE('',*,*,#12402,.F.);
#12415=ORIENTED_EDGE('',*,*,#7280,.F.);
#12417=ORIENTED_EDGE('',*,*,#12416,.T.);
#12418=EDGE_LOOP('',(#12413,#12414,#12415,#12417));
#12419=FACE_OUTER_BOUND('',#12418,.F.);
#12420=ADVANCED_FACE('',(#12419),#12411,.F.);
#12421=CARTESIAN_POINT('',(1.E1,-8.499957010461E0,5.736896528607E-1));
#12422=DIRECTION('',(0.E0,1.E0,-1.732870212380E-7));
#12423=DIRECTION('',(-9.998152822666E-1,-3.330544728897E-9,-1.921981649890E-2));
#12424=AXIS2_PLACEMENT_3D('',#12421,#12422,#12423);
#12425=TOROIDAL_SURFACE('',#12424,8.5E0,5.E-1);
#12426=ORIENTED_EDGE('',*,*,#7609,.T.);
#12427=ORIENTED_EDGE('',*,*,#12336,.T.);
#12428=ORIENTED_EDGE('',*,*,#12412,.F.);
#12430=ORIENTED_EDGE('',*,*,#12429,.F.);
#12431=EDGE_LOOP('',(#12426,#12427,#12428,#12430));
#12432=FACE_OUTER_BOUND('',#12431,.F.);
#12433=ADVANCED_FACE('',(#12432),#12425,.T.);
#12434=CARTESIAN_POINT('',(1.5E0,-8.499959747316E0,-1.522007834714E1));
#12435=DIRECTION('',(0.E0,1.732870212170E-7,1.E0));
#12436=DIRECTION('',(0.E0,-1.E0,1.732870212170E-7));
#12437=AXIS2_PLACEMENT_3D('',#12434,#12435,#12436);
#12438=CYLINDRICAL_SURFACE('',#12437,5.E-1);
#12439=ORIENTED_EDGE('',*,*,#7611,.T.);
#12440=ORIENTED_EDGE('',*,*,#12429,.T.);
#12442=ORIENTED_EDGE('',*,*,#12441,.F.);
#12444=ORIENTED_EDGE('',*,*,#12443,.F.);
#12445=EDGE_LOOP('',(#12439,#12440,#12442,#12444));
#12446=FACE_OUTER_BOUND('',#12445,.F.);
#12447=ADVANCED_FACE('',(#12446),#12438,.T.);
#12448=CARTESIAN_POINT('',(2.E0,-7.999959720670E0,-1.506631043378E1));
#12449=DIRECTION('',(-1.E0,0.E0,0.E0));
#12450=DIRECTION('',(0.E0,1.732870212380E-7,1.E0));
#12451=AXIS2_PLACEMENT_3D('',#12448,#12449,#12450);
#12452=PLANE('',#12451);
#12453=ORIENTED_EDGE('',*,*,#12441,.T.);
#12454=ORIENTED_EDGE('',*,*,#12416,.F.);
#12455=ORIENTED_EDGE('',*,*,#7278,.F.);
#12457=ORIENTED_EDGE('',*,*,#12456,.T.);
#12458=EDGE_LOOP('',(#12453,#12454,#12455,#12457));
#12459=FACE_OUTER_BOUND('',#12458,.F.);
#12460=ADVANCED_FACE('',(#12459),#12452,.F.);
#12461=CARTESIAN_POINT('',(1.E1,-7.999959720670E0,-1.506631043378E1));
#12462=DIRECTION('',(0.E0,1.E0,-1.732870212380E-7));
#12463=DIRECTION('',(-1.E0,0.E0,0.E0));
#12464=AXIS2_PLACEMENT_3D('',#12461,#12462,#12463);
#12465=CYLINDRICAL_SURFACE('',#12464,8.E0);
#12467=ORIENTED_EDGE('',*,*,#12466,.T.);
#12468=ORIENTED_EDGE('',*,*,#12456,.F.);
#12469=ORIENTED_EDGE('',*,*,#7276,.F.);
#12471=ORIENTED_EDGE('',*,*,#12470,.T.);
#12472=EDGE_LOOP('',(#12467,#12468,#12469,#12471));
#12473=FACE_OUTER_BOUND('',#12472,.F.);
#12474=ADVANCED_FACE('',(#12473),#12465,.F.);
#12475=CARTESIAN_POINT('',(1.E1,-8.499959720670E0,-1.506631034714E1));
#12476=DIRECTION('',(0.E0,1.E0,-1.732870212380E-7));
#12477=DIRECTION('',(1.921981649891E-2,-1.732550120102E-7,-9.998152822665E-1));
#12478=AXIS2_PLACEMENT_3D('',#12475,#12476,#12477);
#12479=TOROIDAL_SURFACE('',#12478,8.5E0,5.E-1);
#12480=ORIENTED_EDGE('',*,*,#7613,.T.);
#12481=ORIENTED_EDGE('',*,*,#12443,.T.);
#12482=ORIENTED_EDGE('',*,*,#12466,.F.);
#12484=ORIENTED_EDGE('',*,*,#12483,.F.);
#12485=EDGE_LOOP('',(#12480,#12481,#12482,#12484));
#12486=FACE_OUTER_BOUND('',#12485,.F.);
#12487=ADVANCED_FACE('',(#12486),#12479,.T.);
#12488=CARTESIAN_POINT('',(3.3263768E1,-8.499961193609E0,-2.356631034714E1));
#12489=DIRECTION('',(-1.E0,0.E0,0.E0));
#12490=DIRECTION('',(0.E0,-1.E0,1.732870202886E-7));
#12491=AXIS2_PLACEMENT_3D('',#12488,#12489,#12490);
#12492=CYLINDRICAL_SURFACE('',#12491,5.E-1);
#12493=ORIENTED_EDGE('',*,*,#7615,.T.);
#12494=ORIENTED_EDGE('',*,*,#12483,.T.);
#12496=ORIENTED_EDGE('',*,*,#12495,.F.);
#12497=ORIENTED_EDGE('',*,*,#7458,.F.);
#12498=EDGE_LOOP('',(#12493,#12494,#12496,#12497));
#12499=FACE_OUTER_BOUND('',#12498,.F.);
#12500=ADVANCED_FACE('',(#12499),#12492,.T.);
#12501=CARTESIAN_POINT('',(3.311E1,-7.999961106966E0,-2.306631043378E1));
#12502=DIRECTION('',(0.E0,-1.732870212380E-7,-1.E0));
#12503=DIRECTION('',(-1.E0,0.E0,0.E0));
#12504=AXIS2_PLACEMENT_3D('',#12501,#12502,#12503);
#12505=PLANE('',#12504);
#12506=ORIENTED_EDGE('',*,*,#12495,.T.);
#12507=ORIENTED_EDGE('',*,*,#12470,.F.);
#12508=ORIENTED_EDGE('',*,*,#7274,.F.);
#12509=ORIENTED_EDGE('',*,*,#7443,.T.);
#12510=EDGE_LOOP('',(#12506,#12507,#12508,#12509));
#12511=FACE_OUTER_BOUND('',#12510,.F.);
#12512=ADVANCED_FACE('',(#12511),#12505,.F.);
#12513=CARTESIAN_POINT('',(-5.693442369536E0,3.500075305506E0,
1.726960764368E1));
#12514=DIRECTION('',(-1.E0,0.E0,0.E0));
#12515=DIRECTION('',(0.E0,-1.732870212380E-7,-1.E0));
#12516=AXIS2_PLACEMENT_3D('',#12513,#12514,#12515);
#12517=PLANE('',#12516);
#12518=ORIENTED_EDGE('',*,*,#7624,.T.);
#12520=ORIENTED_EDGE('',*,*,#12519,.T.);
#12522=ORIENTED_EDGE('',*,*,#12521,.F.);
#12524=ORIENTED_EDGE('',*,*,#12523,.F.);
#12525=EDGE_LOOP('',(#12518,#12520,#12522,#12524));
#12526=FACE_OUTER_BOUND('',#12525,.F.);
#12527=ADVANCED_FACE('',(#12526),#12517,.T.);
#12528=CARTESIAN_POINT('',(-6.193455303899E0,3.500066814420E0,
-3.173052220106E1));
#12529=DIRECTION('',(0.E0,1.E0,-1.732870212380E-7));
#12530=DIRECTION('',(9.999998163556E-1,-1.050194789439E-10,-6.060435351338E-4));
#12531=AXIS2_PLACEMENT_3D('',#12528,#12529,#12530);
#12533=DIRECTION('',(0.E0,-1.E0,1.732870212380E-7));
#12534=VECTOR('',#12533,1.E0);
#12535=SURFACE_OF_LINEAR_EXTRUSION('',#12532,#12534);
#12536=ORIENTED_EDGE('',*,*,#7630,.T.);
#12538=ORIENTED_EDGE('',*,*,#12537,.T.);
#12540=ORIENTED_EDGE('',*,*,#12539,.F.);
#12541=ORIENTED_EDGE('',*,*,#12519,.F.);
#12542=EDGE_LOOP('',(#12536,#12538,#12540,#12541));
#12543=FACE_OUTER_BOUND('',#12542,.F.);
#12544=ADVANCED_FACE('',(#12543),#12535,.T.);
#12545=CARTESIAN_POINT('',(-6.693467871240E0,3.500066814472E0,
-3.173021959087E1));
#12546=DIRECTION('',(1.E0,0.E0,0.E0));
#12547=DIRECTION('',(0.E0,1.732870212380E-7,1.E0));
#12548=AXIS2_PLACEMENT_3D('',#12545,#12546,#12547);
#12549=PLANE('',#12548);
#12550=ORIENTED_EDGE('',*,*,#7628,.T.);
#12552=ORIENTED_EDGE('',*,*,#12551,.T.);
#12554=ORIENTED_EDGE('',*,*,#12553,.F.);
#12555=ORIENTED_EDGE('',*,*,#12537,.F.);
#12556=EDGE_LOOP('',(#12550,#12552,#12554,#12555));
#12557=FACE_OUTER_BOUND('',#12556,.F.);
#12558=ADVANCED_FACE('',(#12557),#12549,.T.);
#12559=CARTESIAN_POINT('',(-6.193455303899E0,3.500075305664E0,
1.727052098802E1));
#12560=DIRECTION('',(0.E0,1.E0,-1.732870212380E-7));
#12561=DIRECTION('',(9.999998163556E-1,1.050194789923E-10,6.060435354133E-4));
#12562=AXIS2_PLACEMENT_3D('',#12559,#12560,#12561);
#12564=DIRECTION('',(0.E0,-1.E0,1.732870212380E-7));
#12565=VECTOR('',#12564,1.E0);
#12566=SURFACE_OF_LINEAR_EXTRUSION('',#12563,#12565);
#12567=ORIENTED_EDGE('',*,*,#7626,.T.);
#12568=ORIENTED_EDGE('',*,*,#12523,.T.);
#12570=ORIENTED_EDGE('',*,*,#12569,.F.);
#12571=ORIENTED_EDGE('',*,*,#12551,.F.);
#12572=EDGE_LOOP('',(#12567,#12568,#12570,#12571));
#12573=FACE_OUTER_BOUND('',#12572,.F.);
#12574=ADVANCED_FACE('',(#12573),#12566,.T.);
#12575=CARTESIAN_POINT('',(7.539337604258E0,-8.499958361212E0,
-7.221186867918E0));
#12576=DIRECTION('',(0.E0,-1.E0,1.732870212380E-7));
#12577=DIRECTION('',(9.999998164261E-1,1.049993312582E-10,6.059272674204E-4));
#12578=AXIS2_PLACEMENT_3D('',#12575,#12576,#12577);
#12579=PLANE('',#12578);
#12580=ORIENTED_EDGE('',*,*,#12521,.T.);
#12581=ORIENTED_EDGE('',*,*,#12539,.T.);
#12582=ORIENTED_EDGE('',*,*,#12553,.T.);
#12583=ORIENTED_EDGE('',*,*,#12569,.T.);
#12584=EDGE_LOOP('',(#12580,#12581,#12582,#12583));
#12585=FACE_OUTER_BOUND('',#12584,.F.);
#12586=ADVANCED_FACE('',(#12585),#12579,.T.);
#12587=CARTESIAN_POINT('',(-2.E0,-6.999961741835E0,-2.672999878700E1));
#12588=DIRECTION('',(0.E0,1.E0,-1.732870212380E-7));
#12589=DIRECTION('',(-1.E0,0.E0,0.E0));
#12590=AXIS2_PLACEMENT_3D('',#12587,#12588,#12589);
#12591=CYLINDRICAL_SURFACE('',#12590,3.394507820948E0);
#12592=ORIENTED_EDGE('',*,*,#6355,.F.);
#12594=ORIENTED_EDGE('',*,*,#12593,.T.);
#12595=ORIENTED_EDGE('',*,*,#6809,.T.);
#12597=ORIENTED_EDGE('',*,*,#12596,.F.);
#12598=EDGE_LOOP('',(#12592,#12594,#12595,#12597));
#12599=FACE_OUTER_BOUND('',#12598,.F.);
#12600=ADVANCED_FACE('',(#12599),#12591,.T.);
#12601=CARTESIAN_POINT('',(-2.E0,-6.999961741835E0,-2.672999878700E1));
#12602=DIRECTION('',(0.E0,1.E0,-1.732870212380E-7));
#12603=DIRECTION('',(-1.E0,0.E0,0.E0));
#12604=AXIS2_PLACEMENT_3D('',#12601,#12602,#12603);
#12605=CYLINDRICAL_SURFACE('',#12604,3.394507820948E0);
#12606=ORIENTED_EDGE('',*,*,#6357,.F.);
#12607=ORIENTED_EDGE('',*,*,#12596,.T.);
#12608=ORIENTED_EDGE('',*,*,#6811,.T.);
#12609=ORIENTED_EDGE('',*,*,#12593,.F.);
#12610=EDGE_LOOP('',(#12606,#12607,#12608,#12609));
#12611=FACE_OUTER_BOUND('',#12610,.F.);
#12612=ADVANCED_FACE('',(#12611),#12605,.T.);
#12613=CARTESIAN_POINT('',(-2.E0,-6.999961741835E0,-2.672999878700E1));
#12614=DIRECTION('',(0.E0,1.E0,-1.732870212380E-7));
#12615=DIRECTION('',(-1.E0,0.E0,0.E0));
#12616=AXIS2_PLACEMENT_3D('',#12613,#12614,#12615);
#12617=CYLINDRICAL_SURFACE('',#12616,2.5E0);
#12618=ORIENTED_EDGE('',*,*,#6815,.F.);
#12620=ORIENTED_EDGE('',*,*,#12619,.T.);
#12622=ORIENTED_EDGE('',*,*,#12621,.T.);
#12624=ORIENTED_EDGE('',*,*,#12623,.F.);
#12625=EDGE_LOOP('',(#12618,#12620,#12622,#12624));
#12626=FACE_OUTER_BOUND('',#12625,.F.);
#12627=ADVANCED_FACE('',(#12626),#12617,.T.);
#12628=CARTESIAN_POINT('',(-2.E0,-6.999961741835E0,-2.672999878700E1));
#12629=DIRECTION('',(0.E0,1.E0,-1.732870212380E-7));
#12630=DIRECTION('',(-1.E0,0.E0,0.E0));
#12631=AXIS2_PLACEMENT_3D('',#12628,#12629,#12630);
#12632=CYLINDRICAL_SURFACE('',#12631,2.5E0);
#12633=ORIENTED_EDGE('',*,*,#6817,.F.);
#12634=ORIENTED_EDGE('',*,*,#12623,.T.);
#12636=ORIENTED_EDGE('',*,*,#12635,.T.);
#12637=ORIENTED_EDGE('',*,*,#12619,.F.);
#12638=EDGE_LOOP('',(#12633,#12634,#12636,#12637));
#12639=FACE_OUTER_BOUND('',#12638,.F.);
#12640=ADVANCED_FACE('',(#12639),#12632,.T.);
#12641=CARTESIAN_POINT('',(-2.E0,-3.499961741836E0,-2.672999939350E1));
#12642=DIRECTION('',(0.E0,1.E0,-1.732870212380E-7));
#12643=DIRECTION('',(9.981090284370E-1,1.065167976044E-8,6.146842565496E-2));
#12644=AXIS2_PLACEMENT_3D('',#12641,#12642,#12643);
#12645=TOROIDAL_SURFACE('',#12644,2.E0,5.E-1);
#12646=ORIENTED_EDGE('',*,*,#6480,.T.);
#12648=ORIENTED_EDGE('',*,*,#12647,.T.);
#12649=ORIENTED_EDGE('',*,*,#12635,.F.);
#12651=ORIENTED_EDGE('',*,*,#12650,.F.);
#12652=EDGE_LOOP('',(#12646,#12648,#12649,#12651));
#12653=FACE_OUTER_BOUND('',#12652,.F.);
#12654=ADVANCED_FACE('',(#12653),#12645,.T.);
#12655=CARTESIAN_POINT('',(-2.E0,-3.499961741836E0,-2.672999939350E1));
#12656=DIRECTION('',(0.E0,1.E0,-1.732870212380E-7));
#12657=DIRECTION('',(-9.981090284370E-1,-1.065168087067E-8,-6.146842565496E-2));
#12658=AXIS2_PLACEMENT_3D('',#12655,#12656,#12657);
#12659=TOROIDAL_SURFACE('',#12658,2.E0,5.E-1);
#12660=ORIENTED_EDGE('',*,*,#6478,.T.);
#12661=ORIENTED_EDGE('',*,*,#12650,.T.);
#12662=ORIENTED_EDGE('',*,*,#12621,.F.);
#12663=ORIENTED_EDGE('',*,*,#12647,.F.);
#12664=EDGE_LOOP('',(#12660,#12661,#12662,#12663));
#12665=FACE_OUTER_BOUND('',#12664,.F.);
#12666=ADVANCED_FACE('',(#12665),#12659,.T.);
#12667=CARTESIAN_POINT('',(-2.E0,-6.999954983642E0,1.227000121300E1));
#12668=DIRECTION('',(0.E0,1.E0,-1.732870212380E-7));
#12669=DIRECTION('',(-1.E0,0.E0,0.E0));
#12670=AXIS2_PLACEMENT_3D('',#12667,#12668,#12669);
#12671=CYLINDRICAL_SURFACE('',#12670,3.394507820948E0);
#12672=ORIENTED_EDGE('',*,*,#6349,.F.);
#12674=ORIENTED_EDGE('',*,*,#12673,.T.);
#12675=ORIENTED_EDGE('',*,*,#6827,.T.);
#12677=ORIENTED_EDGE('',*,*,#12676,.F.);
#12678=EDGE_LOOP('',(#12672,#12674,#12675,#12677));
#12679=FACE_OUTER_BOUND('',#12678,.F.);
#12680=ADVANCED_FACE('',(#12679),#12671,.T.);
#12681=CARTESIAN_POINT('',(-2.E0,-6.999954983642E0,1.227000121300E1));
#12682=DIRECTION('',(0.E0,1.E0,-1.732870212380E-7));
#12683=DIRECTION('',(-1.E0,0.E0,0.E0));
#12684=AXIS2_PLACEMENT_3D('',#12681,#12682,#12683);
#12685=CYLINDRICAL_SURFACE('',#12684,3.394507820948E0);
#12686=ORIENTED_EDGE('',*,*,#6351,.F.);
#12687=ORIENTED_EDGE('',*,*,#12676,.T.);
#12688=ORIENTED_EDGE('',*,*,#6829,.T.);
#12689=ORIENTED_EDGE('',*,*,#12673,.F.);
#12690=EDGE_LOOP('',(#12686,#12687,#12688,#12689));
#12691=FACE_OUTER_BOUND('',#12690,.F.);
#12692=ADVANCED_FACE('',(#12691),#12685,.T.);
#12693=CARTESIAN_POINT('',(-2.E0,-6.999954983642E0,1.227000121300E1));
#12694=DIRECTION('',(0.E0,1.E0,-1.732870212380E-7));
#12695=DIRECTION('',(-1.E0,0.E0,0.E0));
#12696=AXIS2_PLACEMENT_3D('',#12693,#12694,#12695);
#12697=CYLINDRICAL_SURFACE('',#12696,2.5E0);
#12698=ORIENTED_EDGE('',*,*,#6833,.F.);
#12700=ORIENTED_EDGE('',*,*,#12699,.T.);
#12702=ORIENTED_EDGE('',*,*,#12701,.T.);
#12704=ORIENTED_EDGE('',*,*,#12703,.F.);
#12705=EDGE_LOOP('',(#12698,#12700,#12702,#12704));
#12706=FACE_OUTER_BOUND('',#12705,.F.);
#12707=ADVANCED_FACE('',(#12706),#12697,.T.);
#12708=CARTESIAN_POINT('',(-2.E0,-6.999954983642E0,1.227000121300E1));
#12709=DIRECTION('',(0.E0,1.E0,-1.732870212380E-7));
#12710=DIRECTION('',(-1.E0,0.E0,0.E0));
#12711=AXIS2_PLACEMENT_3D('',#12708,#12709,#12710);
#12712=CYLINDRICAL_SURFACE('',#12711,2.5E0);
#12713=ORIENTED_EDGE('',*,*,#6835,.F.);
#12714=ORIENTED_EDGE('',*,*,#12703,.T.);
#12716=ORIENTED_EDGE('',*,*,#12715,.T.);
#12717=ORIENTED_EDGE('',*,*,#12699,.F.);
#12718=EDGE_LOOP('',(#12713,#12714,#12716,#12717));
#12719=FACE_OUTER_BOUND('',#12718,.F.);
#12720=ADVANCED_FACE('',(#12719),#12712,.T.);
#12721=CARTESIAN_POINT('',(-2.E0,-3.499954983642E0,1.227000060650E1));
#12722=DIRECTION('',(0.E0,1.E0,-1.732870212380E-7));
#12723=DIRECTION('',(9.981090284370E-1,1.065167976044E-8,6.146842565496E-2));
#12724=AXIS2_PLACEMENT_3D('',#12721,#12722,#12723);
#12725=TOROIDAL_SURFACE('',#12724,2.E0,5.E-1);
#12726=ORIENTED_EDGE('',*,*,#6462,.T.);
#12728=ORIENTED_EDGE('',*,*,#12727,.T.);
#12729=ORIENTED_EDGE('',*,*,#12715,.F.);
#12731=ORIENTED_EDGE('',*,*,#12730,.F.);
#12732=EDGE_LOOP('',(#12726,#12728,#12729,#12731));
#12733=FACE_OUTER_BOUND('',#12732,.F.);
#12734=ADVANCED_FACE('',(#12733),#12725,.T.);
#12735=CARTESIAN_POINT('',(-2.E0,-3.499954983642E0,1.227000060650E1));
#12736=DIRECTION('',(0.E0,1.E0,-1.732870212380E-7));
#12737=DIRECTION('',(-9.981090284370E-1,-1.065168087067E-8,-6.146842565496E-2));
#12738=AXIS2_PLACEMENT_3D('',#12735,#12736,#12737);
#12739=TOROIDAL_SURFACE('',#12738,2.E0,5.E-1);
#12740=ORIENTED_EDGE('',*,*,#6460,.T.);
#12741=ORIENTED_EDGE('',*,*,#12730,.T.);
#12742=ORIENTED_EDGE('',*,*,#12701,.F.);
#12743=ORIENTED_EDGE('',*,*,#12727,.F.);
#12744=EDGE_LOOP('',(#12740,#12741,#12742,#12743));
#12745=FACE_OUTER_BOUND('',#12744,.F.);
#12746=ADVANCED_FACE('',(#12745),#12739,.T.);
#12747=CARTESIAN_POINT('',(4.7E1,-6.999956196651E0,5.270001213002E0));
#12748=DIRECTION('',(0.E0,1.E0,-1.732870212380E-7));
#12749=DIRECTION('',(-1.E0,0.E0,0.E0));
#12750=AXIS2_PLACEMENT_3D('',#12747,#12748,#12749);
#12751=CYLINDRICAL_SURFACE('',#12750,2.5E0);
#12752=ORIENTED_EDGE('',*,*,#6798,.F.);
#12753=ORIENTED_EDGE('',*,*,#6734,.T.);
#12754=ORIENTED_EDGE('',*,*,#6704,.T.);
#12755=ORIENTED_EDGE('',*,*,#6731,.F.);
#12756=EDGE_LOOP('',(#12752,#12753,#12754,#12755));
#12757=FACE_OUTER_BOUND('',#12756,.F.);
#12758=ADVANCED_FACE('',(#12757),#12751,.T.);
#12759=CARTESIAN_POINT('',(-3.989999601561E1,-3.249612901888E-1,
-3.024993806074E1));
#12760=DIRECTION('',(-1.434574122455E-14,1.E0,-1.732872165116E-7));
#12761=DIRECTION('',(-9.999998164261E-1,-1.050137952845E-10,
-6.059272672251E-4));
#12762=AXIS2_PLACEMENT_3D('',#12759,#12760,#12761);
#12763=CONICAL_SURFACE('',#12762,1.325001061384E0,4.500000000001E1);
#12765=ORIENTED_EDGE('',*,*,#12764,.T.);
#12766=ORIENTED_EDGE('',*,*,#5991,.T.);
#12767=ORIENTED_EDGE('',*,*,#5997,.T.);
#12769=ORIENTED_EDGE('',*,*,#12768,.T.);
#12771=ORIENTED_EDGE('',*,*,#12770,.F.);
#12772=EDGE_LOOP('',(#12765,#12766,#12767,#12769,#12771));
#12773=FACE_OUTER_BOUND('',#12772,.F.);
#12774=ADVANCED_FACE('',(#12773),#12763,.F.);
#12775=CARTESIAN_POINT('',(-3.989999601561E1,-3.249612901888E-1,
-3.024993806074E1));
#12776=DIRECTION('',(2.880760768100E-14,1.E0,-1.732868223397E-7));
#12777=DIRECTION('',(9.999998164261E-1,1.049704030978E-10,6.059272671890E-4));
#12778=AXIS2_PLACEMENT_3D('',#12775,#12776,#12777);
#12779=CONICAL_SURFACE('',#12778,1.325001061384E0,4.500000000001E1);
#12780=ORIENTED_EDGE('',*,*,#12768,.F.);
#12781=ORIENTED_EDGE('',*,*,#5995,.T.);
#12782=ORIENTED_EDGE('',*,*,#5993,.T.);
#12783=ORIENTED_EDGE('',*,*,#12764,.F.);
#12785=ORIENTED_EDGE('',*,*,#12784,.F.);
#12786=EDGE_LOOP('',(#12780,#12781,#12782,#12783,#12785));
#12787=FACE_OUTER_BOUND('',#12786,.F.);
#12788=ADVANCED_FACE('',(#12787),#12779,.F.);
#12789=CARTESIAN_POINT('',(-3.989999601561E1,-3.699962351575E0,
-3.024993747589E1));
#12790=DIRECTION('',(0.E0,1.E0,-1.732870212380E-7));
#12791=DIRECTION('',(9.999998164261E-1,1.049993312582E-10,6.059272674204E-4));
#12792=AXIS2_PLACEMENT_3D('',#12789,#12790,#12791);
#12793=CYLINDRICAL_SURFACE('',#12792,1.E0);
#12795=ORIENTED_EDGE('',*,*,#12794,.T.);
#12796=ORIENTED_EDGE('',*,*,#12784,.T.);
#12798=ORIENTED_EDGE('',*,*,#12797,.T.);
#12800=ORIENTED_EDGE('',*,*,#12799,.T.);
#12801=EDGE_LOOP('',(#12795,#12796,#12798,#12800));
#12802=FACE_OUTER_BOUND('',#12801,.F.);
#12803=ADVANCED_FACE('',(#12802),#12793,.F.);
#12804=CARTESIAN_POINT('',(-3.989999601561E1,-3.699962351575E0,
-3.024993747589E1));
#12805=DIRECTION('',(0.E0,1.E0,-1.732870212380E-7));
#12806=DIRECTION('',(-9.999998164261E-1,-1.049993312592E-10,
-6.059272674261E-4));
#12807=AXIS2_PLACEMENT_3D('',#12804,#12805,#12806);
#12808=CYLINDRICAL_SURFACE('',#12807,1.E0);
#12809=ORIENTED_EDGE('',*,*,#12797,.F.);
#12810=ORIENTED_EDGE('',*,*,#12770,.T.);
#12811=ORIENTED_EDGE('',*,*,#12794,.F.);
#12813=ORIENTED_EDGE('',*,*,#12812,.T.);
#12814=EDGE_LOOP('',(#12809,#12810,#12811,#12813));
#12815=FACE_OUTER_BOUND('',#12814,.F.);
#12816=ADVANCED_FACE('',(#12815),#12808,.F.);
#12817=CARTESIAN_POINT('',(-3.989999601561E1,-6.999962351795E0,
-3.024993690405E1));
#12818=DIRECTION('',(0.E0,-1.E0,1.732870212380E-7));
#12819=DIRECTION('',(6.059272674204E-4,-1.732869894271E-7,-9.999998164260E-1));
#12820=AXIS2_PLACEMENT_3D('',#12817,#12818,#12819);
#12821=PLANE('',#12820);
#12822=ORIENTED_EDGE('',*,*,#12812,.F.);
#12823=ORIENTED_EDGE('',*,*,#12799,.F.);
#12824=EDGE_LOOP('',(#12822,#12823));
#12825=FACE_OUTER_BOUND('',#12824,.F.);
#12826=ADVANCED_FACE('',(#12825),#12821,.F.);
#12830=DIMENSIONAL_EXPONENTS(0.E0,0.E0,0.E0,0.E0,0.E0,0.E0,0.E0);
#12832=PLANE_ANGLE_MEASURE_WITH_UNIT(PLANE_ANGLE_MEASURE(1.745329251994E-2),
#12831);
#12833=(CONVERSION_BASED_UNIT('DEGREE',#12832)NAMED_UNIT(*)PLANE_ANGLE_UNIT());
#12835=UNCERTAINTY_MEASURE_WITH_UNIT(LENGTH_MEASURE(1.E-2),#12829,'closure',
'Maximum model space distance between geometric entities at asserted connectivities');
#12836=(GEOMETRIC_REPRESENTATION_CONTEXT(3)GLOBAL_UNCERTAINTY_ASSIGNED_CONTEXT((
#12835))GLOBAL_UNIT_ASSIGNED_CONTEXT((#12829,#12833,#12834))REPRESENTATION_CONTEXT('ID1','3'));
#12838=APPLICATION_CONTEXT(
'CONFIGURATION CONTROLLED 3D DESIGNS OF MECHANICAL PARTS AND ASSEMBLIES');
#12839=APPLICATION_PROTOCOL_DEFINITION('international standard',
'config_control_design',1994,#12838);
#12840=DESIGN_CONTEXT('',#12838,'design');
#12841=MECHANICAL_CONTEXT('',#12838,'mechanical');
#12842=PRODUCT('SHANGKE','SHANGKE','NOT SPECIFIED',(#12841));
#12843=PRODUCT_DEFINITION_FORMATION_WITH_SPECIFIED_SOURCE('4','LAST_VERSION',
#12842,.MADE.);
#12847=PRODUCT_CATEGORY('part','');
#12848=PRODUCT_RELATED_PRODUCT_CATEGORY('detail','',(#12842));
#12849=PRODUCT_CATEGORY_RELATIONSHIP('','',#12847,#12848);
#12850=SECURITY_CLASSIFICATION_LEVEL('unclassified');
#12851=SECURITY_CLASSIFICATION('','',#12850);
#12852=CC_DESIGN_SECURITY_CLASSIFICATION(#12851,(#12843));
#12853=APPROVAL_STATUS('approved');
#12854=APPROVAL(#12853,'');
#12855=CC_DESIGN_APPROVAL(#12854,(#12851,#12843,#12844));
#12856=CALENDAR_DATE(125,17,9);
#12857=COORDINATED_UNIVERSAL_TIME_OFFSET(8,0,.AHEAD.);
#12858=LOCAL_TIME(15,11,4.7E1,#12857);
#12859=DATE_AND_TIME(#12856,#12858);
#12860=APPROVAL_DATE_TIME(#12859,#12854);
#12861=DATE_TIME_ROLE('creation_date');
#12862=CC_DESIGN_DATE_AND_TIME_ASSIGNMENT(#12859,#12861,(#12844));
#12863=DATE_TIME_ROLE('classification_date');
#12864=CC_DESIGN_DATE_AND_TIME_ASSIGNMENT(#12859,#12863,(#12851));
#12865=PERSON('UNSPECIFIED','UNSPECIFIED',$,$,$,$);
#12866=ORGANIZATION('UNSPECIFIED','UNSPECIFIED','UNSPECIFIED');
#12867=PERSON_AND_ORGANIZATION(#12865,#12866);
#12868=APPROVAL_ROLE('approver');
#12869=APPROVAL_PERSON_ORGANIZATION(#12867,#12854,#12868);
#12870=PERSON_AND_ORGANIZATION_ROLE('creator');
#12871=CC_DESIGN_PERSON_AND_ORGANIZATION_ASSIGNMENT(#12867,#12870,(#12843,
#12844));
#12872=PERSON_AND_ORGANIZATION_ROLE('design_supplier');
#12873=CC_DESIGN_PERSON_AND_ORGANIZATION_ASSIGNMENT(#12867,#12872,(#12843));
#12874=PERSON_AND_ORGANIZATION_ROLE('classification_officer');
#12875=CC_DESIGN_PERSON_AND_ORGANIZATION_ASSIGNMENT(#12867,#12874,(#12851));
#12876=PERSON_AND_ORGANIZATION_ROLE('design_owner');
#12877=CC_DESIGN_PERSON_AND_ORGANIZATION_ASSIGNMENT(#12867,#12876,(#12842));
#5=CIRCLE('',#4,2.999999999999E0);
#14=CIRCLE('',#13,3.E0);
#19=CIRCLE('',#18,1.649996913674E0);
#24=CIRCLE('',#23,1.649996913674E0);
#29=CIRCLE('',#28,1.649996913674E0);
#34=CIRCLE('',#33,1.649996913674E0);
#95=CIRCLE('',#94,8.5E-1);
#100=CIRCLE('',#99,8.5E-1);
#105=CIRCLE('',#104,8.5E-1);
#110=CIRCLE('',#109,8.5E-1);
#115=CIRCLE('',#114,8.5E-1);
#120=CIRCLE('',#119,8.5E-1);
#125=CIRCLE('',#124,8.5E-1);
#130=CIRCLE('',#129,8.5E-1);
#175=CIRCLE('',#174,2.999999999999E0);
#220=CIRCLE('',#219,2.999999999999E0);
#309=B_SPLINE_CURVE_WITH_KNOTS('',3,(#301,#302,#303,#304,#305,#306,#307,#308),
.UNSPECIFIED.,.F.,.F.,(4,1,1,1,1,4),(0.E0,1.131173849156E-2,3.220588934518E-1,
6.301211671955E-1,9.673771647103E-1,1.E0),.UNSPECIFIED.);
#322=B_SPLINE_CURVE_WITH_KNOTS('',3,(#314,#315,#316,#317,#318,#319,#320,#321),
.UNSPECIFIED.,.F.,.F.,(4,1,1,1,1,4),(0.E0,1.131173853355E-2,3.220588934274E-1,
6.301211669908E-1,9.673771645548E-1,1.E0),.UNSPECIFIED.);
#335=B_SPLINE_CURVE_WITH_KNOTS('',3,(#327,#328,#329,#330,#331,#332,#333,#334),
.UNSPECIFIED.,.F.,.F.,(4,1,1,1,1,4),(0.E0,1.329725749760E-2,3.388756566327E-1,
6.609205344072E-1,9.866201974809E-1,1.E0),.UNSPECIFIED.);
#348=B_SPLINE_CURVE_WITH_KNOTS('',3,(#340,#341,#342,#343,#344,#345,#346,#347),
.UNSPECIFIED.,.F.,.F.,(4,1,1,1,1,4),(0.E0,1.131173854095E-2,3.220588936138E-1,
6.301211673544E-1,9.673771647586E-1,1.E0),.UNSPECIFIED.);
#357=CIRCLE('',#356,2.E-1);
#374=CIRCLE('',#373,2.E-1);
#399=CIRCLE('',#398,2.E-1);
#416=CIRCLE('',#415,2.E-1);
#441=CIRCLE('',#440,3.394507820948E0);
#446=CIRCLE('',#445,3.394507820948E0);
#451=CIRCLE('',#450,3.394507820948E0);
#456=CIRCLE('',#455,3.394507820948E0);
#465=CIRCLE('',#464,9.2E0);
#482=CIRCLE('',#481,9.2E0);
#491=CIRCLE('',#490,1.04E1);
#500=CIRCLE('',#499,1.04E1);
#509=CIRCLE('',#508,1.04E1);
#518=CIRCLE('',#517,1.04E1);
#523=CIRCLE('',#522,8.5E-1);
#536=CIRCLE('',#535,1.35E0);
#541=CIRCLE('',#540,1.35E0);
#546=CIRCLE('',#545,1.35E0);
#551=CIRCLE('',#550,1.35E0);
#556=CIRCLE('',#555,1.35E0);
#561=CIRCLE('',#560,1.35E0);
#566=CIRCLE('',#565,1.35E0);
#571=CIRCLE('',#570,1.35E0);
#576=CIRCLE('',#575,2.E0);
#581=CIRCLE('',#580,2.E0);
#586=CIRCLE('',#585,2.E0);
#591=CIRCLE('',#590,2.E0);
#596=CIRCLE('',#595,2.E0);
#601=CIRCLE('',#600,2.E0);
#606=CIRCLE('',#605,2.E0);
#611=CIRCLE('',#610,2.E0);
#620=CIRCLE('',#619,8.5E-1);
#637=CIRCLE('',#636,8.5E-1);
#646=CIRCLE('',#645,8.5E-1);
#663=CIRCLE('',#662,8.5E-1);
#672=CIRCLE('',#671,8.5E-1);
#689=CIRCLE('',#688,8.5E-1);
#698=CIRCLE('',#697,8.5E-1);
#707=CIRCLE('',#706,5.E-1);
#712=CIRCLE('',#711,5.E-1);
#721=CIRCLE('',#720,2.5E0);
#726=CIRCLE('',#725,2.5E0);
#731=CIRCLE('',#730,2.5E0);
#736=CIRCLE('',#735,9.7E0);
#741=CIRCLE('',#740,9.7E0);
#750=CIRCLE('',#749,9.7E0);
#759=CIRCLE('',#758,9.7E0);
#768=CIRCLE('',#767,9.7E0);
#776=B_SPLINE_CURVE_WITH_KNOTS('',3,(#769,#770,#771,#772,#773,#774,#775),
.UNSPECIFIED.,.F.,.F.,(4,1,1,1,4),(0.E0,2.5E-1,5.E-1,7.5E-1,1.E0),
.UNSPECIFIED.);
#781=CIRCLE('',#780,9.7E0);
#790=CIRCLE('',#789,1.04E1);
#799=CIRCLE('',#798,1.04E1);
#808=CIRCLE('',#807,1.04E1);
#817=CIRCLE('',#816,1.04E1);
#826=CIRCLE('',#825,3.394507820948E0);
#831=CIRCLE('',#830,3.394507820948E0);
#836=CIRCLE('',#835,3.394507820948E0);
#841=CIRCLE('',#840,3.394507820948E0);
#846=CIRCLE('',#845,2.5E0);
#851=CIRCLE('',#850,2.5E0);
#860=CIRCLE('',#859,2.5E0);
#869=CIRCLE('',#868,2.5E0);
#874=CIRCLE('',#873,5.E-1);
#879=CIRCLE('',#878,5.E-1);
#885=B_SPLINE_CURVE_WITH_KNOTS('',3,(#880,#881,#882,#883,#884),.UNSPECIFIED.,
.F.,.F.,(4,1,4),(0.E0,5.E-1,1.E0),.UNSPECIFIED.);
#894=B_SPLINE_CURVE_WITH_KNOTS('',3,(#886,#887,#888,#889,#890,#891,#892,#893),
.UNSPECIFIED.,.F.,.F.,(4,1,1,1,1,4),(0.E0,2.E-1,4.E-1,6.E-1,8.E-1,1.E0),
.UNSPECIFIED.);
#903=CIRCLE('',#902,3.394507820948E0);
#908=CIRCLE('',#907,3.394507820948E0);
#917=B_SPLINE_CURVE_WITH_KNOTS('',3,(#909,#910,#911,#912,#913,#914,#915,#916),
.UNSPECIFIED.,.F.,.F.,(4,1,1,1,1,4),(0.E0,2.E-1,4.E-1,6.E-1,8.E-1,1.E0),
.UNSPECIFIED.);
#922=CIRCLE('',#921,3.394507820948E0);
#959=CIRCLE('',#958,3.394507820948E0);
#964=CIRCLE('',#963,3.394507820948E0);
#971=B_SPLINE_CURVE_WITH_KNOTS('',3,(#965,#966,#967,#968,#969,#970),
.UNSPECIFIED.,.F.,.F.,(4,1,1,4),(0.E0,3.333333333333E-1,6.666666666667E-1,1.E0),
.UNSPECIFIED.);
#980=B_SPLINE_CURVE_WITH_KNOTS('',3,(#972,#973,#974,#975,#976,#977,#978,#979),
.UNSPECIFIED.,.F.,.F.,(4,1,1,1,1,4),(0.E0,2.E-1,4.E-1,6.E-1,8.E-1,1.E0),
.UNSPECIFIED.);
#986=B_SPLINE_CURVE_WITH_KNOTS('',3,(#981,#982,#983,#984,#985),.UNSPECIFIED.,
.F.,.F.,(4,1,4),(0.E0,5.E-1,1.E0),.UNSPECIFIED.);
#995=B_SPLINE_CURVE_WITH_KNOTS('',3,(#987,#988,#989,#990,#991,#992,#993,#994),
.UNSPECIFIED.,.F.,.F.,(4,1,1,1,1,4),(0.E0,2.E-1,4.E-1,6.E-1,8.E-1,1.E0),
.UNSPECIFIED.);
#1036=CIRCLE('',#1035,9.2E0);
#1041=CIRCLE('',#1040,5.E-1);
#1054=CIRCLE('',#1053,1.E0);
#1059=CIRCLE('',#1058,1.E0);
#1072=CIRCLE('',#1071,1.E0);
#1077=CIRCLE('',#1076,9.2E0);
#1086=CIRCLE('',#1085,1.E0);
#1095=CIRCLE('',#1094,1.E0);
#1104=CIRCLE('',#1103,9.2E0);
#1113=CIRCLE('',#1112,9.2E0);
#1122=CIRCLE('',#1121,9.2E0);
#1131=CIRCLE('',#1130,8.E0);
#1140=CIRCLE('',#1139,8.E0);
#1149=CIRCLE('',#1148,8.E0);
#1158=CIRCLE('',#1157,8.E0);
#1175=CIRCLE('',#1174,1.E0);
#1188=CIRCLE('',#1187,1.E0);
#1193=CIRCLE('',#1192,1.E0);
#1202=CIRCLE('',#1201,9.2E0);
#1215=CIRCLE('',#1214,5.E-1);
#1236=CIRCLE('',#1235,9.2E0);
#1253=CIRCLE('',#1252,9.2E0);
#1262=CIRCLE('',#1261,8.E0);
#1271=CIRCLE('',#1270,5.E-1);
#1284=CIRCLE('',#1283,5.E-1);
#1293=CIRCLE('',#1292,5.E-1);
#1302=CIRCLE('',#1301,5.E-1);
#1311=CIRCLE('',#1310,5.E-1);
#1324=CIRCLE('',#1323,5.E-1);
#1333=CIRCLE('',#1332,5.E-1);
#1342=CIRCLE('',#1341,5.E-1);
#1351=CIRCLE('',#1350,5.E-1);
#1360=CIRCLE('',#1359,5.E-1);
#1369=CIRCLE('',#1368,5.E-1);
#1382=CIRCLE('',#1381,5.E-1);
#1391=CIRCLE('',#1390,5.E-1);
#1408=B_SPLINE_CURVE_WITH_KNOTS('',3,(#1396,#1397,#1398,#1399,#1400,#1401,#1402,
#1403,#1404,#1405,#1406,#1407),.UNSPECIFIED.,.F.,.F.,(4,1,1,1,1,1,1,1,1,4),
(0.E0,1.111111111111E-1,2.222222222222E-1,3.333333333333E-1,4.444444444444E-1,
5.555555555556E-1,6.666666666667E-1,7.777777777778E-1,8.888888888889E-1,1.E0),
.UNSPECIFIED.);
#1426=B_SPLINE_CURVE_WITH_KNOTS('',3,(#1413,#1414,#1415,#1416,#1417,#1418,#1419,
#1420,#1421,#1422,#1423,#1424,#1425),.UNSPECIFIED.,.F.,.F.,(4,1,1,1,1,1,1,1,1,1,
4),(0.E0,1.E-1,2.E-1,3.E-1,4.E-1,5.E-1,6.E-1,7.E-1,8.E-1,9.E-1,1.E0),
.UNSPECIFIED.);
#1444=B_SPLINE_CURVE_WITH_KNOTS('',3,(#1431,#1432,#1433,#1434,#1435,#1436,#1437,
#1438,#1439,#1440,#1441,#1442,#1443),.UNSPECIFIED.,.F.,.F.,(4,1,1,1,1,1,1,1,1,1,
4),(0.E0,1.E-1,2.E-1,3.E-1,4.E-1,5.E-1,6.E-1,7.E-1,8.E-1,9.E-1,1.E0),
.UNSPECIFIED.);
#1457=B_SPLINE_CURVE_WITH_KNOTS('',3,(#1449,#1450,#1451,#1452,#1453,#1454,#1455,
#1456),.UNSPECIFIED.,.F.,.F.,(4,1,1,1,1,4),(0.E0,2.E-1,4.E-1,6.E-1,8.E-1,1.E0),
.UNSPECIFIED.);
#1510=CIRCLE('',#1509,4.500000844468E0);
#1519=CIRCLE('',#1518,4.500000844473E0);
#1528=CIRCLE('',#1527,4.500000844474E0);
#1537=CIRCLE('',#1536,4.500000844473E0);
#1546=CIRCLE('',#1545,8.5E0);
#1555=CIRCLE('',#1554,8.5E0);
#1564=CIRCLE('',#1563,8.5E0);
#1573=CIRCLE('',#1572,8.5E0);
#1587=B_SPLINE_CURVE_WITH_KNOTS('',3,(#1578,#1579,#1580,#1581,#1582,#1583,#1584,
#1585,#1586),.UNSPECIFIED.,.F.,.F.,(4,1,1,1,1,1,4),(0.E0,2.5E-1,3.75E-1,5.E-1,
6.25E-1,7.5E-1,1.E0),.UNSPECIFIED.);
#1601=B_SPLINE_CURVE_WITH_KNOTS('',3,(#1592,#1593,#1594,#1595,#1596,#1597,#1598,
#1599,#1600),.UNSPECIFIED.,.F.,.F.,(4,1,1,1,1,1,4),(0.E0,2.5E-1,3.75E-1,5.E-1,
6.25E-1,7.5E-1,1.E0),.UNSPECIFIED.);
#1606=CIRCLE('',#1605,3.E-1);
#1611=CIRCLE('',#1610,3.E-1);
#1616=CIRCLE('',#1615,3.E-1);
#1621=CIRCLE('',#1620,3.E-1);
#1638=CIRCLE('',#1637,2.E-1);
#1654=B_SPLINE_CURVE_WITH_KNOTS('',3,(#1639,#1640,#1641,#1642,#1643,#1644,#1645,
#1646,#1647,#1648,#1649,#1650,#1651,#1652,#1653),.UNSPECIFIED.,.F.,.F.,(4,1,1,1,
1,1,1,1,1,1,1,1,4),(0.E0,8.333333333333E-2,1.666666666667E-1,2.5E-1,
3.333333333333E-1,4.166666666667E-1,5.E-1,5.833333333333E-1,6.666666666667E-1,
7.5E-1,8.333333333333E-1,9.166666666667E-1,1.E0),.UNSPECIFIED.);
#1670=B_SPLINE_CURVE_WITH_KNOTS('',3,(#1655,#1656,#1657,#1658,#1659,#1660,#1661,
#1662,#1663,#1664,#1665,#1666,#1667,#1668,#1669),.UNSPECIFIED.,.F.,.F.,(4,1,1,1,
1,1,1,1,1,1,1,1,4),(0.E0,8.333333333333E-2,1.666666666667E-1,2.5E-1,
3.333333333333E-1,4.166666666667E-1,5.E-1,5.833333333333E-1,6.666666666667E-1,
7.5E-1,8.333333333333E-1,9.166666666667E-1,1.E0),.UNSPECIFIED.);
#1675=CIRCLE('',#1674,3.E-1);
#1680=CIRCLE('',#1679,3.E-1);
#1685=CIRCLE('',#1684,3.E-1);
#1690=CIRCLE('',#1689,3.E-1);
#1695=CIRCLE('',#1694,3.E-1);
#1700=CIRCLE('',#1699,3.E-1);
#1705=CIRCLE('',#1704,3.E-1);
#1710=CIRCLE('',#1709,3.E-1);
#1727=CIRCLE('',#1726,2.E-1);
#1743=B_SPLINE_CURVE_WITH_KNOTS('',3,(#1728,#1729,#1730,#1731,#1732,#1733,#1734,
#1735,#1736,#1737,#1738,#1739,#1740,#1741,#1742),.UNSPECIFIED.,.F.,.F.,(4,1,1,1,
1,1,1,1,1,1,1,1,4),(0.E0,8.333333333333E-2,1.666666666667E-1,2.5E-1,
3.333333333333E-1,4.166666666667E-1,5.E-1,5.833333333333E-1,6.666666666667E-1,
7.5E-1,8.333333333333E-1,9.166666666667E-1,1.E0),.UNSPECIFIED.);
#1759=B_SPLINE_CURVE_WITH_KNOTS('',3,(#1744,#1745,#1746,#1747,#1748,#1749,#1750,
#1751,#1752,#1753,#1754,#1755,#1756,#1757,#1758),.UNSPECIFIED.,.F.,.F.,(4,1,1,1,
1,1,1,1,1,1,1,1,4),(0.E0,8.333333333333E-2,1.666666666667E-1,2.5E-1,
3.333333333333E-1,4.166666666667E-1,5.E-1,5.833333333333E-1,6.666666666667E-1,
7.5E-1,8.333333333333E-1,9.166666666667E-1,1.E0),.UNSPECIFIED.);
#1776=CIRCLE('',#1775,2.E-1);
#1781=CIRCLE('',#1780,2.E-1);
#1798=CIRCLE('',#1797,2.E-1);
#1803=CIRCLE('',#1802,2.E-1);
#1808=CIRCLE('',#1807,2.E-1);
#1813=CIRCLE('',#1812,2.E-1);
#1830=CIRCLE('',#1829,2.E-1);
#1835=CIRCLE('',#1834,2.E-1);
#1852=CIRCLE('',#1851,2.E-1);
#1857=CIRCLE('',#1856,2.E-1);
#1874=CIRCLE('',#1873,2.E-1);
#1879=CIRCLE('',#1878,2.E-1);
#1896=CIRCLE('',#1895,3.E-1);
#1913=CIRCLE('',#1912,2.E-1);
#1929=B_SPLINE_CURVE_WITH_KNOTS('',3,(#1914,#1915,#1916,#1917,#1918,#1919,#1920,
#1921,#1922,#1923,#1924,#1925,#1926,#1927,#1928),.UNSPECIFIED.,.F.,.F.,(4,1,1,1,
1,1,1,1,1,1,1,1,4),(0.E0,8.333333333333E-2,1.666666666667E-1,2.5E-1,
3.333333333333E-1,4.166666666667E-1,5.E-1,5.833333333333E-1,6.666666666667E-1,
7.5E-1,8.333333333333E-1,9.166666666667E-1,1.E0),.UNSPECIFIED.);
#1945=B_SPLINE_CURVE_WITH_KNOTS('',3,(#1930,#1931,#1932,#1933,#1934,#1935,#1936,
#1937,#1938,#1939,#1940,#1941,#1942,#1943,#1944),.UNSPECIFIED.,.F.,.F.,(4,1,1,1,
1,1,1,1,1,1,1,1,4),(0.E0,8.333333333333E-2,1.666666666667E-1,2.5E-1,
3.333333333333E-1,4.166666666667E-1,5.E-1,5.833333333333E-1,6.666666666667E-1,
7.5E-1,8.333333333333E-1,9.166666666667E-1,1.E0),.UNSPECIFIED.);
#1950=CIRCLE('',#1949,3.E-1);
#1955=CIRCLE('',#1954,3.E-1);
#1960=CIRCLE('',#1959,3.E-1);
#1965=CIRCLE('',#1964,3.E-1);
#1982=CIRCLE('',#1981,2.E-1);
#1998=B_SPLINE_CURVE_WITH_KNOTS('',3,(#1983,#1984,#1985,#1986,#1987,#1988,#1989,
#1990,#1991,#1992,#1993,#1994,#1995,#1996,#1997),.UNSPECIFIED.,.F.,.F.,(4,1,1,1,
1,1,1,1,1,1,1,1,4),(0.E0,8.333333333333E-2,1.666666666667E-1,2.5E-1,
3.333333333333E-1,4.166666666667E-1,5.E-1,5.833333333333E-1,6.666666666667E-1,
7.5E-1,8.333333333333E-1,9.166666666667E-1,1.E0),.UNSPECIFIED.);
#2014=B_SPLINE_CURVE_WITH_KNOTS('',3,(#1999,#2000,#2001,#2002,#2003,#2004,#2005,
#2006,#2007,#2008,#2009,#2010,#2011,#2012,#2013),.UNSPECIFIED.,.F.,.F.,(4,1,1,1,
1,1,1,1,1,1,1,1,4),(0.E0,8.333333333333E-2,1.666666666667E-1,2.5E-1,
3.333333333333E-1,4.166666666667E-1,5.E-1,5.833333333333E-1,6.666666666667E-1,
7.5E-1,8.333333333333E-1,9.166666666667E-1,1.E0),.UNSPECIFIED.);
#2019=CIRCLE('',#2018,3.E-1);
#2024=CIRCLE('',#2023,3.E-1);
#2029=CIRCLE('',#2028,3.E-1);
#2034=CIRCLE('',#2033,3.E-1);
#2039=CIRCLE('',#2038,3.E-1);
#2044=CIRCLE('',#2043,3.E-1);
#2049=CIRCLE('',#2048,3.E-1);
#2054=CIRCLE('',#2053,2.E-1);
#2059=CIRCLE('',#2058,2.E-1);
#2076=CIRCLE('',#2075,2.E-1);
#2081=CIRCLE('',#2080,2.E-1);
#2098=CIRCLE('',#2097,2.E-1);
#2103=CIRCLE('',#2102,2.E-1);
#2120=CIRCLE('',#2119,2.E-1);
#2125=CIRCLE('',#2124,2.E-1);
#2142=CIRCLE('',#2141,2.E-1);
#2147=CIRCLE('',#2146,2.E-1);
#2164=CIRCLE('',#2163,2.E-1);
#2169=CIRCLE('',#2168,2.E-1);
#2186=CIRCLE('',#2185,2.121346717520E-1);
#2194=B_SPLINE_CURVE_WITH_KNOTS('',3,(#2187,#2188,#2189,#2190,#2191,#2192,
#2193),.UNSPECIFIED.,.F.,.F.,(4,1,1,1,4),(0.E0,2.5E-1,5.E-1,7.5E-1,1.E0),
.UNSPECIFIED.);
#2203=B_SPLINE_CURVE_WITH_KNOTS('',3,(#2195,#2196,#2197,#2198,#2199,#2200,#2201,
#2202),.UNSPECIFIED.,.F.,.F.,(4,1,1,1,1,4),(0.E0,1.131173853355E-2,
3.220588934274E-1,6.301211669908E-1,9.673771645548E-1,1.E0),.UNSPECIFIED.);
#2220=CIRCLE('',#2219,2.121389560109E-1);
#2225=CIRCLE('',#2224,2.121320343560E-1);
#2230=CIRCLE('',#2229,2.121346453249E-1);
#2238=B_SPLINE_CURVE_WITH_KNOTS('',3,(#2231,#2232,#2233,#2234,#2235,#2236,
#2237),.UNSPECIFIED.,.F.,.F.,(4,1,1,1,4),(0.E0,2.5E-1,5.E-1,7.5E-1,1.E0),
.UNSPECIFIED.);
#2247=B_SPLINE_CURVE_WITH_KNOTS('',3,(#2239,#2240,#2241,#2242,#2243,#2244,#2245,
#2246),.UNSPECIFIED.,.F.,.F.,(4,1,1,1,1,4),(0.E0,1.131173854095E-2,
3.220588936138E-1,6.301211673544E-1,9.673771647586E-1,1.E0),.UNSPECIFIED.);
#2264=CIRCLE('',#2263,2.121346511850E-1);
#2272=B_SPLINE_CURVE_WITH_KNOTS('',3,(#2265,#2266,#2267,#2268,#2269,#2270,
#2271),.UNSPECIFIED.,.F.,.F.,(4,1,1,1,4),(0.E0,2.5E-1,5.E-1,7.5E-1,1.E0),
.UNSPECIFIED.);
#2281=B_SPLINE_CURVE_WITH_KNOTS('',3,(#2273,#2274,#2275,#2276,#2277,#2278,#2279,
#2280),.UNSPECIFIED.,.F.,.F.,(4,1,1,1,1,4),(0.E0,1.131173849156E-2,
3.220588934518E-1,6.301211671955E-1,9.673771647103E-1,1.E0),.UNSPECIFIED.);
#2310=B_SPLINE_CURVE_WITH_KNOTS('',3,(#2302,#2303,#2304,#2305,#2306,#2307,#2308,
#2309),.UNSPECIFIED.,.F.,.F.,(4,1,1,1,1,4),(0.E0,1.329725749760E-2,
3.388756566327E-1,6.609205344072E-1,9.866201974809E-1,1.E0),.UNSPECIFIED.);
#2319=CIRCLE('',#2318,5.E-1);
#2325=B_SPLINE_CURVE_WITH_KNOTS('',3,(#2320,#2321,#2322,#2323,#2324),
.UNSPECIFIED.,.F.,.F.,(4,1,4),(0.E0,5.E-1,1.E0),.UNSPECIFIED.);
#2434=CIRCLE('',#2433,5.E0);
#2439=CIRCLE('',#2438,5.E-1);
#2444=CIRCLE('',#2443,5.E-1);
#2461=CIRCLE('',#2460,5.E0);
#2466=CIRCLE('',#2465,5.E-1);
#2471=CIRCLE('',#2470,5.E-1);
#2476=CIRCLE('',#2475,1.599999999992E0);
#2485=CIRCLE('',#2484,1.600000000008E0);
#2494=CIRCLE('',#2493,1.600000000008E0);
#2503=CIRCLE('',#2502,1.599999999992E0);
#2528=CIRCLE('',#2527,9.999999999922E-1);
#2549=CIRCLE('',#2548,9.999999999922E-1);
#2566=CIRCLE('',#2565,3.E-1);
#2571=CIRCLE('',#2570,1.3E0);
#2588=CIRCLE('',#2587,3.E-1);
#2593=CIRCLE('',#2592,3.E-1);
#2598=CIRCLE('',#2597,1.3E0);
#2623=CIRCLE('',#2622,3.E-1);
#2628=CIRCLE('',#2627,3.E-1);
#2633=CIRCLE('',#2632,1.3E0);
#2654=CIRCLE('',#2653,3.E-1);
#2659=CIRCLE('',#2658,3.E-1);
#2664=CIRCLE('',#2663,1.3E0);
#2685=CIRCLE('',#2684,3.E-1);
#2730=CIRCLE('',#2729,1.3E0);
#2735=CIRCLE('',#2734,1.3E0);
#2740=CIRCLE('',#2739,1.3E0);
#2745=CIRCLE('',#2744,1.3E0);
#2782=CIRCLE('',#2781,3.699996859518E0);
#2787=CIRCLE('',#2786,3.699996859597E0);
#2812=CIRCLE('',#2811,3.000000000001E0);
#2853=CIRCLE('',#2852,3.E0);
#2878=CIRCLE('',#2877,3.699996859520E0);
#2907=CIRCLE('',#2906,2.999999999999E0);
#2944=CIRCLE('',#2943,3.E0);
#2969=CIRCLE('',#2968,3.699996859598E0);
#3030=CIRCLE('',#3029,1.58E0);
#3039=CIRCLE('',#3038,1.58E0);
#3048=CIRCLE('',#3047,7.5E-1);
#3057=CIRCLE('',#3056,7.5E-1);
#3130=CIRCLE('',#3129,2.999999999999E0);
#3139=CIRCLE('',#3138,2.999999999999E0);
#3144=CIRCLE('',#3143,1.649996913674E0);
#3149=CIRCLE('',#3148,1.649996913674E0);
#3154=CIRCLE('',#3153,1.649996913674E0);
#3159=CIRCLE('',#3158,1.649996913674E0);
#3192=CIRCLE('',#3191,1.E0);
#3197=CIRCLE('',#3196,1.E0);
#3206=CIRCLE('',#3205,1.E0);
#3215=CIRCLE('',#3214,1.E0);
#3236=CIRCLE('',#3235,5.E0);
#3249=CIRCLE('',#3248,4.000000000161E0);
#3258=CIRCLE('',#3257,3.E-1);
#3263=CIRCLE('',#3262,5.E0);
#3272=CIRCLE('',#3271,5.E0);
#3277=CIRCLE('',#3276,3.E-1);
#3286=CIRCLE('',#3285,4.000000000241E0);
#3299=CIRCLE('',#3298,4.000000000240E0);
#3304=CIRCLE('',#3303,4.000000000158E0);
#3321=CIRCLE('',#3320,5.E0);
#3346=CIRCLE('',#3345,5.E0);
#3351=CIRCLE('',#3350,5.E-1);
#3356=CIRCLE('',#3355,5.E-1);
#3365=CIRCLE('',#3364,7.5E-1);
#3374=CIRCLE('',#3373,7.5E-1);
#3395=CIRCLE('',#3394,1.58E0);
#3404=CIRCLE('',#3403,1.58E0);
#3437=CIRCLE('',#3436,5.E0);
#3442=CIRCLE('',#3441,5.E-1);
#3448=B_SPLINE_CURVE_WITH_KNOTS('',3,(#3443,#3444,#3445,#3446,#3447),
.UNSPECIFIED.,.F.,.F.,(4,1,4),(0.E0,5.E-1,1.E0),.UNSPECIFIED.);
#3474=B_SPLINE_CURVE_WITH_KNOTS('',3,(#3469,#3470,#3471,#3472,#3473),
.UNSPECIFIED.,.F.,.F.,(4,1,4),(0.E0,5.E-1,1.E0),.UNSPECIFIED.);
#3576=B_SPLINE_CURVE_WITH_KNOTS('',3,(#3571,#3572,#3573,#3574,#3575),
.UNSPECIFIED.,.F.,.F.,(4,1,4),(0.E0,5.E-1,1.E0),.UNSPECIFIED.);
#3582=B_SPLINE_CURVE_WITH_KNOTS('',3,(#3577,#3578,#3579,#3580,#3581),
.UNSPECIFIED.,.F.,.F.,(4,1,4),(0.E0,5.E-1,1.E0),.UNSPECIFIED.);
#3600=B_SPLINE_CURVE_WITH_KNOTS('',3,(#3595,#3596,#3597,#3598,#3599),
.UNSPECIFIED.,.F.,.F.,(4,1,4),(0.E0,5.E-1,1.E0),.UNSPECIFIED.);
#3614=B_SPLINE_CURVE_WITH_KNOTS('',3,(#3609,#3610,#3611,#3612,#3613),
.UNSPECIFIED.,.F.,.F.,(4,1,4),(0.E0,5.E-1,1.E0),.UNSPECIFIED.);
#3632=B_SPLINE_CURVE_WITH_KNOTS('',3,(#3627,#3628,#3629,#3630,#3631),
.UNSPECIFIED.,.F.,.F.,(4,1,4),(0.E0,5.E-1,1.E0),.UNSPECIFIED.);
#3646=B_SPLINE_CURVE_WITH_KNOTS('',3,(#3641,#3642,#3643,#3644,#3645),
.UNSPECIFIED.,.F.,.F.,(4,1,4),(0.E0,5.E-1,1.E0),.UNSPECIFIED.);
#3664=B_SPLINE_CURVE_WITH_KNOTS('',3,(#3659,#3660,#3661,#3662,#3663),
.UNSPECIFIED.,.F.,.F.,(4,1,4),(0.E0,5.E-1,1.E0),.UNSPECIFIED.);
#3689=CIRCLE('',#3688,3.999996677480E0);
#3722=CIRCLE('',#3721,1.359999999994E0);
#3727=CIRCLE('',#3726,1.27E1);
#3732=CIRCLE('',#3731,1.359999999994E0);
#3805=CIRCLE('',#3804,4.000000000241E0);
#3846=CIRCLE('',#3845,3.E0);
#3851=CIRCLE('',#3850,1.75E0);
#3856=CIRCLE('',#3855,1.75E0);
#3861=CIRCLE('',#3860,1.75E0);
#3866=CIRCLE('',#3865,1.75E0);
#3871=CIRCLE('',#3870,3.E0);
#3880=CIRCLE('',#3879,3.000000000001E0);
#3885=CIRCLE('',#3884,3.E0);
#3894=CIRCLE('',#3893,3.E0);
#3911=CIRCLE('',#3910,1.E0);
#3916=CIRCLE('',#3915,1.E0);
#3921=CIRCLE('',#3920,1.E0);
#3930=CIRCLE('',#3929,1.E0);
#3939=CIRCLE('',#3938,1.E0);
#3948=CIRCLE('',#3947,1.E0);
#3957=CIRCLE('',#3956,1.E0);
#3962=CIRCLE('',#3961,1.E0);
#3975=CIRCLE('',#3974,3.E0);
#4140=CIRCLE('',#4139,4.000000000158E0);
#4161=CIRCLE('',#4160,4.000000000240E0);
#4198=CIRCLE('',#4197,3.E-1);
#4203=CIRCLE('',#4202,3.E-1);
#4208=CIRCLE('',#4207,3.E-1);
#4213=CIRCLE('',#4212,3.E-1);
#4219=B_SPLINE_CURVE_WITH_KNOTS('',3,(#4214,#4215,#4216,#4217,#4218),
.UNSPECIFIED.,.F.,.F.,(4,1,4),(0.E0,5.E-1,1.E0),.UNSPECIFIED.);
#4224=CIRCLE('',#4223,1.06E0);
#4230=B_SPLINE_CURVE_WITH_KNOTS('',3,(#4225,#4226,#4227,#4228,#4229),
.UNSPECIFIED.,.F.,.F.,(4,1,4),(0.E0,5.E-1,1.E0),.UNSPECIFIED.);
#4235=CIRCLE('',#4234,3.E-1);
#4241=B_SPLINE_CURVE_WITH_KNOTS('',3,(#4236,#4237,#4238,#4239,#4240),
.UNSPECIFIED.,.F.,.F.,(4,1,4),(0.E0,5.E-1,1.E0),.UNSPECIFIED.);
#4247=B_SPLINE_CURVE_WITH_KNOTS('',3,(#4242,#4243,#4244,#4245,#4246),
.UNSPECIFIED.,.F.,.F.,(4,1,4),(0.E0,5.E-1,1.E0),.UNSPECIFIED.);
#4252=CIRCLE('',#4251,3.E-1);
#4257=CIRCLE('',#4256,1.3E1);
#4266=CIRCLE('',#4265,1.3E1);
#4276=B_SPLINE_CURVE_WITH_KNOTS('',3,(#4271,#4272,#4273,#4274,#4275),
.UNSPECIFIED.,.F.,.F.,(4,1,4),(0.E0,5.E-1,1.E0),.UNSPECIFIED.);
#4281=CIRCLE('',#4280,1.06E0);
#4287=B_SPLINE_CURVE_WITH_KNOTS('',3,(#4282,#4283,#4284,#4285,#4286),
.UNSPECIFIED.,.F.,.F.,(4,1,4),(0.E0,5.E-1,1.E0),.UNSPECIFIED.);
#4292=CIRCLE('',#4291,3.E-1);
#4297=CIRCLE('',#4296,3.E-1);
#4302=CIRCLE('',#4301,3.E-1);
#4307=CIRCLE('',#4306,3.E-1);
#4313=B_SPLINE_CURVE_WITH_KNOTS('',3,(#4308,#4309,#4310,#4311,#4312),
.UNSPECIFIED.,.F.,.F.,(4,1,4),(0.E0,5.E-1,1.E0),.UNSPECIFIED.);
#4318=CIRCLE('',#4317,7.E-1);
#4328=B_SPLINE_CURVE_WITH_KNOTS('',3,(#4323,#4324,#4325,#4326,#4327),
.UNSPECIFIED.,.F.,.F.,(4,1,4),(0.E0,5.E-1,1.E0),.UNSPECIFIED.);
#4333=CIRCLE('',#4332,7.E-1);
#4354=CIRCLE('',#4353,1.286641005887E1);
#4364=B_SPLINE_CURVE_WITH_KNOTS('',3,(#4355,#4356,#4357,#4358,#4359,#4360,#4361,
#4362,#4363),.UNSPECIFIED.,.F.,.F.,(4,1,1,1,1,1,4),(0.E0,1.666666666667E-1,
3.333333333333E-1,5.E-1,6.666666666667E-1,8.333333333333E-1,1.E0),
.UNSPECIFIED.);
#4441=CIRCLE('',#4440,5.E-1);
#4446=CIRCLE('',#4445,5.E-1);
#4451=CIRCLE('',#4450,5.E-1);
#4464=CIRCLE('',#4463,8.E0);
#4481=CIRCLE('',#4480,8.E0);
#4490=CIRCLE('',#4489,5.E-1);
#4495=CIRCLE('',#4494,5.E-1);
#4508=CIRCLE('',#4507,8.E0);
#4517=CIRCLE('',#4516,5.E-1);
#4522=CIRCLE('',#4521,5.E-1);
#4560=B_SPLINE_CURVE_WITH_KNOTS('',3,(#4551,#4552,#4553,#4554,#4555,#4556,#4557,
#4558,#4559),.UNSPECIFIED.,.F.,.F.,(4,1,1,1,1,1,4),(0.E0,2.5E-1,3.75E-1,5.E-1,
6.25E-1,7.5E-1,1.E0),.UNSPECIFIED.);
#4574=B_SPLINE_CURVE_WITH_KNOTS('',3,(#4565,#4566,#4567,#4568,#4569,#4570,#4571,
#4572,#4573),.UNSPECIFIED.,.F.,.F.,(4,1,1,1,1,1,4),(0.E0,2.5E-1,3.75E-1,5.E-1,
6.25E-1,7.5E-1,1.E0),.UNSPECIFIED.);
#4587=CIRCLE('',#4586,2.5E0);
#4596=CIRCLE('',#4595,2.5E0);
#4601=CIRCLE('',#4600,2.5E0);
#4610=CIRCLE('',#4609,2.5E0);
#4615=CIRCLE('',#4614,5.E-1);
#4620=CIRCLE('',#4619,5.E-1);
#4633=CIRCLE('',#4632,2.5E0);
#4642=CIRCLE('',#4641,2.5E0);
#4647=CIRCLE('',#4646,2.5E0);
#4656=CIRCLE('',#4655,2.5E0);
#4661=CIRCLE('',#4660,5.E-1);
#4666=CIRCLE('',#4665,5.E-1);
#4675=CIRCLE('',#4674,2.5E0);
#4688=CIRCLE('',#4687,1.E0);
#4693=CIRCLE('',#4692,1.E0);
#4702=CIRCLE('',#4701,1.E0);
#4711=CIRCLE('',#4710,1.E0);
#5977=EDGE_CURVE('',#4722,#4723,#38,.T.);
#5979=EDGE_CURVE('',#4715,#4723,#5,.T.);
#5981=EDGE_CURVE('',#4714,#4715,#9,.T.);
#5983=EDGE_CURVE('',#4714,#4727,#2985,.T.);
#5985=EDGE_CURVE('',#4725,#4727,#14,.T.);
#5987=EDGE_CURVE('',#4725,#4722,#66,.T.);
#5991=EDGE_CURVE('',#4730,#4731,#19,.T.);
#5993=EDGE_CURVE('',#4735,#4730,#24,.T.);
#5995=EDGE_CURVE('',#4733,#4735,#29,.T.);
#5997=EDGE_CURVE('',#4731,#4733,#34,.T.);
#6008=EDGE_CURVE('',#4722,#4739,#62,.T.);
#6010=EDGE_CURVE('',#4739,#4737,#224,.T.);
#6012=EDGE_CURVE('',#4723,#4737,#42,.T.);
#6022=EDGE_CURVE('',#4889,#5605,#46,.T.);
#6024=EDGE_CURVE('',#4871,#5605,#244,.T.);
#6026=EDGE_CURVE('',#4870,#4871,#50,.T.);
#6028=EDGE_CURVE('',#4870,#4889,#2832,.T.);
#6038=EDGE_CURVE('',#5611,#4743,#3991,.T.);
#6040=EDGE_CURVE('',#5609,#5611,#256,.T.);
#6042=EDGE_CURVE('',#5609,#4891,#54,.T.);
#6044=EDGE_CURVE('',#4891,#4745,#2816,.T.);
#6046=EDGE_CURVE('',#4745,#4742,#3999,.T.);
#6048=EDGE_CURVE('',#4742,#4743,#3875,.T.);
#6058=EDGE_CURVE('',#4874,#4875,#58,.T.);
#6060=EDGE_CURVE('',#4875,#4739,#228,.T.);
#6064=EDGE_CURVE('',#4725,#4747,#3081,.T.);
#6066=EDGE_CURVE('',#4747,#4874,#2848,.T.);
#6076=EDGE_CURVE('',#5604,#4943,#78,.T.);
#6078=EDGE_CURVE('',#5604,#5605,#70,.T.);
#6081=EDGE_CURVE('',#4889,#4945,#2828,.T.);
#6083=EDGE_CURVE('',#4943,#4945,#74,.T.);
#6093=EDGE_CURVE('',#5607,#4941,#86,.T.);
#6095=EDGE_CURVE('',#5604,#5607,#248,.T.);
#6098=EDGE_CURVE('',#4943,#4941,#82,.T.);
#6109=EDGE_CURVE('',#5607,#5609,#252,.T.);
#6112=EDGE_CURVE('',#4940,#4941,#90,.T.);
#6114=EDGE_CURVE('',#4940,#4891,#2820,.T.);
#6124=EDGE_CURVE('',#5720,#5721,#95,.T.);
#6126=EDGE_CURVE('',#5721,#5720,#100,.T.);
#6136=EDGE_CURVE('',#5724,#5725,#105,.T.);
#6138=EDGE_CURVE('',#5725,#5724,#110,.T.);
#6148=EDGE_CURVE('',#5728,#5729,#115,.T.);
#6150=EDGE_CURVE('',#5729,#5728,#120,.T.);
#6160=EDGE_CURVE('',#5732,#5733,#125,.T.);
#6162=EDGE_CURVE('',#5733,#5732,#130,.T.);
#6172=EDGE_CURVE('',#5623,#5749,#134,.T.);
#6174=EDGE_CURVE('',#5747,#5749,#3846,.T.);
#6176=EDGE_CURVE('',#5747,#5634,#138,.T.);
#6178=EDGE_CURVE('',#5634,#5635,#142,.T.);
#6180=EDGE_CURVE('',#5635,#5637,#146,.T.);
#6182=EDGE_CURVE('',#5637,#5639,#150,.T.);
#6184=EDGE_CURVE('',#5639,#5641,#154,.T.);
#6186=EDGE_CURVE('',#5641,#4886,#158,.T.);
#6188=EDGE_CURVE('',#4886,#4887,#162,.T.);
#6190=EDGE_CURVE('',#4887,#4883,#166,.T.);
#6192=EDGE_CURVE('',#4882,#4883,#170,.T.);
#6194=EDGE_CURVE('',#4882,#4763,#2717,.T.);
#6196=EDGE_CURVE('',#4763,#4761,#3171,.T.);
#6198=EDGE_CURVE('',#4759,#4761,#175,.T.);
#6200=EDGE_CURVE('',#4759,#4757,#3117,.T.);
#6202=EDGE_CURVE('',#4913,#4757,#179,.T.);
#6204=EDGE_CURVE('',#4913,#4921,#183,.T.);
#6206=EDGE_CURVE('',#4921,#4919,#187,.T.);
#6208=EDGE_CURVE('',#4909,#4919,#191,.T.);
#6210=EDGE_CURVE('',#4905,#4909,#195,.T.);
#6212=EDGE_CURVE('',#4905,#4916,#199,.T.);
#6214=EDGE_CURVE('',#4916,#4917,#203,.T.);
#6216=EDGE_CURVE('',#4901,#4917,#207,.T.);
#6218=EDGE_CURVE('',#4717,#4901,#211,.T.);
#6220=EDGE_CURVE('',#4719,#4717,#215,.T.);
#6222=EDGE_CURVE('',#4737,#4719,#220,.T.);
#6226=EDGE_CURVE('',#4875,#4878,#232,.T.);
#6228=EDGE_CURVE('',#4878,#4879,#236,.T.);
#6230=EDGE_CURVE('',#4871,#4879,#240,.T.);
#6237=EDGE_CURVE('',#5611,#5741,#260,.T.);
#6239=EDGE_CURVE('',#5739,#5741,#3975,.T.);
#6241=EDGE_CURVE('',#5739,#5614,#264,.T.);
#6243=EDGE_CURVE('',#5614,#5615,#268,.T.);
#6245=EDGE_CURVE('',#5615,#5625,#272,.T.);
#6247=EDGE_CURVE('',#5625,#5627,#276,.T.);
#6249=EDGE_CURVE('',#5627,#5618,#280,.T.);
#6251=EDGE_CURVE('',#5618,#5619,#284,.T.);
#6253=EDGE_CURVE('',#5619,#5630,#288,.T.);
#6255=EDGE_CURVE('',#5630,#5631,#292,.T.);
#6257=EDGE_CURVE('',#5631,#5622,#296,.T.);
#6259=EDGE_CURVE('',#5622,#5623,#300,.T.);
#6263=EDGE_CURVE('',#5040,#5041,#309,.T.);
#6265=EDGE_CURVE('',#5050,#5041,#313,.T.);
#6267=EDGE_CURVE('',#5050,#5049,#322,.T.);
#6269=EDGE_CURVE('',#5047,#5049,#326,.T.);
#6271=EDGE_CURVE('',#5047,#5046,#335,.T.);
#6273=EDGE_CURVE('',#5044,#5046,#339,.T.);
#6275=EDGE_CURVE('',#5044,#5043,#348,.T.);
#6277=EDGE_CURVE('',#5040,#5043,#352,.T.);
#6281=EDGE_CURVE('',#5101,#5102,#357,.T.);
#6283=EDGE_CURVE('',#5096,#5101,#361,.T.);
#6285=EDGE_CURVE('',#5074,#5096,#2169,.T.);
#6287=EDGE_CURVE('',#5073,#5074,#365,.T.);
#6289=EDGE_CURVE('',#5092,#5073,#2147,.T.);
#6291=EDGE_CURVE('',#5106,#5092,#369,.T.);
#6293=EDGE_CURVE('',#5105,#5106,#374,.T.);
#6295=EDGE_CURVE('',#5094,#5105,#378,.T.);
#6297=EDGE_CURVE('',#5070,#5094,#2125,.T.);
#6299=EDGE_CURVE('',#5069,#5070,#382,.T.);
#6301=EDGE_CURVE('',#5082,#5069,#2103,.T.);
#6303=EDGE_CURVE('',#5081,#5082,#386,.T.);
#6305=EDGE_CURVE('',#5078,#5081,#2081,.T.);
#6307=EDGE_CURVE('',#5077,#5078,#390,.T.);
#6309=EDGE_CURVE('',#5098,#5077,#2059,.T.);
#6311=EDGE_CURVE('',#5102,#5098,#394,.T.);
#6315=EDGE_CURVE('',#5109,#5110,#399,.T.);
#6317=EDGE_CURVE('',#5090,#5109,#403,.T.);
#6319=EDGE_CURVE('',#5062,#5090,#1781,.T.);
#6321=EDGE_CURVE('',#5061,#5062,#407,.T.);
#6323=EDGE_CURVE('',#5088,#5061,#1803,.T.);
#6325=EDGE_CURVE('',#5114,#5088,#411,.T.);
#6327=EDGE_CURVE('',#5113,#5114,#416,.T.);
#6329=EDGE_CURVE('',#5086,#5113,#420,.T.);
#6331=EDGE_CURVE('',#5058,#5086,#1879,.T.);
#6333=EDGE_CURVE('',#5057,#5058,#424,.T.);
#6335=EDGE_CURVE('',#5054,#5057,#1857,.T.);
#6337=EDGE_CURVE('',#5053,#5054,#428,.T.);
#6339=EDGE_CURVE('',#5066,#5053,#1835,.T.);
#6341=EDGE_CURVE('',#5065,#5066,#432,.T.);
#6343=EDGE_CURVE('',#5084,#5065,#1813,.T.);
#6345=EDGE_CURVE('',#5110,#5084,#436,.T.);
#6349=EDGE_CURVE('',#5931,#5932,#441,.T.);
#6351=EDGE_CURVE('',#5932,#5931,#446,.T.);
#6355=EDGE_CURVE('',#5935,#5936,#451,.T.);
#6357=EDGE_CURVE('',#5936,#5935,#456,.T.);
#6361=EDGE_CURVE('',#5962,#5939,#964,.T.);
#6363=EDGE_CURVE('',#5893,#5962,#460,.T.);
#6365=EDGE_CURVE('',#5896,#5893,#1215,.T.);
#6367=EDGE_CURVE('',#5896,#5884,#465,.T.);
#6369=EDGE_CURVE('',#5884,#5885,#1188,.T.);
#6371=EDGE_CURVE('',#5885,#5661,#469,.T.);
#6373=EDGE_CURVE('',#5659,#5661,#1175,.T.);
#6375=EDGE_CURVE('',#5659,#5669,#473,.T.);
#6377=EDGE_CURVE('',#5667,#5669,#1072,.T.);
#6379=EDGE_CURVE('',#5667,#5889,#477,.T.);
#6381=EDGE_CURVE('',#5888,#5889,#1054,.T.);
#6383=EDGE_CURVE('',#5888,#5902,#482,.T.);
#6385=EDGE_CURVE('',#5900,#5902,#1041,.T.);
#6387=EDGE_CURVE('',#5958,#5900,#486,.T.);
#6389=EDGE_CURVE('',#5943,#5958,#908,.T.);
#6391=EDGE_CURVE('',#5943,#5715,#491,.T.);
#6393=EDGE_CURVE('',#5711,#5715,#495,.T.);
#6395=EDGE_CURVE('',#5711,#5707,#500,.T.);
#6397=EDGE_CURVE('',#5703,#5707,#504,.T.);
#6399=EDGE_CURVE('',#5703,#5697,#509,.T.);
#6401=EDGE_CURVE('',#5696,#5697,#513,.T.);
#6403=EDGE_CURVE('',#5696,#5939,#518,.T.);
#6413=EDGE_CURVE('',#5780,#5781,#523,.T.);
#6415=EDGE_CURVE('',#5720,#5781,#624,.T.);
#6418=EDGE_CURVE('',#5721,#5780,#527,.T.);
#6428=EDGE_CURVE('',#5776,#5777,#536,.T.);
#6430=EDGE_CURVE('',#5777,#5781,#615,.T.);
#6433=EDGE_CURVE('',#5776,#5780,#531,.T.);
#6443=EDGE_CURVE('',#5808,#5809,#576,.T.);
#6445=EDGE_CURVE('',#5809,#5808,#581,.T.);
#6450=EDGE_CURVE('',#5777,#5776,#541,.T.);
#6460=EDGE_CURVE('',#5816,#5817,#586,.T.);
#6462=EDGE_CURVE('',#5817,#5816,#591,.T.);
#6466=EDGE_CURVE('',#5784,#5785,#546,.T.);
#6468=EDGE_CURVE('',#5785,#5784,#551,.T.);
#6478=EDGE_CURVE('',#5824,#5825,#596,.T.);
#6480=EDGE_CURVE('',#5825,#5824,#601,.T.);
#6484=EDGE_CURVE('',#5792,#5793,#556,.T.);
#6486=EDGE_CURVE('',#5793,#5792,#561,.T.);
#6496=EDGE_CURVE('',#5832,#5833,#606,.T.);
#6498=EDGE_CURVE('',#5833,#5832,#611,.T.);
#6502=EDGE_CURVE('',#5800,#5801,#566,.T.);
#6504=EDGE_CURVE('',#5801,#5800,#571,.T.);
#6516=EDGE_CURVE('',#5781,#5780,#620,.T.);
#6540=EDGE_CURVE('',#5785,#5789,#632,.T.);
#6542=EDGE_CURVE('',#5788,#5789,#646,.T.);
#6544=EDGE_CURVE('',#5784,#5788,#628,.T.);
#6556=EDGE_CURVE('',#5789,#5788,#637,.T.);
#6568=EDGE_CURVE('',#5725,#5788,#650,.T.);
#6571=EDGE_CURVE('',#5724,#5789,#641,.T.);
#6594=EDGE_CURVE('',#5793,#5797,#658,.T.);
#6596=EDGE_CURVE('',#5796,#5797,#672,.T.);
#6598=EDGE_CURVE('',#5792,#5796,#654,.T.);
#6610=EDGE_CURVE('',#5797,#5796,#663,.T.);
#6622=EDGE_CURVE('',#5733,#5796,#676,.T.);
#6625=EDGE_CURVE('',#5732,#5797,#667,.T.);
#6648=EDGE_CURVE('',#5801,#5805,#684,.T.);
#6650=EDGE_CURVE('',#5804,#5805,#698,.T.);
#6652=EDGE_CURVE('',#5800,#5804,#680,.T.);
#6664=EDGE_CURVE('',#5805,#5804,#689,.T.);
#6676=EDGE_CURVE('',#5729,#5804,#702,.T.);
#6679=EDGE_CURVE('',#5728,#5805,#693,.T.);
#6702=EDGE_CURVE('',#5809,#5813,#712,.T.);
#6704=EDGE_CURVE('',#5812,#5813,#4675,.T.);
#6706=EDGE_CURVE('',#5808,#5812,#707,.T.);
#6718=EDGE_CURVE('',#5813,#5812,#721,.T.);
#6729=EDGE_CURVE('',#5965,#5839,#851,.T.);
#6731=EDGE_CURVE('',#5965,#5813,#716,.T.);
#6734=EDGE_CURVE('',#5839,#5812,#4670,.T.);
#6744=EDGE_CURVE('',#5971,#5904,#736,.T.);
#6746=EDGE_CURVE('',#5969,#5971,#922,.T.);
#6748=EDGE_CURVE('',#5753,#5969,#741,.T.);
#6750=EDGE_CURVE('',#5752,#5753,#745,.T.);
#6752=EDGE_CURVE('',#5759,#5752,#750,.T.);
#6754=EDGE_CURVE('',#5763,#5759,#754,.T.);
#6756=EDGE_CURVE('',#5767,#5763,#759,.T.);
#6758=EDGE_CURVE('',#5771,#5767,#763,.T.);
#6760=EDGE_CURVE('',#5954,#5771,#768,.T.);
#6762=EDGE_CURVE('',#5953,#5954,#971,.T.);
#6764=EDGE_CURVE('',#5955,#5953,#776,.T.);
#6766=EDGE_CURVE('',#5903,#5955,#781,.T.);
#6768=EDGE_CURVE('',#5963,#5903,#785,.T.);
#6770=EDGE_CURVE('',#5940,#5963,#959,.T.);
#6772=EDGE_CURVE('',#5700,#5940,#790,.T.);
#6774=EDGE_CURVE('',#5700,#5701,#794,.T.);
#6776=EDGE_CURVE('',#5705,#5701,#799,.T.);
#6778=EDGE_CURVE('',#5705,#5709,#803,.T.);
#6780=EDGE_CURVE('',#5713,#5709,#808,.T.);
#6782=EDGE_CURVE('',#5713,#5717,#812,.T.);
#6784=EDGE_CURVE('',#5944,#5717,#817,.T.);
#6786=EDGE_CURVE('',#5959,#5944,#903,.T.);
#6788=EDGE_CURVE('',#5959,#5904,#821,.T.);
#6792=EDGE_CURVE('',#5841,#5967,#726,.T.);
#6794=EDGE_CURVE('',#5967,#5841,#731,.T.);
#6798=EDGE_CURVE('',#5839,#5965,#846,.T.);
#6809=EDGE_CURVE('',#5927,#5928,#826,.T.);
#6811=EDGE_CURVE('',#5928,#5927,#831,.T.);
#6815=EDGE_CURVE('',#5951,#5952,#4587,.T.);
#6817=EDGE_CURVE('',#5952,#5951,#4601,.T.);
#6827=EDGE_CURVE('',#5923,#5924,#836,.T.);
#6829=EDGE_CURVE('',#5924,#5923,#841,.T.);
#6833=EDGE_CURVE('',#5947,#5948,#4633,.T.);
#6835=EDGE_CURVE('',#5948,#5947,#4647,.T.);
#6846=EDGE_CURVE('',#5841,#5836,#855,.T.);
#6848=EDGE_CURVE('',#5836,#5837,#860,.T.);
#6850=EDGE_CURVE('',#5967,#5837,#864,.T.);
#6862=EDGE_CURVE('',#5837,#5836,#869,.T.);
#6874=EDGE_CURVE('',#5832,#5836,#879,.T.);
#6877=EDGE_CURVE('',#5833,#5837,#874,.T.);
#6899=EDGE_CURVE('',#5971,#5969,#917,.T.);
#6902=EDGE_CURVE('',#5904,#5898,#885,.T.);
#6904=EDGE_CURVE('',#5897,#5898,#894,.T.);
#6906=EDGE_CURVE('',#5757,#5897,#1036,.T.);
#6908=EDGE_CURVE('',#5753,#5757,#898,.T.);
#6920=EDGE_CURVE('',#5943,#5944,#926,.T.);
#6923=EDGE_CURVE('',#5958,#5959,#1045,.T.);
#6945=EDGE_CURVE('',#5715,#5717,#930,.T.);
#6959=EDGE_CURVE('',#5711,#5713,#934,.T.);
#6972=EDGE_CURVE('',#5707,#5709,#938,.T.);
#6985=EDGE_CURVE('',#5703,#5705,#942,.T.);
#6998=EDGE_CURVE('',#5697,#5701,#946,.T.);
#7011=EDGE_CURVE('',#5696,#5700,#954,.T.);
#7021=EDGE_CURVE('',#5939,#5940,#950,.T.);
#7034=EDGE_CURVE('',#5955,#5953,#995,.T.);
#7046=EDGE_CURVE('',#5962,#5963,#1219,.T.);
#7060=EDGE_CURVE('',#5771,#5773,#999,.T.);
#7062=EDGE_CURVE('',#5894,#5773,#1202,.T.);
#7064=EDGE_CURVE('',#5892,#5894,#980,.T.);
#7066=EDGE_CURVE('',#5892,#5903,#986,.T.);
#7079=EDGE_CURVE('',#5767,#5769,#1003,.T.);
#7081=EDGE_CURVE('',#5773,#5769,#1227,.T.);
#7093=EDGE_CURVE('',#5763,#5765,#1007,.T.);
#7095=EDGE_CURVE('',#5769,#5765,#1236,.T.);
#7107=EDGE_CURVE('',#5759,#5761,#1011,.T.);
#7109=EDGE_CURVE('',#5765,#5761,#1244,.T.);
#7121=EDGE_CURVE('',#5752,#5756,#1015,.T.);
#7123=EDGE_CURVE('',#5761,#5756,#1253,.T.);
#7136=EDGE_CURVE('',#5756,#5757,#1019,.T.);
#7148=EDGE_CURVE('',#5757,#5650,#1023,.T.);
#7150=EDGE_CURVE('',#5650,#5651,#1126,.T.);
#7152=EDGE_CURVE('',#5756,#5651,#1257,.T.);
#7162=EDGE_CURVE('',#5902,#5897,#1027,.T.);
#7165=EDGE_CURVE('',#5677,#5888,#1031,.T.);
#7167=EDGE_CURVE('',#5677,#5650,#1077,.T.);
#7180=EDGE_CURVE('',#5900,#5898,#1049,.T.);
#7206=EDGE_CURVE('',#5676,#5889,#1067,.T.);
#7208=EDGE_CURVE('',#5676,#5677,#1059,.T.);
#7220=EDGE_CURVE('',#5667,#5665,#1063,.T.);
#7222=EDGE_CURVE('',#5665,#5676,#1081,.T.);
#7233=EDGE_CURVE('',#5664,#5665,#1086,.T.);
#7237=EDGE_CURVE('',#5669,#5664,#1170,.T.);
#7251=EDGE_CURVE('',#5657,#5664,#1090,.T.);
#7253=EDGE_CURVE('',#5656,#5657,#1095,.T.);
#7255=EDGE_CURVE('',#5673,#5656,#1099,.T.);
#7257=EDGE_CURVE('',#5672,#5673,#1193,.T.);
#7259=EDGE_CURVE('',#5647,#5672,#1104,.T.);
#7261=EDGE_CURVE('',#5645,#5647,#1108,.T.);
#7263=EDGE_CURVE('',#5644,#5645,#1113,.T.);
#7265=EDGE_CURVE('',#5653,#5644,#1117,.T.);
#7267=EDGE_CURVE('',#5651,#5653,#1122,.T.);
#7272=EDGE_CURVE('',#5680,#5681,#1131,.T.);
#7274=EDGE_CURVE('',#5681,#5683,#1135,.T.);
#7276=EDGE_CURVE('',#5683,#5685,#1140,.T.);
#7278=EDGE_CURVE('',#5685,#5687,#1144,.T.);
#7280=EDGE_CURVE('',#5687,#5689,#1149,.T.);
#7282=EDGE_CURVE('',#5689,#5691,#1153,.T.);
#7284=EDGE_CURVE('',#5691,#5693,#1158,.T.);
#7286=EDGE_CURVE('',#5693,#5680,#1162,.T.);
#7296=EDGE_CURVE('',#5659,#5657,#1166,.T.);
#7312=EDGE_CURVE('',#5661,#5656,#1183,.T.);
#7323=EDGE_CURVE('',#5885,#5673,#1179,.T.);
#7336=EDGE_CURVE('',#5884,#5672,#1210,.T.);
#7348=EDGE_CURVE('',#5894,#5896,#1197,.T.);
#7351=EDGE_CURVE('',#5773,#5647,#1206,.T.);
#7364=EDGE_CURVE('',#5892,#5893,#1223,.T.);
#7391=EDGE_CURVE('',#5769,#5645,#1231,.T.);
#7404=EDGE_CURVE('',#5765,#5644,#1240,.T.);
#7417=EDGE_CURVE('',#5761,#5653,#1248,.T.);
#7441=EDGE_CURVE('',#5857,#5861,#1262,.T.);
#7443=EDGE_CURVE('',#5681,#5861,#4530,.T.);
#7446=EDGE_CURVE('',#5680,#5857,#1266,.T.);
#7456=EDGE_CURVE('',#5855,#5859,#1564,.T.);
#7458=EDGE_CURVE('',#5859,#5861,#4522,.T.);
#7461=EDGE_CURVE('',#5855,#5857,#1271,.T.);
#7471=EDGE_CURVE('',#5542,#5540,#1465,.T.);
#7473=EDGE_CURVE('',#5533,#5540,#2333,.T.);
#7475=EDGE_CURVE('',#5533,#5534,#1469,.T.);
#7477=EDGE_CURVE('',#5600,#5534,#3650,.T.);
#7479=EDGE_CURVE('',#5600,#5598,#1473,.T.);
#7481=EDGE_CURVE('',#5525,#5598,#3640,.T.);
#7483=EDGE_CURVE('',#5525,#5526,#1477,.T.);
#7485=EDGE_CURVE('',#5595,#5526,#3618,.T.);
#7487=EDGE_CURVE('',#5595,#5593,#1481,.T.);
#7489=EDGE_CURVE('',#5517,#5593,#3608,.T.);
#7491=EDGE_CURVE('',#5517,#5518,#1485,.T.);
#7493=EDGE_CURVE('',#5587,#5518,#3586,.T.);
#7495=EDGE_CURVE('',#5587,#5588,#1489,.T.);
#7497=EDGE_CURVE('',#5509,#5588,#3570,.T.);
#7499=EDGE_CURVE('',#5509,#5510,#1493,.T.);
#7501=EDGE_CURVE('',#5579,#5510,#3668,.T.);
#7503=EDGE_CURVE('',#5579,#5580,#1497,.T.);
#7505=EDGE_CURVE('',#5501,#5580,#3468,.T.);
#7507=EDGE_CURVE('',#5501,#5502,#1501,.T.);
#7509=EDGE_CURVE('',#5576,#5502,#3452,.T.);
#7511=EDGE_CURVE('',#5576,#5572,#1505,.T.);
#7513=EDGE_CURVE('',#5572,#5568,#1510,.T.);
#7515=EDGE_CURVE('',#5568,#5564,#1514,.T.);
#7517=EDGE_CURVE('',#5564,#5560,#1519,.T.);
#7519=EDGE_CURVE('',#5560,#5556,#1523,.T.);
#7521=EDGE_CURVE('',#5556,#5552,#1528,.T.);
#7523=EDGE_CURVE('',#5552,#5548,#1532,.T.);
#7525=EDGE_CURVE('',#5548,#5542,#1537,.T.);
#7529=EDGE_CURVE('',#5301,#5302,#1337,.T.);
#7531=EDGE_CURVE('',#5304,#5301,#1342,.T.);
#7533=EDGE_CURVE('',#5308,#5304,#1346,.T.);
#7535=EDGE_CURVE('',#5312,#5308,#1351,.T.);
#7537=EDGE_CURVE('',#5316,#5312,#1355,.T.);
#7539=EDGE_CURVE('',#5320,#5316,#1360,.T.);
#7541=EDGE_CURVE('',#5324,#5320,#1364,.T.);
#7543=EDGE_CURVE('',#5328,#5324,#1369,.T.);
#7545=EDGE_CURVE('',#5332,#5328,#1373,.T.);
#7547=EDGE_CURVE('',#5350,#5332,#1377,.T.);
#7549=EDGE_CURVE('',#5346,#5350,#1382,.T.);
#7551=EDGE_CURVE('',#5342,#5346,#1386,.T.);
#7553=EDGE_CURVE('',#5336,#5342,#1391,.T.);
#7555=EDGE_CURVE('',#5302,#5336,#1395,.T.);
#7559=EDGE_CURVE('',#5357,#5358,#1408,.T.);
#7561=EDGE_CURVE('',#5360,#5357,#1412,.T.);
#7563=EDGE_CURVE('',#5364,#5360,#1426,.T.);
#7565=EDGE_CURVE('',#5366,#5364,#1430,.T.);
#7567=EDGE_CURVE('',#5376,#5366,#1444,.T.);
#7569=EDGE_CURVE('',#5373,#5376,#1448,.T.);
#7571=EDGE_CURVE('',#5370,#5373,#1457,.T.);
#7573=EDGE_CURVE('',#5358,#5370,#1461,.T.);
#7577=EDGE_CURVE('',#5237,#5238,#1275,.T.);
#7579=EDGE_CURVE('',#5264,#5237,#1279,.T.);
#7581=EDGE_CURVE('',#5266,#5264,#1284,.T.);
#7583=EDGE_CURVE('',#5270,#5266,#1288,.T.);
#7585=EDGE_CURVE('',#5274,#5270,#1293,.T.);
#7587=EDGE_CURVE('',#5278,#5274,#1297,.T.);
#7589=EDGE_CURVE('',#5282,#5278,#1302,.T.);
#7591=EDGE_CURVE('',#5286,#5282,#1306,.T.);
#7593=EDGE_CURVE('',#5290,#5286,#1311,.T.);
#7595=EDGE_CURVE('',#5258,#5290,#1315,.T.);
#7597=EDGE_CURVE('',#5252,#5258,#1319,.T.);
#7599=EDGE_CURVE('',#5248,#5252,#1324,.T.);
#7601=EDGE_CURVE('',#5244,#5248,#1328,.T.);
#7603=EDGE_CURVE('',#5238,#5244,#1333,.T.);
#7607=EDGE_CURVE('',#5844,#5845,#1541,.T.);
#7609=EDGE_CURVE('',#5871,#5844,#1546,.T.);
#7611=EDGE_CURVE('',#5867,#5871,#1550,.T.);
#7613=EDGE_CURVE('',#5863,#5867,#1555,.T.);
#7615=EDGE_CURVE('',#5859,#5863,#1559,.T.);
#7618=EDGE_CURVE('',#5851,#5855,#1568,.T.);
#7620=EDGE_CURVE('',#5845,#5851,#1573,.T.);
#7624=EDGE_CURVE('',#5907,#5908,#1577,.T.);
#7626=EDGE_CURVE('',#5916,#5907,#1587,.T.);
#7628=EDGE_CURVE('',#5915,#5916,#1591,.T.);
#7630=EDGE_CURVE('',#5908,#5915,#1601,.T.);
#7641=EDGE_CURVE('',#5238,#5242,#1606,.T.);
#7643=EDGE_CURVE('',#5241,#5242,#1763,.T.);
#7645=EDGE_CURVE('',#5241,#5237,#1759,.T.);
#7656=EDGE_CURVE('',#5244,#5246,#1611,.T.);
#7658=EDGE_CURVE('',#5242,#5246,#1776,.T.);
#7670=EDGE_CURVE('',#5248,#5250,#1616,.T.);
#7672=EDGE_CURVE('',#5246,#5250,#1785,.T.);
#7684=EDGE_CURVE('',#5252,#5254,#1621,.T.);
#7686=EDGE_CURVE('',#5250,#5254,#1798,.T.);
#7697=EDGE_CURVE('',#5254,#5256,#1625,.T.);
#7701=EDGE_CURVE('',#5258,#5256,#1654,.T.);
#7712=EDGE_CURVE('',#5114,#5256,#1629,.T.);
#7715=EDGE_CURVE('',#5254,#5088,#1633,.T.);
#7725=EDGE_CURVE('',#5256,#5294,#1638,.T.);
#7727=EDGE_CURVE('',#5113,#5294,#1891,.T.);
#7801=EDGE_CURVE('',#5294,#5258,#1670,.T.);
#7812=EDGE_CURVE('',#5290,#5292,#1675,.T.);
#7814=EDGE_CURVE('',#5294,#5292,#1883,.T.);
#7826=EDGE_CURVE('',#5286,#5288,#1680,.T.);
#7828=EDGE_CURVE('',#5292,#5288,#1874,.T.);
#7840=EDGE_CURVE('',#5282,#5284,#1685,.T.);
#7842=EDGE_CURVE('',#5288,#5284,#1861,.T.);
#7854=EDGE_CURVE('',#5278,#5280,#1690,.T.);
#7856=EDGE_CURVE('',#5284,#5280,#1852,.T.);
#7868=EDGE_CURVE('',#5274,#5276,#1695,.T.);
#7870=EDGE_CURVE('',#5280,#5276,#1839,.T.);
#7882=EDGE_CURVE('',#5270,#5272,#1700,.T.);
#7884=EDGE_CURVE('',#5276,#5272,#1830,.T.);
#7896=EDGE_CURVE('',#5266,#5268,#1705,.T.);
#7898=EDGE_CURVE('',#5272,#5268,#1817,.T.);
#7910=EDGE_CURVE('',#5264,#5261,#1710,.T.);
#7912=EDGE_CURVE('',#5268,#5261,#1808,.T.);
#7923=EDGE_CURVE('',#5261,#5262,#1714,.T.);
#7927=EDGE_CURVE('',#5237,#5262,#1743,.T.);
#7938=EDGE_CURVE('',#5110,#5262,#1718,.T.);
#7941=EDGE_CURVE('',#5261,#5084,#1722,.T.);
#7951=EDGE_CURVE('',#5262,#5241,#1727,.T.);
#7953=EDGE_CURVE('',#5109,#5241,#1771,.T.);
#8037=EDGE_CURVE('',#5242,#5090,#1767,.T.);
#8050=EDGE_CURVE('',#5246,#5062,#1793,.T.);
#8063=EDGE_CURVE('',#5250,#5061,#1789,.T.);
#8090=EDGE_CURVE('',#5268,#5065,#1821,.T.);
#8103=EDGE_CURVE('',#5272,#5066,#1825,.T.);
#8116=EDGE_CURVE('',#5276,#5053,#1843,.T.);
#8129=EDGE_CURVE('',#5280,#5054,#1847,.T.);
#8142=EDGE_CURVE('',#5284,#5057,#1865,.T.);
#8155=EDGE_CURVE('',#5288,#5058,#1869,.T.);
#8168=EDGE_CURVE('',#5292,#5086,#1887,.T.);
#8190=EDGE_CURVE('',#5297,#5298,#1900,.T.);
#8192=EDGE_CURVE('',#5301,#5297,#1896,.T.);
#8195=EDGE_CURVE('',#5302,#5298,#1929,.T.);
#8206=EDGE_CURVE('',#5102,#5298,#1904,.T.);
#8209=EDGE_CURVE('',#5297,#5098,#1908,.T.);
#8219=EDGE_CURVE('',#5298,#5339,#1913,.T.);
#8221=EDGE_CURVE('',#5101,#5339,#2181,.T.);
#8295=EDGE_CURVE('',#5339,#5302,#1945,.T.);
#8306=EDGE_CURVE('',#5336,#5340,#1950,.T.);
#8308=EDGE_CURVE('',#5339,#5340,#2173,.T.);
#8320=EDGE_CURVE('',#5342,#5344,#1955,.T.);
#8322=EDGE_CURVE('',#5340,#5344,#2164,.T.);
#8334=EDGE_CURVE('',#5346,#5348,#1960,.T.);
#8336=EDGE_CURVE('',#5344,#5348,#2151,.T.);
#8348=EDGE_CURVE('',#5350,#5352,#1965,.T.);
#8350=EDGE_CURVE('',#5348,#5352,#2142,.T.);
#8361=EDGE_CURVE('',#5352,#5354,#1969,.T.);
#8365=EDGE_CURVE('',#5332,#5354,#1998,.T.);
#8376=EDGE_CURVE('',#5106,#5354,#1973,.T.);
#8379=EDGE_CURVE('',#5352,#5092,#1977,.T.);
#8389=EDGE_CURVE('',#5354,#5334,#1982,.T.);
#8391=EDGE_CURVE('',#5105,#5334,#2137,.T.);
#8465=EDGE_CURVE('',#5334,#5332,#2014,.T.);
#8476=EDGE_CURVE('',#5328,#5330,#2019,.T.);
#8478=EDGE_CURVE('',#5334,#5330,#2129,.T.);
#8490=EDGE_CURVE('',#5324,#5326,#2024,.T.);
#8492=EDGE_CURVE('',#5330,#5326,#2120,.T.);
#8504=EDGE_CURVE('',#5320,#5322,#2029,.T.);
#8506=EDGE_CURVE('',#5326,#5322,#2107,.T.);
#8518=EDGE_CURVE('',#5316,#5318,#2034,.T.);
#8520=EDGE_CURVE('',#5322,#5318,#2098,.T.);
#8532=EDGE_CURVE('',#5312,#5314,#2039,.T.);
#8534=EDGE_CURVE('',#5318,#5314,#2085,.T.);
#8546=EDGE_CURVE('',#5308,#5310,#2044,.T.);
#8548=EDGE_CURVE('',#5314,#5310,#2076,.T.);
#8560=EDGE_CURVE('',#5304,#5306,#2049,.T.);
#8562=EDGE_CURVE('',#5310,#5306,#2063,.T.);
#8575=EDGE_CURVE('',#5306,#5297,#2054,.T.);
#8589=EDGE_CURVE('',#5306,#5077,#2067,.T.);
#8602=EDGE_CURVE('',#5310,#5078,#2071,.T.);
#8615=EDGE_CURVE('',#5314,#5081,#2089,.T.);
#8628=EDGE_CURVE('',#5318,#5082,#2093,.T.);
#8641=EDGE_CURVE('',#5322,#5069,#2111,.T.);
#8654=EDGE_CURVE('',#5326,#5070,#2115,.T.);
#8667=EDGE_CURVE('',#5330,#5094,#2133,.T.);
#8692=EDGE_CURVE('',#5348,#5073,#2155,.T.);
#8705=EDGE_CURVE('',#5344,#5074,#2159,.T.);
#8718=EDGE_CURVE('',#5340,#5096,#2177,.T.);
#8792=EDGE_CURVE('',#5355,#5356,#2203,.T.);
#8794=EDGE_CURVE('',#5357,#5355,#2186,.T.);
#8797=EDGE_CURVE('',#5356,#5358,#2194,.T.);
#8812=B_SPLINE_CURVE_WITH_KNOTS('',3,(#8802,#8803,#8804,#8805,#8806,#8807,#8808,
#8809,#8810,#8811),.UNSPECIFIED.,.F.,.F.,(4,1,1,1,1,1,1,4),(0.E0,
1.769610393550E-1,1.844445234393E-1,3.900248929825E-1,5.938290309902E-1,
8.169468022006E-1,8.385290257568E-1,1.E0),.UNSPECIFIED.);
#8817=EDGE_CURVE('',#5356,#5049,#2207,.T.);
#8820=EDGE_CURVE('',#5355,#5050,#2293,.T.);
#8830=EDGE_CURVE('',#5356,#5372,#2211,.T.);
#8832=EDGE_CURVE('',#5372,#5047,#2215,.T.);
#8845=EDGE_CURVE('',#5370,#5372,#2220,.T.);
#8910=EDGE_CURVE('',#5373,#5374,#2225,.T.);
#8912=EDGE_CURVE('',#5372,#5374,#2310,.T.);
#8924=EDGE_CURVE('',#5376,#5378,#2230,.T.);
#8926=EDGE_CURVE('',#5374,#5378,#2297,.T.);
#8989=EDGE_CURVE('',#5378,#5368,#2247,.T.);
#8993=EDGE_CURVE('',#5368,#5366,#2238,.T.);
#9008=B_SPLINE_CURVE_WITH_KNOTS('',3,(#8998,#8999,#9000,#9001,#9002,#9003,#9004,
#9005,#9006,#9007),.UNSPECIFIED.,.F.,.F.,(4,1,1,1,1,1,1,4),(0.E0,
1.769610389398E-1,1.844445230387E-1,3.900248929632E-1,5.938290313489E-1,
8.169468027389E-1,8.385290261879E-1,1.E0),.UNSPECIFIED.);
#9013=EDGE_CURVE('',#5368,#5043,#2251,.T.);
#9016=EDGE_CURVE('',#5378,#5044,#2301,.T.);
#9026=EDGE_CURVE('',#5368,#5363,#2255,.T.);
#9028=EDGE_CURVE('',#5363,#5040,#2259,.T.);
#9041=EDGE_CURVE('',#5364,#5363,#2264,.T.);
#9105=EDGE_CURVE('',#5363,#5362,#2281,.T.);
#9109=EDGE_CURVE('',#5362,#5360,#2272,.T.);
#9124=B_SPLINE_CURVE_WITH_KNOTS('',3,(#9114,#9115,#9116,#9117,#9118,#9119,#9120,
#9121,#9122,#9123),.UNSPECIFIED.,.F.,.F.,(4,1,1,1,1,1,1,4),(0.E0,
1.769610387799E-1,1.844445228454E-1,3.900248926781E-1,5.938290310484E-1,
8.169468024927E-1,8.385290259718E-1,1.E0),.UNSPECIFIED.);
#9129=EDGE_CURVE('',#5362,#5041,#2285,.T.);
#9141=EDGE_CURVE('',#5362,#5355,#2289,.T.);
#9169=EDGE_CURVE('',#5374,#5046,#2314,.T.);
#9184=B_SPLINE_CURVE_WITH_KNOTS('',3,(#9174,#9175,#9176,#9177,#9178,#9179,#9180,
#9181,#9182,#9183),.UNSPECIFIED.,.F.,.F.,(4,1,1,1,1,1,1,4),(0.E0,
1.545487985758E-1,1.640649627261E-1,3.970646989900E-1,6.275356755226E-1,
8.606221941583E-1,8.701974315405E-1,1.E0),.UNSPECIFIED.);
#9200=EDGE_CURVE('',#5539,#5540,#2325,.T.);
#9203=EDGE_CURVE('',#5544,#5542,#2319,.T.);
#9205=EDGE_CURVE('',#5544,#5539,#2337,.T.);
#9216=EDGE_CURVE('',#5539,#5460,#2349,.T.);
#9218=EDGE_CURVE('',#5460,#5463,#2329,.T.);
#9220=EDGE_CURVE('',#5537,#5463,#3546,.T.);
#9222=EDGE_CURVE('',#5533,#5537,#3654,.T.);
#9234=EDGE_CURVE('',#5454,#5544,#2341,.T.);
#9236=EDGE_CURVE('',#5454,#5460,#2345,.T.);
#9247=EDGE_CURVE('',#5574,#5570,#2353,.T.);
#9249=EDGE_CURVE('',#5574,#5498,#2357,.T.);
#9251=EDGE_CURVE('',#5498,#5449,#2361,.T.);
#9253=EDGE_CURVE('',#5449,#5570,#2365,.T.);
#9263=EDGE_CURVE('',#5583,#5584,#2369,.T.);
#9265=EDGE_CURVE('',#5583,#5491,#2373,.T.);
#9267=EDGE_CURVE('',#5491,#5492,#2377,.T.);
#9269=EDGE_CURVE('',#5584,#5492,#2381,.T.);
#9279=EDGE_CURVE('',#5589,#5591,#2385,.T.);
#9281=EDGE_CURVE('',#5589,#5483,#2389,.T.);
#9283=EDGE_CURVE('',#5483,#5484,#2393,.T.);
#9285=EDGE_CURVE('',#5591,#5484,#2397,.T.);
#9295=EDGE_CURVE('',#5596,#5592,#2401,.T.);
#9297=EDGE_CURVE('',#5596,#5475,#2405,.T.);
#9299=EDGE_CURVE('',#5475,#5476,#2409,.T.);
#9301=EDGE_CURVE('',#5592,#5476,#2413,.T.);
#9311=EDGE_CURVE('',#5601,#5597,#2417,.T.);
#9313=EDGE_CURVE('',#5601,#5467,#2421,.T.);
#9315=EDGE_CURVE('',#5467,#5468,#2425,.T.);
#9317=EDGE_CURVE('',#5597,#5468,#2429,.T.);
#9327=EDGE_CURVE('',#5546,#5544,#2434,.T.);
#9329=EDGE_CURVE('',#5453,#5546,#2456,.T.);
#9331=EDGE_CURVE('',#5453,#5454,#3263,.T.);
#9345=EDGE_CURVE('',#5546,#5548,#2439,.T.);
#9355=EDGE_CURVE('',#5550,#5546,#2448,.T.);
#9359=EDGE_CURVE('',#5550,#5552,#2444,.T.);
#9370=EDGE_CURVE('',#5550,#5458,#2452,.T.);
#9372=EDGE_CURVE('',#5453,#5458,#3267,.T.);
#9383=EDGE_CURVE('',#5554,#5550,#2461,.T.);
#9385=EDGE_CURVE('',#5554,#5457,#2561,.T.);
#9387=EDGE_CURVE('',#5457,#5458,#3272,.T.);
#9401=EDGE_CURVE('',#5554,#5556,#2466,.T.);
#9411=EDGE_CURVE('',#5558,#5554,#2511,.T.);
#9415=EDGE_CURVE('',#5558,#5560,#2471,.T.);
#9426=EDGE_CURVE('',#5446,#5558,#2515,.T.);
#9428=EDGE_CURVE('',#5446,#5006,#2519,.T.);
#9430=EDGE_CURVE('',#5006,#5011,#2523,.T.);
#9432=EDGE_CURVE('',#5011,#5418,#2528,.T.);
#9434=EDGE_CURVE('',#5418,#5414,#2532,.T.);
#9436=EDGE_CURVE('',#5414,#5021,#2536,.T.);
#9438=EDGE_CURVE('',#5023,#5021,#4287,.T.);
#9440=EDGE_CURVE('',#5019,#5023,#4247,.T.);
#9442=EDGE_CURVE('',#5018,#5019,#4364,.T.);
#9444=EDGE_CURVE('',#5022,#5018,#4241,.T.);
#9446=EDGE_CURVE('',#5022,#5020,#4230,.T.);
#9448=EDGE_CURVE('',#5402,#5020,#2540,.T.);
#9450=EDGE_CURVE('',#5402,#5398,#2544,.T.);
#9452=EDGE_CURVE('',#5398,#5001,#2549,.T.);
#9454=EDGE_CURVE('',#5001,#4999,#2553,.T.);
#9456=EDGE_CURVE('',#4999,#5457,#2557,.T.);
#9461=EDGE_CURVE('',#5209,#5210,#2476,.T.);
#9463=EDGE_CURVE('',#5210,#5214,#2480,.T.);
#9465=EDGE_CURVE('',#5214,#5218,#2485,.T.);
#9467=EDGE_CURVE('',#5218,#5222,#2489,.T.);
#9469=EDGE_CURVE('',#5222,#5226,#2494,.T.);
#9471=EDGE_CURVE('',#5226,#5230,#2498,.T.);
#9473=EDGE_CURVE('',#5230,#5234,#2503,.T.);
#9475=EDGE_CURVE('',#5234,#5209,#2507,.T.);
#9485=EDGE_CURVE('',#5205,#5206,#2571,.T.);
#9487=EDGE_CURVE('',#5206,#5210,#2685,.T.);
#9490=EDGE_CURVE('',#5205,#5209,#2566,.T.);
#9501=EDGE_CURVE('',#5205,#5026,#2575,.T.);
#9503=EDGE_CURVE('',#5026,#5027,#2730,.T.);
#9505=EDGE_CURVE('',#5206,#5027,#2676,.T.);
#9515=EDGE_CURVE('',#5232,#5205,#2579,.T.);
#9517=EDGE_CURVE('',#5039,#5232,#2606,.T.);
#9519=EDGE_CURVE('',#5026,#5039,#2583,.T.);
#9533=EDGE_CURVE('',#5232,#5234,#2588,.T.);
#9543=EDGE_CURVE('',#5228,#5232,#2598,.T.);
#9547=EDGE_CURVE('',#5228,#5230,#2593,.T.);
#9558=EDGE_CURVE('',#5228,#5037,#2602,.T.);
#9560=EDGE_CURVE('',#5037,#5039,#2735,.T.);
#9571=EDGE_CURVE('',#5224,#5228,#2610,.T.);
#9573=EDGE_CURVE('',#5224,#5035,#2614,.T.);
#9575=EDGE_CURVE('',#5037,#5035,#2618,.T.);
#9589=EDGE_CURVE('',#5224,#5226,#2623,.T.);
#9599=EDGE_CURVE('',#5220,#5224,#2633,.T.);
#9603=EDGE_CURVE('',#5220,#5222,#2628,.T.);
#9614=EDGE_CURVE('',#5220,#5033,#2637,.T.);
#9616=EDGE_CURVE('',#5033,#5035,#2740,.T.);
#9627=EDGE_CURVE('',#5216,#5220,#2641,.T.);
#9629=EDGE_CURVE('',#5216,#5031,#2645,.T.);
#9631=EDGE_CURVE('',#5033,#5031,#2649,.T.);
#9645=EDGE_CURVE('',#5216,#5218,#2654,.T.);
#9655=EDGE_CURVE('',#5212,#5216,#2664,.T.);
#9659=EDGE_CURVE('',#5212,#5214,#2659,.T.);
#9670=EDGE_CURVE('',#5212,#5029,#2668,.T.);
#9672=EDGE_CURVE('',#5029,#5031,#2745,.T.);
#9683=EDGE_CURVE('',#5206,#5212,#2672,.T.);
#9686=EDGE_CURVE('',#5029,#5027,#2680,.T.);
#9710=EDGE_CURVE('',#4897,#5641,#2749,.T.);
#9712=EDGE_CURVE('',#4896,#4897,#2689,.T.);
#9714=EDGE_CURVE('',#4896,#4886,#2693,.T.);
#9724=EDGE_CURVE('',#5635,#4995,#2769,.T.);
#9727=EDGE_CURVE('',#5634,#4835,#2697,.T.);
#9729=EDGE_CURVE('',#4835,#4832,#3898,.T.);
#9731=EDGE_CURVE('',#4832,#4833,#4011,.T.);
#9733=EDGE_CURVE('',#4833,#5166,#2939,.T.);
#9735=EDGE_CURVE('',#5166,#5188,#2701,.T.);
#9737=EDGE_CURVE('',#5190,#5188,#3701,.T.);
#9739=EDGE_CURVE('',#5174,#5190,#2705,.T.);
#9741=EDGE_CURVE('',#4995,#5174,#2709,.T.);
#9751=EDGE_CURVE('',#4816,#4817,#3134,.T.);
#9753=EDGE_CURVE('',#4763,#4817,#2713,.T.);
#9756=EDGE_CURVE('',#4882,#4893,#2721,.T.);
#9758=EDGE_CURVE('',#4805,#4893,#2725,.T.);
#9760=EDGE_CURVE('',#4805,#4816,#3175,.T.);
#9782=EDGE_CURVE('',#5639,#4965,#2753,.T.);
#9784=EDGE_CURVE('',#4964,#4965,#2757,.T.);
#9786=EDGE_CURVE('',#4964,#4897,#2923,.T.);
#9798=EDGE_CURVE('',#5637,#4967,#2761,.T.);
#9800=EDGE_CURVE('',#4967,#4965,#2765,.T.);
#9813=EDGE_CURVE('',#4995,#4969,#2931,.T.);
#9815=EDGE_CURVE('',#4967,#4969,#2773,.T.);
#9825=EDGE_CURVE('',#5126,#5121,#2777,.T.);
#9827=EDGE_CURVE('',#5126,#4793,#4123,.T.);
#9829=EDGE_CURVE('',#4791,#4793,#2782,.T.);
#9831=EDGE_CURVE('',#4791,#4789,#4103,.T.);
#9833=EDGE_CURVE('',#4787,#4789,#2787,.T.);
#9835=EDGE_CURVE('',#4787,#4785,#4095,.T.);
#9837=EDGE_CURVE('',#4785,#4781,#4091,.T.);
#9839=EDGE_CURVE('',#4929,#4781,#2791,.T.);
#9841=EDGE_CURVE('',#4988,#4929,#2795,.T.);
#9843=EDGE_CURVE('',#4993,#4988,#2799,.T.);
#9845=EDGE_CURVE('',#4927,#4993,#2803,.T.);
#9847=EDGE_CURVE('',#4783,#4927,#2807,.T.);
#9849=EDGE_CURVE('',#4745,#4783,#2812,.T.);
#9853=EDGE_CURVE('',#4945,#4940,#2824,.T.);
#9857=EDGE_CURVE('',#4932,#4870,#2836,.T.);
#9859=EDGE_CURVE('',#4937,#4932,#2840,.T.);
#9861=EDGE_CURVE('',#4874,#4937,#2844,.T.);
#9864=EDGE_CURVE('',#4749,#4747,#2853,.T.);
#9866=EDGE_CURVE('',#4900,#4749,#2857,.T.);
#9868=EDGE_CURVE('',#4956,#4900,#2861,.T.);
#9870=EDGE_CURVE('',#4961,#4956,#2865,.T.);
#9872=EDGE_CURVE('',#4904,#4961,#2869,.T.);
#9874=EDGE_CURVE('',#5121,#4904,#2873,.T.);
#9884=EDGE_CURVE('',#5162,#4809,#3693,.T.);
#9886=EDGE_CURVE('',#4808,#4809,#2878,.T.);
#9888=EDGE_CURVE('',#4808,#5124,#3676,.T.);
#9890=EDGE_CURVE('',#5124,#5117,#2882,.T.);
#9892=EDGE_CURVE('',#4908,#5117,#2886,.T.);
#9894=EDGE_CURVE('',#4948,#4908,#2890,.T.);
#9896=EDGE_CURVE('',#4953,#4948,#2894,.T.);
#9898=EDGE_CURVE('',#4912,#4953,#2898,.T.);
#9900=EDGE_CURVE('',#4753,#4912,#2902,.T.);
#9902=EDGE_CURVE('',#4805,#4753,#2907,.T.);
#9905=EDGE_CURVE('',#4972,#4893,#2911,.T.);
#9907=EDGE_CURVE('',#4977,#4972,#2915,.T.);
#9909=EDGE_CURVE('',#4896,#4977,#2919,.T.);
#9913=EDGE_CURVE('',#4969,#4964,#2927,.T.);
#9917=EDGE_CURVE('',#5162,#5174,#2935,.T.);
#9928=EDGE_CURVE('',#4773,#4833,#2944,.T.);
#9930=EDGE_CURVE('',#4925,#4773,#2948,.T.);
#9932=EDGE_CURVE('',#4980,#4925,#2952,.T.);
#9934=EDGE_CURVE('',#4985,#4980,#2956,.T.);
#9936=EDGE_CURVE('',#4923,#4985,#2960,.T.);
#9938=EDGE_CURVE('',#4777,#4923,#2964,.T.);
#9940=EDGE_CURVE('',#4777,#4837,#3784,.T.);
#9942=EDGE_CURVE('',#4837,#4841,#3776,.T.);
#9944=EDGE_CURVE('',#4840,#4841,#2969,.T.);
#9946=EDGE_CURVE('',#4840,#5168,#3756,.T.);
#9948=EDGE_CURVE('',#5168,#5166,#2973,.T.);
#9958=EDGE_CURVE('',#5121,#5122,#3005,.T.);
#9960=EDGE_CURVE('',#5122,#5134,#3312,.T.);
#9962=EDGE_CURVE('',#5128,#5134,#4127,.T.);
#9964=EDGE_CURVE('',#5126,#5128,#4119,.T.);
#9975=EDGE_CURVE('',#4900,#4901,#2977,.T.);
#9978=EDGE_CURVE('',#4727,#4749,#2981,.T.);
#9981=EDGE_CURVE('',#4717,#4714,#2989,.T.);
#9986=EDGE_CURVE('',#5381,#5382,#3043,.T.);
#9988=EDGE_CURVE('',#5386,#5381,#3048,.T.);
#9990=EDGE_CURVE('',#5384,#5386,#3052,.T.);
#9992=EDGE_CURVE('',#5382,#5384,#3057,.T.);
#10002=EDGE_CURVE('',#4912,#4913,#2993,.T.);
#10005=EDGE_CURVE('',#4757,#4755,#3113,.T.);
#10007=EDGE_CURVE('',#4755,#4752,#3125,.T.);
#10009=EDGE_CURVE('',#4752,#4753,#3179,.T.);
#10020=EDGE_CURVE('',#5137,#5138,#2997,.T.);
#10022=EDGE_CURVE('',#5137,#5122,#3001,.T.);
#10026=EDGE_CURVE('',#4904,#4905,#3009,.T.);
#10029=EDGE_CURVE('',#4908,#4909,#3013,.T.);
#10032=EDGE_CURVE('',#5117,#5118,#3017,.T.);
#10034=EDGE_CURVE('',#5118,#5146,#3021,.T.);
#10036=EDGE_CURVE('',#5144,#5146,#3025,.T.);
#10038=EDGE_CURVE('',#5142,#5144,#3030,.T.);
#10040=EDGE_CURVE('',#5140,#5142,#3034,.T.);
#10042=EDGE_CURVE('',#5138,#5140,#3039,.T.);
#10052=EDGE_CURVE('',#4956,#4957,#3061,.T.);
#10057=EDGE_CURVE('',#4957,#4917,#3065,.T.);
#10068=EDGE_CURVE('',#4959,#4957,#3069,.T.);
#10070=EDGE_CURVE('',#4959,#4961,#3077,.T.);
#10084=EDGE_CURVE('',#4959,#4916,#3073,.T.);
#10120=EDGE_CURVE('',#4715,#4719,#3085,.T.);
#10144=EDGE_CURVE('',#4951,#4953,#3089,.T.);
#10146=EDGE_CURVE('',#4951,#4921,#3105,.T.);
#10159=EDGE_CURVE('',#4948,#4949,#3093,.T.);
#10161=EDGE_CURVE('',#4951,#4949,#3101,.T.);
#10177=EDGE_CURVE('',#4949,#4919,#3097,.T.);
#10199=EDGE_CURVE('',#4759,#4821,#3121,.T.);
#10201=EDGE_CURVE('',#4755,#4821,#3109,.T.);
#10213=EDGE_CURVE('',#4819,#4821,#3130,.T.);
#10217=EDGE_CURVE('',#4761,#4819,#3167,.T.);
#10230=EDGE_CURVE('',#4819,#4817,#3163,.T.);
#10233=EDGE_CURVE('',#4752,#4816,#3139,.T.);
#10237=EDGE_CURVE('',#4824,#4825,#3144,.T.);
#10239=EDGE_CURVE('',#4829,#4824,#3149,.T.);
#10241=EDGE_CURVE('',#4827,#4829,#3154,.T.);
#10243=EDGE_CURVE('',#4825,#4827,#3159,.T.);
#10277=EDGE_CURVE('',#5420,#4824,#3187,.T.);
#10281=EDGE_CURVE('',#4827,#5422,#3183,.T.);
#10283=EDGE_CURVE('',#5420,#5422,#3206,.T.);
#10297=EDGE_CURVE('',#5422,#5420,#3192,.T.);
#10307=EDGE_CURVE('',#5424,#5422,#3210,.T.);
#10310=EDGE_CURVE('',#5420,#5426,#3201,.T.);
#10312=EDGE_CURVE('',#5426,#5424,#3197,.T.);
#10325=EDGE_CURVE('',#5424,#5426,#3215,.T.);
#10346=EDGE_CURVE('',#5152,#5138,#3219,.T.);
#10348=EDGE_CURVE('',#5148,#5152,#3390,.T.);
#10350=EDGE_CURVE('',#5137,#5148,#3316,.T.);
#10361=EDGE_CURVE('',#5154,#5140,#3223,.T.);
#10363=EDGE_CURVE('',#5152,#5154,#3395,.T.);
#10375=EDGE_CURVE('',#5156,#5142,#3227,.T.);
#10377=EDGE_CURVE('',#5154,#5156,#3399,.T.);
#10389=EDGE_CURVE('',#5158,#5144,#3231,.T.);
#10391=EDGE_CURVE('',#5156,#5158,#3404,.T.);
#10403=EDGE_CURVE('',#5146,#5150,#3240,.T.);
#10405=EDGE_CURVE('',#5150,#5158,#3408,.T.);
#10416=EDGE_CURVE('',#5445,#5446,#3236,.T.);
#10418=EDGE_CURVE('',#5150,#5445,#3412,.T.);
#10422=EDGE_CURVE('',#5132,#5118,#3244,.T.);
#10424=EDGE_CURVE('',#5132,#4803,#4396,.T.);
#10426=EDGE_CURVE('',#4802,#4803,#3249,.T.);
#10428=EDGE_CURVE('',#4802,#5160,#4368,.T.);
#10430=EDGE_CURVE('',#5160,#5176,#3253,.T.);
#10432=EDGE_CURVE('',#5007,#5176,#4337,.T.);
#10434=EDGE_CURVE('',#5006,#5007,#3258,.T.);
#10450=EDGE_CURVE('',#4998,#4999,#3277,.T.);
#10452=EDGE_CURVE('',#5178,#4998,#4181,.T.);
#10454=EDGE_CURVE('',#5178,#5170,#3281,.T.);
#10456=EDGE_CURVE('',#5170,#4849,#3817,.T.);
#10458=EDGE_CURVE('',#4847,#4849,#3286,.T.);
#10460=EDGE_CURVE('',#4799,#4847,#3290,.T.);
#10462=EDGE_CURVE('',#4799,#4776,#3792,.T.);
#10464=EDGE_CURVE('',#4779,#4776,#3294,.T.);
#10466=EDGE_CURVE('',#4779,#4797,#4083,.T.);
#10468=EDGE_CURVE('',#4797,#4867,#4173,.T.);
#10470=EDGE_CURVE('',#4865,#4867,#3299,.T.);
#10472=EDGE_CURVE('',#4865,#4861,#4156,.T.);
#10474=EDGE_CURVE('',#4863,#4861,#3304,.T.);
#10476=EDGE_CURVE('',#5134,#4863,#3308,.T.);
#10481=EDGE_CURVE('',#5450,#5148,#3386,.T.);
#10483=EDGE_CURVE('',#5449,#5450,#3321,.T.);
#10486=EDGE_CURVE('',#5498,#5496,#3325,.T.);
#10488=EDGE_CURVE('',#5495,#5496,#3486,.T.);
#10490=EDGE_CURVE('',#5492,#5495,#3464,.T.);
#10493=EDGE_CURVE('',#5491,#5488,#3329,.T.);
#10495=EDGE_CURVE('',#5487,#5488,#3502,.T.);
#10497=EDGE_CURVE('',#5484,#5487,#3566,.T.);
#10500=EDGE_CURVE('',#5483,#5480,#3333,.T.);
#10502=EDGE_CURVE('',#5479,#5480,#3518,.T.);
#10504=EDGE_CURVE('',#5476,#5479,#3604,.T.);
#10507=EDGE_CURVE('',#5475,#5472,#3337,.T.);
#10509=EDGE_CURVE('',#5471,#5472,#3534,.T.);
#10511=EDGE_CURVE('',#5468,#5471,#3636,.T.);
#10514=EDGE_CURVE('',#5467,#5464,#3341,.T.);
#10516=EDGE_CURVE('',#5463,#5464,#3550,.T.);
#10527=EDGE_CURVE('',#5562,#5558,#3346,.T.);
#10529=EDGE_CURVE('',#5445,#5562,#3416,.T.);
#10544=EDGE_CURVE('',#5562,#5564,#3351,.T.);
#10554=EDGE_CURVE('',#5566,#5562,#3378,.T.);
#10558=EDGE_CURVE('',#5566,#5568,#3356,.T.);
#10569=EDGE_CURVE('',#5450,#5566,#3382,.T.);
#10581=EDGE_CURVE('',#5389,#5390,#3360,.T.);
#10583=EDGE_CURVE('',#5390,#5392,#3365,.T.);
#10585=EDGE_CURVE('',#5392,#5394,#3369,.T.);
#10587=EDGE_CURVE('',#5394,#5389,#3374,.T.);
#10598=EDGE_CURVE('',#5390,#5382,#3424,.T.);
#10601=EDGE_CURVE('',#5389,#5381,#3420,.T.);
#10612=EDGE_CURVE('',#5392,#5384,#3428,.T.);
#10625=EDGE_CURVE('',#5394,#5386,#3432,.T.);
#10649=EDGE_CURVE('',#5570,#5566,#3437,.T.);
#10665=EDGE_CURVE('',#5570,#5572,#3442,.T.);
#10678=EDGE_CURVE('',#5576,#5574,#3448,.T.);
#10691=EDGE_CURVE('',#5506,#5502,#3460,.T.);
#10693=EDGE_CURVE('',#5506,#5496,#3490,.T.);
#10705=EDGE_CURVE('',#5501,#5505,#3456,.T.);
#10707=EDGE_CURVE('',#5505,#5506,#3478,.T.);
#10720=EDGE_CURVE('',#5505,#5495,#3482,.T.);
#10724=EDGE_CURVE('',#5584,#5580,#3474,.T.);
#10746=EDGE_CURVE('',#5513,#5514,#3494,.T.);
#10748=EDGE_CURVE('',#5513,#5487,#3498,.T.);
#10751=EDGE_CURVE('',#5514,#5488,#3506,.T.);
#10761=EDGE_CURVE('',#5521,#5522,#3510,.T.);
#10763=EDGE_CURVE('',#5521,#5479,#3514,.T.);
#10766=EDGE_CURVE('',#5522,#5480,#3522,.T.);
#10776=EDGE_CURVE('',#5529,#5530,#3526,.T.);
#10778=EDGE_CURVE('',#5529,#5471,#3530,.T.);
#10781=EDGE_CURVE('',#5530,#5472,#3538,.T.);
#10791=EDGE_CURVE('',#5537,#5538,#3542,.T.);
#10795=EDGE_CURVE('',#5538,#5464,#3554,.T.);
#10806=EDGE_CURVE('',#5509,#5513,#3558,.T.);
#10809=EDGE_CURVE('',#5514,#5510,#3562,.T.);
#10824=EDGE_CURVE('',#5591,#5588,#3576,.T.);
#10835=EDGE_CURVE('',#5587,#5589,#3582,.T.);
#10849=EDGE_CURVE('',#5522,#5518,#3594,.T.);
#10863=EDGE_CURVE('',#5517,#5521,#3590,.T.);
#10875=EDGE_CURVE('',#5592,#5593,#3600,.T.);
#10892=EDGE_CURVE('',#5595,#5596,#3614,.T.);
#10905=EDGE_CURVE('',#5530,#5526,#3626,.T.);
#10919=EDGE_CURVE('',#5525,#5529,#3622,.T.);
#10931=EDGE_CURVE('',#5597,#5598,#3632,.T.);
#10948=EDGE_CURVE('',#5600,#5601,#3646,.T.);
#10961=EDGE_CURVE('',#5538,#5534,#3658,.T.);
#10987=EDGE_CURVE('',#5579,#5583,#3664,.T.);
#11015=EDGE_CURVE('',#5124,#5130,#3672,.T.);
#11017=EDGE_CURVE('',#5130,#5132,#4384,.T.);
#11030=EDGE_CURVE('',#4813,#4808,#3680,.T.);
#11032=EDGE_CURVE('',#4813,#5130,#4388,.T.);
#11043=EDGE_CURVE('',#4811,#4809,#3684,.T.);
#11045=EDGE_CURVE('',#4813,#4811,#3689,.T.);
#11057=EDGE_CURVE('',#5162,#5164,#3697,.T.);
#11059=EDGE_CURVE('',#5164,#4811,#4372,.T.);
#11072=EDGE_CURVE('',#5190,#5181,#3748,.T.);
#11074=EDGE_CURVE('',#5192,#5181,#4322,.T.);
#11076=EDGE_CURVE('',#5192,#5176,#4341,.T.);
#11079=EDGE_CURVE('',#5160,#5164,#4376,.T.);
#11091=EDGE_CURVE('',#5186,#5188,#3705,.T.);
#11093=EDGE_CURVE('',#5185,#5186,#3709,.T.);
#11095=EDGE_CURVE('',#5396,#5185,#3713,.T.);
#11097=EDGE_CURVE('',#5400,#5396,#3717,.T.);
#11099=EDGE_CURVE('',#5404,#5400,#3722,.T.);
#11101=EDGE_CURVE('',#5408,#5404,#3727,.T.);
#11103=EDGE_CURVE('',#5412,#5408,#3732,.T.);
#11105=EDGE_CURVE('',#5416,#5412,#3736,.T.);
#11107=EDGE_CURVE('',#5416,#5182,#3740,.T.);
#11109=EDGE_CURVE('',#5181,#5182,#3744,.T.);
#11121=EDGE_CURVE('',#5168,#5172,#3764,.T.);
#11123=EDGE_CURVE('',#5170,#5172,#3821,.T.);
#11126=EDGE_CURVE('',#5178,#5194,#4193,.T.);
#11128=EDGE_CURVE('',#5194,#5186,#3752,.T.);
#11141=EDGE_CURVE('',#4840,#4851,#3772,.T.);
#11143=EDGE_CURVE('',#5172,#4851,#3760,.T.);
#11155=EDGE_CURVE('',#4845,#4841,#3768,.T.);
#11157=EDGE_CURVE('',#4845,#4851,#3805,.T.);
#11168=EDGE_CURVE('',#4837,#4843,#3780,.T.);
#11170=EDGE_CURVE('',#4843,#4845,#3796,.T.);
#11182=EDGE_CURVE('',#4799,#4843,#3800,.T.);
#11186=EDGE_CURVE('',#4776,#4777,#3788,.T.);
#11200=EDGE_CURVE('',#4847,#4845,#3809,.T.);
#11213=EDGE_CURVE('',#4851,#4849,#3813,.T.);
#11235=EDGE_CURVE('',#5623,#4771,#3837,.T.);
#11238=EDGE_CURVE('',#4925,#5622,#4023,.T.);
#11241=EDGE_CURVE('',#4773,#4770,#4007,.T.);
#11243=EDGE_CURVE('',#4770,#4771,#3889,.T.);
#11253=EDGE_CURVE('',#5619,#4923,#4043,.T.);
#11256=EDGE_CURVE('',#4929,#5618,#4051,.T.);
#11259=EDGE_CURVE('',#4781,#4779,#4087,.T.);
#11272=EDGE_CURVE('',#5615,#4927,#4071,.T.);
#11275=EDGE_CURVE('',#5614,#4767,#3825,.T.);
#11277=EDGE_CURVE('',#4766,#4767,#3829,.T.);
#11279=EDGE_CURVE('',#4766,#4783,#4003,.T.);
#11290=EDGE_CURVE('',#5749,#5744,#3833,.T.);
#11294=EDGE_CURVE('',#4771,#5744,#3841,.T.);
#11304=EDGE_CURVE('',#5744,#5745,#3885,.T.);
#11306=EDGE_CURVE('',#5747,#5745,#4015,.T.);
#11318=EDGE_CURVE('',#5736,#5737,#3871,.T.);
#11320=EDGE_CURVE('',#4743,#5736,#3995,.T.);
#11323=EDGE_CURVE('',#4766,#4742,#3880,.T.);
#11326=EDGE_CURVE('',#5737,#4767,#3983,.T.);
#11330=EDGE_CURVE('',#5201,#5202,#3851,.T.);
#11332=EDGE_CURVE('',#5202,#5201,#3856,.T.);
#11345=EDGE_CURVE('',#4832,#4770,#3894,.T.);
#11348=EDGE_CURVE('',#5745,#4835,#4019,.T.);
#11352=EDGE_CURVE('',#5197,#5198,#3861,.T.);
#11354=EDGE_CURVE('',#5198,#5197,#3866,.T.);
#11365=EDGE_CURVE('',#5202,#5442,#3906,.T.);
#11367=EDGE_CURVE('',#5441,#5442,#3930,.T.);
#11369=EDGE_CURVE('',#5201,#5441,#3902,.T.);
#11381=EDGE_CURVE('',#5442,#5441,#3916,.T.);
#11392=EDGE_CURVE('',#5881,#5880,#3911,.T.);
#11394=EDGE_CURVE('',#5442,#5880,#3934,.T.);
#11397=EDGE_CURVE('',#5881,#5441,#3925,.T.);
#11407=EDGE_CURVE('',#5880,#5881,#3921,.T.);
#11418=EDGE_CURVE('',#5876,#5877,#3939,.T.);
#11420=EDGE_CURVE('',#5877,#5876,#3957,.T.);
#11443=EDGE_CURVE('',#5877,#5438,#3943,.T.);
#11445=EDGE_CURVE('',#5437,#5438,#3948,.T.);
#11447=EDGE_CURVE('',#5437,#5876,#3952,.T.);
#11459=EDGE_CURVE('',#5438,#5437,#3962,.T.);
#11471=EDGE_CURVE('',#5437,#5197,#3970,.T.);
#11474=EDGE_CURVE('',#5438,#5198,#3966,.T.);
#11497=EDGE_CURVE('',#5739,#5737,#3979,.T.);
#11500=EDGE_CURVE('',#5741,#5736,#3987,.T.);
#11572=EDGE_CURVE('',#5631,#4981,#4027,.T.);
#11574=EDGE_CURVE('',#4980,#4981,#4031,.T.);
#11587=EDGE_CURVE('',#4983,#5630,#4039,.T.);
#11589=EDGE_CURVE('',#4983,#4981,#4035,.T.);
#11603=EDGE_CURVE('',#4983,#4985,#4047,.T.);
#11627=EDGE_CURVE('',#4989,#5627,#4059,.T.);
#11629=EDGE_CURVE('',#4988,#4989,#4055,.T.);
#11642=EDGE_CURVE('',#5625,#4991,#4063,.T.);
#11644=EDGE_CURVE('',#4991,#4989,#4067,.T.);
#11658=EDGE_CURVE('',#4991,#4993,#4075,.T.);
#11680=EDGE_CURVE('',#4853,#4785,#4079,.T.);
#11682=EDGE_CURVE('',#4853,#4797,#4177,.T.);
#11697=EDGE_CURVE('',#4787,#4855,#4099,.T.);
#11699=EDGE_CURVE('',#4855,#4853,#4169,.T.);
#11710=EDGE_CURVE('',#4789,#4857,#4107,.T.);
#11712=EDGE_CURVE('',#4857,#4855,#4161,.T.);
#11724=EDGE_CURVE('',#4791,#4859,#4115,.T.);
#11726=EDGE_CURVE('',#4859,#4857,#4148,.T.);
#11738=EDGE_CURVE('',#4795,#4793,#4111,.T.);
#11740=EDGE_CURVE('',#4795,#4859,#4140,.T.);
#11752=EDGE_CURVE('',#5128,#4795,#4135,.T.);
#11766=EDGE_CURVE('',#4795,#4863,#4131,.T.);
#11780=EDGE_CURVE('',#4861,#4859,#4152,.T.);
#11790=EDGE_CURVE('',#4857,#4865,#4144,.T.);
#11806=EDGE_CURVE('',#4855,#4867,#4165,.T.);
#11829=EDGE_CURVE('',#5003,#4998,#4185,.T.);
#11831=EDGE_CURVE('',#5003,#5194,#4189,.T.);
#11844=EDGE_CURVE('',#5003,#5001,#4198,.T.);
#11857=EDGE_CURVE('',#5396,#5398,#4203,.T.);
#11859=EDGE_CURVE('',#5396,#5003,#4333,.T.);
#11872=EDGE_CURVE('',#5400,#5402,#4208,.T.);
#11884=EDGE_CURVE('',#5406,#5402,#4224,.T.);
#11886=EDGE_CURVE('',#5404,#5406,#4213,.T.);
#11896=EDGE_CURVE('',#5020,#5014,#4219,.T.);
#11898=EDGE_CURVE('',#5406,#5014,#4270,.T.);
#11932=EDGE_CURVE('',#5014,#5022,#4235,.T.);
#11942=EDGE_CURVE('',#5014,#5015,#4257,.T.);
#11946=EDGE_CURVE('',#5018,#5019,#4354,.T.);
#11949=EDGE_CURVE('',#5023,#5015,#4252,.T.);
#11960=EDGE_CURVE('',#5015,#5410,#4261,.T.);
#11962=EDGE_CURVE('',#5410,#5406,#4266,.T.);
#11973=EDGE_CURVE('',#5015,#5021,#4276,.T.);
#11976=EDGE_CURVE('',#5414,#5410,#4281,.T.);
#12023=EDGE_CURVE('',#5408,#5410,#4297,.T.);
#12026=EDGE_CURVE('',#5412,#5414,#4292,.T.);
#12051=EDGE_CURVE('',#5416,#5418,#4302,.T.);
#12061=EDGE_CURVE('',#5009,#5416,#4318,.T.);
#12065=EDGE_CURVE('',#5009,#5011,#4307,.T.);
#12075=EDGE_CURVE('',#5182,#5192,#4313,.T.);
#12079=EDGE_CURVE('',#5009,#5192,#4345,.T.);
#12102=EDGE_CURVE('',#5194,#5185,#4328,.T.);
#12127=EDGE_CURVE('',#5007,#5009,#4349,.T.);
#12160=EDGE_CURVE('',#4802,#4811,#4380,.T.);
#12175=EDGE_CURVE('',#4803,#4813,#4392,.T.);
#12209=EDGE_CURVE('',#4932,#4933,#4400,.T.);
#12214=EDGE_CURVE('',#4933,#4879,#4404,.T.);
#12225=EDGE_CURVE('',#4935,#4933,#4408,.T.);
#12227=EDGE_CURVE('',#4935,#4937,#4416,.T.);
#12241=EDGE_CURVE('',#4935,#4878,#4412,.T.);
#12264=EDGE_CURVE('',#4972,#4973,#4420,.T.);
#12269=EDGE_CURVE('',#4973,#4883,#4424,.T.);
#12280=EDGE_CURVE('',#4975,#4973,#4428,.T.);
#12282=EDGE_CURVE('',#4975,#4977,#4436,.T.);
#12296=EDGE_CURVE('',#4975,#4887,#4432,.T.);
#12332=EDGE_CURVE('',#5845,#5849,#4446,.T.);
#12334=EDGE_CURVE('',#5848,#5849,#4472,.T.);
#12336=EDGE_CURVE('',#5844,#5848,#4441,.T.);
#12347=EDGE_CURVE('',#5851,#5853,#4451,.T.);
#12349=EDGE_CURVE('',#5849,#5853,#4464,.T.);
#12362=EDGE_CURVE('',#5853,#5857,#4455,.T.);
#12376=EDGE_CURVE('',#5693,#5853,#4459,.T.);
#12389=EDGE_CURVE('',#5691,#5849,#4468,.T.);
#12402=EDGE_CURVE('',#5689,#5848,#4476,.T.);
#12412=EDGE_CURVE('',#5873,#5848,#4481,.T.);
#12416=EDGE_CURVE('',#5687,#5873,#4485,.T.);
#12429=EDGE_CURVE('',#5871,#5873,#4490,.T.);
#12441=EDGE_CURVE('',#5869,#5873,#4499,.T.);
#12443=EDGE_CURVE('',#5867,#5869,#4495,.T.);
#12456=EDGE_CURVE('',#5685,#5869,#4503,.T.);
#12466=EDGE_CURVE('',#5865,#5869,#4508,.T.);
#12470=EDGE_CURVE('',#5683,#5865,#4512,.T.);
#12483=EDGE_CURVE('',#5863,#5865,#4517,.T.);
#12495=EDGE_CURVE('',#5861,#5865,#4526,.T.);
#12519=EDGE_CURVE('',#5908,#5912,#4534,.T.);
#12521=EDGE_CURVE('',#5911,#5912,#4550,.T.);
#12523=EDGE_CURVE('',#5907,#5911,#4546,.T.);
#12532=ELLIPSE('',#12531,5.000126589120E-1,1.000000631954E0);
#12537=EDGE_CURVE('',#5915,#5919,#4538,.T.);
#12539=EDGE_CURVE('',#5912,#5919,#4560,.T.);
#12551=EDGE_CURVE('',#5916,#5920,#4542,.T.);
#12553=EDGE_CURVE('',#5919,#5920,#4564,.T.);
#12563=ELLIPSE('',#12562,5.000126589120E-1,1.000000631502E0);
#12569=EDGE_CURVE('',#5920,#5911,#4574,.T.);
#12593=EDGE_CURVE('',#5935,#5927,#4578,.T.);
#12596=EDGE_CURVE('',#5936,#5928,#4582,.T.);
#12619=EDGE_CURVE('',#5951,#5828,#4591,.T.);
#12621=EDGE_CURVE('',#5828,#5829,#4596,.T.);
#12623=EDGE_CURVE('',#5952,#5829,#4605,.T.);
#12635=EDGE_CURVE('',#5829,#5828,#4610,.T.);
#12647=EDGE_CURVE('',#5824,#5828,#4620,.T.);
#12650=EDGE_CURVE('',#5825,#5829,#4615,.T.);
#12673=EDGE_CURVE('',#5931,#5923,#4624,.T.);
#12676=EDGE_CURVE('',#5932,#5924,#4628,.T.);
#12699=EDGE_CURVE('',#5947,#5820,#4637,.T.);
#12701=EDGE_CURVE('',#5820,#5821,#4642,.T.);
#12703=EDGE_CURVE('',#5948,#5821,#4651,.T.);
#12715=EDGE_CURVE('',#5821,#5820,#4656,.T.);
#12727=EDGE_CURVE('',#5816,#5820,#4666,.T.);
#12730=EDGE_CURVE('',#5817,#5821,#4661,.T.);
#12764=EDGE_CURVE('',#5428,#4730,#4683,.T.);
#12768=EDGE_CURVE('',#4733,#5430,#4679,.T.);
#12770=EDGE_CURVE('',#5428,#5430,#4702,.T.);
#12784=EDGE_CURVE('',#5430,#5428,#4688,.T.);
#12794=EDGE_CURVE('',#5432,#5430,#4706,.T.);
#12797=EDGE_CURVE('',#5428,#5434,#4697,.T.);
#12799=EDGE_CURVE('',#5434,#5432,#4693,.T.);
#12812=EDGE_CURVE('',#5432,#5434,#4711,.T.);
#12827=CLOSED_SHELL('',(#6001,#6016,#6032,#6052,#6070,#6087,#6102,#6118,#6130,
#6142,#6154,#6166,#6407,#6422,#6437,#6454,#6472,#6490,#6508,#6521,#6533,#6548,
#6561,#6575,#6587,#6602,#6615,#6629,#6641,#6656,#6669,#6683,#6695,#6710,#6723,
#6738,#6803,#6821,#6839,#6854,#6867,#6881,#6893,#6913,#6927,#6937,#6950,#6963,
#6976,#6989,#7002,#7015,#7028,#7039,#7052,#7072,#7086,#7100,#7114,#7128,#7141,
#7156,#7173,#7186,#7199,#7213,#7227,#7241,#7290,#7303,#7316,#7329,#7342,#7358,
#7371,#7384,#7397,#7410,#7423,#7435,#7450,#7465,#7634,#7649,#7663,#7677,#7691,
#7705,#7719,#7733,#7805,#7819,#7833,#7847,#7861,#7875,#7889,#7903,#7917,#7931,
#7945,#7959,#8030,#8043,#8056,#8069,#8081,#8094,#8107,#8120,#8133,#8146,#8159,
#8172,#8184,#8199,#8213,#8227,#8299,#8313,#8327,#8341,#8355,#8369,#8383,#8397,
#8469,#8483,#8497,#8511,#8525,#8539,#8553,#8567,#8580,#8593,#8606,#8619,#8632,
#8645,#8658,#8671,#8683,#8696,#8709,#8722,#8734,#8801,#8824,#8838,#8851,#8917,
#8931,#8997,#9020,#9034,#9047,#9113,#9135,#9148,#9160,#9173,#9194,#9209,#9227,
#9241,#9257,#9273,#9289,#9305,#9321,#9336,#9349,#9363,#9377,#9392,#9405,#9419,
#9479,#9494,#9509,#9524,#9537,#9551,#9565,#9580,#9593,#9607,#9621,#9636,#9649,
#9663,#9677,#9691,#9703,#9718,#9745,#9774,#9790,#9804,#9819,#9878,#9921,#9952,
#9969,#9996,#10014,#10046,#10061,#10075,#10088,#10101,#10113,#10126,#10138,
#10153,#10167,#10181,#10193,#10207,#10221,#10247,#10259,#10271,#10287,#10301,
#10316,#10329,#10339,#10354,#10368,#10382,#10396,#10410,#10439,#10521,#10535,
#10548,#10562,#10591,#10605,#10618,#10631,#10643,#10656,#10669,#10682,#10698,
#10712,#10728,#10740,#10755,#10770,#10785,#10799,#10813,#10828,#10841,#10856,
#10869,#10884,#10897,#10912,#10925,#10940,#10953,#10968,#10980,#10995,#11007,
#11022,#11036,#11050,#11064,#11084,#11114,#11134,#11148,#11162,#11176,#11191,
#11204,#11217,#11229,#11247,#11266,#11284,#11298,#11312,#11336,#11358,#11373,
#11386,#11401,#11412,#11424,#11436,#11451,#11464,#11478,#11490,#11504,#11516,
#11528,#11540,#11552,#11564,#11579,#11593,#11607,#11619,#11634,#11648,#11662,
#11674,#11689,#11703,#11717,#11731,#11745,#11758,#11771,#11784,#11797,#11810,
#11822,#11836,#11849,#11863,#11876,#11890,#11904,#11936,#11953,#11967,#11981,
#12016,#12030,#12042,#12055,#12069,#12083,#12094,#12106,#12118,#12131,#12143,
#12153,#12166,#12179,#12191,#12203,#12218,#12232,#12245,#12258,#12273,#12287,
#12300,#12313,#12325,#12340,#12354,#12367,#12380,#12393,#12406,#12420,#12433,
#12447,#12460,#12474,#12487,#12500,#12512,#12527,#12544,#12558,#12574,#12586,
#12600,#12612,#12627,#12640,#12654,#12666,#12680,#12692,#12707,#12720,#12734,
#12746,#12758,#12774,#12788,#12803,#12816,#12826));
#12828=MANIFOLD_SOLID_BREP('',#12827);
#12829=(LENGTH_UNIT()NAMED_UNIT(*)SI_UNIT(.MILLI.,.METRE.));
#12831=(NAMED_UNIT(*)PLANE_ANGLE_UNIT()SI_UNIT($,.RADIAN.));
#12834=(NAMED_UNIT(*)SI_UNIT($,.STERADIAN.)SOLID_ANGLE_UNIT());
#12837=ADVANCED_BREP_SHAPE_REPRESENTATION('',(#12828),#12836);
#12844=PRODUCT_DEFINITION('design','',#12843,#12840);
#12845=PRODUCT_DEFINITION_SHAPE('','SHAPE FOR SHANGKE.',#12844);
#12846=SHAPE_DEFINITION_REPRESENTATION(#12845,#12837);
ENDSEC;
END-ISO-10303-21;
