ISO-10303-21;
HEADER;
FILE_DESCRIPTION((''),'2;1');
FILE_NAME('PINGMUGUDINGBAN','2025-09-17T19:09:23',('seeed'),(''),
'CREO PARAMETRIC BY PTC INC, 2021284','CREO PARAMETRIC BY PTC INC, 2021284','');
FILE_SCHEMA(('CONFIG_CONTROL_DESIGN'));
ENDSEC;
DATA;
#1=DIRECTION('',(1.799242236681E-10,1.E0,-1.732602328275E-7));
#2=VECTOR('',#1,1.2E0);
#3=CARTESIAN_POINT('',(2.479418798392E1,-5.999954871005E0,1.291999994107E1));
#4=LINE('',#3,#2);
#5=CARTESIAN_POINT('',(3.410507617210E1,-4.299954544169E0,1.480609644868E1));
#6=DIRECTION('',(0.E0,-1.E0,1.732870212380E-7));
#7=DIRECTION('',(-9.711155546614E-1,-4.134796070334E-8,-2.386096802201E-1));
#8=AXIS2_PLACEMENT_3D('',#5,#6,#7);
#10=CARTESIAN_POINT('',(3.410507617210E1,-4.799954544169E0,1.480609653533E1));
#11=DIRECTION('',(0.E0,1.E0,-1.732870212380E-7));
#12=DIRECTION('',(8.893313837994E-1,-7.923778836132E-8,-4.572632609225E-1));
#13=AXIS2_PLACEMENT_3D('',#10,#11,#12);
#15=CARTESIAN_POINT('',(2.439392062549E1,-4.299954957648E0,1.241999964648E1));
#16=CARTESIAN_POINT('',(2.443441776792E1,-4.299954948653E0,1.247165174123E1));
#17=CARTESIAN_POINT('',(2.451201637802E1,-4.315854632364E0,1.256996972556E1));
#18=CARTESIAN_POINT('',(2.461253609757E1,-4.375738320967E0,1.269587434452E1));
#19=CARTESIAN_POINT('',(2.469316990982E1,-4.461963494852E0,1.279590200415E1));
#20=CARTESIAN_POINT('',(2.475190793143E1,-4.566831414431E0,1.286822546068E1));
#21=CARTESIAN_POINT('',(2.478696270221E1,-4.683166094674E0,1.291117001522E1));
#22=CARTESIAN_POINT('',(2.479418798414E1,-4.761576204701E0,1.291999972651E1));
#23=CARTESIAN_POINT('',(2.479418798414E1,-4.799954871005E0,1.291999973316E1));
#25=CARTESIAN_POINT('',(9.9E0,-4.299956283294E0,4.770000745127E0));
#26=DIRECTION('',(0.E0,1.E0,-1.732870212380E-7));
#27=DIRECTION('',(1.E0,0.E0,0.E0));
#28=AXIS2_PLACEMENT_3D('',#25,#26,#27);
#30=CARTESIAN_POINT('',(9.9E0,-4.299956283294E0,4.770000745127E0));
#31=DIRECTION('',(0.E0,1.E0,-1.732870212380E-7));
#32=DIRECTION('',(-1.E0,0.E0,-1.518393776725E-9));
#33=AXIS2_PLACEMENT_3D('',#30,#31,#32);
#35=CARTESIAN_POINT('',(9.9E0,-4.299960442182E0,-1.922999925488E1));
#36=DIRECTION('',(0.E0,1.E0,-1.732870212380E-7));
#37=DIRECTION('',(1.E0,0.E0,0.E0));
#38=AXIS2_PLACEMENT_3D('',#35,#36,#37);
#40=CARTESIAN_POINT('',(9.9E0,-4.299960442182E0,-1.922999925488E1));
#41=DIRECTION('',(0.E0,1.E0,-1.732870212380E-7));
#42=DIRECTION('',(-1.E0,0.E0,-1.515651395239E-9));
#43=AXIS2_PLACEMENT_3D('',#40,#41,#42);
#45=CARTESIAN_POINT('',(3.54E1,-4.299960702113E0,-2.072999925488E1));
#46=DIRECTION('',(0.E0,1.E0,-1.732870212380E-7));
#47=DIRECTION('',(1.E0,0.E0,0.E0));
#48=AXIS2_PLACEMENT_3D('',#45,#46,#47);
#50=CARTESIAN_POINT('',(3.54E1,-4.299960702113E0,-2.072999925488E1));
#51=DIRECTION('',(0.E0,1.E0,-1.732870212380E-7));
#52=DIRECTION('',(-1.E0,0.E0,1.350031197944E-12));
#53=AXIS2_PLACEMENT_3D('',#50,#51,#52);
#55=CARTESIAN_POINT('',(3.54E1,-4.299960702113E0,-2.072999925488E1));
#56=DIRECTION('',(0.E0,-1.E0,1.732870212380E-7));
#57=DIRECTION('',(-1.E0,0.E0,-1.515651395239E-9));
#58=AXIS2_PLACEMENT_3D('',#55,#56,#57);
#60=CARTESIAN_POINT('',(3.54E1,-4.299960702113E0,-2.072999925488E1));
#61=DIRECTION('',(0.E0,-1.E0,1.732870212380E-7));
#62=DIRECTION('',(1.E0,0.E0,0.E0));
#63=AXIS2_PLACEMENT_3D('',#60,#61,#62);
#65=DIRECTION('',(-2.517377169679E-1,-1.677027707072E-7,-9.677954958852E-1));
#66=VECTOR('',#65,9.742221005990E0);
#67=CARTESIAN_POINT('',(-2.288147223812E0,-4.299959352434E0,-1.294131154893E1));
#68=LINE('',#67,#66);
#69=DIRECTION('',(-9.771835552556E-1,-3.680486844275E-8,-2.123965615025E-1));
#70=VECTOR('',#69,1.170043423218E1);
#71=CARTESIAN_POINT('',(1.367929203299E1,-4.299961816275E0,-2.715957300579E1));
#72=LINE('',#71,#70);
#73=CARTESIAN_POINT('',(1.590945584808E1,-4.299963594274E0,-3.742000035351E1));
#74=DIRECTION('',(0.E0,-1.E0,1.732870211130E-7));
#75=DIRECTION('',(0.E0,1.732870211345E-7,1.E0));
#76=AXIS2_PLACEMENT_3D('',#73,#74,#75);
#78=DIRECTION('',(-1.E0,0.E0,-8.309878576975E-14));
#79=VECTOR('',#78,1.911054415192E1);
#80=CARTESIAN_POINT('',(3.502E1,-4.299961774760E0,-2.692000035351E1));
#81=LINE('',#80,#79);
#82=CARTESIAN_POINT('',(3.502E1,-4.299959755966E0,-1.527000035351E1));
#83=DIRECTION('',(0.E0,1.E0,-1.732870212380E-7));
#84=DIRECTION('',(5.352856884461E-1,-1.463705351868E-7,-8.446710790271E-1));
#85=AXIS2_PLACEMENT_3D('',#82,#83,#84);
#87=CARTESIAN_POINT('',(4.687657799908E1,-4.299962998073E0,-3.397946475396E1));
#88=DIRECTION('',(0.E0,-1.E0,1.732870211130E-7));
#89=DIRECTION('',(-2.772428880109E-1,1.664941465542E-7,9.607998652411E-1));
#90=AXIS2_PLACEMENT_3D('',#87,#88,#89);
#92=DIRECTION('',(-1.597945055952E-8,-1.732871214468E-7,-1.E0));
#93=VECTOR('',#92,1.623878356521E1);
#94=CARTESIAN_POINT('',(4.973999997370E1,-4.299956950338E0,8.693907645567E-1));
#95=LINE('',#94,#93);
#96=CARTESIAN_POINT('',(4.687657799908E1,-4.299953734335E0,1.947946404694E1));
#97=DIRECTION('',(0.E0,-1.E0,1.732870212184E-7));
#98=DIRECTION('',(-3.910309866723E-1,-1.594894777256E-7,-9.203775135574E-1));
#99=AXIS2_PLACEMENT_3D('',#96,#97,#98);
#101=DIRECTION('',(-1.E0,0.E0,-1.737738292382E-14));
#102=VECTOR('',#101,8.484454668266E0);
#103=CARTESIAN_POINT('',(2.439392062549E1,-4.299954957648E0,1.241999964648E1));
#104=LINE('',#103,#102);
#105=CARTESIAN_POINT('',(1.590946595722E1,-4.299953138135E0,2.291999964648E1));
#106=DIRECTION('',(0.E0,1.E0,-1.732870212184E-7));
#107=DIRECTION('',(0.E0,-1.732870212191E-7,-1.E0));
#108=AXIS2_PLACEMENT_3D('',#105,#106,#107);
#110=DIRECTION('',(-9.771835522862E-1,3.680858698953E-8,2.123965751637E-1));
#111=VECTOR('',#110,1.170044710916E1);
#112=CARTESIAN_POINT('',(1.367930214213E1,-4.299954916134E0,1.265957229876E1));
#113=LINE('',#112,#111);
#114=DIRECTION('',(2.517377081598E-1,-1.677067845825E-7,-9.677954981764E-1));
#115=VECTOR('',#114,9.742217970011E0);
#116=CARTESIAN_POINT('',(-4.740630847975E0,-4.299955746137E0,7.869787732809E0));
#117=LINE('',#116,#115);
#118=CARTESIAN_POINT('',(-1.245E1,-4.299957838014E0,-4.201932722203E0));
#119=DIRECTION('',(0.E0,1.E0,-1.732870212710E-7));
#120=DIRECTION('',(9.677955024942E-1,4.362287470932E-8,2.517376915602E-1));
#121=AXIS2_PLACEMENT_3D('',#118,#119,#120);
#123=DIRECTION('',(0.E0,-1.732870212794E-7,-1.E0));
#124=VECTOR('',#123,6.096133065345E0);
#125=CARTESIAN_POINT('',(-1.95E0,-4.299957838014E0,-4.201932722203E0));
#126=LINE('',#125,#124);
#127=CARTESIAN_POINT('',(-1.245E1,-4.299958894394E0,-1.029806578755E1));
#128=DIRECTION('',(0.E0,1.E0,-1.732870212710E-7));
#129=DIRECTION('',(1.E0,0.E0,0.E0));
#130=AXIS2_PLACEMENT_3D('',#127,#128,#129);
#132=CARTESIAN_POINT('',(3.772E1,-4.299957664392E0,-3.199999473215E0));
#133=DIRECTION('',(0.E0,1.E0,-1.732870212380E-7));
#134=DIRECTION('',(-1.E0,0.E0,0.E0));
#135=AXIS2_PLACEMENT_3D('',#132,#133,#134);
#137=DIRECTION('',(1.E0,1.577534280080E-8,2.639045694522E-7));
#138=VECTOR('',#137,2.488181010449E-1);
#139=CARTESIAN_POINT('',(3.771999998249E1,-4.299957373729E0,-1.499999477140E0));
#140=LINE('',#139,#138);
#141=CARTESIAN_POINT('',(3.89E1,-4.299956803155E0,1.770000745127E0));
#142=DIRECTION('',(0.E0,1.E0,-1.732870212380E-7));
#143=DIRECTION('',(-2.738768463992E-1,-1.666613521699E-7,-9.617647701005E-1));
#144=AXIS2_PLACEMENT_3D('',#141,#142,#143);
#146=CARTESIAN_POINT('',(3.89E1,-4.299956803155E0,1.770000745127E0));
#147=DIRECTION('',(0.E0,1.E0,-1.732870212380E-7));
#148=DIRECTION('',(-1.E0,0.E0,-1.518394429797E-9));
#149=AXIS2_PLACEMENT_3D('',#146,#147,#148);
#151=CARTESIAN_POINT('',(3.89E1,-4.299956803155E0,1.770000745127E0));
#152=DIRECTION('',(0.E0,1.E0,-1.732870212380E-7));
#153=DIRECTION('',(1.E0,0.E0,0.E0));
#154=AXIS2_PLACEMENT_3D('',#151,#152,#153);
#156=DIRECTION('',(9.999999999990E-1,-8.246620241171E-9,1.421953590114E-6));
#157=VECTOR('',#156,4.888259617790E-1);
#158=CARTESIAN_POINT('',(3.983117404513E1,-4.299957369800E0,-1.500000172331E0));
#159=LINE('',#158,#157);
#160=CARTESIAN_POINT('',(4.032E1,-4.299957664392E0,-3.199999473215E0));
#161=DIRECTION('',(0.E0,1.E0,-1.732870212380E-7));
#162=DIRECTION('',(0.E0,1.732870213335E-7,1.E0));
#163=AXIS2_PLACEMENT_3D('',#160,#161,#162);
#165=DIRECTION('',(-1.602384885329E-11,-1.733031163348E-7,-1.E0));
#166=VECTOR('',#165,6.400000024415E0);
#167=CARTESIAN_POINT('',(4.201999999607E1,-4.299957668317E0,-3.199999455707E0));
#168=LINE('',#167,#166);
#169=CARTESIAN_POINT('',(4.032E1,-4.299958773428E0,-9.599999473214E0));
#170=DIRECTION('',(0.E0,1.E0,-1.732870212380E-7));
#171=DIRECTION('',(1.E0,0.E0,-3.542264520920E-13));
#172=AXIS2_PLACEMENT_3D('',#169,#170,#171);
#174=DIRECTION('',(-1.E0,-3.953042984006E-11,3.953145466130E-11));
#175=VECTOR('',#174,2.600000024415E0);
#176=CARTESIAN_POINT('',(4.032000001751E1,-4.299959071942E0,-1.129999946929E1));
#177=LINE('',#176,#175);
#178=CARTESIAN_POINT('',(3.772E1,-4.299958773428E0,-9.599999473214E0));
#179=DIRECTION('',(0.E0,1.E0,-1.732870212380E-7));
#180=DIRECTION('',(3.594510310314E-13,-1.732870213335E-7,-1.E0));
#181=AXIS2_PLACEMENT_3D('',#178,#179,#180);
#183=DIRECTION('',(1.609490312659E-11,1.732709966114E-7,1.E0));
#184=VECTOR('',#183,6.400000024415E0);
#185=CARTESIAN_POINT('',(3.602000000392E1,-4.299958777354E0,-9.599999490723E0));
#186=LINE('',#185,#184);
#187=CARTESIAN_POINT('',(9.9E0,-4.299956283294E0,4.770000745127E0));
#188=DIRECTION('',(0.E0,1.E0,-1.732870212380E-7));
#189=DIRECTION('',(-1.E0,0.E0,4.964917366124E-13));
#190=AXIS2_PLACEMENT_3D('',#187,#188,#189);
#192=DIRECTION('',(0.E0,1.E0,-1.732870212236E-7));
#193=VECTOR('',#192,3.8E0);
#194=CARTESIAN_POINT('',(1.09E1,-4.299956283294E0,4.770000745127E0));
#195=LINE('',#194,#193);
#196=CARTESIAN_POINT('',(9.9E0,-4.999562832944E-1,4.770000086636E0));
#197=DIRECTION('',(0.E0,1.E0,-1.732870212380E-7));
#198=DIRECTION('',(-1.E0,0.E0,4.964917366124E-13));
#199=AXIS2_PLACEMENT_3D('',#196,#197,#198);
#201=CARTESIAN_POINT('',(9.9E0,-4.299956283294E0,4.770000745127E0));
#202=DIRECTION('',(0.E0,1.E0,-1.732870212380E-7));
#203=DIRECTION('',(1.E0,0.E0,0.E0));
#204=AXIS2_PLACEMENT_3D('',#201,#202,#203);
#206=DIRECTION('',(0.E0,1.E0,-1.732870212236E-7));
#207=VECTOR('',#206,3.8E0);
#208=CARTESIAN_POINT('',(8.9E0,-4.299956283294E0,4.770000745127E0));
#209=LINE('',#208,#207);
#210=CARTESIAN_POINT('',(9.9E0,-4.999562832944E-1,4.770000086636E0));
#211=DIRECTION('',(0.E0,1.E0,-1.732870212380E-7));
#212=DIRECTION('',(1.E0,0.E0,0.E0));
#213=AXIS2_PLACEMENT_3D('',#210,#211,#212);
#215=CARTESIAN_POINT('',(9.9E0,-4.999604421829E-1,-1.922999991337E1));
#216=DIRECTION('',(0.E0,-1.E0,1.732870212380E-7));
#217=DIRECTION('',(-1.E0,0.E0,-1.515652048312E-9));
#218=AXIS2_PLACEMENT_3D('',#215,#216,#217);
#220=CARTESIAN_POINT('',(9.9E0,-4.999604421829E-1,-1.922999991337E1));
#221=DIRECTION('',(0.E0,-1.E0,1.732870212380E-7));
#222=DIRECTION('',(1.E0,0.E0,0.E0));
#223=AXIS2_PLACEMENT_3D('',#220,#221,#222);
#225=CARTESIAN_POINT('',(9.9E0,-4.999562832944E-1,4.770000086636E0));
#226=DIRECTION('',(0.E0,1.E0,-1.732870212380E-7));
#227=DIRECTION('',(1.E0,0.E0,0.E0));
#228=AXIS2_PLACEMENT_3D('',#225,#226,#227);
#230=CARTESIAN_POINT('',(9.9E0,-4.999562832944E-1,4.770000086636E0));
#231=DIRECTION('',(0.E0,1.E0,-1.732870212380E-7));
#232=DIRECTION('',(-1.E0,0.E0,-1.518393744071E-9));
#233=AXIS2_PLACEMENT_3D('',#230,#231,#232);
#235=CARTESIAN_POINT('',(3.54E1,-4.999607021134E-1,-2.072999991337E1));
#236=DIRECTION('',(0.E0,-1.E0,1.732870212380E-7));
#237=DIRECTION('',(-1.E0,0.E0,-1.515652048312E-9));
#238=AXIS2_PLACEMENT_3D('',#235,#236,#237);
#240=CARTESIAN_POINT('',(3.54E1,-4.999607021134E-1,-2.072999991337E1));
#241=DIRECTION('',(0.E0,-1.E0,1.732870212380E-7));
#242=DIRECTION('',(1.E0,0.E0,0.E0));
#243=AXIS2_PLACEMENT_3D('',#240,#241,#242);
#245=CARTESIAN_POINT('',(3.89E1,-4.999568031555E-1,1.770000086636E0));
#246=DIRECTION('',(0.E0,-1.E0,1.732870212380E-7));
#247=DIRECTION('',(-1.E0,0.E0,-1.518394437960E-9));
#248=AXIS2_PLACEMENT_3D('',#245,#246,#247);
#250=CARTESIAN_POINT('',(3.89E1,-4.999568031555E-1,1.770000086636E0));
#251=DIRECTION('',(0.E0,-1.E0,1.732870212380E-7));
#252=DIRECTION('',(1.E0,0.E0,0.E0));
#253=AXIS2_PLACEMENT_3D('',#250,#251,#252);
#255=CARTESIAN_POINT('',(-2.E0,-4.999617418356E-1,-2.672999991336E1));
#256=DIRECTION('',(0.E0,-1.E0,1.732870212380E-7));
#257=DIRECTION('',(-1.E0,0.E0,-9.421149764136E-10));
#258=AXIS2_PLACEMENT_3D('',#255,#256,#257);
#260=CARTESIAN_POINT('',(-2.E0,-4.999617418356E-1,-2.672999991336E1));
#261=DIRECTION('',(0.E0,-1.E0,1.732870212380E-7));
#262=DIRECTION('',(1.E0,0.E0,0.E0));
#263=AXIS2_PLACEMENT_3D('',#260,#261,#262);
#265=CARTESIAN_POINT('',(-2.E0,-4.999549905736E-1,1.222999788936E1));
#266=DIRECTION('',(0.E0,-1.E0,1.732870212380E-7));
#267=DIRECTION('',(-1.E0,0.E0,-9.421144461578E-10));
#268=AXIS2_PLACEMENT_3D('',#265,#266,#267);
#270=CARTESIAN_POINT('',(-2.E0,-4.999549905736E-1,1.222999788936E1));
#271=DIRECTION('',(0.E0,-1.E0,1.732870212380E-7));
#272=DIRECTION('',(1.E0,0.E0,0.E0));
#273=AXIS2_PLACEMENT_3D('',#270,#271,#272);
#275=CARTESIAN_POINT('',(4.7E1,-4.999605288264E-1,-1.972999991336E1));
#276=DIRECTION('',(0.E0,-1.E0,1.732870212380E-7));
#277=DIRECTION('',(-1.E0,0.E0,-7.047735529503E-10));
#278=AXIS2_PLACEMENT_3D('',#275,#276,#277);
#280=CARTESIAN_POINT('',(4.7E1,-4.999605288264E-1,-1.972999991336E1));
#281=DIRECTION('',(0.E0,-1.E0,1.732870212380E-7));
#282=DIRECTION('',(1.E0,0.E0,0.E0));
#283=AXIS2_PLACEMENT_3D('',#280,#281,#282);
#285=CARTESIAN_POINT('',(4.7E1,-4.999562035828E-1,5.229997889357E0));
#286=DIRECTION('',(0.E0,-1.E0,1.732870212380E-7));
#287=DIRECTION('',(-1.E0,0.E0,-7.048782784655E-10));
#288=AXIS2_PLACEMENT_3D('',#285,#286,#287);
#290=CARTESIAN_POINT('',(4.7E1,-4.999562035828E-1,5.229997889357E0));
#291=DIRECTION('',(0.E0,-1.E0,1.732870212380E-7));
#292=DIRECTION('',(1.E0,0.E0,0.E0));
#293=AXIS2_PLACEMENT_3D('',#290,#291,#292);
#295=CARTESIAN_POINT('',(4.7E1,-4.999605288264E-1,-1.972999991336E1));
#296=DIRECTION('',(0.E0,1.E0,-1.732870212380E-7));
#297=DIRECTION('',(-1.E0,0.E0,-1.601950895168E-13));
#298=AXIS2_PLACEMENT_3D('',#295,#296,#297);
#300=DIRECTION('',(-1.776356839401E-14,-1.E0,1.732869995645E-7));
#301=VECTOR('',#300,1.2E0);
#302=CARTESIAN_POINT('',(4.425E1,-4.999605288264E-1,-1.972999991336E1));
#303=LINE('',#302,#301);
#304=CARTESIAN_POINT('',(4.7E1,-4.999605288264E-1,-1.972999991336E1));
#305=DIRECTION('',(0.E0,1.E0,-1.732870212380E-7));
#306=DIRECTION('',(1.E0,0.E0,0.E0));
#307=AXIS2_PLACEMENT_3D('',#304,#305,#306);
#309=DIRECTION('',(-1.184237892934E-14,-1.E0,1.732868752195E-7));
#310=VECTOR('',#309,1.2E0);
#311=CARTESIAN_POINT('',(4.975E1,-4.999605288264E-1,-1.972999991336E1));
#312=LINE('',#311,#310);
#313=CARTESIAN_POINT('',(4.7E1,-1.699960528826E0,-1.972999970542E1));
#314=DIRECTION('',(0.E0,-1.E0,1.732870212380E-7));
#315=DIRECTION('',(1.E0,0.E0,-1.937843824800E-13));
#316=AXIS2_PLACEMENT_3D('',#313,#314,#315);
#318=CARTESIAN_POINT('',(4.7E1,-1.699960528826E0,-1.972999970542E1));
#319=DIRECTION('',(0.E0,-1.E0,1.732870212380E-7));
#320=DIRECTION('',(-1.E0,0.E0,-1.937843824800E-13));
#321=AXIS2_PLACEMENT_3D('',#318,#319,#320);
#323=CARTESIAN_POINT('',(4.7E1,-1.699960528826E0,-1.972999970542E1));
#324=DIRECTION('',(0.E0,1.E0,-1.732870212380E-7));
#325=DIRECTION('',(1.235726496974E-14,1.732870212540E-7,1.E0));
#326=AXIS2_PLACEMENT_3D('',#323,#324,#325);
#328=CARTESIAN_POINT('',(4.7E1,-1.699960528826E0,-1.972999970542E1));
#329=DIRECTION('',(0.E0,1.E0,-1.732870212380E-7));
#330=DIRECTION('',(1.235726496974E-14,-1.732870212540E-7,-1.E0));
#331=AXIS2_PLACEMENT_3D('',#328,#329,#330);
#333=DIRECTION('',(0.E0,-1.E0,1.732857916418E-7));
#334=VECTOR('',#333,1.2E0);
#335=CARTESIAN_POINT('',(4.7E1,-1.699960329546E0,-1.857999970542E1));
#336=LINE('',#335,#334);
#337=DIRECTION('',(0.E0,-1.E0,1.732857916418E-7));
#338=VECTOR('',#337,1.2E0);
#339=CARTESIAN_POINT('',(4.7E1,-1.699960728106E0,-2.087999970542E1));
#340=LINE('',#339,#338);
#341=CARTESIAN_POINT('',(4.7E1,-2.899960528826E0,-1.972999949748E1));
#342=DIRECTION('',(0.E0,1.E0,-1.732870212380E-7));
#343=DIRECTION('',(-1.E0,0.E0,-1.808654236480E-12));
#344=AXIS2_PLACEMENT_3D('',#341,#342,#343);
#346=CARTESIAN_POINT('',(4.7E1,-2.899960528826E0,-1.972999949748E1));
#347=DIRECTION('',(0.E0,1.E0,-1.732870212380E-7));
#348=DIRECTION('',(1.E0,0.E0,-1.808654236480E-12));
#349=AXIS2_PLACEMENT_3D('',#346,#347,#348);
#351=CARTESIAN_POINT('',(4.7E1,-2.899960528826E0,-1.972999949748E1));
#352=DIRECTION('',(0.E0,-1.E0,1.732870212380E-7));
#353=DIRECTION('',(1.235726496974E-14,-1.732870210610E-7,-1.E0));
#354=AXIS2_PLACEMENT_3D('',#351,#352,#353);
#356=CARTESIAN_POINT('',(4.7E1,-2.899960528826E0,-1.972999949748E1));
#357=DIRECTION('',(0.E0,-1.E0,1.732870212380E-7));
#358=DIRECTION('',(1.235726496974E-14,1.732870210610E-7,1.E0));
#359=AXIS2_PLACEMENT_3D('',#356,#357,#358);
#361=DIRECTION('',(1.243449787580E-13,-1.E0,1.732892651596E-7));
#362=VECTOR('',#361,1.6E0);
#363=CARTESIAN_POINT('',(4.425E1,-2.899960528826E0,-1.972999949747E1));
#364=LINE('',#363,#362);
#365=CARTESIAN_POINT('',(3.410507617210E1,-5.999954544169E0,1.480609674327E1));
#366=DIRECTION('',(0.E0,-1.E0,1.732870212380E-7));
#367=DIRECTION('',(-9.800934934923E-1,-3.440379966877E-8,-1.985365054948E-1));
#368=AXIS2_PLACEMENT_3D('',#365,#366,#367);
#370=CARTESIAN_POINT('',(4.7E1,-5.999956203582E0,5.229998842436E0));
#371=DIRECTION('',(0.E0,-1.E0,1.732870212380E-7));
#372=DIRECTION('',(1.E0,0.E0,0.E0));
#373=AXIS2_PLACEMENT_3D('',#370,#371,#372);
#375=CARTESIAN_POINT('',(4.032E1,-5.999957664392E0,-3.199999178627E0));
#376=DIRECTION('',(0.E0,-1.E0,1.732870212380E-7));
#377=DIRECTION('',(1.E0,1.880848418188E-14,1.092961634922E-7));
#378=AXIS2_PLACEMENT_3D('',#375,#376,#377);
#380=CARTESIAN_POINT('',(3.772E1,-5.999957664392E0,-3.199999178627E0));
#381=DIRECTION('',(0.E0,-1.E0,1.732870212380E-7));
#382=DIRECTION('',(-1.092909940326E-7,1.732870213335E-7,1.E0));
#383=AXIS2_PLACEMENT_3D('',#380,#381,#382);
#385=CARTESIAN_POINT('',(3.772E1,-5.999958773429E0,-9.599999178626E0));
#386=DIRECTION('',(0.E0,-1.E0,1.732870212380E-7));
#387=DIRECTION('',(-1.E0,-1.880848418189E-14,-1.092958058698E-7));
#388=AXIS2_PLACEMENT_3D('',#385,#386,#387);
#390=CARTESIAN_POINT('',(4.032E1,-5.999958773429E0,-9.599999178626E0));
#391=DIRECTION('',(0.E0,-1.E0,1.732870212380E-7));
#392=DIRECTION('',(1.092642734460E-7,-1.732870213335E-7,-1.E0));
#393=AXIS2_PLACEMENT_3D('',#390,#391,#392);
#395=CARTESIAN_POINT('',(4.7E1,-5.999960528826E0,-1.972999896029E1));
#396=DIRECTION('',(0.E0,-1.E0,1.732870212380E-7));
#397=DIRECTION('',(1.E0,0.E0,0.E0));
#398=AXIS2_PLACEMENT_3D('',#395,#396,#397);
#400=CARTESIAN_POINT('',(4.410414900253E1,-4.799955399277E0,9.871465515145E0));
#401=CARTESIAN_POINT('',(4.419566578986E1,-4.799954553628E0,9.845058015654E0));
#402=CARTESIAN_POINT('',(4.438500659121E1,-4.786563465612E0,9.793260178103E0));
#403=CARTESIAN_POINT('',(4.468721682375E1,-4.725054245775E0,9.720323856673E0));
#404=CARTESIAN_POINT('',(4.501032788739E1,-4.619550853620E0,9.653191613078E0));
#405=CARTESIAN_POINT('',(4.534697147594E1,-4.470618268100E0,9.595251938625E0));
#406=CARTESIAN_POINT('',(4.566065885068E1,-4.300847053784E0,9.552206060953E0));
#407=CARTESIAN_POINT('',(4.593173793940E1,-4.134603126051E0,9.523132550204E0));
#408=CARTESIAN_POINT('',(4.616884636194E1,-3.977234631160E0,9.503698924889E0));
#409=CARTESIAN_POINT('',(4.638082676511E1,-3.828939049989E0,9.491097717136E0));
#410=CARTESIAN_POINT('',(4.657017983861E1,-3.691965650137E0,9.483597560046E0));
#411=CARTESIAN_POINT('',(4.675667857342E1,-3.554265216111E0,9.479553820518E0));
#412=CARTESIAN_POINT('',(4.689302849707E1,-3.452396267215E0,9.479231365940E0));
#413=CARTESIAN_POINT('',(4.696318992956E1,-3.399955467140E0,9.479838978606E0));
#415=DIRECTION('',(-1.530946309895E-11,-1.E0,1.735695983521E-7));
#416=VECTOR('',#415,2.6E0);
#417=CARTESIAN_POINT('',(4.696318992956E1,-3.399955467140E0,9.479838978606E0));
#418=LINE('',#417,#416);
#419=CARTESIAN_POINT('',(4.687657799908E1,-5.999953734335E0,1.947946434153E1));
#420=DIRECTION('',(0.E0,-1.E0,1.732870212184E-7));
#421=DIRECTION('',(-4.322853680882E-1,-1.562592940374E-7,-9.017368577012E-1));
#422=AXIS2_PLACEMENT_3D('',#419,#420,#421);
#424=DIRECTION('',(-6.221985889472E-11,1.E0,-1.730042642478E-7));
#425=VECTOR('',#424,1.2E0);
#426=CARTESIAN_POINT('',(4.255372431820E1,-5.999955296928E0,1.046209576451E1));
#427=LINE('',#426,#425);
#428=CARTESIAN_POINT('',(4.687657799908E1,-4.799953734335E0,1.947946413358E1));
#429=DIRECTION('',(0.E0,-1.E0,1.732870212184E-7));
#430=DIRECTION('',(-4.322853680876E-1,-1.562592940374E-7,-9.017368577015E-1));
#431=AXIS2_PLACEMENT_3D('',#428,#429,#430);
#433=CARTESIAN_POINT('',(4.396552798523E1,-4.799955482521E0,9.391065459021E0));
#434=DIRECTION('',(9.607998737678E-1,8.583269736093E-8,-2.772428584613E-1));
#435=DIRECTION('',(-1.286272066636E-7,1.E0,-1.361705272984E-7));
#436=AXIS2_PLACEMENT_3D('',#433,#434,#435);
#438=CARTESIAN_POINT('',(4.277075263910E1,-4.299955408974E0,9.815500154539E0));
#439=CARTESIAN_POINT('',(4.274892635086E1,-4.299955397571E0,9.880649798774E0));
#440=CARTESIAN_POINT('',(4.270734570765E1,-4.315678482442E0,1.000469325431E1));
#441=CARTESIAN_POINT('',(4.265362842422E1,-4.374038326553E0,1.016478065043E1));
#442=CARTESIAN_POINT('',(4.261000352726E1,-4.458536227086E0,1.029467702565E1));
#443=CARTESIAN_POINT('',(4.257756026787E1,-4.562917425900E0,1.039121089303E1));
#444=CARTESIAN_POINT('',(4.255780341991E1,-4.680966463210E0,1.044996740228E1));
#445=CARTESIAN_POINT('',(4.255372431812E1,-4.760780811210E0,1.046209555012E1));
#446=CARTESIAN_POINT('',(4.255372431812E1,-4.799955296928E0,1.046209555691E1));
#448=CARTESIAN_POINT('',(4.396552771531E1,-4.299955482523E0,9.391065461821E0));
#449=CARTESIAN_POINT('',(4.404428191326E1,-4.299954905240E0,9.386173361864E0));
#450=CARTESIAN_POINT('',(4.421231016800E1,-4.291347415320E0,9.378795227828E0));
#451=CARTESIAN_POINT('',(4.448865782058E1,-4.251804276376E0,9.376374216243E0));
#452=CARTESIAN_POINT('',(4.479766035164E1,-4.183982253950E0,9.383086082977E0));
#453=CARTESIAN_POINT('',(4.513551441390E1,-4.088238591946E0,9.398401075864E0));
#454=CARTESIAN_POINT('',(4.546596073358E1,-3.979099930787E0,9.417560702285E0));
#455=CARTESIAN_POINT('',(4.576298748821E1,-3.872228711076E0,9.435373932800E0));
#456=CARTESIAN_POINT('',(4.603058145150E1,-3.771063766300E0,9.450265531385E0));
#457=CARTESIAN_POINT('',(4.627514625079E1,-3.675729286261E0,9.461938986787E0));
#458=CARTESIAN_POINT('',(4.649690986007E1,-3.587681045538E0,9.470395725730E0));
#459=CARTESIAN_POINT('',(4.671753722198E1,-3.499136884566E0,9.476551410934E0));
#460=CARTESIAN_POINT('',(4.687960022528E1,-3.433705581538E0,9.479115053580E0));
#461=CARTESIAN_POINT('',(4.696318992956E1,-3.399955467140E0,9.479838978606E0));
#463=CARTESIAN_POINT('',(4.7E1,-4.299956203582E0,5.229998547848E0));
#464=DIRECTION('',(0.E0,-1.E0,1.732870212380E-7));
#465=DIRECTION('',(-5.892179335110E-1,1.400114336377E-7,8.079741498519E-1));
#466=AXIS2_PLACEMENT_3D('',#463,#464,#465);
#468=CARTESIAN_POINT('',(4.974000181868E1,-3.399956959219E0,8.693917823165E-1));
#469=DIRECTION('',(-8.467197304956E-1,-9.219548613908E-8,-5.320391883963E-1));
#470=DIRECTION('',(-2.842170943040E-13,-1.E0,1.732874704224E-7));
#471=AXIS2_PLACEMENT_3D('',#468,#469,#470);
#473=CARTESIAN_POINT('',(5.034631582465E1,-4.799956657601E0,2.609946959154E0));
#474=CARTESIAN_POINT('',(5.034631562283E1,-4.784042218231E0,2.609946599982E0));
#475=CARTESIAN_POINT('',(5.034569778188E1,-4.752049226198E0,2.609157455519E0));
#476=CARTESIAN_POINT('',(5.034290635367E1,-4.703937356874E0,2.605596035756E0));
#477=CARTESIAN_POINT('',(5.033812590997E1,-4.654593186184E0,2.599514870188E0));
#478=CARTESIAN_POINT('',(5.033100360087E1,-4.602649368258E0,2.590495694162E0));
#479=CARTESIAN_POINT('',(5.032098010867E1,-4.546849430499E0,2.577884805826E0));
#480=CARTESIAN_POINT('',(5.030735383072E1,-4.486413495551E0,2.560895193868E0));
#481=CARTESIAN_POINT('',(5.028968189093E1,-4.421939174416E0,2.539121046175E0));
#482=CARTESIAN_POINT('',(5.026713785706E1,-4.352649991254E0,2.511758869079E0));
#483=CARTESIAN_POINT('',(5.023885861519E1,-4.278258565288E0,2.478075942017E0));
#484=CARTESIAN_POINT('',(5.020403164338E1,-4.198900058397E0,2.437543156547E0));
#485=CARTESIAN_POINT('',(5.016189132870E1,-4.114918014510E0,2.389831716123E0));
#486=CARTESIAN_POINT('',(5.011076126315E1,-4.025413044591E0,2.333811095860E0));
#487=CARTESIAN_POINT('',(5.004907356526E1,-3.930510778902E0,2.268773497312E0));
#488=CARTESIAN_POINT('',(4.997277465334E1,-3.828167911012E0,2.191946110699E0));
#489=CARTESIAN_POINT('',(4.988182649841E1,-3.723927193722E0,2.105385725016E0));
#490=CARTESIAN_POINT('',(4.978591870066E1,-3.631812156545E0,2.019655903401E0));
#491=CARTESIAN_POINT('',(4.969563671540E1,-3.559665654103E0,1.943616637946E0));
#492=CARTESIAN_POINT('',(4.961025272498E1,-3.503541491023E0,1.875488195953E0));
#493=CARTESIAN_POINT('',(4.953052525847E1,-3.461774106027E0,1.815035011804E0));
#494=CARTESIAN_POINT('',(4.945656828107E1,-3.432262419780E0,1.761524303198E0));
#495=CARTESIAN_POINT('',(4.938767985999E1,-3.412967165429E0,1.713802013434E0));
#496=CARTESIAN_POINT('',(4.932300837732E1,-3.402216711290E0,1.670780351873E0));
#497=CARTESIAN_POINT('',(4.928143290445E1,-3.399958452593E0,1.644172046526E0));
#498=CARTESIAN_POINT('',(4.926116524963E1,-3.399956827167E0,1.631438273242E0));
#500=CARTESIAN_POINT('',(5.023999997890E1,-4.799956711020E0,2.301705563761E0));
#501=CARTESIAN_POINT('',(5.023999994090E1,-4.791997296430E0,2.301705498019E0));
#502=CARTESIAN_POINT('',(5.023961797007E1,-4.776004242263E0,2.300611272567E0));
#503=CARTESIAN_POINT('',(5.023789324394E1,-4.752022008448E0,2.295662005614E0));
#504=CARTESIAN_POINT('',(5.023494662830E1,-4.727581358239E0,2.287182653896E0));
#505=CARTESIAN_POINT('',(5.023057398059E1,-4.702111611267E0,2.274545391627E0));
#506=CARTESIAN_POINT('',(5.022445762568E1,-4.675154871446E0,2.256760860656E0));
#507=CARTESIAN_POINT('',(5.021622160071E1,-4.646577799544E0,2.232612598441E0));
#508=CARTESIAN_POINT('',(5.020567891309E1,-4.616946964530E0,2.201370764530E0));
#509=CARTESIAN_POINT('',(5.019246733009E1,-4.586256679964E0,2.161712094384E0));
#510=CARTESIAN_POINT('',(5.017627676212E1,-4.554799389738E0,2.112378292820E0));
#511=CARTESIAN_POINT('',(5.015691139338E1,-4.523074430015E0,2.052395093790E0));
#512=CARTESIAN_POINT('',(5.013427279103E1,-4.491613282556E0,1.981103500556E0));
#513=CARTESIAN_POINT('',(5.010786635723E1,-4.460462996321E0,1.896665621950E0));
#514=CARTESIAN_POINT('',(5.007734785534E1,-4.430001436158E0,1.797911216307E0));
#515=CARTESIAN_POINT('',(5.004129867458E1,-4.399941106720E0,1.680595100182E0));
#516=CARTESIAN_POINT('',(5.000033149104E1,-4.372133276263E0,1.548084219434E0));
#517=CARTESIAN_POINT('',(4.995889333545E1,-4.349692787064E0,1.417322249415E0));
#518=CARTESIAN_POINT('',(4.992096649124E1,-4.333312706147E0,1.302561010399E0));
#519=CARTESIAN_POINT('',(4.988565372679E1,-4.321201675348E0,1.201465285265E0));
#520=CARTESIAN_POINT('',(4.985288376998E1,-4.312509104412E0,1.113867209564E0));
#521=CARTESIAN_POINT('',(4.982242424678E1,-4.306496202456E0,1.038622810803E0));
#522=CARTESIAN_POINT('',(4.979380560550E1,-4.302599225417E0,9.738776404278E-1));
#523=CARTESIAN_POINT('',(4.976659359465E1,-4.300421970004E0,9.178954721158E-1));
#524=CARTESIAN_POINT('',(4.974874592776E1,-4.299956932952E0,8.847794430242E-1));
#525=CARTESIAN_POINT('',(4.973999997370E1,-4.299956950338E0,8.693907645567E-1));
#527=CARTESIAN_POINT('',(5.074E1,-4.799956712065E0,2.301705616366E0));
#528=DIRECTION('',(0.E0,1.E0,-1.732870212304E-7));
#529=DIRECTION('',(-1.E0,0.E0,0.E0));
#530=AXIS2_PLACEMENT_3D('',#527,#528,#529);
#532=DIRECTION('',(1.757986349090E-8,-1.E0,2.171239861983E-7));
#533=VECTOR('',#532,1.199999999997E0);
#534=CARTESIAN_POINT('',(5.023999997890E1,-4.799956711020E0,2.301705563761E0));
#535=LINE('',#534,#533);
#536=CARTESIAN_POINT('',(5.074E1,-5.999956711017E0,2.301705824310E0));
#537=DIRECTION('',(0.E0,-1.E0,1.732870212304E-7));
#538=DIRECTION('',(-7.873684210410E-1,1.068284571915E-7,6.164827406727E-1));
#539=AXIS2_PLACEMENT_3D('',#536,#537,#538);
#541=DIRECTION('',(2.931113129983E-8,1.E0,-1.962398969246E-7));
#542=VECTOR('',#541,1.200000000003E0);
#543=CARTESIAN_POINT('',(5.034631578948E1,-5.999956657603E0,2.609947194642E0));
#544=LINE('',#543,#542);
#545=DIRECTION('',(1.757557654973E-8,-1.E0,1.294615703532E-7));
#546=VECTOR('',#545,1.199999999997E0);
#547=CARTESIAN_POINT('',(5.023999997891E1,-4.799960021394E0,-1.680170609751E1));
#548=LINE('',#547,#546);
#549=DIRECTION('',(0.E0,-1.732870211841E-7,-1.E0));
#550=VECTOR('',#549,1.910341176647E1);
#551=CARTESIAN_POINT('',(5.024E1,-5.999956711017E0,2.301705824310E0));
#552=LINE('',#551,#550);
#553=DIRECTION('',(-2.692885175758E-13,1.732870213015E-7,1.E0));
#554=VECTOR('',#553,1.910341166127E1);
#555=CARTESIAN_POINT('',(5.023999997891E1,-4.799960021394E0,-1.680170609751E1));
#556=LINE('',#555,#554);
#557=CARTESIAN_POINT('',(4.926116524948E1,-3.399959905243E0,-1.613143929243E1));
#558=CARTESIAN_POINT('',(4.928143402320E1,-3.399961535826E0,-1.614417376858E1));
#559=CARTESIAN_POINT('',(4.932301198149E1,-3.402220050992E0,-1.617078368759E1));
#560=CARTESIAN_POINT('',(4.938768773899E1,-3.412971866563E0,-1.621380833717E1));
#561=CARTESIAN_POINT('',(4.945658142483E1,-3.432269756447E0,-1.626153454694E1));
#562=CARTESIAN_POINT('',(4.953054411890E1,-3.461785899015E0,-1.631504996617E1));
#563=CARTESIAN_POINT('',(4.961027747178E1,-3.503558400796E0,-1.637550815695E1));
#564=CARTESIAN_POINT('',(4.969567180546E1,-3.559695884016E0,-1.644364682794E1));
#565=CARTESIAN_POINT('',(4.978593700180E1,-3.631827490313E0,-1.651967150532E1));
#566=CARTESIAN_POINT('',(4.988192345283E1,-3.724035748210E0,-1.660547701751E1));
#567=CARTESIAN_POINT('',(4.997274055735E1,-3.828128909186E0,-1.669191381429E1));
#568=CARTESIAN_POINT('',(5.004914314331E1,-3.930615040634E0,-1.676884607513E1));
#569=CARTESIAN_POINT('',(5.011067783836E1,-4.025284772917E0,-1.683372341501E1));
#570=CARTESIAN_POINT('',(5.016188440020E1,-4.114903837830E0,-1.688982386561E1));
#571=CARTESIAN_POINT('',(5.020400237322E1,-4.198843896459E0,-1.693751070588E1));
#572=CARTESIAN_POINT('',(5.023884012904E1,-4.278215188632E0,-1.697805468530E1));
#573=CARTESIAN_POINT('',(5.026712597751E1,-4.352619471216E0,-1.701174527886E1));
#574=CARTESIAN_POINT('',(5.028967424612E1,-4.421916727829E0,-1.703911233744E1));
#575=CARTESIAN_POINT('',(5.030734822943E1,-4.486394294026E0,-1.706088888923E1));
#576=CARTESIAN_POINT('',(5.032097667214E1,-4.546835482540E0,-1.707788111592E1));
#577=CARTESIAN_POINT('',(5.033100162171E1,-4.602639950765E0,-1.709049379587E1));
#578=CARTESIAN_POINT('',(5.033812489925E1,-4.654587575962E0,-1.709951417013E1));
#579=CARTESIAN_POINT('',(5.034290593820E1,-4.703934912378E0,-1.710559607305E1));
#580=CARTESIAN_POINT('',(5.034569770820E1,-4.752049752036E0,-1.710915791170E1));
#581=CARTESIAN_POINT('',(5.034631562259E1,-4.784044683438E0,-1.710994713888E1));
#582=CARTESIAN_POINT('',(5.034631582463E1,-4.799960074771E0,-1.710994749291E1));
#584=CARTESIAN_POINT('',(4.973999971421E1,-4.299959764310E0,-1.536939280065E1));
#585=CARTESIAN_POINT('',(4.974838622906E1,-4.299959744025E0,-1.538414902323E1));
#586=CARTESIAN_POINT('',(4.976547615342E1,-4.300386950925E0,-1.541578947216E1));
#587=CARTESIAN_POINT('',(4.979150267483E1,-4.302381487532E0,-1.546900510359E1));
#588=CARTESIAN_POINT('',(4.981877524278E1,-4.305932735695E0,-1.553012116207E1));
#589=CARTESIAN_POINT('',(4.984768548660E1,-4.311375319962E0,-1.560066981289E1));
#590=CARTESIAN_POINT('',(4.987866616485E1,-4.319185343944E0,-1.568232897881E1));
#591=CARTESIAN_POINT('',(4.991194642489E1,-4.329984895036E0,-1.577622345230E1));
#592=CARTESIAN_POINT('',(4.994755781147E1,-4.344462272168E0,-1.588250169189E1));
#593=CARTESIAN_POINT('',(4.998651091553E1,-4.364146458888E0,-1.600401962915E1));
#594=CARTESIAN_POINT('',(5.002627748572E1,-4.389121518500E0,-1.613180675635E1));
#595=CARTESIAN_POINT('',(5.006289438153E1,-4.417331314524E0,-1.625088917568E1));
#596=CARTESIAN_POINT('',(5.009439276347E1,-4.446444907439E0,-1.635317017702E1));
#597=CARTESIAN_POINT('',(5.012148286468E1,-4.475956514013E0,-1.644034248824E1));
#598=CARTESIAN_POINT('',(5.014502932588E1,-4.505997299923E0,-1.651511190579E1));
#599=CARTESIAN_POINT('',(5.016531451503E1,-4.536270772357E0,-1.657854014799E1));
#600=CARTESIAN_POINT('',(5.018265864781E1,-4.566632060671E0,-1.663191366527E1));
#601=CARTESIAN_POINT('',(5.019714425683E1,-4.596569701678E0,-1.667581123749E1));
#602=CARTESIAN_POINT('',(5.020897842586E1,-4.625691202385E0,-1.671118394554E1));
#603=CARTESIAN_POINT('',(5.021845733778E1,-4.653820663683E0,-1.673918629755E1));
#604=CARTESIAN_POINT('',(5.022586696239E1,-4.680888010699E0,-1.676086707238E1));
#605=CARTESIAN_POINT('',(5.023139273451E1,-4.706441370544E0,-1.677691538797E1));
#606=CARTESIAN_POINT('',(5.023536972907E1,-4.730679018358E0,-1.678840190724E1));
#607=CARTESIAN_POINT('',(5.023806587690E1,-4.754033100148E0,-1.679615825525E1));
#608=CARTESIAN_POINT('',(5.023964907444E1,-4.777005966820E0,-1.680070094807E1));
#609=CARTESIAN_POINT('',(5.023999994243E1,-4.792329192795E0,-1.680170603704E1));
#610=CARTESIAN_POINT('',(5.023999997891E1,-4.799960021394E0,-1.680170609751E1));
#612=CARTESIAN_POINT('',(4.696318992956E1,-3.399961265268E0,-2.397983999717E1));
#613=CARTESIAN_POINT('',(4.688570691361E1,-3.431244826462E0,-2.397916893560E1));
#614=CARTESIAN_POINT('',(4.672909204971E1,-3.494480907140E0,-2.397679738991E1));
#615=CARTESIAN_POINT('',(4.649963596344E1,-3.586634518368E0,-2.397058015588E1));
#616=CARTESIAN_POINT('',(4.624182562652E1,-3.688940762311E0,-2.396060189063E1));
#617=CARTESIAN_POINT('',(4.596275157636E1,-3.797210258717E0,-2.394674706561E1));
#618=CARTESIAN_POINT('',(4.565261795710E1,-3.912984556347E0,-2.392884565991E1));
#619=CARTESIAN_POINT('',(4.532444395169E1,-4.027247885116E0,-2.390910532494E1));
#620=CARTESIAN_POINT('',(4.502469582003E1,-4.120812237460E0,-2.389297532716E1));
#621=CARTESIAN_POINT('',(4.475964905244E1,-4.192048445605E0,-2.388235117169E1));
#622=CARTESIAN_POINT('',(4.452575486443E1,-4.243215116537E0,-2.387736850271E1));
#623=CARTESIAN_POINT('',(4.431824173860E1,-4.277022132136E0,-2.387752965664E1));
#624=CARTESIAN_POINT('',(4.413282314882E1,-4.295972980899E0,-2.388209122498E1));
#625=CARTESIAN_POINT('',(4.401917734210E1,-4.299961086282E0,-2.388774063968E1));
#626=CARTESIAN_POINT('',(4.396552944450E1,-4.299961249877E0,-2.389106605596E1));
#628=CARTESIAN_POINT('',(4.974000181909E1,-3.399959773189E0,-1.536939280068E1));
#629=DIRECTION('',(8.467197304922E-1,-9.219548614002E-8,-5.320391884017E-1));
#630=DIRECTION('',(-2.842170943040E-13,-1.E0,1.732865683045E-7));
#631=AXIS2_PLACEMENT_3D('',#628,#629,#630);
#633=CARTESIAN_POINT('',(4.7E1,-4.299960528826E0,-1.972999925487E1));
#634=DIRECTION('',(0.E0,-1.E0,1.732870212380E-7));
#635=DIRECTION('',(5.320388348304E-1,1.467255783740E-7,8.467199526598E-1));
#636=AXIS2_PLACEMENT_3D('',#633,#634,#635);
#638=CARTESIAN_POINT('',(4.396552769592E1,-4.799961249885E0,-2.389106607623E1));
#639=DIRECTION('',(-9.607998658170E-1,-4.804259384232E-8,-2.772428860151E-1));
#640=DIRECTION('',(0.E0,1.E0,-1.732870344995E-7));
#641=AXIS2_PLACEMENT_3D('',#638,#639,#640);
#643=CARTESIAN_POINT('',(4.125607827040E1,-4.799961461183E0,-2.511041833753E1));
#644=DIRECTION('',(-8.446710790271E-1,-9.275806246215E-8,-5.352856884461E-1));
#645=DIRECTION('',(-7.531752999057E-13,1.E0,-1.732858265768E-7));
#646=AXIS2_PLACEMENT_3D('',#643,#644,#645);
#648=CARTESIAN_POINT('',(3.502E1,-4.799961774760E0,-2.692000026686E1));
#649=DIRECTION('',(-1.E0,0.E0,0.E0));
#650=DIRECTION('',(0.E0,1.E0,-1.732868426529E-7));
#651=AXIS2_PLACEMENT_3D('',#648,#649,#650);
#653=CARTESIAN_POINT('',(1.590945584808E1,-4.799961774760E0,-2.692000026687E1));
#654=DIRECTION('',(-1.E0,0.E0,0.E0));
#655=DIRECTION('',(0.E0,1.E0,-1.732840217983E-7));
#656=AXIS2_PLACEMENT_3D('',#653,#654,#655);
#658=CARTESIAN_POINT('',(1.367929203299E1,-4.799961816275E0,-2.715957291914E1));
#659=DIRECTION('',(-9.771835569258E-1,-3.680556615187E-8,-2.123965538181E-1));
#660=DIRECTION('',(3.801403636317E-13,1.E0,-1.732887753292E-7));
#661=AXIS2_PLACEMENT_3D('',#658,#659,#660);
#663=CARTESIAN_POINT('',(2.245820457211E0,-4.799962246916E0,-2.964470474894E1));
#664=DIRECTION('',(-9.771835569258E-1,-3.680556793331E-8,-2.123965538181E-1));
#665=DIRECTION('',(0.E0,1.E0,-1.732870273941E-7));
#666=AXIS2_PLACEMENT_3D('',#663,#664,#665);
#668=CARTESIAN_POINT('',(2.352019393218E0,-4.799962331594E0,-3.013329638415E1));
#669=CARTESIAN_POINT('',(2.180642132050E0,-4.799959237783E0,-3.017054623288E1));
#670=CARTESIAN_POINT('',(1.825261756902E0,-4.770033339720E0,-3.024779023837E1));
#671=CARTESIAN_POINT('',(1.229038736554E0,-4.622099850199E0,-3.037738282002E1));
#672=CARTESIAN_POINT('',(6.454710822862E-1,-4.391595879759E0,
-3.050422469822E1));
#673=CARTESIAN_POINT('',(1.527549836825E-1,-4.145781008096E0,
-3.061131946282E1));
#674=CARTESIAN_POINT('',(-2.651368063060E-1,-3.910782325204E0,
-3.070215072491E1));
#675=CARTESIAN_POINT('',(-6.577913929657E-1,-3.674548398174E0,
-3.078749653408E1));
#676=CARTESIAN_POINT('',(-9.480492543124E-1,-3.493298571365E0,
-3.085058580622E1));
#677=CARTESIAN_POINT('',(-1.097314646392E0,-3.399962461501E0,
-3.088302952722E1));
#679=DIRECTION('',(3.969132714806E-11,-1.E0,1.730773090659E-7));
#680=VECTOR('',#679,2.6E0);
#681=CARTESIAN_POINT('',(-1.097314646392E0,-3.399962461501E0,
-3.088302952722E1));
#682=LINE('',#681,#680);
#683=DIRECTION('',(-9.771835569258E-1,-3.680556622746E-8,-2.123965538182E-1));
#684=VECTOR('',#683,1.523030637457E1);
#685=CARTESIAN_POINT('',(1.378549030988E1,-5.999961900941E0,-2.764816448967E1));
#686=LINE('',#685,#684);
#687=DIRECTION('',(1.379637145268E-11,1.E0,-1.732842728567E-7));
#688=VECTOR('',#687,1.2E0);
#689=CARTESIAN_POINT('',(1.378549030988E1,-5.999961900941E0,-2.764816448967E1));
#690=LINE('',#689,#688);
#691=DIRECTION('',(-9.771835569258E-1,-3.680660445753E-8,-2.123965538180E-1));
#692=VECTOR('',#691,1.170043318438E1);
#693=CARTESIAN_POINT('',(1.378549030990E1,-4.799961900941E0,-2.764816469761E1));
#694=LINE('',#693,#692);
#695=CARTESIAN_POINT('',(-2.E0,-3.399961741835E0,-2.672999941083E1));
#696=DIRECTION('',(0.E0,-1.E0,1.732870212380E-7));
#697=DIRECTION('',(2.123965538181E-1,-1.693332278057E-7,-9.771835569258E-1));
#698=AXIS2_PLACEMENT_3D('',#695,#696,#697);
#700=DIRECTION('',(3.703131135070E-10,1.E0,-1.707426946496E-7));
#701=VECTOR('',#700,2.E0);
#702=CARTESIAN_POINT('',(2.249999999259E0,-3.399961741835E0,-2.672999941073E1));
#703=LINE('',#702,#701);
#704=CARTESIAN_POINT('',(-2.E0,-1.399961741836E0,-2.672999975741E1));
#705=DIRECTION('',(0.E0,-1.E0,1.732870212380E-7));
#706=DIRECTION('',(-1.E0,0.E0,-9.421136289401E-10));
#707=AXIS2_PLACEMENT_3D('',#704,#705,#706);
#709=DIRECTION('',(0.E0,-1.E0,1.744161777325E-7));
#710=VECTOR('',#709,4.6E0);
#711=CARTESIAN_POINT('',(-6.25E0,-1.399961741836E0,-2.672999976660E1));
#712=LINE('',#711,#710);
#713=CARTESIAN_POINT('',(-2.E0,-5.999961741835E0,-2.672999896029E1));
#714=DIRECTION('',(0.E0,1.E0,-1.732870212380E-7));
#715=DIRECTION('',(2.123965538078E-1,-1.693332278057E-7,-9.771835569280E-1));
#716=AXIS2_PLACEMENT_3D('',#713,#714,#715);
#718=CARTESIAN_POINT('',(-4.740631698057E0,-4.299960986232E0,
-2.236978915845E1));
#719=CARTESIAN_POINT('',(-4.821867979108E0,-4.299958260313E0,
-2.253155792097E1));
#720=CARTESIAN_POINT('',(-4.987150373212E0,-4.271264711260E0,
-2.285902968508E1));
#721=CARTESIAN_POINT('',(-5.239125137048E0,-4.165727541444E0,
-2.336824475341E1));
#722=CARTESIAN_POINT('',(-5.474010569583E0,-4.022926561535E0,
-2.387025516103E1));
#723=CARTESIAN_POINT('',(-5.671831891754E0,-3.871783289593E0,
-2.433236625013E1));
#724=CARTESIAN_POINT('',(-5.833416400039E0,-3.725616164109E0,
-2.475241448600E1));
#725=CARTESIAN_POINT('',(-5.977264103234E0,-3.574611377612E0,
-2.517456364699E1));
#726=CARTESIAN_POINT('',(-6.069765458069E0,-3.459667897909E0,
-2.549339755914E1));
#727=CARTESIAN_POINT('',(-6.113130885063E0,-3.399961556438E0,
-2.566011422184E1));
#729=CARTESIAN_POINT('',(2.245820111955E0,-4.299962246908E0,-2.964470500479E1));
#730=CARTESIAN_POINT('',(2.112229833158E0,-4.299960841358E0,-2.970515772302E1));
#731=CARTESIAN_POINT('',(1.820717453044E0,-4.280725338917E0,-2.983768696427E1));
#732=CARTESIAN_POINT('',(1.307822224058E0,-4.185620505524E0,-3.006767920095E1));
#733=CARTESIAN_POINT('',(7.632288347809E-1,-4.037443240824E0,
-3.029851094004E1));
#734=CARTESIAN_POINT('',(2.697274210232E-1,-3.879409719924E0,
-3.048789643966E1));
#735=CARTESIAN_POINT('',(-1.712500954538E-1,-3.728372519522E0,
-3.063788121569E1));
#736=CARTESIAN_POINT('',(-6.016823656304E-1,-3.576385307910E0,
-3.076560112691E1));
#737=CARTESIAN_POINT('',(-9.275591326797E-1,-3.460172593708E0,
-3.084613216434E1));
#738=CARTESIAN_POINT('',(-1.097314646392E0,-3.399962461501E0,
-3.088302952722E1));
#740=CARTESIAN_POINT('',(-2.E0,-4.299961741835E0,-2.672999925487E1));
#741=DIRECTION('',(0.E0,-1.E0,1.732870212380E-7));
#742=DIRECTION('',(8.244311719438E-1,-9.807390856201E-8,-5.659622272974E-1));
#743=AXIS2_PLACEMENT_3D('',#740,#741,#742);
#745=CARTESIAN_POINT('',(-4.740631175750E0,-4.799960986267E0,
-2.236978807980E1));
#746=DIRECTION('',(-2.517376915602E-1,-1.677063978534E-7,-9.677955024942E-1));
#747=DIRECTION('',(-9.677955024942E-1,4.362287420179E-8,2.517376915602E-1));
#748=AXIS2_PLACEMENT_3D('',#745,#746,#747);
#750=CARTESIAN_POINT('',(-2.288147223813E0,-4.799959352434E0,
-1.294131146229E1));
#751=DIRECTION('',(-2.517376915602E-1,-1.677063997961E-7,-9.677955024942E-1));
#752=DIRECTION('',(-9.677955024942E-1,4.362287420179E-8,2.517376915602E-1));
#753=AXIS2_PLACEMENT_3D('',#750,#751,#752);
#755=CARTESIAN_POINT('',(-5.224528458208E0,-4.799960964520E0,
-2.224391743179E1));
#756=CARTESIAN_POINT('',(-5.278296605134E0,-4.799953833850E0,
-2.245062692551E1));
#757=CARTESIAN_POINT('',(-5.383330125917E0,-4.755314712770E0,
-2.285442410956E1));
#758=CARTESIAN_POINT('',(-5.536399593851E0,-4.591158903359E0,
-2.344289359491E1));
#759=CARTESIAN_POINT('',(-5.676263181738E0,-4.369013659479E0,
-2.398059361185E1));
#760=CARTESIAN_POINT('',(-5.796647126270E0,-4.133918246025E0,
-2.444340491992E1));
#761=CARTESIAN_POINT('',(-5.900588830599E0,-3.906496528043E0,
-2.484300469124E1));
#762=CARTESIAN_POINT('',(-6.001054188156E0,-3.671784149431E0,
-2.522923978583E1));
#763=CARTESIAN_POINT('',(-6.074996226799E0,-3.492525528336E0,
-2.551350703494E1));
#764=CARTESIAN_POINT('',(-6.113130885063E0,-3.399961556438E0,
-2.566011422184E1));
#766=DIRECTION('',(-2.517376915603E-1,-1.677129917069E-7,-9.677955024941E-1));
#767=VECTOR('',#766,9.742218052244E0);
#768=CARTESIAN_POINT('',(-2.772044975060E0,-4.799959330623E0,
-1.281544261651E1));
#769=LINE('',#768,#767);
#770=DIRECTION('',(2.517376915602E-1,1.677063998542E-7,9.677955024942E-1));
#771=VECTOR('',#770,1.327209243016E1);
#772=CARTESIAN_POINT('',(-6.113130885600E0,-5.999961556438E0,
-2.566011377115E1));
#773=LINE('',#772,#771);
#774=DIRECTION('',(2.062948102942E-10,1.E0,-1.733428621155E-7));
#775=VECTOR('',#774,2.6E0);
#776=CARTESIAN_POINT('',(-6.113130885600E0,-5.999961556438E0,
-2.566011377115E1));
#777=LINE('',#776,#775);
#778=CARTESIAN_POINT('',(-1.245E1,-4.799958894394E0,-1.029806570090E1));
#779=DIRECTION('',(0.E0,1.E0,-1.732870212710E-7));
#780=DIRECTION('',(1.E0,0.E0,0.E0));
#781=AXIS2_PLACEMENT_3D('',#778,#779,#780);
#783=CARTESIAN_POINT('',(-1.245E1,-5.999958894394E0,-1.029806549296E1));
#784=DIRECTION('',(0.E0,1.E0,-1.732870212710E-7));
#785=DIRECTION('',(1.E0,0.E0,0.E0));
#786=AXIS2_PLACEMENT_3D('',#783,#784,#785);
#788=DIRECTION('',(-2.864375403533E-12,1.E0,-1.732989026356E-7));
#789=VECTOR('',#788,1.2E0);
#790=CARTESIAN_POINT('',(-2.772044975056E0,-5.999959330623E0,
-1.281544240855E1));
#791=LINE('',#790,#789);
#792=CARTESIAN_POINT('',(-1.95E0,-4.799958894394E0,-1.029806570090E1));
#793=DIRECTION('',(0.E0,-1.732870212710E-7,-1.E0));
#794=DIRECTION('',(-1.E0,0.E0,0.E0));
#795=AXIS2_PLACEMENT_3D('',#792,#793,#794);
#797=CARTESIAN_POINT('',(-1.95E0,-4.799957838014E0,-4.201932635559E0));
#798=DIRECTION('',(0.E0,-1.732870212508E-7,-1.E0));
#799=DIRECTION('',(-1.E0,0.E0,0.E0));
#800=AXIS2_PLACEMENT_3D('',#797,#798,#799);
#802=DIRECTION('',(0.E0,-1.732870215709E-7,-1.E0));
#803=VECTOR('',#802,6.096133065339E0);
#804=CARTESIAN_POINT('',(-2.45E0,-4.799957838014E0,-4.201932635562E0));
#805=LINE('',#804,#803);
#806=DIRECTION('',(0.E0,1.732870214251E-7,1.E0));
#807=VECTOR('',#806,6.096133065345E0);
#808=CARTESIAN_POINT('',(-2.45E0,-5.999958894394E0,-1.029806549296E1));
#809=LINE('',#808,#807);
#810=DIRECTION('',(0.E0,1.E0,-1.732847080641E-7));
#811=VECTOR('',#810,1.2E0);
#812=CARTESIAN_POINT('',(-2.45E0,-5.999958894394E0,-1.029806549296E1));
#813=LINE('',#812,#811);
#814=CARTESIAN_POINT('',(-1.245E1,-4.799957838014E0,-4.201932635559E0));
#815=DIRECTION('',(0.E0,1.E0,-1.732870212710E-7));
#816=DIRECTION('',(9.677955024942E-1,4.362287473469E-8,2.517376915602E-1));
#817=AXIS2_PLACEMENT_3D('',#814,#815,#816);
#819=CARTESIAN_POINT('',(-1.245E1,-5.999957838014E0,-4.201932427615E0));
#820=DIRECTION('',(0.E0,-1.E0,1.732870212710E-7));
#821=DIRECTION('',(1.E0,0.E0,0.E0));
#822=AXIS2_PLACEMENT_3D('',#819,#820,#821);
#824=DIRECTION('',(0.E0,1.E0,-1.732893376941E-7));
#825=VECTOR('',#824,1.2E0);
#826=CARTESIAN_POINT('',(-2.45E0,-5.999957838014E0,-4.201932427615E0));
#827=LINE('',#826,#825);
#828=CARTESIAN_POINT('',(-2.288147223811E0,-4.799957379973E0,
-1.558686874177E0));
#829=DIRECTION('',(2.517376915602E-1,-1.677063998267E-7,-9.677955024942E-1));
#830=DIRECTION('',(-9.677955024942E-1,-4.362287242543E-8,-2.517376915602E-1));
#831=AXIS2_PLACEMENT_3D('',#828,#829,#830);
#833=CARTESIAN_POINT('',(-4.740630492495E0,-4.799955746141E0,7.869787116602E0));
#834=DIRECTION('',(2.517376915602E-1,-1.677063997729E-7,-9.677955024942E-1));
#835=DIRECTION('',(-9.677955024942E-1,-4.362287420179E-8,-2.517376915602E-1));
#836=AXIS2_PLACEMENT_3D('',#833,#834,#835);
#838=DIRECTION('',(2.517376915604E-1,-1.673742801933E-7,-9.677955024941E-1));
#839=VECTOR('',#838,9.742215951453E0);
#840=CARTESIAN_POINT('',(-5.224527929361E0,-4.799955771188E0,7.743917062188E0));
#841=LINE('',#840,#839);
#842=CARTESIAN_POINT('',(-6.113027317514E0,-3.399761162141E0,1.115971606010E1));
#843=CARTESIAN_POINT('',(-6.110345817158E0,-3.406766178219E0,1.114940164628E1));
#844=CARTESIAN_POINT('',(-6.104869540440E0,-3.419918448343E0,1.112835808773E1));
#845=CARTESIAN_POINT('',(-6.096084310705E0,-3.441322290725E0,1.109457970123E1));
#846=CARTESIAN_POINT('',(-6.086480481006E0,-3.464603124562E0,1.105765921728E1));
#847=CARTESIAN_POINT('',(-6.075985108002E0,-3.490047172321E0,1.101730989747E1));
#848=CARTESIAN_POINT('',(-6.064477239959E0,-3.517902511011E0,1.097306843866E1));
#849=CARTESIAN_POINT('',(-6.051847305322E0,-3.548419932579E0,1.092451314436E1));
#850=CARTESIAN_POINT('',(-6.037981671951E0,-3.581838649275E0,1.087120728178E1));
#851=CARTESIAN_POINT('',(-6.022762760939E0,-3.618395732062E0,1.081269879102E1));
#852=CARTESIAN_POINT('',(-6.006002841737E0,-3.658475380349E0,1.074826595826E1));
#853=CARTESIAN_POINT('',(-5.987519783496E0,-3.702418628138E0,1.067720858645E1));
#854=CARTESIAN_POINT('',(-5.967095594807E0,-3.750610946491E0,1.059868861702E1));
#855=CARTESIAN_POINT('',(-5.944462003314E0,-3.803497326884E0,1.051167468751E1));
#856=CARTESIAN_POINT('',(-5.919340869764E0,-3.861463453780E0,1.041509750280E1));
#857=CARTESIAN_POINT('',(-5.891354579402E0,-3.925006603436E0,1.030750533809E1));
#858=CARTESIAN_POINT('',(-5.860103834212E0,-3.994503828020E0,1.018736310820E1));
#859=CARTESIAN_POINT('',(-5.825054540956E0,-4.070388111048E0,1.005261751306E1));
#860=CARTESIAN_POINT('',(-5.785603904124E0,-4.152884221173E0,9.900951129465E0));
#861=CARTESIAN_POINT('',(-5.741009044419E0,-4.241985549947E0,9.729507987508E0));
#862=CARTESIAN_POINT('',(-5.690330692656E0,-4.337335351032E0,9.534677104722E0));
#863=CARTESIAN_POINT('',(-5.632218153994E0,-4.438060657279E0,9.311265786834E0));
#864=CARTESIAN_POINT('',(-5.566011069031E0,-4.540563880232E0,9.056735314348E0));
#865=CARTESIAN_POINT('',(-5.488403585640E0,-4.642518783418E0,8.758376446210E0));
#866=CARTESIAN_POINT('',(-5.399003317103E0,-4.732319779911E0,8.414680755518E0));
#867=CARTESIAN_POINT('',(-5.306387661917E0,-4.789072592885E0,8.058623368096E0));
#868=CARTESIAN_POINT('',(-5.251204612207E0,-4.799955307797E0,7.846474859854E0));
#869=CARTESIAN_POINT('',(-5.224527929361E0,-4.799955771188E0,7.743917062188E0));
#871=DIRECTION('',(-3.997514968875E-5,-9.999999873388E-1,1.540269506102E-4));
#872=VECTOR('',#871,2.600194046750E0);
#873=CARTESIAN_POINT('',(-6.113027317514E0,-3.399761162141E0,1.115971606010E1));
#874=LINE('',#873,#872);
#875=DIRECTION('',(-2.517377050051E-1,1.677063992870E-7,9.677954989970E-1));
#876=VECTOR('',#875,1.327209321120E1);
#877=CARTESIAN_POINT('',(-2.772044975058E0,-5.999957401785E0,
-1.684555512012E0));
#878=LINE('',#877,#876);
#879=DIRECTION('',(-3.471297323661E-13,1.E0,-1.732857368708E-7));
#880=VECTOR('',#879,1.2E0);
#881=CARTESIAN_POINT('',(-2.772044975058E0,-5.999957401785E0,
-1.684555512012E0));
#882=LINE('',#881,#880);
#883=CARTESIAN_POINT('',(-6.113027317514E0,-3.399761162141E0,1.115971606010E1));
#884=CARTESIAN_POINT('',(-6.110086901425E0,-3.404046381550E0,1.114841159243E1));
#885=CARTESIAN_POINT('',(-6.103671590177E0,-3.412922034051E0,1.112393221471E1));
#886=CARTESIAN_POINT('',(-6.093564490210E0,-3.426512684585E0,1.108596828172E1));
#887=CARTESIAN_POINT('',(-6.082252559786E0,-3.441524102734E0,1.104417691529E1));
#888=CARTESIAN_POINT('',(-6.069709889524E0,-3.457868931875E0,1.099867044247E1));
#889=CARTESIAN_POINT('',(-6.055708106550E0,-3.475779154615E0,1.094884353702E1));
#890=CARTESIAN_POINT('',(-6.040054852309E0,-3.495396644880E0,1.089428927944E1));
#891=CARTESIAN_POINT('',(-6.022528668968E0,-3.516880337216E0,1.083455921536E1));
#892=CARTESIAN_POINT('',(-6.002890533088E0,-3.540381263295E0,1.076921439142E1));
#893=CARTESIAN_POINT('',(-5.980790692479E0,-3.566146772342E0,1.069753493936E1));
#894=CARTESIAN_POINT('',(-5.955861870322E0,-3.594396004202E0,1.061885792825E1));
#895=CARTESIAN_POINT('',(-5.927662849331E0,-3.625376787039E0,1.053240865584E1));
#896=CARTESIAN_POINT('',(-5.895652073333E0,-3.659375180313E0,1.043725670542E1));
#897=CARTESIAN_POINT('',(-5.859242386389E0,-3.696639125450E0,1.033250489497E1));
#898=CARTESIAN_POINT('',(-5.817669942158E0,-3.737488299984E0,1.021694195936E1));
#899=CARTESIAN_POINT('',(-5.770107539149E0,-3.782165094035E0,1.008940268579E1));
#900=CARTESIAN_POINT('',(-5.715501285115E0,-3.830947854901E0,9.948351622694E0));
#901=CARTESIAN_POINT('',(-5.652683325377E0,-3.883981074468E0,9.792218895864E0));
#902=CARTESIAN_POINT('',(-5.580292851466E0,-3.941260510086E0,9.619197312112E0));
#903=CARTESIAN_POINT('',(-5.496735963055E0,-4.002556803188E0,9.427108370319E0));
#904=CARTESIAN_POINT('',(-5.399908555269E0,-4.067308820897E0,9.212829454158E0));
#905=CARTESIAN_POINT('',(-5.289176743012E0,-4.133203668934E0,8.976267908373E0));
#906=CARTESIAN_POINT('',(-5.160020204105E0,-4.198746230632E0,8.708771125325E0));
#907=CARTESIAN_POINT('',(-5.013536651561E0,-4.256475267166E0,8.412869278590E0));
#908=CARTESIAN_POINT('',(-4.866279015345E0,-4.292959657902E0,8.119574225318E0));
#909=CARTESIAN_POINT('',(-4.780770572302E0,-4.299955500565E0,7.949697013459E0));
#910=CARTESIAN_POINT('',(-4.740630847975E0,-4.299955746137E0,7.869787732809E0));
#912=CARTESIAN_POINT('',(-2.E0,-4.299954990573E0,1.222999854785E1));
#913=DIRECTION('',(0.E0,-1.E0,1.732870212380E-7));
#914=DIRECTION('',(-5.321612559014E-1,-1.467122463848E-7,-8.466430166944E-1));
#915=AXIS2_PLACEMENT_3D('',#912,#913,#914);
#917=CARTESIAN_POINT('',(2.245817672668E0,-4.299954485457E0,1.514470719263E1));
#918=CARTESIAN_POINT('',(2.080931860112E0,-4.299951720634E0,1.521931937119E1));
#919=CARTESIAN_POINT('',(1.747100706274E0,-4.271269089122E0,1.537119848881E1));
#920=CARTESIAN_POINT('',(1.228186195379E0,-4.165761310109E0,1.560234551694E1));
#921=CARTESIAN_POINT('',(7.170688452068E-1,-4.022965413409E0,1.581675247082E1));
#922=CARTESIAN_POINT('',(2.473103105747E-1,-3.871817932849E0,1.599574063498E1));
#923=CARTESIAN_POINT('',(-1.789601663708E-1,-3.725642620364E0,
1.614022251429E1));
#924=CARTESIAN_POINT('',(-6.066242927886E-1,-3.574625077655E0,
1.626689809699E1));
#925=CARTESIAN_POINT('',(-9.289691604776E-1,-3.459677639710E0,
1.634643874260E1));
#926=CARTESIAN_POINT('',(-1.097314418368E0,-3.399954270907E0,1.638302955736E1));
#928=CARTESIAN_POINT('',(2.245818684252E0,-4.799954485492E0,1.514470679785E1));
#929=DIRECTION('',(-9.771835569258E-1,3.680556651363E-8,2.123965538181E-1));
#930=DIRECTION('',(2.123965538181E-1,1.693332318808E-7,9.771835569258E-1));
#931=AXIS2_PLACEMENT_3D('',#928,#929,#930);
#933=CARTESIAN_POINT('',(1.367930214213E1,-4.799954916134E0,1.265957238541E1));
#934=DIRECTION('',(-9.771835569258E-1,3.680556611433E-8,2.123965538181E-1));
#935=DIRECTION('',(2.123965538181E-1,1.693332283281E-7,9.771835569258E-1));
#936=AXIS2_PLACEMENT_3D('',#933,#934,#935);
#938=CARTESIAN_POINT('',(2.352018779596E0,-4.799954400890E0,1.563329818107E1));
#939=CARTESIAN_POINT('',(2.143347812727E0,-4.799947231528E0,1.567865403456E1));
#940=CARTESIAN_POINT('',(1.735702066580E0,-4.755325140387E0,1.576725821005E1));
#941=CARTESIAN_POINT('',(1.141595124022E0,-4.591215116097E0,1.589639079915E1));
#942=CARTESIAN_POINT('',(5.986455362014E-1,-4.369077863587E0,1.601440401247E1));
#943=CARTESIAN_POINT('',(1.313117254894E-1,-4.133975988443E0,1.611598175163E1));
#944=CARTESIAN_POINT('',(-2.721995107824E-1,-3.906541524212E0,
1.620368706301E1));
#945=CARTESIAN_POINT('',(-6.622199847555E-1,-3.671809806628E0,
1.628846089729E1));
#946=CARTESIAN_POINT('',(-9.492796064976E-1,-3.492543901148E0,
1.635085334237E1));
#947=CARTESIAN_POINT('',(-1.097314418368E0,-3.399954270907E0,1.638302955736E1));
#949=DIRECTION('',(-9.771835569258E-1,3.680008420523E-8,2.123965538183E-1));
#950=VECTOR('',#949,1.170044415751E1);
#951=CARTESIAN_POINT('',(1.378550041904E1,-4.799954831467E0,1.314816416387E1));
#952=LINE('',#951,#950);
#953=DIRECTION('',(9.771835669069E-1,-3.680555811162E-8,-2.123965078976E-1));
#954=VECTOR('',#953,1.523030905725E1);
#955=CARTESIAN_POINT('',(-1.097307310568E0,-5.999954270907E0,1.638302882977E1));
#956=LINE('',#955,#954);
#957=DIRECTION('',(-2.733769307072E-6,9.999999999962E-1,2.798437187951E-7));
#958=VECTOR('',#957,2.600000000010E0);
#959=CARTESIAN_POINT('',(-1.097307310568E0,-5.999954270907E0,1.638302882977E1));
#960=LINE('',#959,#958);
#961=CARTESIAN_POINT('',(1.590946595722E1,-4.799953138135E0,2.291999973313E1));
#962=DIRECTION('',(0.E0,1.E0,-1.732870212184E-7));
#963=DIRECTION('',(0.E0,-1.732870211768E-7,-1.E0));
#964=AXIS2_PLACEMENT_3D('',#961,#962,#963);
#966=CARTESIAN_POINT('',(1.590946595722E1,-5.999953138135E0,2.291999994107E1));
#967=DIRECTION('',(0.E0,1.E0,-1.732870212184E-7));
#968=DIRECTION('',(-8.711253940419E-13,-1.732870211768E-7,-1.E0));
#969=AXIS2_PLACEMENT_3D('',#966,#967,#968);
#971=DIRECTION('',(-4.477307413708E-11,1.E0,-1.732781251817E-7));
#972=VECTOR('',#971,1.2E0);
#973=CARTESIAN_POINT('',(1.378550041909E1,-5.999954831467E0,1.314816437180E1));
#974=LINE('',#973,#972);
#975=CARTESIAN_POINT('',(1.590946595722E1,-4.799954957648E0,1.241999973313E1));
#976=DIRECTION('',(-1.E0,0.E0,0.E0));
#977=DIRECTION('',(0.E0,1.732870220650E-7,1.E0));
#978=AXIS2_PLACEMENT_3D('',#975,#976,#977);
#980=DIRECTION('',(-1.E0,0.E0,-3.635397518679E-12));
#981=VECTOR('',#980,8.884722026919E0);
#982=CARTESIAN_POINT('',(2.479418798414E1,-4.799954871005E0,1.291999973316E1));
#983=LINE('',#982,#981);
#984=DIRECTION('',(1.E0,0.E0,1.179609820201E-14));
#985=VECTOR('',#984,8.884722026706E0);
#986=CARTESIAN_POINT('',(1.590946595722E1,-5.999954871005E0,1.291999994107E1));
#987=LINE('',#986,#985);
#988=DIRECTION('',(2.423246788415E-12,1.E0,-1.732870646975E-7));
#989=VECTOR('',#988,1.2E0);
#990=CARTESIAN_POINT('',(1.590946595722E1,-5.999954871005E0,1.291999994107E1));
#991=LINE('',#990,#989);
#992=CARTESIAN_POINT('',(-2.E0,-3.399954990573E0,1.222999839189E1));
#993=DIRECTION('',(0.E0,-1.E0,1.732870212380E-7));
#994=DIRECTION('',(1.E0,0.E0,0.E0));
#995=AXIS2_PLACEMENT_3D('',#992,#993,#994);
#997=CARTESIAN_POINT('',(-2.E0,-5.999954990573E0,1.222999884243E1));
#998=DIRECTION('',(0.E0,1.E0,-1.732870212380E-7));
#999=DIRECTION('',(-1.E0,0.E0,-9.421132109738E-10));
#1000=AXIS2_PLACEMENT_3D('',#997,#998,#999);
#1002=CARTESIAN_POINT('',(-2.E0,-1.399954990574E0,1.222999804531E1));
#1003=DIRECTION('',(0.E0,-1.E0,1.732870212380E-7));
#1004=DIRECTION('',(1.E0,0.E0,0.E0));
#1005=AXIS2_PLACEMENT_3D('',#1002,#1003,#1004);
#1007=CARTESIAN_POINT('',(-2.E0,-3.399954990573E0,1.222999839189E1));
#1008=DIRECTION('',(0.E0,-1.E0,1.732870212380E-7));
#1009=DIRECTION('',(-9.677955024942E-1,-4.362287472425E-8,-2.517376915602E-1));
#1010=AXIS2_PLACEMENT_3D('',#1007,#1008,#1009);
#1012=DIRECTION('',(3.703131135070E-10,1.E0,-1.707526031680E-7));
#1013=VECTOR('',#1012,2.E0);
#1014=CARTESIAN_POINT('',(2.249999999259E0,-3.399954990573E0,1.222999839201E1));
#1015=LINE('',#1014,#1013);
#1016=CARTESIAN_POINT('',(-2.E0,-1.399954990574E0,1.222999804531E1));
#1017=DIRECTION('',(0.E0,-1.E0,1.732870212380E-7));
#1018=DIRECTION('',(-1.E0,0.E0,-9.421140469064E-10));
#1019=AXIS2_PLACEMENT_3D('',#1016,#1017,#1018);
#1021=DIRECTION('',(0.E0,-1.E0,1.744161792772E-7));
#1022=VECTOR('',#1021,4.6E0);
#1023=CARTESIAN_POINT('',(-6.25E0,-1.399954990574E0,1.222999803612E1));
#1024=LINE('',#1023,#1022);
#1025=CARTESIAN_POINT('',(-2.E0,-5.999954990573E0,1.222999884243E1));
#1026=DIRECTION('',(0.E0,1.E0,-1.732870212380E-7));
#1027=DIRECTION('',(-9.677960191575E-1,-4.362253052898E-8,-2.517357052603E-1));
#1028=AXIS2_PLACEMENT_3D('',#1025,#1026,#1027);
#1030=CARTESIAN_POINT('',(-5.35E0,-1.399954990574E0,1.222999804280E1));
#1031=DIRECTION('',(7.501982264568E-10,-1.732870212425E-7,-1.E0));
#1032=DIRECTION('',(-1.E0,0.E0,-7.501989153348E-10));
#1033=AXIS2_PLACEMENT_3D('',#1030,#1031,#1032);
#1035=CARTESIAN_POINT('',(1.35E0,-1.399954990574E0,1.222999804467E1));
#1036=DIRECTION('',(1.919157055497E-10,1.732870212348E-7,1.E0));
#1037=DIRECTION('',(1.E0,0.E0,-1.919156191990E-10));
#1038=AXIS2_PLACEMENT_3D('',#1035,#1036,#1037);
#1040=CARTESIAN_POINT('',(-2.E0,-3.399961741835E0,-2.672999941083E1));
#1041=DIRECTION('',(0.E0,-1.E0,1.732870212380E-7));
#1042=DIRECTION('',(1.E0,0.E0,0.E0));
#1043=AXIS2_PLACEMENT_3D('',#1040,#1041,#1042);
#1045=CARTESIAN_POINT('',(-2.E0,-5.999961741835E0,-2.672999896029E1));
#1046=DIRECTION('',(0.E0,1.E0,-1.732870212380E-7));
#1047=DIRECTION('',(-1.E0,0.E0,-9.421178086033E-10));
#1048=AXIS2_PLACEMENT_3D('',#1045,#1046,#1047);
#1050=CARTESIAN_POINT('',(-2.E0,-1.399961741836E0,-2.672999975741E1));
#1051=DIRECTION('',(0.E0,-1.E0,1.732870212380E-7));
#1052=DIRECTION('',(1.E0,0.E0,0.E0));
#1053=AXIS2_PLACEMENT_3D('',#1050,#1051,#1052);
#1055=CARTESIAN_POINT('',(1.35E0,-1.399961741836E0,-2.672999975805E1));
#1056=DIRECTION('',(1.919156222829E-10,1.732870212348E-7,1.E0));
#1057=DIRECTION('',(1.E0,0.E0,-1.919175929288E-10));
#1058=AXIS2_PLACEMENT_3D('',#1055,#1056,#1057);
#1060=CARTESIAN_POINT('',(-5.35E0,-1.399961741836E0,-2.672999975992E1));
#1061=DIRECTION('',(7.501990174907E-10,-1.732870212408E-7,-1.E0));
#1062=DIRECTION('',(-1.E0,0.E0,-7.501989153348E-10));
#1063=AXIS2_PLACEMENT_3D('',#1060,#1061,#1062);
#1065=CARTESIAN_POINT('',(1.590945584808E1,-4.799963594274E0,
-3.742000026687E1));
#1066=DIRECTION('',(0.E0,-1.E0,1.732870211130E-7));
#1067=DIRECTION('',(0.E0,1.732870210880E-7,1.E0));
#1068=AXIS2_PLACEMENT_3D('',#1065,#1066,#1067);
#1070=CARTESIAN_POINT('',(1.590945584808E1,-5.999963594274E0,
-3.742000005892E1));
#1071=DIRECTION('',(0.E0,-1.E0,1.732870211130E-7));
#1072=DIRECTION('',(8.382450289446E-12,1.732870210880E-7,1.E0));
#1073=AXIS2_PLACEMENT_3D('',#1070,#1071,#1072);
#1075=DIRECTION('',(-2.328063667771E-11,1.E0,-1.732874377325E-7));
#1076=VECTOR('',#1075,1.2E0);
#1077=CARTESIAN_POINT('',(1.590945584811E1,-5.999961861403E0,
-2.742000005892E1));
#1078=LINE('',#1077,#1076);
#1079=DIRECTION('',(-1.E0,0.E0,-8.309878577008E-14));
#1080=VECTOR('',#1079,1.911054415184E1);
#1081=CARTESIAN_POINT('',(3.501999999992E1,-4.799961861403E0,
-2.742000026686E1));
#1082=LINE('',#1081,#1080);
#1083=DIRECTION('',(-1.E0,0.E0,-5.539919051325E-14));
#1084=VECTOR('',#1083,1.911054415189E1);
#1085=CARTESIAN_POINT('',(3.502E1,-5.999961861403E0,-2.742000005892E1));
#1086=LINE('',#1085,#1084);
#1087=DIRECTION('',(-6.181129682166E-11,1.E0,-1.732869906827E-7));
#1088=VECTOR('',#1087,1.2E0);
#1089=CARTESIAN_POINT('',(3.502E1,-5.999961861403E0,-2.742000005892E1));
#1090=LINE('',#1089,#1088);
#1091=CARTESIAN_POINT('',(3.502E1,-4.799959755966E0,-1.527000026686E1));
#1092=DIRECTION('',(0.E0,1.E0,-1.732870212380E-7));
#1093=DIRECTION('',(5.352856884461E-1,-1.463705351893E-7,-8.446710790271E-1));
#1094=AXIS2_PLACEMENT_3D('',#1091,#1092,#1093);
#1096=CARTESIAN_POINT('',(3.502E1,-5.999959755966E0,-1.527000005892E1));
#1097=DIRECTION('',(0.E0,1.E0,-1.732870212380E-7));
#1098=DIRECTION('',(5.352856885367E-1,-1.463705351893E-7,-8.446710789697E-1));
#1099=AXIS2_PLACEMENT_3D('',#1096,#1097,#1098);
#1101=DIRECTION('',(-3.288865476255E-10,1.E0,-1.734648987413E-7));
#1102=VECTOR('',#1101,1.2E0);
#1103=CARTESIAN_POINT('',(4.152372111500E1,-5.999961534368E0,
-2.553275366889E1));
#1104=LINE('',#1103,#1102);
#1105=CARTESIAN_POINT('',(4.687657799908E1,-4.799962998073E0,
-3.397946466731E1));
#1106=DIRECTION('',(0.E0,-1.E0,1.732870211130E-7));
#1107=DIRECTION('',(-2.772428860151E-1,1.664941466473E-7,9.607998658170E-1));
#1108=AXIS2_PLACEMENT_3D('',#1105,#1106,#1107);
#1110=CARTESIAN_POINT('',(4.687657799908E1,-5.999962998073E0,
-3.397946445937E1));
#1111=DIRECTION('',(0.E0,1.E0,-1.732870211130E-7));
#1112=DIRECTION('',(-5.352856883360E-1,1.463705351590E-7,8.446710790968E-1));
#1113=AXIS2_PLACEMENT_3D('',#1110,#1111,#1112);
#1115=DIRECTION('',(-1.493506173434E-11,1.E0,-1.728615595963E-7));
#1116=VECTOR('',#1115,2.6E0);
#1117=CARTESIAN_POINT('',(4.696318992960E1,-5.999961265268E0,
-2.397983954773E1));
#1118=LINE('',#1117,#1116);
#1119=CARTESIAN_POINT('',(4.696318992956E1,-3.399961265268E0,
-2.397983999717E1));
#1120=CARTESIAN_POINT('',(4.689817337089E1,-3.448556704386E0,
-2.397927691095E1));
#1121=CARTESIAN_POINT('',(4.676639305346E1,-3.547023326884E0,
-2.397945278273E1));
#1122=CARTESIAN_POINT('',(4.657256854784E1,-3.690333639658E0,
-2.398338927250E1));
#1123=CARTESIAN_POINT('',(4.635232826677E1,-3.849487322045E0,
-2.399232147433E1));
#1124=CARTESIAN_POINT('',(4.610953828290E1,-4.017903876212E0,
-2.400780993553E1));
#1125=CARTESIAN_POINT('',(4.583243153394E1,-4.197998065968E0,
-2.403264287089E1));
#1126=CARTESIAN_POINT('',(4.552790671928E1,-4.375740064178E0,
-2.406926107784E1));
#1127=CARTESIAN_POINT('',(4.523756783680E1,-4.521284745104E0,
-2.411335056474E1));
#1128=CARTESIAN_POINT('',(4.497031735121E1,-4.632096790672E0,
-2.416168611210E1));
#1129=CARTESIAN_POINT('',(4.472567331495E1,-4.711689248988E0,
-2.421254436357E1));
#1130=CARTESIAN_POINT('',(4.450153942648E1,-4.764278401282E0,
-2.426476336319E1));
#1131=CARTESIAN_POINT('',(4.429528438205E1,-4.793756983989E0,
-2.431762603432E1));
#1132=CARTESIAN_POINT('',(4.416627143994E1,-4.799961362534E0,
-2.435354034514E1));
#1133=CARTESIAN_POINT('',(4.410414644609E1,-4.799961351272E0,
-2.437146678617E1));
#1135=CARTESIAN_POINT('',(4.7E1,-3.399960528826E0,-1.972999941083E1));
#1136=DIRECTION('',(0.E0,1.E0,-1.732870212380E-7));
#1137=DIRECTION('',(-8.661193047018E-3,-1.732805214349E-7,-9.999624911640E-1));
#1138=AXIS2_PLACEMENT_3D('',#1135,#1136,#1137);
#1140=CARTESIAN_POINT('',(4.7E1,-5.999960528826E0,-1.972999896029E1));
#1141=DIRECTION('',(0.E0,1.E0,-1.732870212380E-7));
#1142=DIRECTION('',(1.E0,0.E0,0.E0));
#1143=AXIS2_PLACEMENT_3D('',#1140,#1141,#1142);
#1145=DIRECTION('',(0.E0,1.E0,-1.721578628448E-7));
#1146=VECTOR('',#1145,4.6E0);
#1147=CARTESIAN_POINT('',(5.125E1,-5.999960528826E0,-1.972999896029E1));
#1148=LINE('',#1147,#1146);
#1149=CARTESIAN_POINT('',(4.7E1,-1.399960528826E0,-1.972999975741E1));
#1150=DIRECTION('',(0.E0,-1.E0,1.732870212380E-7));
#1151=DIRECTION('',(-1.E0,0.E0,-7.047731287457E-10));
#1152=AXIS2_PLACEMENT_3D('',#1149,#1150,#1151);
#1154=CARTESIAN_POINT('',(4.7E1,-3.399960528826E0,-1.972999941083E1));
#1155=DIRECTION('',(0.E0,1.E0,-1.732870212380E-7));
#1156=DIRECTION('',(-1.E0,0.E0,-7.047731287457E-10));
#1157=AXIS2_PLACEMENT_3D('',#1154,#1155,#1156);
#1159=DIRECTION('',(-3.703135575962E-10,1.E0,-1.764762060930E-7));
#1160=VECTOR('',#1159,2.E0);
#1161=CARTESIAN_POINT('',(4.275000000074E1,-3.399960528826E0,
-1.972999941264E1));
#1162=LINE('',#1161,#1160);
#1163=CARTESIAN_POINT('',(4.7E1,-1.399960528826E0,-1.972999975741E1));
#1164=DIRECTION('',(0.E0,-1.E0,1.732870212380E-7));
#1165=DIRECTION('',(1.E0,0.E0,0.E0));
#1166=AXIS2_PLACEMENT_3D('',#1163,#1164,#1165);
#1168=CARTESIAN_POINT('',(4.7E1,-5.999960528826E0,-1.972999896029E1));
#1169=DIRECTION('',(0.E0,1.E0,-1.732870212380E-7));
#1170=DIRECTION('',(7.873684210671E-1,1.068284577139E-7,6.164827406395E-1));
#1171=AXIS2_PLACEMENT_3D('',#1168,#1169,#1170);
#1173=CARTESIAN_POINT('',(5.074E1,-4.799960022381E0,-1.680170615010E1));
#1174=DIRECTION('',(0.E0,-1.E0,1.732870211055E-7));
#1175=DIRECTION('',(-1.E0,0.E0,0.E0));
#1176=AXIS2_PLACEMENT_3D('',#1173,#1174,#1175);
#1178=DIRECTION('',(-2.927892594956E-8,-1.E0,1.503274985931E-7));
#1179=VECTOR('',#1178,1.200000000034E0);
#1180=CARTESIAN_POINT('',(5.034631582463E1,-4.799960074771E0,
-1.710994749291E1));
#1181=LINE('',#1180,#1179);
#1182=CARTESIAN_POINT('',(5.074E1,-5.999960021391E0,-1.680170594216E1));
#1183=DIRECTION('',(0.E0,1.E0,-1.732870211055E-7));
#1184=DIRECTION('',(-7.873684209256E-1,-1.068284571915E-7,-6.164827408202E-1));
#1185=AXIS2_PLACEMENT_3D('',#1182,#1183,#1184);
#1187=CARTESIAN_POINT('',(5.035E1,-1.399960528826E0,-1.972999975805E1));
#1188=DIRECTION('',(1.919151330909E-10,1.732870212348E-7,1.E0));
#1189=DIRECTION('',(1.E0,0.E0,-1.919136454692E-10));
#1190=AXIS2_PLACEMENT_3D('',#1187,#1188,#1189);
#1192=CARTESIAN_POINT('',(4.365E1,-1.399960528826E0,-1.972999975912E1));
#1193=DIRECTION('',(5.128576452407E-10,-1.732870212414E-7,-1.E0));
#1194=DIRECTION('',(-1.E0,0.E0,-5.128579042927E-10));
#1195=AXIS2_PLACEMENT_3D('',#1192,#1193,#1194);
#1197=CARTESIAN_POINT('',(4.7E1,-3.399956203582E0,5.229998391889E0));
#1198=DIRECTION('',(0.E0,1.E0,-1.732870212380E-7));
#1199=DIRECTION('',(5.320388349515E-1,-1.467255784061E-7,-8.467199525838E-1));
#1200=AXIS2_PLACEMENT_3D('',#1197,#1198,#1199);
#1202=CARTESIAN_POINT('',(4.7E1,-5.999956203582E0,5.229998842436E0));
#1203=DIRECTION('',(0.E0,1.E0,-1.732870212380E-7));
#1204=DIRECTION('',(1.E0,0.E0,0.E0));
#1205=AXIS2_PLACEMENT_3D('',#1202,#1203,#1204);
#1207=DIRECTION('',(0.E0,1.E0,-1.721578636171E-7));
#1208=VECTOR('',#1207,4.6E0);
#1209=CARTESIAN_POINT('',(5.125E1,-5.999956203582E0,5.229998842436E0));
#1210=LINE('',#1209,#1208);
#1211=CARTESIAN_POINT('',(4.7E1,-1.399956203583E0,5.229998045315E0));
#1212=DIRECTION('',(0.E0,-1.E0,1.732870212380E-7));
#1213=DIRECTION('',(-1.E0,0.E0,-7.048780382908E-10));
#1214=AXIS2_PLACEMENT_3D('',#1211,#1212,#1213);
#1216=DIRECTION('',(4.880575943390E-10,-1.E0,1.764762056489E-7));
#1217=VECTOR('',#1216,2.E0);
#1218=CARTESIAN_POINT('',(4.275E1,-1.399956203583E0,5.229998037126E0));
#1219=LINE('',#1218,#1217);
#1220=CARTESIAN_POINT('',(4.7E1,-3.399956203582E0,5.229998391889E0));
#1221=DIRECTION('',(0.E0,1.E0,-1.732870212380E-7));
#1222=DIRECTION('',(-1.E0,0.E0,-7.048780382908E-10));
#1223=AXIS2_PLACEMENT_3D('',#1220,#1221,#1222);
#1225=CARTESIAN_POINT('',(4.7E1,-1.399956203583E0,5.229998045315E0));
#1226=DIRECTION('',(0.E0,-1.E0,1.732870212380E-7));
#1227=DIRECTION('',(1.E0,0.E0,0.E0));
#1228=AXIS2_PLACEMENT_3D('',#1225,#1226,#1227);
#1230=CARTESIAN_POINT('',(4.7E1,-5.999956203582E0,5.229998842436E0));
#1231=DIRECTION('',(0.E0,1.E0,-1.732870212380E-7));
#1232=DIRECTION('',(-8.661193070611E-3,1.732805215394E-7,9.999624911638E-1));
#1233=AXIS2_PLACEMENT_3D('',#1230,#1231,#1232);
#1235=CARTESIAN_POINT('',(5.035E1,-1.399956203583E0,5.229998044673E0));
#1236=DIRECTION('',(1.919160524944E-10,1.732870212348E-7,1.E0));
#1237=DIRECTION('',(1.E0,0.E0,-1.919156191990E-10));
#1238=AXIS2_PLACEMENT_3D('',#1235,#1236,#1237);
#1240=CARTESIAN_POINT('',(4.365E1,-1.399956203583E0,5.229998043597E0));
#1241=DIRECTION('',(5.129626549916E-10,-1.732870212414E-7,-1.E0));
#1242=DIRECTION('',(-1.E0,0.E0,-5.129625119733E-10));
#1243=AXIS2_PLACEMENT_3D('',#1240,#1241,#1242);
#1245=DIRECTION('',(0.E0,-1.E0,1.732869731041E-7));
#1246=VECTOR('',#1245,1.6E0);
#1247=CARTESIAN_POINT('',(4.425E1,-2.899956203583E0,5.229998305246E0));
#1248=LINE('',#1247,#1246);
#1249=CARTESIAN_POINT('',(4.7E1,-5.999956203582E0,5.229998842436E0));
#1250=DIRECTION('',(0.E0,1.E0,-1.732870212380E-7));
#1251=DIRECTION('',(1.E0,0.E0,0.E0));
#1252=AXIS2_PLACEMENT_3D('',#1249,#1250,#1251);
#1254=DIRECTION('',(0.E0,1.E0,-1.732870211769E-7));
#1255=VECTOR('',#1254,1.499999999999E0);
#1256=CARTESIAN_POINT('',(4.704900288005E1,-5.999956680046E0,2.480435473872E0));
#1257=LINE('',#1256,#1255);
#1258=CARTESIAN_POINT('',(4.7E1,-4.499956203583E0,5.229998582505E0));
#1259=DIRECTION('',(0.E0,1.E0,-1.732870212380E-7));
#1260=DIRECTION('',(1.781922910909E-2,-1.732595074279E-7,-9.998412249322E-1));
#1261=AXIS2_PLACEMENT_3D('',#1258,#1259,#1260);
#1263=DIRECTION('',(0.E0,-1.E0,1.732870168505E-7));
#1264=VECTOR('',#1263,3.1E0);
#1265=CARTESIAN_POINT('',(4.975E1,-2.899956203583E0,5.229998305246E0));
#1266=LINE('',#1265,#1264);
#1267=CARTESIAN_POINT('',(4.7E1,-2.899956203583E0,5.229998305246E0));
#1268=DIRECTION('',(0.E0,1.E0,-1.732870212380E-7));
#1269=DIRECTION('',(-1.E0,0.E0,1.582572456920E-14));
#1270=AXIS2_PLACEMENT_3D('',#1267,#1268,#1269);
#1272=CARTESIAN_POINT('',(4.7E1,-2.899956203583E0,5.229998305246E0));
#1273=DIRECTION('',(0.E0,1.E0,-1.732870212380E-7));
#1274=DIRECTION('',(1.E0,0.E0,1.582572456920E-14));
#1275=AXIS2_PLACEMENT_3D('',#1272,#1273,#1274);
#1277=CARTESIAN_POINT('',(4.7E1,-2.899956203583E0,5.229998305246E0));
#1278=DIRECTION('',(0.E0,-1.E0,1.732870212380E-7));
#1279=DIRECTION('',(1.235726496974E-14,-1.732870210610E-7,-1.E0));
#1280=AXIS2_PLACEMENT_3D('',#1277,#1278,#1279);
#1282=CARTESIAN_POINT('',(4.7E1,-2.899956203583E0,5.229998305246E0));
#1283=DIRECTION('',(0.E0,-1.E0,1.732870212380E-7));
#1284=DIRECTION('',(1.235726496974E-14,1.732870210610E-7,1.E0));
#1285=AXIS2_PLACEMENT_3D('',#1282,#1283,#1284);
#1287=DIRECTION('',(0.E0,-1.E0,1.732869026050E-7));
#1288=VECTOR('',#1287,1.2E0);
#1289=CARTESIAN_POINT('',(4.7E1,-1.699956004303E0,6.379998097302E0));
#1290=LINE('',#1289,#1288);
#1291=CARTESIAN_POINT('',(4.7E1,-1.699956203583E0,5.229998097302E0));
#1292=DIRECTION('',(0.E0,-1.E0,1.732870212380E-7));
#1293=DIRECTION('',(1.E0,0.E0,1.702072826116E-13));
#1294=AXIS2_PLACEMENT_3D('',#1291,#1292,#1293);
#1296=CARTESIAN_POINT('',(4.7E1,-1.699956203583E0,5.229998097302E0));
#1297=DIRECTION('',(0.E0,-1.E0,1.732870212380E-7));
#1298=DIRECTION('',(-1.E0,0.E0,1.702072826116E-13));
#1299=AXIS2_PLACEMENT_3D('',#1296,#1297,#1298);
#1301=CARTESIAN_POINT('',(4.7E1,-1.699956203583E0,5.229998097302E0));
#1302=DIRECTION('',(0.E0,1.E0,-1.732870212380E-7));
#1303=DIRECTION('',(1.235726496974E-14,1.732870212540E-7,1.E0));
#1304=AXIS2_PLACEMENT_3D('',#1301,#1302,#1303);
#1306=CARTESIAN_POINT('',(4.7E1,-1.699956203583E0,5.229998097302E0));
#1307=DIRECTION('',(0.E0,1.E0,-1.732870212380E-7));
#1308=DIRECTION('',(1.235726496974E-14,-1.732870212540E-7,-1.E0));
#1309=AXIS2_PLACEMENT_3D('',#1306,#1307,#1308);
#1311=CARTESIAN_POINT('',(4.7E1,-4.999562035828E-1,5.229997889357E0));
#1312=DIRECTION('',(0.E0,1.E0,-1.732870212380E-7));
#1313=DIRECTION('',(-1.E0,0.E0,1.421085471520E-13));
#1314=AXIS2_PLACEMENT_3D('',#1311,#1312,#1313);
#1316=DIRECTION('',(1.184237892933E-14,-1.E0,1.732870424931E-7));
#1317=VECTOR('',#1316,1.2E0);
#1318=CARTESIAN_POINT('',(4.425E1,-4.999562035828E-1,5.229997889357E0));
#1319=LINE('',#1318,#1317);
#1320=CARTESIAN_POINT('',(4.7E1,-4.999562035828E-1,5.229997889357E0));
#1321=DIRECTION('',(0.E0,1.E0,-1.732870212380E-7));
#1322=DIRECTION('',(1.E0,0.E0,0.E0));
#1323=AXIS2_PLACEMENT_3D('',#1320,#1321,#1322);
#1325=DIRECTION('',(2.368475785867E-14,-1.E0,1.732871520351E-7));
#1326=VECTOR('',#1325,1.2E0);
#1327=CARTESIAN_POINT('',(4.975E1,-4.999562035828E-1,5.229997889357E0));
#1328=LINE('',#1327,#1326);
#1329=DIRECTION('',(0.E0,-1.E0,1.732869026050E-7));
#1330=VECTOR('',#1329,1.2E0);
#1331=CARTESIAN_POINT('',(4.7E1,-1.699956402863E0,4.079998097302E0));
#1332=LINE('',#1331,#1330);
#1333=CARTESIAN_POINT('',(-2.E0,-5.999954990573E0,1.222999884243E1));
#1334=DIRECTION('',(0.E0,1.E0,-1.732870212380E-7));
#1335=DIRECTION('',(-1.E0,0.E0,1.235698412281E-12));
#1336=AXIS2_PLACEMENT_3D('',#1333,#1334,#1335);
#1338=DIRECTION('',(6.647012689370E-14,-1.E0,1.732879205005E-7));
#1339=VECTOR('',#1338,3.099999999999E0);
#1340=CARTESIAN_POINT('',(-4.75E0,-2.899954990574E0,1.222999830525E1));
#1341=LINE('',#1340,#1339);
#1342=CARTESIAN_POINT('',(-2.E0,-5.999954990573E0,1.222999884243E1));
#1343=DIRECTION('',(0.E0,1.E0,-1.732870212380E-7));
#1344=DIRECTION('',(1.E0,0.E0,0.E0));
#1345=AXIS2_PLACEMENT_3D('',#1342,#1343,#1344);
#1347=DIRECTION('',(6.611199043414E-14,-1.E0,1.732875554878E-7));
#1348=VECTOR('',#1347,3.099999999999E0);
#1349=CARTESIAN_POINT('',(7.499999999998E-1,-2.899954990574E0,
1.222999830524E1));
#1350=LINE('',#1349,#1348);
#1351=CARTESIAN_POINT('',(-2.E0,-2.899954990574E0,1.222999830524E1));
#1352=DIRECTION('',(0.E0,1.E0,-1.732870212380E-7));
#1353=DIRECTION('',(-1.E0,0.E0,-1.804132600889E-12));
#1354=AXIS2_PLACEMENT_3D('',#1351,#1352,#1353);
#1356=CARTESIAN_POINT('',(-2.E0,-2.899954990574E0,1.222999830524E1));
#1357=DIRECTION('',(0.E0,1.E0,-1.732870212380E-7));
#1358=DIRECTION('',(1.E0,0.E0,-1.804132600889E-12));
#1359=AXIS2_PLACEMENT_3D('',#1356,#1357,#1358);
#1361=CARTESIAN_POINT('',(-2.E0,-2.899954990574E0,1.222999830524E1));
#1362=DIRECTION('',(0.E0,-1.E0,1.732870212380E-7));
#1363=DIRECTION('',(0.E0,-1.732870210610E-7,-1.E0));
#1364=AXIS2_PLACEMENT_3D('',#1361,#1362,#1363);
#1366=CARTESIAN_POINT('',(-2.E0,-2.899954990574E0,1.222999830524E1));
#1367=DIRECTION('',(0.E0,-1.E0,1.732870212380E-7));
#1368=DIRECTION('',(0.E0,1.732870210610E-7,1.E0));
#1369=AXIS2_PLACEMENT_3D('',#1366,#1367,#1368);
#1371=DIRECTION('',(0.E0,-1.E0,1.732857931221E-7));
#1372=VECTOR('',#1371,1.2E0);
#1373=CARTESIAN_POINT('',(-2.E0,-1.699954791294E0,1.337999809730E1));
#1374=LINE('',#1373,#1372);
#1375=CARTESIAN_POINT('',(-2.E0,-1.699954990574E0,1.222999809730E1));
#1376=DIRECTION('',(0.E0,-1.E0,1.732870212380E-7));
#1377=DIRECTION('',(1.E0,0.E0,-1.912005907136E-13));
#1378=AXIS2_PLACEMENT_3D('',#1375,#1376,#1377);
#1380=CARTESIAN_POINT('',(-2.E0,-1.699954990574E0,1.222999809730E1));
#1381=DIRECTION('',(0.E0,-1.E0,1.732870212380E-7));
#1382=DIRECTION('',(-1.E0,0.E0,-1.912005907136E-13));
#1383=AXIS2_PLACEMENT_3D('',#1380,#1381,#1382);
#1385=CARTESIAN_POINT('',(-2.E0,-1.699954990574E0,1.222999809730E1));
#1386=DIRECTION('',(0.E0,1.E0,-1.732870212380E-7));
#1387=DIRECTION('',(0.E0,1.732870212540E-7,1.E0));
#1388=AXIS2_PLACEMENT_3D('',#1385,#1386,#1387);
#1390=CARTESIAN_POINT('',(-2.E0,-1.699954990574E0,1.222999809730E1));
#1391=DIRECTION('',(0.E0,1.E0,-1.732870212380E-7));
#1392=DIRECTION('',(0.E0,-1.732870212540E-7,-1.E0));
#1393=AXIS2_PLACEMENT_3D('',#1390,#1391,#1392);
#1395=CARTESIAN_POINT('',(-2.E0,-4.999549905736E-1,1.222999788936E1));
#1396=DIRECTION('',(0.E0,1.E0,-1.732870212380E-7));
#1397=DIRECTION('',(-1.E0,0.E0,-1.614869854E-13));
#1398=AXIS2_PLACEMENT_3D('',#1395,#1396,#1397);
#1400=DIRECTION('',(-1.776356839400E-14,-1.E0,1.732869980841E-7));
#1401=VECTOR('',#1400,1.2E0);
#1402=CARTESIAN_POINT('',(-4.75E0,-4.999549905736E-1,1.222999788936E1));
#1403=LINE('',#1402,#1401);
#1404=CARTESIAN_POINT('',(-2.E0,-4.999549905736E-1,1.222999788936E1));
#1405=DIRECTION('',(0.E0,1.E0,-1.732870212380E-7));
#1406=DIRECTION('',(1.E0,0.E0,0.E0));
#1407=AXIS2_PLACEMENT_3D('',#1404,#1405,#1406);
#1409=DIRECTION('',(-1.776356839400E-14,-1.E0,1.732868752195E-7));
#1410=VECTOR('',#1409,1.2E0);
#1411=CARTESIAN_POINT('',(7.5E-1,-4.999549905736E-1,1.222999788936E1));
#1412=LINE('',#1411,#1410);
#1413=DIRECTION('',(0.E0,-1.E0,1.732857916418E-7));
#1414=VECTOR('',#1413,1.2E0);
#1415=CARTESIAN_POINT('',(-2.E0,-1.699955189854E0,1.107999809730E1));
#1416=LINE('',#1415,#1414);
#1417=CARTESIAN_POINT('',(-2.E0,-5.999961741835E0,-2.672999896029E1));
#1418=DIRECTION('',(0.E0,1.E0,-1.732870212380E-7));
#1419=DIRECTION('',(-1.E0,0.E0,1.228592984923E-12));
#1420=AXIS2_PLACEMENT_3D('',#1417,#1418,#1419);
#1422=DIRECTION('',(6.589710855841E-14,-1.E0,1.732879187814E-7));
#1423=VECTOR('',#1422,3.099999999999E0);
#1424=CARTESIAN_POINT('',(-4.75E0,-2.899961741836E0,-2.672999949747E1));
#1425=LINE('',#1424,#1423);
#1426=CARTESIAN_POINT('',(-2.E0,-5.999961741835E0,-2.672999896029E1));
#1427=DIRECTION('',(0.E0,1.E0,-1.732870212380E-7));
#1428=DIRECTION('',(1.E0,0.E0,0.E0));
#1429=AXIS2_PLACEMENT_3D('',#1426,#1427,#1428);
#1431=DIRECTION('',(6.589710855841E-14,-1.E0,1.732875543417E-7));
#1432=VECTOR('',#1431,3.099999999999E0);
#1433=CARTESIAN_POINT('',(7.499999999998E-1,-2.899961741836E0,
-2.672999949748E1));
#1434=LINE('',#1433,#1432);
#1435=CARTESIAN_POINT('',(-2.E0,-2.899961741836E0,-2.672999949748E1));
#1436=DIRECTION('',(0.E0,1.E0,-1.732870212380E-7));
#1437=DIRECTION('',(-1.E0,0.E0,-1.809946132363E-12));
#1438=AXIS2_PLACEMENT_3D('',#1435,#1436,#1437);
#1440=CARTESIAN_POINT('',(-2.E0,-2.899961741836E0,-2.672999949748E1));
#1441=DIRECTION('',(0.E0,1.E0,-1.732870212380E-7));
#1442=DIRECTION('',(1.E0,0.E0,-1.809946132363E-12));
#1443=AXIS2_PLACEMENT_3D('',#1440,#1441,#1442);
#1445=CARTESIAN_POINT('',(-2.E0,-2.899961741836E0,-2.672999949748E1));
#1446=DIRECTION('',(0.E0,-1.E0,1.732870212380E-7));
#1447=DIRECTION('',(0.E0,-1.732870210610E-7,-1.E0));
#1448=AXIS2_PLACEMENT_3D('',#1445,#1446,#1447);
#1450=CARTESIAN_POINT('',(-2.E0,-2.899961741836E0,-2.672999949748E1));
#1451=DIRECTION('',(0.E0,-1.E0,1.732870212380E-7));
#1452=DIRECTION('',(0.E0,1.732870210610E-7,1.E0));
#1453=AXIS2_PLACEMENT_3D('',#1450,#1451,#1452);
#1455=DIRECTION('',(0.E0,-1.E0,1.732857886812E-7));
#1456=VECTOR('',#1455,1.2E0);
#1457=CARTESIAN_POINT('',(-2.E0,-1.699961542556E0,-2.557999970542E1));
#1458=LINE('',#1457,#1456);
#1459=CARTESIAN_POINT('',(-2.E0,-1.699961741836E0,-2.672999970542E1));
#1460=DIRECTION('',(0.E0,-1.E0,1.732870212380E-7));
#1461=DIRECTION('',(1.E0,0.E0,-1.950762783632E-13));
#1462=AXIS2_PLACEMENT_3D('',#1459,#1460,#1461);
#1464=CARTESIAN_POINT('',(-2.E0,-1.699961741836E0,-2.672999970542E1));
#1465=DIRECTION('',(0.E0,-1.E0,1.732870212380E-7));
#1466=DIRECTION('',(-1.E0,0.E0,-1.950762783632E-13));
#1467=AXIS2_PLACEMENT_3D('',#1464,#1465,#1466);
#1469=CARTESIAN_POINT('',(-2.E0,-1.699961741836E0,-2.672999970542E1));
#1470=DIRECTION('',(0.E0,1.E0,-1.732870212380E-7));
#1471=DIRECTION('',(0.E0,1.732870212540E-7,1.E0));
#1472=AXIS2_PLACEMENT_3D('',#1469,#1470,#1471);
#1474=CARTESIAN_POINT('',(-2.E0,-1.699961741836E0,-2.672999970542E1));
#1475=DIRECTION('',(0.E0,1.E0,-1.732870212380E-7));
#1476=DIRECTION('',(0.E0,-1.732870212540E-7,-1.E0));
#1477=AXIS2_PLACEMENT_3D('',#1474,#1475,#1476);
#1479=CARTESIAN_POINT('',(-2.E0,-4.999617418356E-1,-2.672999991336E1));
#1480=DIRECTION('',(0.E0,1.E0,-1.732870212380E-7));
#1481=DIRECTION('',(-1.E0,0.E0,-1.601950895168E-13));
#1482=AXIS2_PLACEMENT_3D('',#1479,#1480,#1481);
#1484=DIRECTION('',(-1.850371707708E-14,-1.E0,1.732869906827E-7));
#1485=VECTOR('',#1484,1.2E0);
#1486=CARTESIAN_POINT('',(-4.75E0,-4.999617418356E-1,-2.672999991336E1));
#1487=LINE('',#1486,#1485);
#1488=CARTESIAN_POINT('',(-2.E0,-4.999617418356E-1,-2.672999991336E1));
#1489=DIRECTION('',(0.E0,1.E0,-1.732870212380E-7));
#1490=DIRECTION('',(1.E0,0.E0,0.E0));
#1491=AXIS2_PLACEMENT_3D('',#1488,#1489,#1490);
#1493=DIRECTION('',(-1.804112415016E-14,-1.E0,1.732868692983E-7));
#1494=VECTOR('',#1493,1.2E0);
#1495=CARTESIAN_POINT('',(7.5E-1,-4.999617418356E-1,-2.672999991336E1));
#1496=LINE('',#1495,#1494);
#1497=DIRECTION('',(0.E0,-1.E0,1.732857886812E-7));
#1498=VECTOR('',#1497,1.2E0);
#1499=CARTESIAN_POINT('',(-2.E0,-1.699961941116E0,-2.787999970542E1));
#1500=LINE('',#1499,#1498);
#1501=DIRECTION('',(-7.071067781859E-1,7.071067841872E-1,-2.157252687733E-7));
#1502=VECTOR('',#1501,7.071067771277E-1);
#1503=CARTESIAN_POINT('',(4.201999999428E1,-5.999957661939E0,
-3.199999042995E0));
#1504=LINE('',#1503,#1502);
#1505=CARTESIAN_POINT('',(4.032E1,-5.499957664392E0,-3.199999265271E0));
#1506=DIRECTION('',(0.E0,-1.E0,1.732870212380E-7));
#1507=DIRECTION('',(1.E0,0.E0,5.656470662234E-8));
#1508=AXIS2_PLACEMENT_3D('',#1505,#1506,#1507);
#1510=DIRECTION('',(8.540157274759E-10,-1.736530277046E-7,-1.E0));
#1511=VECTOR('',#1510,6.400000146384E0);
#1512=CARTESIAN_POINT('',(4.201999999428E1,-5.999957661939E0,
-3.199999042995E0));
#1513=LINE('',#1512,#1511);
#1514=DIRECTION('',(-7.071067810521E-1,7.071067813210E-1,-1.197581391099E-7));
#1515=VECTOR('',#1514,7.071067810046E-1);
#1516=CARTESIAN_POINT('',(4.201999999974E1,-5.999958773319E0,
-9.599999189379E0));
#1517=LINE('',#1516,#1515);
#1518=DIRECTION('',(-9.316592075471E-8,7.071069067195E-1,7.071066556536E-1));
#1519=VECTOR('',#1518,7.071067771287E-1);
#1520=CARTESIAN_POINT('',(4.032000013561E1,-5.999959065564E0,
-1.129999917291E1));
#1521=LINE('',#1520,#1519);
#1522=CARTESIAN_POINT('',(4.032E1,-5.499958773429E0,-9.599999265270E0));
#1523=DIRECTION('',(0.E0,-1.E0,1.732870212380E-7));
#1524=DIRECTION('',(5.655833135165E-8,-1.732870210288E-7,-1.E0));
#1525=AXIS2_PLACEMENT_3D('',#1522,#1523,#1524);
#1527=DIRECTION('',(-1.E0,-9.009445673465E-10,-2.102203421130E-9));
#1528=VECTOR('',#1527,2.600000146338E0);
#1529=CARTESIAN_POINT('',(4.032000013561E1,-5.999959065564E0,
-1.129999917291E1));
#1530=LINE('',#1529,#1528);
#1531=DIRECTION('',(2.748209451649E-9,7.071069038533E-1,7.071066585197E-1));
#1532=VECTOR('',#1531,7.071067810057E-1);
#1533=CARTESIAN_POINT('',(3.771999998927E1,-5.999959067907E0,
-1.129999917837E1));
#1534=LINE('',#1533,#1532);
#1535=DIRECTION('',(7.071067781859E-1,7.071067841872E-1,-2.109922916014E-8));
#1536=VECTOR('',#1535,7.071067771274E-1);
#1537=CARTESIAN_POINT('',(3.602000000572E1,-5.999958770976E0,
-9.599999266542E0));
#1538=LINE('',#1537,#1536);
#1539=CARTESIAN_POINT('',(3.772E1,-5.499958773429E0,-9.599999265270E0));
#1540=DIRECTION('',(0.E0,-1.E0,1.732870212380E-7));
#1541=DIRECTION('',(-1.E0,0.E0,-6.291263806209E-13));
#1542=AXIS2_PLACEMENT_3D('',#1539,#1540,#1541);
#1544=DIRECTION('',(-8.540223959320E-10,1.729210108278E-7,1.E0));
#1545=VECTOR('',#1544,6.400000093042E0);
#1546=CARTESIAN_POINT('',(3.602000000572E1,-5.999958770976E0,
-9.599999266542E0));
#1547=LINE('',#1546,#1545);
#1548=DIRECTION('',(7.071067810521E-1,7.071067813210E-1,-1.267903527446E-7));
#1549=VECTOR('',#1548,7.071067810045E-1);
#1550=CARTESIAN_POINT('',(3.602000000026E1,-5.999957664281E0,
-3.199999173500E0));
#1551=LINE('',#1550,#1549);
#1552=DIRECTION('',(9.318734435270E-8,7.071066616554E-1,-7.071069007177E-1));
#1553=VECTOR('',#1552,7.071067771265E-1);
#1554=CARTESIAN_POINT('',(3.771999986438E1,-5.999957367351E0,
-1.499999184351E0));
#1555=LINE('',#1554,#1553);
#1556=CARTESIAN_POINT('',(3.772E1,-5.499957664392E0,-3.199999265271E0));
#1557=DIRECTION('',(0.E0,-1.E0,1.732870212380E-7));
#1558=DIRECTION('',(-5.655833135166E-8,1.732870210288E-7,1.E0));
#1559=AXIS2_PLACEMENT_3D('',#1556,#1557,#1558);
#1561=DIRECTION('',(1.E0,-9.009442257289E-10,2.102204275123E-9));
#1562=VECTOR('',#1561,2.600000146368E0);
#1563=CARTESIAN_POINT('',(3.771999986438E1,-5.999957367351E0,
-1.499999184351E0));
#1564=LINE('',#1563,#1562);
#1565=DIRECTION('',(-2.769602903468E-9,7.071066587892E-1,-7.071069035838E-1));
#1566=VECTOR('',#1565,7.071067810036E-1);
#1567=CARTESIAN_POINT('',(4.032000001075E1,-5.999957369693E0,
-1.499999178885E0));
#1568=LINE('',#1567,#1566);
#1569=DIRECTION('',(1.E0,8.351553544477E-9,8.351592809857E-9));
#1570=VECTOR('',#1569,2.488187468201E-1);
#1571=CARTESIAN_POINT('',(3.771999999073E1,-4.799957458525E0,
-1.999999388649E0));
#1572=LINE('',#1571,#1570);
#1573=DIRECTION('',(1.E0,-6.260233168294E-10,2.682964880288E-10));
#1574=VECTOR('',#1573,2.600000078516E0);
#1575=CARTESIAN_POINT('',(3.771999993027E1,-5.499957454743E0,
-1.999999266001E0));
#1576=LINE('',#1575,#1574);
#1577=DIRECTION('',(-7.331359669484E-9,1.E0,-1.762861893774E-7));
#1578=VECTOR('',#1577,6.999999977913E-1);
#1579=CARTESIAN_POINT('',(4.032000000879E1,-5.499957456371E0,
-1.999999265304E0));
#1580=LINE('',#1579,#1578);
#1581=DIRECTION('',(1.E0,-4.369116261720E-9,-4.362384862769E-9));
#1582=VECTOR('',#1581,4.888254320457E-1);
#1583=CARTESIAN_POINT('',(3.983117457161E1,-4.799957456444E0,
-1.999999386571E0));
#1584=LINE('',#1583,#1582);
#1585=CARTESIAN_POINT('',(3.796881873755E1,-4.799957456447E0,
-1.999999386571E0));
#1586=CARTESIAN_POINT('',(3.817380405693E1,-4.799957455984E0,
-1.999999386571E0));
#1587=CARTESIAN_POINT('',(3.858598168973E1,-4.793755434114E0,
-1.999999387646E0));
#1588=CARTESIAN_POINT('',(3.919089182641E1,-4.793404064577E0,
-1.999999387707E0));
#1589=CARTESIAN_POINT('',(3.961989126885E1,-4.799957248457E0,
-1.999999386571E0));
#1590=CARTESIAN_POINT('',(3.983117457161E1,-4.799957456444E0,
-1.999999386571E0));
#1592=DIRECTION('',(-1.165151298650E-8,7.071069037190E-1,7.071066586541E-1));
#1593=VECTOR('',#1592,7.071067785743E-1);
#1594=CARTESIAN_POINT('',(3.771999999073E1,-4.799957458525E0,
-1.999999388649E0));
#1595=LINE('',#1594,#1593);
#1596=DIRECTION('',(-9.249155954746E-7,7.071068600626E-1,7.071067023099E-1));
#1597=VECTOR('',#1596,7.071068248430E-1);
#1598=CARTESIAN_POINT('',(3.796881873755E1,-4.799957456447E0,
-1.999999386571E0));
#1599=LINE('',#1598,#1597);
#1600=DIRECTION('',(-7.445588133244E-7,7.071073980684E-1,7.071061643038E-1));
#1601=VECTOR('',#1600,7.071062868374E-1);
#1602=CARTESIAN_POINT('',(3.983117457161E1,-4.799957456444E0,
-1.999999386571E0));
#1603=LINE('',#1602,#1601);
#1604=DIRECTION('',(4.596969473068E-9,7.071069037190E-1,7.071066586541E-1));
#1605=VECTOR('',#1604,7.071067785059E-1);
#1606=CARTESIAN_POINT('',(4.032000000366E1,-4.799957458580E0,
-1.999999388704E0));
#1607=LINE('',#1606,#1605);
#1608=CARTESIAN_POINT('',(4.032E1,-4.799957664392E0,-3.199999386571E0));
#1609=DIRECTION('',(0.E0,1.E0,-1.732870212380E-7));
#1610=DIRECTION('',(0.E0,1.732870210288E-7,1.E0));
#1611=AXIS2_PLACEMENT_3D('',#1608,#1609,#1610);
#1613=DIRECTION('',(-1.924819679132E-9,1.E0,-2.596676100881E-7));
#1614=VECTOR('',#1613,6.999999962179E-1);
#1615=CARTESIAN_POINT('',(4.151999999927E1,-5.499957662687E0,
-3.199999195535E0));
#1616=LINE('',#1615,#1614);
#1617=DIRECTION('',(-8.492095898207E-12,-1.732955352105E-7,-1.E0));
#1618=VECTOR('',#1617,6.400000012926E0);
#1619=CARTESIAN_POINT('',(4.151999999792E1,-4.799957666470E0,
-3.199999377303E0));
#1620=LINE('',#1619,#1618);
#1621=DIRECTION('',(1.090028054433E-10,-1.735413536009E-7,-1.E0));
#1622=VECTOR('',#1621,6.400000078525E0);
#1623=CARTESIAN_POINT('',(4.151999999927E1,-5.499957662687E0,
-3.199999195535E0));
#1624=LINE('',#1623,#1622);
#1625=DIRECTION('',(-2.999028336728E-9,1.E0,-1.659537630018E-7));
#1626=VECTOR('',#1625,6.999999977911E-1);
#1627=CARTESIAN_POINT('',(4.151999999997E1,-5.499958773352E0,
-9.599999274061E0));
#1628=LINE('',#1627,#1626);
#1629=DIRECTION('',(7.071067811865E-1,7.071067811865E-1,-1.108809152319E-7));
#1630=VECTOR('',#1629,7.071067785743E-1);
#1631=CARTESIAN_POINT('',(4.151999999792E1,-4.799957666470E0,
-3.199999377303E0));
#1632=LINE('',#1631,#1630);
#1633=DIRECTION('',(7.071067811868E-1,7.071067811863E-1,-1.271293995874E-7));
#1634=VECTOR('',#1633,7.071067785059E-1);
#1635=CARTESIAN_POINT('',(4.151999999787E1,-4.799958775561E0,
-9.599999390228E0));
#1636=LINE('',#1635,#1634);
#1637=CARTESIAN_POINT('',(4.032E1,-4.799958773428E0,-9.599999386571E0));
#1638=DIRECTION('',(0.E0,1.E0,-1.732870212380E-7));
#1639=DIRECTION('',(1.E0,0.E0,0.E0));
#1640=AXIS2_PLACEMENT_3D('',#1637,#1638,#1639);
#1642=DIRECTION('',(-8.636942382598E-8,1.E0,-1.713633866296E-7));
#1643=VECTOR('',#1642,6.999999962177E-1);
#1644=CARTESIAN_POINT('',(4.032000006973E1,-5.499958979669E0,
-1.079999926454E1));
#1645=LINE('',#1644,#1643);
#1646=DIRECTION('',(-1.E0,-2.092753310660E-11,2.092821632077E-11));
#1647=VECTOR('',#1646,2.600000012926E0);
#1648=CARTESIAN_POINT('',(4.032000000927E1,-4.799958983451E0,
-1.079999938449E1));
#1649=LINE('',#1648,#1647);
#1650=DIRECTION('',(-1.E0,-6.260236584364E-10,-2.682961464217E-10));
#1651=VECTOR('',#1650,2.600000078516E0);
#1652=CARTESIAN_POINT('',(4.032000006973E1,-5.499958979669E0,
-1.079999926454E1));
#1653=LINE('',#1652,#1651);
#1654=DIRECTION('',(7.331349518877E-9,1.E0,-1.702891217542E-7));
#1655=VECTOR('',#1654,6.999999977910E-1);
#1656=CARTESIAN_POINT('',(3.771999999121E1,-5.499958981296E0,
-1.079999926524E1));
#1657=LINE('',#1656,#1655);
#1658=DIRECTION('',(1.165150293791E-8,7.071066586540E-1,-7.071069037191E-1));
#1659=VECTOR('',#1658,7.071067785743E-1);
#1660=CARTESIAN_POINT('',(4.032000000927E1,-4.799958983451E0,
-1.079999938449E1));
#1661=LINE('',#1660,#1659);
#1662=DIRECTION('',(-4.596969473068E-9,7.071066586540E-1,-7.071069037191E-1));
#1663=VECTOR('',#1662,7.071067785059E-1);
#1664=CARTESIAN_POINT('',(3.771999999634E1,-4.799958983505E0,
-1.079999938444E1));
#1665=LINE('',#1664,#1663);
#1666=CARTESIAN_POINT('',(3.772E1,-4.799958773428E0,-9.599999386571E0));
#1667=DIRECTION('',(0.E0,1.E0,-1.732870212380E-7));
#1668=DIRECTION('',(0.E0,-1.732870210288E-7,-1.E0));
#1669=AXIS2_PLACEMENT_3D('',#1666,#1667,#1668);
#1671=DIRECTION('',(8.514300358655E-12,1.732785311734E-7,1.E0));
#1672=VECTOR('',#1671,6.400000012926E0);
#1673=CARTESIAN_POINT('',(3.652000000208E1,-4.799958775507E0,
-9.599999395840E0));
#1674=LINE('',#1673,#1672);
#1675=DIRECTION('',(-1.924748624858E-9,-1.E0,1.633986846727E-7));
#1676=VECTOR('',#1675,6.999999962179E-1);
#1677=CARTESIAN_POINT('',(3.652000000208E1,-4.799958775507E0,
-9.599999395840E0));
#1678=LINE('',#1677,#1676);
#1679=DIRECTION('',(-1.089905940157E-10,1.730327089158E-7,1.E0));
#1680=VECTOR('',#1679,6.400000018307E0);
#1681=CARTESIAN_POINT('',(3.652000000073E1,-5.499958771724E0,
-9.599999281461E0));
#1682=LINE('',#1681,#1680);
#1683=DIRECTION('',(2.999058788560E-9,1.E0,-1.710858349283E-7));
#1684=VECTOR('',#1683,6.999999977911E-1);
#1685=CARTESIAN_POINT('',(3.652000000003E1,-5.499957664315E0,
-3.199999263154E0));
#1686=LINE('',#1685,#1684);
#1687=DIRECTION('',(-7.071067811868E-1,7.071067811863E-1,-1.341839405769E-7));
#1688=VECTOR('',#1687,7.071067785743E-1);
#1689=CARTESIAN_POINT('',(3.652000000208E1,-4.799958775507E0,
-9.599999395840E0));
#1690=LINE('',#1689,#1688);
#1691=DIRECTION('',(-7.071067811866E-1,7.071067811865E-1,-1.179354575011E-7));
#1692=VECTOR('',#1691,7.071067785059E-1);
#1693=CARTESIAN_POINT('',(3.652000000213E1,-4.799957666524E0,
-3.199999382915E0));
#1694=LINE('',#1693,#1692);
#1695=CARTESIAN_POINT('',(3.772E1,-4.799957664392E0,-3.199999386571E0));
#1696=DIRECTION('',(0.E0,1.E0,-1.732870212380E-7));
#1697=DIRECTION('',(-1.E0,0.E0,0.E0));
#1698=AXIS2_PLACEMENT_3D('',#1695,#1696,#1697);
#1700=DIRECTION('',(8.636943397654E-8,1.E0,-1.752119278186E-7));
#1701=VECTOR('',#1700,6.999999962181E-1);
#1702=CARTESIAN_POINT('',(3.771999993027E1,-5.499957454743E0,
-1.999999266001E0));
#1703=LINE('',#1702,#1701);
#1704=CARTESIAN_POINT('',(3.796881808354E1,-4.299957369804E0,
-1.499999411476E0));
#1705=CARTESIAN_POINT('',(3.817199218719E1,-4.299957389919E0,
-1.519638821330E0));
#1706=CARTESIAN_POINT('',(3.857769113563E1,-4.295970364013E0,
-1.547573445504E0));
#1707=CARTESIAN_POINT('',(3.919894913842E1,-4.295744484554E0,
-1.548768119358E0));
#1708=CARTESIAN_POINT('',(3.962167609572E1,-4.299957179408E0,
-1.520250246915E0));
#1709=CARTESIAN_POINT('',(3.983117404513E1,-4.299957369800E0,
-1.500000172331E0));
#1711=CARTESIAN_POINT('',(4.23E1,-3.399956803155E0,1.770000591497E0));
#1712=DIRECTION('',(6.847993977432E-10,-1.732870212368E-7,-1.E0));
#1713=DIRECTION('',(-2.617560489347E-10,-1.E0,1.732870212755E-7));
#1714=AXIS2_PLACEMENT_3D('',#1711,#1712,#1713);
#1716=CARTESIAN_POINT('',(3.55E1,-3.399956803155E0,1.770000581677E0));
#1717=DIRECTION('',(-2.203193655292E-9,1.732870212427E-7,1.E0));
#1718=DIRECTION('',(2.617402590962E-10,-1.E0,1.732870212755E-7));
#1719=AXIS2_PLACEMENT_3D('',#1716,#1717,#1718);
#1721=CARTESIAN_POINT('',(3.89E1,-3.399956803155E0,1.770000589168E0));
#1722=DIRECTION('',(0.E0,1.E0,-1.732870212380E-7));
#1723=DIRECTION('',(-1.E0,0.E0,-1.518394388E-9));
#1724=AXIS2_PLACEMENT_3D('',#1721,#1722,#1723);
#1726=DIRECTION('',(0.E0,1.E0,-1.785980727754E-7));
#1727=VECTOR('',#1726,2.E0);
#1728=CARTESIAN_POINT('',(3.64E1,-3.399956803155E0,1.770000585486E0));
#1729=LINE('',#1728,#1727);
#1730=CARTESIAN_POINT('',(3.89E1,-1.399956803155E0,1.770000242594E0));
#1731=DIRECTION('',(0.E0,-1.E0,1.732870212380E-7));
#1732=DIRECTION('',(1.E0,0.E0,0.E0));
#1733=AXIS2_PLACEMENT_3D('',#1730,#1731,#1732);
#1735=DIRECTION('',(0.E0,-1.E0,1.679759704665E-7));
#1736=VECTOR('',#1735,2.E0);
#1737=CARTESIAN_POINT('',(4.14E1,-1.399956803155E0,1.770000253103E0));
#1738=LINE('',#1737,#1736);
#1739=CARTESIAN_POINT('',(3.89E1,-3.399956803155E0,1.770000589168E0));
#1740=DIRECTION('',(0.E0,1.E0,-1.732870212380E-7));
#1741=DIRECTION('',(1.E0,0.E0,0.E0));
#1742=AXIS2_PLACEMENT_3D('',#1739,#1740,#1741);
#1744=CARTESIAN_POINT('',(3.89E1,-1.399956803155E0,1.770000242594E0));
#1745=DIRECTION('',(0.E0,-1.E0,1.732870212380E-7));
#1746=DIRECTION('',(-1.E0,0.E0,-1.518394476818E-9));
#1747=AXIS2_PLACEMENT_3D('',#1744,#1745,#1746);
#1749=CARTESIAN_POINT('',(3.73E1,-1.399956803155E0,1.770000241663E0));
#1750=DIRECTION('',(5.820699269798E-10,-1.732870212257E-7,-1.E0));
#1751=DIRECTION('',(-1.E0,0.E0,-5.820699477965E-10));
#1752=AXIS2_PLACEMENT_3D('',#1749,#1750,#1751);
#1754=CARTESIAN_POINT('',(4.05E1,-1.399956803155E0,1.770000241096E0));
#1755=DIRECTION('',(9.363248093530E-10,1.732870212510E-7,1.E0));
#1756=DIRECTION('',(1.E0,0.E0,-9.363248448185E-10));
#1757=AXIS2_PLACEMENT_3D('',#1754,#1755,#1756);
#1759=CARTESIAN_POINT('',(4.7E1,-5.999960528826E0,-1.972999896029E1));
#1760=DIRECTION('',(0.E0,1.E0,-1.732870212380E-7));
#1761=DIRECTION('',(1.E0,0.E0,0.E0));
#1762=AXIS2_PLACEMENT_3D('',#1759,#1760,#1761);
#1764=DIRECTION('',(-1.122357199771E-8,1.E0,-1.659064139403E-7));
#1765=VECTOR('',#1764,1.5E0);
#1766=CARTESIAN_POINT('',(4.523902458046E1,-5.999960894846E0,
-2.184221712119E1));
#1767=LINE('',#1766,#1765);
#1768=CARTESIAN_POINT('',(4.7E1,-4.499960528826E0,-1.972999922022E1));
#1769=DIRECTION('',(0.E0,1.E0,-1.732870212380E-7));
#1770=DIRECTION('',(-6.403547041351E-1,-1.330981786199E-7,-7.680793272131E-1));
#1771=AXIS2_PLACEMENT_3D('',#1768,#1769,#1770);
#1773=DIRECTION('',(6.188598021136E-14,-1.E0,1.732875543417E-7));
#1774=VECTOR('',#1773,3.1E0);
#1775=CARTESIAN_POINT('',(4.975E1,-2.899960528826E0,-1.972999949748E1));
#1776=LINE('',#1775,#1774);
#1777=CARTESIAN_POINT('',(9.9E0,-4.299960442182E0,-1.922999925488E1));
#1778=DIRECTION('',(0.E0,1.E0,-1.732870212380E-7));
#1779=DIRECTION('',(-1.E0,0.E0,1.332267629550E-12));
#1780=AXIS2_PLACEMENT_3D('',#1777,#1778,#1779);
#1782=DIRECTION('',(0.E0,1.E0,-1.732870212236E-7));
#1783=VECTOR('',#1782,3.8E0);
#1784=CARTESIAN_POINT('',(1.09E1,-4.299960442182E0,-1.922999925488E1));
#1785=LINE('',#1784,#1783);
#1786=CARTESIAN_POINT('',(9.9E0,-4.999604421829E-1,-1.922999991337E1));
#1787=DIRECTION('',(0.E0,1.E0,-1.732870212380E-7));
#1788=DIRECTION('',(-1.E0,0.E0,1.332267629550E-12));
#1789=AXIS2_PLACEMENT_3D('',#1786,#1787,#1788);
#1791=CARTESIAN_POINT('',(9.9E0,-4.299960442182E0,-1.922999925488E1));
#1792=DIRECTION('',(0.E0,1.E0,-1.732870212380E-7));
#1793=DIRECTION('',(1.E0,0.E0,0.E0));
#1794=AXIS2_PLACEMENT_3D('',#1791,#1792,#1793);
#1796=DIRECTION('',(0.E0,1.E0,-1.732870212236E-7));
#1797=VECTOR('',#1796,3.8E0);
#1798=CARTESIAN_POINT('',(8.9E0,-4.299960442182E0,-1.922999925488E1));
#1799=LINE('',#1798,#1797);
#1800=CARTESIAN_POINT('',(9.9E0,-4.999604421829E-1,-1.922999991337E1));
#1801=DIRECTION('',(0.E0,1.E0,-1.732870212380E-7));
#1802=DIRECTION('',(1.E0,0.E0,0.E0));
#1803=AXIS2_PLACEMENT_3D('',#1800,#1801,#1802);
#1805=CARTESIAN_POINT('',(3.54E1,-3.399960702113E0,-2.072999941084E1));
#1806=DIRECTION('',(0.E0,1.E0,-1.732870212380E-7));
#1807=DIRECTION('',(-1.E0,0.E0,1.325162202193E-12));
#1808=AXIS2_PLACEMENT_3D('',#1805,#1806,#1807);
#1810=DIRECTION('',(0.E0,1.E0,-1.703670571668E-7));
#1811=VECTOR('',#1810,2.9E0);
#1812=CARTESIAN_POINT('',(3.64E1,-3.399960702113E0,-2.072999941930E1));
#1813=LINE('',#1812,#1811);
#1814=CARTESIAN_POINT('',(3.54E1,-4.999607021134E-1,-2.072999991337E1));
#1815=DIRECTION('',(0.E0,1.E0,-1.732870212380E-7));
#1816=DIRECTION('',(-1.E0,0.E0,1.325162202193E-12));
#1817=AXIS2_PLACEMENT_3D('',#1814,#1815,#1816);
#1819=CARTESIAN_POINT('',(3.53E1,-3.399960702113E0,-2.072999940799E1));
#1820=DIRECTION('',(2.847184146781E-8,1.732870213637E-7,1.E0));
#1821=DIRECTION('',(-1.E0,0.E0,2.847184216787E-8));
#1822=AXIS2_PLACEMENT_3D('',#1819,#1820,#1821);
#1824=CARTESIAN_POINT('',(3.55E1,-3.399960702113E0,-2.072999941368E1));
#1825=DIRECTION('',(-2.847055169397E-8,-1.732870213637E-7,-1.E0));
#1826=DIRECTION('',(1.E0,0.E0,-2.847055134857E-8));
#1827=AXIS2_PLACEMENT_3D('',#1824,#1825,#1826);
#1829=CARTESIAN_POINT('',(3.54E1,-3.399960702113E0,-2.072999941084E1));
#1830=DIRECTION('',(0.E0,1.E0,-1.732870212380E-7));
#1831=DIRECTION('',(1.E0,0.E0,0.E0));
#1832=AXIS2_PLACEMENT_3D('',#1829,#1830,#1831);
#1834=DIRECTION('',(0.E0,1.E0,-1.762069772852E-7));
#1835=VECTOR('',#1834,2.9E0);
#1836=CARTESIAN_POINT('',(3.44E1,-3.399960702113E0,-2.072999940237E1));
#1837=LINE('',#1836,#1835);
#1838=CARTESIAN_POINT('',(3.54E1,-4.999607021134E-1,-2.072999991337E1));
#1839=DIRECTION('',(0.E0,1.E0,-1.732870212380E-7));
#1840=DIRECTION('',(1.E0,0.E0,0.E0));
#1841=AXIS2_PLACEMENT_3D('',#1838,#1839,#1840);
#1843=CARTESIAN_POINT('',(3.89E1,-4.299956803155E0,1.770000745127E0));
#1844=DIRECTION('',(0.E0,1.E0,-1.732870212380E-7));
#1845=DIRECTION('',(-1.E0,0.E0,4.964917366124E-13));
#1846=AXIS2_PLACEMENT_3D('',#1843,#1844,#1845);
#1848=DIRECTION('',(0.E0,1.E0,-1.732870211651E-7));
#1849=VECTOR('',#1848,3.8E0);
#1850=CARTESIAN_POINT('',(3.99E1,-4.299956803155E0,1.770000745127E0));
#1851=LINE('',#1850,#1849);
#1852=CARTESIAN_POINT('',(3.89E1,-4.999568031555E-1,1.770000086636E0));
#1853=DIRECTION('',(0.E0,1.E0,-1.732870212380E-7));
#1854=DIRECTION('',(-1.E0,0.E0,4.962696920074E-13));
#1855=AXIS2_PLACEMENT_3D('',#1852,#1853,#1854);
#1857=CARTESIAN_POINT('',(3.89E1,-4.299956803155E0,1.770000745127E0));
#1858=DIRECTION('',(0.E0,1.E0,-1.732870212380E-7));
#1859=DIRECTION('',(1.E0,0.E0,0.E0));
#1860=AXIS2_PLACEMENT_3D('',#1857,#1858,#1859);
#1862=DIRECTION('',(0.E0,1.E0,-1.732870212820E-7));
#1863=VECTOR('',#1862,3.8E0);
#1864=CARTESIAN_POINT('',(3.79E1,-4.299956803155E0,1.770000745127E0));
#1865=LINE('',#1864,#1863);
#1866=CARTESIAN_POINT('',(3.89E1,-4.999568031555E-1,1.770000086636E0));
#1867=DIRECTION('',(0.E0,1.E0,-1.732870212380E-7));
#1868=DIRECTION('',(1.E0,0.E0,0.E0));
#1869=AXIS2_PLACEMENT_3D('',#1866,#1867,#1868);
#1871=CARTESIAN_POINT('',(8.3E0,-1.399960442183E0,-1.922999975834E1));
#1872=DIRECTION('',(5.793273499810E-10,-1.732870212134E-7,-1.E0));
#1873=DIRECTION('',(-1.E0,0.E0,-5.793291772231E-10));
#1874=AXIS2_PLACEMENT_3D('',#1871,#1872,#1873);
#1876=CARTESIAN_POINT('',(9.9E0,-3.399960442182E0,-1.922999941084E1));
#1877=DIRECTION('',(0.E0,1.E0,-1.732870212380E-7));
#1878=DIRECTION('',(1.E0,0.E0,0.E0));
#1879=AXIS2_PLACEMENT_3D('',#1876,#1877,#1878);
#1881=DIRECTION('',(0.E0,1.E0,-1.679759673579E-7));
#1882=VECTOR('',#1881,2.E0);
#1883=CARTESIAN_POINT('',(1.24E1,-3.399960442182E0,-1.922999941095E1));
#1884=LINE('',#1883,#1882);
#1885=CARTESIAN_POINT('',(9.9E0,-1.399960442183E0,-1.922999975741E1));
#1886=DIRECTION('',(0.E0,-1.E0,1.732870212380E-7));
#1887=DIRECTION('',(-1.E0,0.E0,-1.515651604223E-9));
#1888=AXIS2_PLACEMENT_3D('',#1885,#1886,#1887);
#1890=DIRECTION('',(0.E0,-1.E0,1.785980732194E-7));
#1891=VECTOR('',#1890,2.E0);
#1892=CARTESIAN_POINT('',(7.4E0,-1.399960442183E0,-1.922999977171E1));
#1893=LINE('',#1892,#1891);
#1894=CARTESIAN_POINT('',(1.33E1,-3.399960442182E0,-1.922999940851E1));
#1895=DIRECTION('',(6.847987801817E-10,-1.732870212368E-7,-1.E0));
#1896=DIRECTION('',(-2.617481540154E-10,-1.E0,1.732870202886E-7));
#1897=AXIS2_PLACEMENT_3D('',#1894,#1895,#1896);
#1899=CARTESIAN_POINT('',(6.5E0,-3.399960442182E0,-1.922999941832E1));
#1900=DIRECTION('',(-2.200449440715E-9,1.732870212428E-7,1.E0));
#1901=DIRECTION('',(2.617471671505E-10,-1.E0,1.732870202886E-7));
#1902=AXIS2_PLACEMENT_3D('',#1899,#1900,#1901);
#1904=CARTESIAN_POINT('',(9.9E0,-3.399960442182E0,-1.922999941084E1));
#1905=DIRECTION('',(0.E0,1.E0,-1.732870212380E-7));
#1906=DIRECTION('',(-1.E0,0.E0,-1.515651604223E-9));
#1907=AXIS2_PLACEMENT_3D('',#1904,#1905,#1906);
#1909=CARTESIAN_POINT('',(9.9E0,-1.399960442183E0,-1.922999975741E1));
#1910=DIRECTION('',(0.E0,-1.E0,1.732870212380E-7));
#1911=DIRECTION('',(1.E0,0.E0,0.E0));
#1912=AXIS2_PLACEMENT_3D('',#1909,#1910,#1911);
#1914=CARTESIAN_POINT('',(1.15E1,-1.399960442183E0,-1.922999975891E1));
#1915=DIRECTION('',(9.363236297411E-10,1.732870212632E-7,1.E0));
#1916=DIRECTION('',(1.E0,0.E0,-9.363255849672E-10));
#1917=AXIS2_PLACEMENT_3D('',#1914,#1915,#1916);
#1919=CARTESIAN_POINT('',(1.15E1,-1.399956283294E0,4.770000243682E0));
#1920=DIRECTION('',(6.798247589868E-10,-1.732870212169E-7,-1.E0));
#1921=DIRECTION('',(0.E0,1.E0,-1.732870212755E-7));
#1922=AXIS2_PLACEMENT_3D('',#1919,#1920,#1921);
#1924=CARTESIAN_POINT('',(8.3E0,-1.399956283294E0,4.770000239077E0));
#1925=DIRECTION('',(-2.198218690408E-9,1.732870212623E-7,1.E0));
#1926=DIRECTION('',(0.E0,1.E0,-1.732870212755E-7));
#1927=AXIS2_PLACEMENT_3D('',#1924,#1925,#1926);
#1929=CARTESIAN_POINT('',(9.9E0,-3.399956283294E0,4.770000589168E0));
#1930=DIRECTION('',(0.E0,1.E0,-1.732870212380E-7));
#1931=DIRECTION('',(-1.E0,0.E0,-1.518393943911E-9));
#1932=AXIS2_PLACEMENT_3D('',#1929,#1930,#1931);
#1934=CARTESIAN_POINT('',(9.9E0,-1.399956283294E0,4.770000242594E0));
#1935=DIRECTION('',(0.E0,1.E0,-1.732870212380E-7));
#1936=DIRECTION('',(-1.E0,0.E0,-1.518393588640E-9));
#1937=AXIS2_PLACEMENT_3D('',#1934,#1935,#1936);
#1939=CARTESIAN_POINT('',(6.5E0,-3.399956283294E0,4.770000581677E0));
#1940=DIRECTION('',(-2.203193627537E-9,1.732870212427E-7,1.E0));
#1941=DIRECTION('',(2.617481540154E-10,-1.E0,1.732870212755E-7));
#1942=AXIS2_PLACEMENT_3D('',#1939,#1940,#1941);
#1944=CARTESIAN_POINT('',(1.33E1,-3.399956283294E0,4.770000591497E0));
#1945=DIRECTION('',(6.847990716152E-10,-1.732870212368E-7,-1.E0));
#1946=DIRECTION('',(-2.617501277453E-10,-1.E0,1.732870212755E-7));
#1947=AXIS2_PLACEMENT_3D('',#1944,#1945,#1946);
#1949=CARTESIAN_POINT('',(9.9E0,-3.399956283294E0,4.770000589168E0));
#1950=DIRECTION('',(0.E0,1.E0,-1.732870212380E-7));
#1951=DIRECTION('',(1.E0,0.E0,0.E0));
#1952=AXIS2_PLACEMENT_3D('',#1949,#1950,#1951);
#1954=DIRECTION('',(0.E0,1.E0,-1.711457011666E-7));
#1955=VECTOR('',#1954,2.E0);
#1956=CARTESIAN_POINT('',(1.24E1,-3.399956283294E0,4.770000589055E0));
#1957=LINE('',#1956,#1955);
#1958=CARTESIAN_POINT('',(9.9E0,-1.399956283294E0,4.770000242594E0));
#1959=DIRECTION('',(0.E0,1.E0,-1.732870212380E-7));
#1960=DIRECTION('',(1.E0,0.E0,0.E0));
#1961=AXIS2_PLACEMENT_3D('',#1958,#1959,#1960);
#1963=DIRECTION('',(0.E0,-1.E0,1.754283402989E-7));
#1964=VECTOR('',#1963,2.E0);
#1965=CARTESIAN_POINT('',(7.4E0,-1.399956283294E0,4.770000234629E0));
#1966=LINE('',#1965,#1964);
#1967=CARTESIAN_POINT('',(3.38E1,-1.399960702113E0,-2.072999975834E1));
#1968=DIRECTION('',(5.793246229957E-10,-1.732870212257E-7,-1.E0));
#1969=DIRECTION('',(-1.E0,0.E0,-5.793252297634E-10));
#1970=AXIS2_PLACEMENT_3D('',#1967,#1968,#1969);
#1972=CARTESIAN_POINT('',(3.54E1,-3.399960702113E0,-2.072999941084E1));
#1973=DIRECTION('',(0.E0,-1.E0,1.732870212380E-7));
#1974=DIRECTION('',(-1.E0,0.E0,-1.515651604223E-9));
#1975=AXIS2_PLACEMENT_3D('',#1972,#1973,#1974);
#1977=DIRECTION('',(0.E0,1.E0,-1.680526775516E-7));
#1978=VECTOR('',#1977,2.E0);
#1979=CARTESIAN_POINT('',(3.79E1,-3.399960702113E0,-2.072999941080E1));
#1980=LINE('',#1979,#1978);
#1981=CARTESIAN_POINT('',(3.54E1,-1.399960702113E0,-2.072999975741E1));
#1982=DIRECTION('',(0.E0,-1.E0,1.732870212380E-7));
#1983=DIRECTION('',(-1.E0,0.E0,-1.515653025308E-9));
#1984=AXIS2_PLACEMENT_3D('',#1981,#1982,#1983);
#1986=DIRECTION('',(0.E0,-1.E0,1.785213665784E-7));
#1987=VECTOR('',#1986,2.E0);
#1988=CARTESIAN_POINT('',(3.29E1,-1.399960702113E0,-2.072999977171E1));
#1989=LINE('',#1988,#1987);
#1990=CARTESIAN_POINT('',(3.2E1,-3.399960702113E0,-2.072999941384E1));
#1991=DIRECTION('',(8.828639000424E-10,-1.732870212376E-7,-1.E0));
#1992=DIRECTION('',(1.E0,0.E0,8.828651390205E-10));
#1993=AXIS2_PLACEMENT_3D('',#1990,#1991,#1992);
#1995=CARTESIAN_POINT('',(3.88E1,-3.399960702113E0,-2.072999941299E1));
#1996=DIRECTION('',(6.327869200851E-10,1.732870212376E-7,1.E0));
#1997=DIRECTION('',(-1.E0,0.E0,6.327856757101E-10));
#1998=AXIS2_PLACEMENT_3D('',#1995,#1996,#1997);
#2000=CARTESIAN_POINT('',(3.54E1,-3.399960702113E0,-2.072999941084E1));
#2001=DIRECTION('',(0.E0,-1.E0,1.732870212380E-7));
#2002=DIRECTION('',(1.E0,0.E0,0.E0));
#2003=AXIS2_PLACEMENT_3D('',#2000,#2001,#2002);
#2005=CARTESIAN_POINT('',(3.54E1,-1.399960702113E0,-2.072999975741E1));
#2006=DIRECTION('',(0.E0,-1.E0,1.732870212380E-7));
#2007=DIRECTION('',(1.E0,0.E0,0.E0));
#2008=AXIS2_PLACEMENT_3D('',#2005,#2006,#2007);
#2010=CARTESIAN_POINT('',(3.7E1,-1.399960702113E0,-2.072999975891E1));
#2011=DIRECTION('',(9.363224709458E-10,1.732870212510E-7,1.E0));
#2012=DIRECTION('',(1.E0,0.E0,-9.363216375075E-10));
#2013=AXIS2_PLACEMENT_3D('',#2010,#2011,#2012);
#2015=CARTESIAN_POINT('',(4.202E1,-5.999957664392E0,-3.199998992824E0));
#2016=CARTESIAN_POINT('',(4.032000000837E1,-5.999957369804E0,
-1.499999178627E0));
#2017=VERTEX_POINT('',#2015);
#2018=VERTEX_POINT('',#2016);
#2019=CARTESIAN_POINT('',(3.771999986438E1,-5.999957367351E0,
-1.499999184351E0));
#2020=VERTEX_POINT('',#2019);
#2021=CARTESIAN_POINT('',(3.602E1,-5.999957664392E0,-3.199999170255E0));
#2022=VERTEX_POINT('',#2021);
#2023=CARTESIAN_POINT('',(3.602000000572E1,-5.999958770976E0,
-9.599999266542E0));
#2024=VERTEX_POINT('',#2023);
#2025=CARTESIAN_POINT('',(3.771999999168E1,-5.999959068017E0,
-1.129999917863E1));
#2026=VERTEX_POINT('',#2025);
#2027=CARTESIAN_POINT('',(4.032000013561E1,-5.999959065564E0,
-1.129999917291E1));
#2028=VERTEX_POINT('',#2027);
#2029=CARTESIAN_POINT('',(4.202E1,-5.999958773429E0,-9.599999186999E0));
#2030=VERTEX_POINT('',#2029);
#2031=CARTESIAN_POINT('',(4.523902456363E1,-4.499960894846E0,
-2.184221737005E1));
#2032=CARTESIAN_POINT('',(4.425E1,-4.499960528826E0,-1.972999922021E1));
#2033=VERTEX_POINT('',#2031);
#2034=VERTEX_POINT('',#2032);
#2035=CARTESIAN_POINT('',(4.425E1,-2.899960528826E0,-1.972999949747E1));
#2036=VERTEX_POINT('',#2035);
#2037=CARTESIAN_POINT('',(4.975E1,-2.899960528826E0,-1.972999949748E1));
#2038=VERTEX_POINT('',#2037);
#2039=CARTESIAN_POINT('',(4.7E1,-2.899960728106E0,-2.087999949748E1));
#2040=CARTESIAN_POINT('',(4.7E1,-2.899960329546E0,-1.857999949748E1));
#2041=VERTEX_POINT('',#2039);
#2042=VERTEX_POINT('',#2040);
#2043=CARTESIAN_POINT('',(4.7E1,-1.699960329546E0,-1.857999970542E1));
#2044=CARTESIAN_POINT('',(4.7E1,-1.699960728106E0,-2.087999970542E1));
#2045=VERTEX_POINT('',#2043);
#2046=VERTEX_POINT('',#2044);
#2047=CARTESIAN_POINT('',(4.975E1,-1.699960528826E0,-1.972999970542E1));
#2048=CARTESIAN_POINT('',(4.425E1,-1.699960528826E0,-1.972999970542E1));
#2049=VERTEX_POINT('',#2047);
#2050=VERTEX_POINT('',#2048);
#2051=CARTESIAN_POINT('',(4.975E1,-1.699956203583E0,5.229998097302E0));
#2052=CARTESIAN_POINT('',(4.425E1,-1.699956203583E0,5.229998097302E0));
#2053=VERTEX_POINT('',#2051);
#2054=VERTEX_POINT('',#2052);
#2055=CARTESIAN_POINT('',(4.7E1,-1.699956004303E0,6.379998097302E0));
#2056=CARTESIAN_POINT('',(4.7E1,-1.699956402863E0,4.079998097302E0));
#2057=VERTEX_POINT('',#2055);
#2058=VERTEX_POINT('',#2056);
#2059=CARTESIAN_POINT('',(4.7E1,-2.899956004303E0,6.379998305246E0));
#2060=VERTEX_POINT('',#2059);
#2061=CARTESIAN_POINT('',(4.7E1,-2.899956402863E0,4.079998305246E0));
#2062=VERTEX_POINT('',#2061);
#2063=CARTESIAN_POINT('',(4.425E1,-2.899956203583E0,5.229998305246E0));
#2064=CARTESIAN_POINT('',(4.975E1,-2.899956203583E0,5.229998305246E0));
#2065=VERTEX_POINT('',#2063);
#2066=VERTEX_POINT('',#2064);
#2067=CARTESIAN_POINT('',(4.425E1,-4.499956203583E0,5.229998582505E0));
#2068=VERTEX_POINT('',#2067);
#2069=CARTESIAN_POINT('',(4.704900288005E1,-4.499956680047E0,2.480435213942E0));
#2070=VERTEX_POINT('',#2069);
#2071=CARTESIAN_POINT('',(7.5E-1,-1.699961741836E0,-2.672999970542E1));
#2072=CARTESIAN_POINT('',(-4.75E0,-1.699961741836E0,-2.672999970542E1));
#2073=VERTEX_POINT('',#2071);
#2074=VERTEX_POINT('',#2072);
#2075=CARTESIAN_POINT('',(-2.E0,-1.699961542556E0,-2.557999970542E1));
#2076=CARTESIAN_POINT('',(-2.E0,-1.699961941116E0,-2.787999970542E1));
#2077=VERTEX_POINT('',#2075);
#2078=VERTEX_POINT('',#2076);
#2079=CARTESIAN_POINT('',(-2.E0,-2.899961542556E0,-2.557999949748E1));
#2080=VERTEX_POINT('',#2079);
#2081=CARTESIAN_POINT('',(-2.E0,-2.899961941116E0,-2.787999949748E1));
#2082=VERTEX_POINT('',#2081);
#2083=CARTESIAN_POINT('',(-4.75E0,-2.899961741836E0,-2.672999949748E1));
#2084=CARTESIAN_POINT('',(7.5E-1,-2.899961741836E0,-2.672999949748E1));
#2085=VERTEX_POINT('',#2083);
#2086=VERTEX_POINT('',#2084);
#2087=CARTESIAN_POINT('',(7.5E-1,-1.699954990574E0,1.222999809730E1));
#2088=CARTESIAN_POINT('',(-4.75E0,-1.699954990574E0,1.222999809730E1));
#2089=VERTEX_POINT('',#2087);
#2090=VERTEX_POINT('',#2088);
#2091=CARTESIAN_POINT('',(-2.E0,-1.699954791294E0,1.337999809730E1));
#2092=CARTESIAN_POINT('',(-2.E0,-1.699955189854E0,1.107999809730E1));
#2093=VERTEX_POINT('',#2091);
#2094=VERTEX_POINT('',#2092);
#2095=CARTESIAN_POINT('',(-2.E0,-2.899954791294E0,1.337999830524E1));
#2096=VERTEX_POINT('',#2095);
#2097=CARTESIAN_POINT('',(-2.E0,-2.899955189854E0,1.107999830524E1));
#2098=VERTEX_POINT('',#2097);
#2099=CARTESIAN_POINT('',(-4.75E0,-2.899954990574E0,1.222999830524E1));
#2100=CARTESIAN_POINT('',(7.5E-1,-2.899954990574E0,1.222999830524E1));
#2101=VERTEX_POINT('',#2099);
#2102=VERTEX_POINT('',#2100);
#2103=CARTESIAN_POINT('',(3.652E1,-5.499958773429E0,-9.599999265271E0));
#2104=CARTESIAN_POINT('',(3.771999999113E1,-5.499958981374E0,
-1.079999926527E1));
#2105=VERTEX_POINT('',#2103);
#2106=VERTEX_POINT('',#2104);
#2107=CARTESIAN_POINT('',(3.652000000003E1,-5.499957664315E0,
-3.199999263154E0));
#2108=VERTEX_POINT('',#2107);
#2109=CARTESIAN_POINT('',(3.771999993027E1,-5.499957454743E0,
-1.999999266001E0));
#2110=VERTEX_POINT('',#2109);
#2111=CARTESIAN_POINT('',(4.032000000879E1,-5.499957456371E0,
-1.999999265304E0));
#2112=VERTEX_POINT('',#2111);
#2113=CARTESIAN_POINT('',(4.151999999927E1,-5.499957662687E0,
-3.199999195535E0));
#2114=VERTEX_POINT('',#2113);
#2115=CARTESIAN_POINT('',(4.151999999997E1,-5.499958773352E0,
-9.599999274061E0));
#2116=VERTEX_POINT('',#2115);
#2117=CARTESIAN_POINT('',(4.032000006973E1,-5.499958979669E0,
-1.079999926454E1));
#2118=VERTEX_POINT('',#2117);
#2119=CARTESIAN_POINT('',(4.975E1,-5.999960528826E0,-1.972999896029E1));
#2120=CARTESIAN_POINT('',(4.523902460976E1,-5.999960894846E0,
-2.184221714858E1));
#2121=VERTEX_POINT('',#2119);
#2122=VERTEX_POINT('',#2120);
#2123=CARTESIAN_POINT('',(5.034631578953E1,-5.999960074805E0,
-1.710994731257E1));
#2124=CARTESIAN_POINT('',(5.125E1,-5.999960528826E0,-1.972999896029E1));
#2125=VERTEX_POINT('',#2123);
#2126=VERTEX_POINT('',#2124);
#2127=CARTESIAN_POINT('',(5.024E1,-5.999960021391E0,-1.680170594216E1));
#2128=VERTEX_POINT('',#2127);
#2129=CARTESIAN_POINT('',(5.024E1,-5.999956711017E0,2.301705824310E0));
#2130=VERTEX_POINT('',#2129);
#2131=CARTESIAN_POINT('',(1.590946595722E1,-5.999954871005E0,1.291999994107E1));
#2132=CARTESIAN_POINT('',(2.479418798392E1,-5.999954871005E0,1.291999994107E1));
#2133=VERTEX_POINT('',#2131);
#2134=VERTEX_POINT('',#2132);
#2135=CARTESIAN_POINT('',(1.378550041920E1,-5.999954831467E0,1.314816437178E1));
#2136=VERTEX_POINT('',#2135);
#2137=CARTESIAN_POINT('',(-1.097307310568E0,-5.999954270907E0,
1.638302882977E1));
#2138=VERTEX_POINT('',#2137);
#2139=CARTESIAN_POINT('',(-6.25E0,-5.999954990573E0,1.222999883843E1));
#2140=VERTEX_POINT('',#2139);
#2141=CARTESIAN_POINT('',(-6.113133081419E0,-5.999955175969E0,
1.116012209508E1));
#2142=VERTEX_POINT('',#2141);
#2143=CARTESIAN_POINT('',(-2.772044975058E0,-5.999957401785E0,
-1.684555512012E0));
#2144=VERTEX_POINT('',#2143);
#2145=CARTESIAN_POINT('',(-2.45E0,-5.999957838014E0,-4.201932427615E0));
#2146=VERTEX_POINT('',#2145);
#2147=CARTESIAN_POINT('',(-2.45E0,-5.999958894394E0,-1.029806549296E1));
#2148=VERTEX_POINT('',#2147);
#2149=CARTESIAN_POINT('',(-2.772044975049E0,-5.999959330623E0,
-1.281544240853E1));
#2150=VERTEX_POINT('',#2149);
#2151=CARTESIAN_POINT('',(-6.113130885600E0,-5.999961556438E0,
-2.566011377115E1));
#2152=VERTEX_POINT('',#2151);
#2153=CARTESIAN_POINT('',(-6.25E0,-5.999961741835E0,-2.672999896429E1));
#2154=VERTEX_POINT('',#2153);
#2155=CARTESIAN_POINT('',(-1.097314646317E0,-5.999962461501E0,
-3.088302907723E1));
#2156=VERTEX_POINT('',#2155);
#2157=CARTESIAN_POINT('',(1.378549030988E1,-5.999961900941E0,
-2.764816448967E1));
#2158=VERTEX_POINT('',#2157);
#2159=CARTESIAN_POINT('',(1.590945584816E1,-5.999961861403E0,
-2.742000005892E1));
#2160=VERTEX_POINT('',#2159);
#2161=CARTESIAN_POINT('',(3.502E1,-5.999961861403E0,-2.742000005892E1));
#2162=VERTEX_POINT('',#2161);
#2163=CARTESIAN_POINT('',(4.152372111572E1,-5.999961534368E0,
-2.553275366840E1));
#2164=VERTEX_POINT('',#2163);
#2165=CARTESIAN_POINT('',(4.696318992970E1,-5.999961265268E0,
-2.397983954773E1));
#2166=VERTEX_POINT('',#2165);
#2167=CARTESIAN_POINT('',(4.696318992945E1,-5.999955467140E0,9.479839429882E0));
#2168=CARTESIAN_POINT('',(5.125E1,-5.999956203582E0,5.229998842436E0));
#2169=VERTEX_POINT('',#2167);
#2170=VERTEX_POINT('',#2168);
#2171=CARTESIAN_POINT('',(4.255372431820E1,-5.999955296928E0,1.046209576451E1));
#2172=VERTEX_POINT('',#2171);
#2173=CARTESIAN_POINT('',(5.034631578948E1,-5.999956657603E0,2.609947194647E0));
#2174=VERTEX_POINT('',#2173);
#2175=CARTESIAN_POINT('',(4.975E1,-5.999956203582E0,5.229998842436E0));
#2176=CARTESIAN_POINT('',(4.704900288005E1,-5.999956680046E0,2.480435473872E0));
#2177=VERTEX_POINT('',#2175);
#2178=VERTEX_POINT('',#2176);
#2179=CARTESIAN_POINT('',(-4.75E0,-5.999961741835E0,-2.672999896028E1));
#2180=CARTESIAN_POINT('',(7.5E-1,-5.999961741835E0,-2.672999896029E1));
#2181=VERTEX_POINT('',#2179);
#2182=VERTEX_POINT('',#2180);
#2183=CARTESIAN_POINT('',(-4.75E0,-5.999954990573E0,1.222999884244E1));
#2184=CARTESIAN_POINT('',(7.5E-1,-5.999954990573E0,1.222999884243E1));
#2185=VERTEX_POINT('',#2183);
#2186=VERTEX_POINT('',#2184);
#2187=CARTESIAN_POINT('',(8.9E0,-4.299956283294E0,4.770000745127E0));
#2188=CARTESIAN_POINT('',(1.09E1,-4.299956283294E0,4.770000745127E0));
#2189=VERTEX_POINT('',#2187);
#2190=VERTEX_POINT('',#2188);
#2191=CARTESIAN_POINT('',(8.9E0,-4.299960442182E0,-1.922999925488E1));
#2192=CARTESIAN_POINT('',(1.09E1,-4.299960442182E0,-1.922999925488E1));
#2193=VERTEX_POINT('',#2191);
#2194=VERTEX_POINT('',#2192);
#2195=CARTESIAN_POINT('',(3.79E1,-4.299956803155E0,1.770000745127E0));
#2196=CARTESIAN_POINT('',(3.99E1,-4.299956803155E0,1.770000745127E0));
#2197=VERTEX_POINT('',#2195);
#2198=VERTEX_POINT('',#2196);
#2199=CARTESIAN_POINT('',(1.33E1,-4.299956283294E0,4.770000745127E0));
#2200=CARTESIAN_POINT('',(6.5E0,-4.299956283294E0,4.770000739964E0));
#2201=VERTEX_POINT('',#2199);
#2202=VERTEX_POINT('',#2200);
#2203=CARTESIAN_POINT('',(1.24E1,-3.399956283294E0,4.770000589168E0));
#2204=CARTESIAN_POINT('',(7.4E0,-3.399956283294E0,4.770000585372E0));
#2205=VERTEX_POINT('',#2203);
#2206=VERTEX_POINT('',#2204);
#2207=CARTESIAN_POINT('',(1.33E1,-4.299960442182E0,-1.922999925488E1));
#2208=CARTESIAN_POINT('',(6.5E0,-4.299960442182E0,-1.922999926003E1));
#2209=VERTEX_POINT('',#2207);
#2210=VERTEX_POINT('',#2208);
#2211=CARTESIAN_POINT('',(1.24E1,-3.399960442182E0,-1.922999941084E1));
#2212=CARTESIAN_POINT('',(7.4E0,-3.399960442182E0,-1.922999941462E1));
#2213=VERTEX_POINT('',#2211);
#2214=VERTEX_POINT('',#2212);
#2215=CARTESIAN_POINT('',(3.64E1,-3.399960702113E0,-2.072999941084E1));
#2216=CARTESIAN_POINT('',(3.44E1,-3.399960702113E0,-2.072999941083E1));
#2217=VERTEX_POINT('',#2215);
#2218=VERTEX_POINT('',#2216);
#2219=CARTESIAN_POINT('',(3.55E1,-4.299960702113E0,-2.072999925488E1));
#2220=CARTESIAN_POINT('',(3.53E1,-4.299960702113E0,-2.072999925488E1));
#2221=VERTEX_POINT('',#2219);
#2222=VERTEX_POINT('',#2220);
#2223=CARTESIAN_POINT('',(3.29E1,-3.399960702113E0,-2.072999941462E1));
#2224=CARTESIAN_POINT('',(3.79E1,-3.399960702113E0,-2.072999941084E1));
#2225=VERTEX_POINT('',#2223);
#2226=VERTEX_POINT('',#2224);
#2227=CARTESIAN_POINT('',(3.2E1,-4.299960702113E0,-2.072999926003E1));
#2228=CARTESIAN_POINT('',(3.88E1,-4.299960702113E0,-2.072999925488E1));
#2229=VERTEX_POINT('',#2227);
#2230=VERTEX_POINT('',#2228);
#2231=CARTESIAN_POINT('',(4.14E1,-3.399956803155E0,1.770000589168E0));
#2232=CARTESIAN_POINT('',(3.64E1,-3.399956803155E0,1.770000585372E0));
#2233=VERTEX_POINT('',#2231);
#2234=VERTEX_POINT('',#2232);
#2235=CARTESIAN_POINT('',(3.55E1,-4.299956803155E0,1.770000739964E0));
#2236=CARTESIAN_POINT('',(4.23E1,-4.299956803155E0,1.770000745127E0));
#2237=VERTEX_POINT('',#2235);
#2238=VERTEX_POINT('',#2236);
#2239=VERTEX_POINT('',#718);
#2240=VERTEX_POINT('',#727);
#2241=VERTEX_POINT('',#755);
#2242=CARTESIAN_POINT('',(-2.772044975060E0,-4.799959330623E0,
-1.281544261651E1));
#2243=VERTEX_POINT('',#2242);
#2244=CARTESIAN_POINT('',(-2.288147223812E0,-4.299959352434E0,
-1.294131154893E1));
#2245=VERTEX_POINT('',#2244);
#2246=CARTESIAN_POINT('',(-2.45E0,-4.799958894394E0,-1.029806570090E1));
#2247=VERTEX_POINT('',#2246);
#2248=CARTESIAN_POINT('',(-1.95E0,-4.299958894394E0,-1.029806578755E1));
#2249=VERTEX_POINT('',#2248);
#2250=CARTESIAN_POINT('',(-2.45E0,-4.799957838014E0,-4.201932635562E0));
#2251=VERTEX_POINT('',#2250);
#2252=CARTESIAN_POINT('',(-1.95E0,-4.299957838014E0,-4.201932722203E0));
#2253=VERTEX_POINT('',#2252);
#2254=CARTESIAN_POINT('',(-2.772044975058E0,-4.799957401785E0,
-1.684555719957E0));
#2255=VERTEX_POINT('',#2254);
#2256=CARTESIAN_POINT('',(-2.288147223811E0,-4.299957379973E0,
-1.558686960821E0));
#2257=VERTEX_POINT('',#2256);
#2258=CARTESIAN_POINT('',(-5.224527929361E0,-4.799955771188E0,
7.743917062188E0));
#2259=VERTEX_POINT('',#2258);
#2260=CARTESIAN_POINT('',(-4.740630847975E0,-4.299955746137E0,
7.869787732809E0));
#2261=VERTEX_POINT('',#2260);
#2262=VERTEX_POINT('',#842);
#2263=VERTEX_POINT('',#400);
#2264=VERTEX_POINT('',#413);
#2265=VERTEX_POINT('',#448);
#2266=CARTESIAN_POINT('',(4.277075263944E1,-4.299955408974E0,9.815500155578E0));
#2267=VERTEX_POINT('',#2266);
#2268=CARTESIAN_POINT('',(4.255372431820E1,-4.799955296928E0,1.046209555657E1));
#2269=VERTEX_POINT('',#2268);
#2270=VERTEX_POINT('',#917);
#2271=VERTEX_POINT('',#926);
#2272=VERTEX_POINT('',#938);
#2273=CARTESIAN_POINT('',(1.378550041904E1,-4.799954831467E0,1.314816416387E1));
#2274=VERTEX_POINT('',#2273);
#2275=CARTESIAN_POINT('',(1.367930214213E1,-4.299954916134E0,1.265957229876E1));
#2276=VERTEX_POINT('',#2275);
#2277=CARTESIAN_POINT('',(1.590946595722E1,-4.799954871005E0,1.291999973313E1));
#2278=VERTEX_POINT('',#2277);
#2279=CARTESIAN_POINT('',(1.590946595722E1,-4.299954957648E0,1.241999964648E1));
#2280=VERTEX_POINT('',#2279);
#2281=CARTESIAN_POINT('',(2.479418798414E1,-4.799954871005E0,1.291999973316E1));
#2282=VERTEX_POINT('',#2281);
#2283=CARTESIAN_POINT('',(2.439392062549E1,-4.299954957648E0,1.241999964648E1));
#2284=VERTEX_POINT('',#2283);
#2285=VERTEX_POINT('',#668);
#2286=VERTEX_POINT('',#677);
#2287=VERTEX_POINT('',#729);
#2288=CARTESIAN_POINT('',(1.367929203299E1,-4.299961816275E0,
-2.715957300579E1));
#2289=VERTEX_POINT('',#2288);
#2290=CARTESIAN_POINT('',(1.378549030990E1,-4.799961900941E0,
-2.764816469761E1));
#2291=VERTEX_POINT('',#2290);
#2292=CARTESIAN_POINT('',(1.590945584808E1,-4.299961774760E0,
-2.692000035351E1));
#2293=VERTEX_POINT('',#2292);
#2294=CARTESIAN_POINT('',(1.590945584808E1,-4.799961861403E0,
-2.742000026687E1));
#2295=VERTEX_POINT('',#2294);
#2296=CARTESIAN_POINT('',(3.502E1,-4.299961774760E0,-2.692000035351E1));
#2297=VERTEX_POINT('',#2296);
#2298=CARTESIAN_POINT('',(3.501999999992E1,-4.799961861403E0,
-2.742000026686E1));
#2299=VERTEX_POINT('',#2298);
#2300=CARTESIAN_POINT('',(4.125607827040E1,-4.299961461183E0,
-2.511041842417E1));
#2301=VERTEX_POINT('',#2300);
#2302=CARTESIAN_POINT('',(4.152372111462E1,-4.799961534368E0,
-2.553275387704E1));
#2303=VERTEX_POINT('',#2302);
#2304=CARTESIAN_POINT('',(4.396552767497E1,-4.299961249885E0,
-2.389106616892E1));
#2305=VERTEX_POINT('',#2304);
#2306=CARTESIAN_POINT('',(4.410414913893E1,-4.799961333132E0,
-2.437146600914E1));
#2307=VERTEX_POINT('',#2306);
#2308=VERTEX_POINT('',#612);
#2309=CARTESIAN_POINT('',(4.973999997370E1,-4.299956950338E0,
8.693907645567E-1));
#2310=CARTESIAN_POINT('',(4.973999971421E1,-4.299959764310E0,
-1.536939280065E1));
#2311=VERTEX_POINT('',#2309);
#2312=VERTEX_POINT('',#2310);
#2313=CARTESIAN_POINT('',(5.024E1,-4.799956712065E0,2.301705616366E0));
#2314=CARTESIAN_POINT('',(5.034631578947E1,-4.799956658651E0,2.609946986695E0));
#2315=VERTEX_POINT('',#2313);
#2316=VERTEX_POINT('',#2314);
#2317=CARTESIAN_POINT('',(4.926116654913E1,-3.399956827166E0,1.631439539763E0));
#2318=VERTEX_POINT('',#2317);
#2319=CARTESIAN_POINT('',(4.926116654953E1,-3.399959905242E0,
-1.613144055812E1));
#2320=VERTEX_POINT('',#2319);
#2321=CARTESIAN_POINT('',(5.024E1,-4.799960022381E0,-1.680170615010E1));
#2322=CARTESIAN_POINT('',(5.034631578947E1,-4.799960075796E0,
-1.710994752043E1));
#2323=VERTEX_POINT('',#2321);
#2324=VERTEX_POINT('',#2322);
#2325=CARTESIAN_POINT('',(2.25E0,-3.399961741835E0,-2.672999941083E1));
#2326=VERTEX_POINT('',#2325);
#2327=CARTESIAN_POINT('',(2.25E0,-3.399954990573E0,1.222999839189E1));
#2328=VERTEX_POINT('',#2327);
#2329=CARTESIAN_POINT('',(4.275E1,-3.399960528826E0,-1.972999941383E1));
#2330=VERTEX_POINT('',#2329);
#2331=CARTESIAN_POINT('',(4.275E1,-3.399956203582E0,5.229998388894E0));
#2332=VERTEX_POINT('',#2331);
#2333=CARTESIAN_POINT('',(3.652E1,-4.799957664392E0,-3.199999386571E0));
#2334=CARTESIAN_POINT('',(3.772E1,-4.799957456447E0,-1.999999386571E0));
#2335=VERTEX_POINT('',#2333);
#2336=VERTEX_POINT('',#2334);
#2337=CARTESIAN_POINT('',(3.602E1,-4.299957664392E0,-3.199999473215E0));
#2338=CARTESIAN_POINT('',(3.772E1,-4.299957369804E0,-1.499999473215E0));
#2339=VERTEX_POINT('',#2337);
#2340=VERTEX_POINT('',#2338);
#2341=CARTESIAN_POINT('',(3.796881873755E1,-4.799957456447E0,
-1.999999386571E0));
#2342=VERTEX_POINT('',#2341);
#2343=CARTESIAN_POINT('',(3.796881808354E1,-4.299957369804E0,
-1.499999411476E0));
#2344=VERTEX_POINT('',#2343);
#2345=VERTEX_POINT('',#1590);
#2346=VERTEX_POINT('',#1709);
#2347=CARTESIAN_POINT('',(4.032000000366E1,-4.799957458580E0,
-1.999999388704E0));
#2348=VERTEX_POINT('',#2347);
#2349=CARTESIAN_POINT('',(4.032000000691E1,-4.299957373832E0,
-1.499999477243E0));
#2350=VERTEX_POINT('',#2349);
#2351=CARTESIAN_POINT('',(4.152E1,-4.799957664392E0,-3.199999386571E0));
#2352=VERTEX_POINT('',#2351);
#2353=CARTESIAN_POINT('',(4.202E1,-4.299957664392E0,-3.199999473215E0));
#2354=VERTEX_POINT('',#2353);
#2355=CARTESIAN_POINT('',(4.151999999787E1,-4.799958775561E0,
-9.599999390228E0));
#2356=VERTEX_POINT('',#2355);
#2357=CARTESIAN_POINT('',(4.201999999597E1,-4.299958777457E0,
-9.599999480122E0));
#2358=VERTEX_POINT('',#2357);
#2359=CARTESIAN_POINT('',(4.032E1,-4.799958981373E0,-1.079999938657E1));
#2360=VERTEX_POINT('',#2359);
#2361=CARTESIAN_POINT('',(4.032E1,-4.299959068016E0,-1.129999947322E1));
#2362=VERTEX_POINT('',#2361);
#2363=CARTESIAN_POINT('',(3.771999999634E1,-4.799958983505E0,
-1.079999938444E1));
#2364=VERTEX_POINT('',#2363);
#2365=CARTESIAN_POINT('',(3.771999999309E1,-4.299959072044E0,
-1.129999946919E1));
#2366=VERTEX_POINT('',#2365);
#2367=CARTESIAN_POINT('',(3.652E1,-4.799958773428E0,-9.599999386571E0));
#2368=VERTEX_POINT('',#2367);
#2369=CARTESIAN_POINT('',(3.602E1,-4.299958773428E0,-9.599999473215E0));
#2370=VERTEX_POINT('',#2369);
#2371=CARTESIAN_POINT('',(4.425E1,-4.999605288264E-1,-1.972999991336E1));
#2372=CARTESIAN_POINT('',(4.975E1,-4.999605288264E-1,-1.972999991336E1));
#2373=VERTEX_POINT('',#2371);
#2374=VERTEX_POINT('',#2372);
#2375=CARTESIAN_POINT('',(4.425E1,-4.999562035828E-1,5.229997889357E0));
#2376=CARTESIAN_POINT('',(4.975E1,-4.999562035828E-1,5.229997889357E0));
#2377=VERTEX_POINT('',#2375);
#2378=VERTEX_POINT('',#2376);
#2379=CARTESIAN_POINT('',(-4.75E0,-4.999617418356E-1,-2.672999991336E1));
#2380=CARTESIAN_POINT('',(7.5E-1,-4.999617418356E-1,-2.672999991336E1));
#2381=VERTEX_POINT('',#2379);
#2382=VERTEX_POINT('',#2380);
#2383=CARTESIAN_POINT('',(-4.75E0,-4.999549905736E-1,1.222999788936E1));
#2384=CARTESIAN_POINT('',(7.5E-1,-4.999549905736E-1,1.222999788936E1));
#2385=VERTEX_POINT('',#2383);
#2386=VERTEX_POINT('',#2384);
#2387=CARTESIAN_POINT('',(8.9E0,-4.999562832944E-1,4.770000086636E0));
#2388=CARTESIAN_POINT('',(1.09E1,-4.999562832944E-1,4.770000086636E0));
#2389=VERTEX_POINT('',#2387);
#2390=VERTEX_POINT('',#2388);
#2391=CARTESIAN_POINT('',(8.9E0,-4.999604421829E-1,-1.922999991337E1));
#2392=CARTESIAN_POINT('',(1.09E1,-4.999604421829E-1,-1.922999991337E1));
#2393=VERTEX_POINT('',#2391);
#2394=VERTEX_POINT('',#2392);
#2395=CARTESIAN_POINT('',(3.44E1,-4.999607021134E-1,-2.072999991337E1));
#2396=CARTESIAN_POINT('',(3.64E1,-4.999607021134E-1,-2.072999991337E1));
#2397=VERTEX_POINT('',#2395);
#2398=VERTEX_POINT('',#2396);
#2399=CARTESIAN_POINT('',(3.79E1,-4.999568031555E-1,1.770000086636E0));
#2400=CARTESIAN_POINT('',(3.99E1,-4.999568031555E-1,1.770000086636E0));
#2401=VERTEX_POINT('',#2399);
#2402=VERTEX_POINT('',#2400);
#2403=CARTESIAN_POINT('',(7.4E0,-1.399960442183E0,-1.922999976120E1));
#2404=CARTESIAN_POINT('',(1.24E1,-1.399960442183E0,-1.922999975741E1));
#2405=VERTEX_POINT('',#2403);
#2406=VERTEX_POINT('',#2404);
#2407=CARTESIAN_POINT('',(8.3E0,-4.999604421829E-1,-1.922999991579E1));
#2408=CARTESIAN_POINT('',(1.15E1,-4.999604421829E-1,-1.922999991337E1));
#2409=VERTEX_POINT('',#2407);
#2410=VERTEX_POINT('',#2408);
#2411=CARTESIAN_POINT('',(1.15E1,-4.999562832944E-1,4.770000086636E0));
#2412=CARTESIAN_POINT('',(8.3E0,-4.999562832944E-1,4.770000084206E0));
#2413=VERTEX_POINT('',#2411);
#2414=VERTEX_POINT('',#2412);
#2415=CARTESIAN_POINT('',(1.24E1,-1.399956283294E0,4.770000242594E0));
#2416=CARTESIAN_POINT('',(7.4E0,-1.399956283294E0,4.770000238798E0));
#2417=VERTEX_POINT('',#2415);
#2418=VERTEX_POINT('',#2416);
#2419=CARTESIAN_POINT('',(3.29E1,-1.399960702113E0,-2.072999976120E1));
#2420=CARTESIAN_POINT('',(3.79E1,-1.399960702113E0,-2.072999975741E1));
#2421=VERTEX_POINT('',#2419);
#2422=VERTEX_POINT('',#2420);
#2423=CARTESIAN_POINT('',(3.38E1,-4.999607021134E-1,-2.072999991579E1));
#2424=CARTESIAN_POINT('',(3.7E1,-4.999607021134E-1,-2.072999991337E1));
#2425=VERTEX_POINT('',#2423);
#2426=VERTEX_POINT('',#2424);
#2427=CARTESIAN_POINT('',(3.64E1,-1.399956803155E0,1.770000238798E0));
#2428=CARTESIAN_POINT('',(4.14E1,-1.399956803155E0,1.770000242594E0));
#2429=VERTEX_POINT('',#2427);
#2430=VERTEX_POINT('',#2428);
#2431=CARTESIAN_POINT('',(3.73E1,-4.999568031555E-1,1.770000084206E0));
#2432=CARTESIAN_POINT('',(4.05E1,-4.999568031555E-1,1.770000086636E0));
#2433=VERTEX_POINT('',#2431);
#2434=VERTEX_POINT('',#2432);
#2435=CARTESIAN_POINT('',(-6.25E0,-1.399961741836E0,-2.672999976141E1));
#2436=CARTESIAN_POINT('',(2.25E0,-1.399961741836E0,-2.672999975741E1));
#2437=VERTEX_POINT('',#2435);
#2438=VERTEX_POINT('',#2436);
#2439=CARTESIAN_POINT('',(-5.35E0,-4.999617418356E-1,-2.672999991652E1));
#2440=CARTESIAN_POINT('',(1.35E0,-4.999617418356E-1,-2.672999991336E1));
#2441=VERTEX_POINT('',#2439);
#2442=VERTEX_POINT('',#2440);
#2443=CARTESIAN_POINT('',(-6.25E0,-1.399954990574E0,1.222999804131E1));
#2444=CARTESIAN_POINT('',(2.25E0,-1.399954990574E0,1.222999804531E1));
#2445=VERTEX_POINT('',#2443);
#2446=VERTEX_POINT('',#2444);
#2447=CARTESIAN_POINT('',(-5.35E0,-4.999549905736E-1,1.222999788620E1));
#2448=CARTESIAN_POINT('',(1.35E0,-4.999549905736E-1,1.222999788936E1));
#2449=VERTEX_POINT('',#2447);
#2450=VERTEX_POINT('',#2448);
#2451=CARTESIAN_POINT('',(4.275E1,-1.399960528826E0,-1.972999976040E1));
#2452=CARTESIAN_POINT('',(5.125E1,-1.399960528826E0,-1.972999975741E1));
#2453=VERTEX_POINT('',#2451);
#2454=VERTEX_POINT('',#2452);
#2455=CARTESIAN_POINT('',(4.365E1,-4.999605288264E-1,-1.972999991572E1));
#2456=CARTESIAN_POINT('',(5.035E1,-4.999605288264E-1,-1.972999991336E1));
#2457=VERTEX_POINT('',#2455);
#2458=VERTEX_POINT('',#2456);
#2459=CARTESIAN_POINT('',(4.275E1,-1.399956203583E0,5.229998042320E0));
#2460=CARTESIAN_POINT('',(5.125E1,-1.399956203583E0,5.229998045315E0));
#2461=VERTEX_POINT('',#2459);
#2462=VERTEX_POINT('',#2460);
#2463=CARTESIAN_POINT('',(4.365E1,-4.999562035828E-1,5.229997886996E0));
#2464=CARTESIAN_POINT('',(5.035E1,-4.999562035828E-1,5.229997889357E0));
#2465=VERTEX_POINT('',#2463);
#2466=VERTEX_POINT('',#2464);
#2467=CARTESIAN_POINT('',(3.410507617210E1,-4.499954544169E0,1.480609648334E1));
#2468=DIRECTION('',(0.E0,1.E0,-1.732870212380E-7));
#2469=DIRECTION('',(0.E0,1.732870212380E-7,1.E0));
#2470=AXIS2_PLACEMENT_3D('',#2467,#2468,#2469);
#2471=CYLINDRICAL_SURFACE('',#2470,9.5E0);
#2473=ORIENTED_EDGE('',*,*,#2472,.F.);
#2475=ORIENTED_EDGE('',*,*,#2474,.F.);
#2477=ORIENTED_EDGE('',*,*,#2476,.F.);
#2479=ORIENTED_EDGE('',*,*,#2478,.T.);
#2480=EDGE_LOOP('',(#2473,#2475,#2477,#2479));
#2481=FACE_OUTER_BOUND('',#2480,.F.);
#2482=ADVANCED_FACE('',(#2481),#2471,.F.);
#2483=CARTESIAN_POINT('',(3.410507617210E1,-4.799954544169E0,1.480609653533E1));
#2484=DIRECTION('',(0.E0,1.E0,-1.732870212380E-7));
#2485=DIRECTION('',(8.948157134907E-1,-7.736151355744E-8,-4.464357052143E-1));
#2486=AXIS2_PLACEMENT_3D('',#2483,#2484,#2485);
#2487=TOROIDAL_SURFACE('',#2486,9.999999999137E0,5.E-1);
#2489=ORIENTED_EDGE('',*,*,#2488,.T.);
#2491=ORIENTED_EDGE('',*,*,#2490,.T.);
#2492=ORIENTED_EDGE('',*,*,#2472,.T.);
#2494=ORIENTED_EDGE('',*,*,#2493,.F.);
#2495=EDGE_LOOP('',(#2489,#2491,#2492,#2494));
#2496=FACE_OUTER_BOUND('',#2495,.F.);
#2497=ADVANCED_FACE('',(#2496),#2487,.T.);
#2498=CARTESIAN_POINT('',(0.E0,-4.299957109873E0,7.451267590211E-7));
#2499=DIRECTION('',(0.E0,1.E0,-1.732870212380E-7));
#2500=DIRECTION('',(-1.E0,0.E0,0.E0));
#2501=AXIS2_PLACEMENT_3D('',#2498,#2499,#2500);
#2502=PLANE('',#2501);
#2504=ORIENTED_EDGE('',*,*,#2503,.F.);
#2506=ORIENTED_EDGE('',*,*,#2505,.F.);
#2507=EDGE_LOOP('',(#2504,#2506));
#2508=FACE_OUTER_BOUND('',#2507,.F.);
#2509=ADVANCED_FACE('',(#2508),#2502,.T.);
#2510=CARTESIAN_POINT('',(0.E0,-4.299957109873E0,7.451267590211E-7));
#2511=DIRECTION('',(0.E0,1.E0,-1.732870212380E-7));
#2512=DIRECTION('',(-1.E0,0.E0,0.E0));
#2513=AXIS2_PLACEMENT_3D('',#2510,#2511,#2512);
#2514=PLANE('',#2513);
#2516=ORIENTED_EDGE('',*,*,#2515,.F.);
#2518=ORIENTED_EDGE('',*,*,#2517,.F.);
#2519=EDGE_LOOP('',(#2516,#2518));
#2520=FACE_OUTER_BOUND('',#2519,.F.);
#2521=ADVANCED_FACE('',(#2520),#2514,.T.);
#2522=CARTESIAN_POINT('',(0.E0,-4.299957109873E0,7.451267590211E-7));
#2523=DIRECTION('',(0.E0,1.E0,-1.732870212380E-7));
#2524=DIRECTION('',(-1.E0,0.E0,0.E0));
#2525=AXIS2_PLACEMENT_3D('',#2522,#2523,#2524);
#2526=PLANE('',#2525);
#2528=ORIENTED_EDGE('',*,*,#2527,.F.);
#2530=ORIENTED_EDGE('',*,*,#2529,.F.);
#2531=EDGE_LOOP('',(#2528,#2530));
#2532=FACE_OUTER_BOUND('',#2531,.F.);
#2533=ADVANCED_FACE('',(#2532),#2526,.T.);
#2534=CARTESIAN_POINT('',(0.E0,-4.299957109873E0,7.451267590211E-7));
#2535=DIRECTION('',(0.E0,1.E0,-1.732870212380E-7));
#2536=DIRECTION('',(-1.E0,0.E0,0.E0));
#2537=AXIS2_PLACEMENT_3D('',#2534,#2535,#2536);
#2538=PLANE('',#2537);
#2540=ORIENTED_EDGE('',*,*,#2539,.F.);
#2542=ORIENTED_EDGE('',*,*,#2541,.F.);
#2543=EDGE_LOOP('',(#2540,#2542));
#2544=FACE_OUTER_BOUND('',#2543,.F.);
#2545=ADVANCED_FACE('',(#2544),#2538,.T.);
#2546=CARTESIAN_POINT('',(0.E0,-4.299957109873E0,7.451267590211E-7));
#2547=DIRECTION('',(0.E0,1.E0,-1.732870212380E-7));
#2548=DIRECTION('',(-1.E0,0.E0,0.E0));
#2549=AXIS2_PLACEMENT_3D('',#2546,#2547,#2548);
#2550=PLANE('',#2549);
#2552=ORIENTED_EDGE('',*,*,#2551,.T.);
#2554=ORIENTED_EDGE('',*,*,#2553,.F.);
#2556=ORIENTED_EDGE('',*,*,#2555,.F.);
#2558=ORIENTED_EDGE('',*,*,#2557,.F.);
#2560=ORIENTED_EDGE('',*,*,#2559,.F.);
#2562=ORIENTED_EDGE('',*,*,#2561,.F.);
#2564=ORIENTED_EDGE('',*,*,#2563,.F.);
#2566=ORIENTED_EDGE('',*,*,#2565,.F.);
#2568=ORIENTED_EDGE('',*,*,#2567,.F.);
#2570=ORIENTED_EDGE('',*,*,#2569,.F.);
#2572=ORIENTED_EDGE('',*,*,#2571,.F.);
#2573=ORIENTED_EDGE('',*,*,#2488,.F.);
#2575=ORIENTED_EDGE('',*,*,#2574,.T.);
#2577=ORIENTED_EDGE('',*,*,#2576,.T.);
#2579=ORIENTED_EDGE('',*,*,#2578,.T.);
#2581=ORIENTED_EDGE('',*,*,#2580,.F.);
#2583=ORIENTED_EDGE('',*,*,#2582,.T.);
#2585=ORIENTED_EDGE('',*,*,#2584,.T.);
#2587=ORIENTED_EDGE('',*,*,#2586,.T.);
#2589=ORIENTED_EDGE('',*,*,#2588,.T.);
#2590=EDGE_LOOP('',(#2552,#2554,#2556,#2558,#2560,#2562,#2564,#2566,#2568,#2570,
#2572,#2573,#2575,#2577,#2579,#2581,#2583,#2585,#2587,#2589));
#2591=FACE_OUTER_BOUND('',#2590,.F.);
#2593=ORIENTED_EDGE('',*,*,#2592,.T.);
#2595=ORIENTED_EDGE('',*,*,#2594,.T.);
#2596=EDGE_LOOP('',(#2593,#2595));
#2597=FACE_BOUND('',#2596,.F.);
#2599=ORIENTED_EDGE('',*,*,#2598,.T.);
#2601=ORIENTED_EDGE('',*,*,#2600,.T.);
#2602=EDGE_LOOP('',(#2599,#2601));
#2603=FACE_BOUND('',#2602,.F.);
#2605=ORIENTED_EDGE('',*,*,#2604,.F.);
#2607=ORIENTED_EDGE('',*,*,#2606,.F.);
#2608=EDGE_LOOP('',(#2605,#2607));
#2609=FACE_BOUND('',#2608,.F.);
#2611=ORIENTED_EDGE('',*,*,#2610,.T.);
#2613=ORIENTED_EDGE('',*,*,#2612,.T.);
#2615=ORIENTED_EDGE('',*,*,#2614,.T.);
#2617=ORIENTED_EDGE('',*,*,#2616,.T.);
#2619=ORIENTED_EDGE('',*,*,#2618,.T.);
#2621=ORIENTED_EDGE('',*,*,#2620,.T.);
#2623=ORIENTED_EDGE('',*,*,#2622,.T.);
#2625=ORIENTED_EDGE('',*,*,#2624,.T.);
#2627=ORIENTED_EDGE('',*,*,#2626,.T.);
#2629=ORIENTED_EDGE('',*,*,#2628,.T.);
#2631=ORIENTED_EDGE('',*,*,#2630,.T.);
#2633=ORIENTED_EDGE('',*,*,#2632,.T.);
#2634=EDGE_LOOP('',(#2611,#2613,#2615,#2617,#2619,#2621,#2623,#2625,#2627,#2629,
#2631,#2633));
#2635=FACE_BOUND('',#2634,.F.);
#2636=ADVANCED_FACE('',(#2591,#2597,#2603,#2609,#2635),#2550,.T.);
#2637=CARTESIAN_POINT('',(9.9E0,-4.499956283294E0,4.770000779784E0));
#2638=DIRECTION('',(0.E0,1.E0,-1.732870212380E-7));
#2639=DIRECTION('',(1.E0,0.E0,0.E0));
#2640=AXIS2_PLACEMENT_3D('',#2637,#2638,#2639);
#2641=CYLINDRICAL_SURFACE('',#2640,1.E0);
#2642=ORIENTED_EDGE('',*,*,#2503,.T.);
#2644=ORIENTED_EDGE('',*,*,#2643,.T.);
#2646=ORIENTED_EDGE('',*,*,#2645,.F.);
#2648=ORIENTED_EDGE('',*,*,#2647,.F.);
#2649=EDGE_LOOP('',(#2642,#2644,#2646,#2648));
#2650=FACE_OUTER_BOUND('',#2649,.F.);
#2651=ADVANCED_FACE('',(#2650),#2641,.F.);
#2652=CARTESIAN_POINT('',(9.9E0,-4.499956283294E0,4.770000779784E0));
#2653=DIRECTION('',(0.E0,1.E0,-1.732870212380E-7));
#2654=DIRECTION('',(1.E0,0.E0,0.E0));
#2655=AXIS2_PLACEMENT_3D('',#2652,#2653,#2654);
#2656=CYLINDRICAL_SURFACE('',#2655,1.E0);
#2657=ORIENTED_EDGE('',*,*,#2505,.T.);
#2658=ORIENTED_EDGE('',*,*,#2647,.T.);
#2660=ORIENTED_EDGE('',*,*,#2659,.F.);
#2661=ORIENTED_EDGE('',*,*,#2643,.F.);
#2662=EDGE_LOOP('',(#2657,#2658,#2660,#2661));
#2663=FACE_OUTER_BOUND('',#2662,.F.);
#2664=ADVANCED_FACE('',(#2663),#2656,.F.);
#2665=CARTESIAN_POINT('',(0.E0,-4.999571098735E-1,8.663607831674E-8));
#2666=DIRECTION('',(0.E0,1.E0,-1.732870212380E-7));
#2667=DIRECTION('',(-1.E0,0.E0,0.E0));
#2668=AXIS2_PLACEMENT_3D('',#2665,#2666,#2667);
#2669=PLANE('',#2668);
#2671=ORIENTED_EDGE('',*,*,#2670,.T.);
#2673=ORIENTED_EDGE('',*,*,#2672,.T.);
#2674=EDGE_LOOP('',(#2671,#2673));
#2675=FACE_OUTER_BOUND('',#2674,.F.);
#2677=ORIENTED_EDGE('',*,*,#2676,.T.);
#2679=ORIENTED_EDGE('',*,*,#2678,.T.);
#2680=EDGE_LOOP('',(#2677,#2679));
#2681=FACE_BOUND('',#2680,.F.);
#2682=ADVANCED_FACE('',(#2675,#2681),#2669,.T.);
#2683=CARTESIAN_POINT('',(0.E0,-4.999571098735E-1,8.663607831674E-8));
#2684=DIRECTION('',(0.E0,1.E0,-1.732870212380E-7));
#2685=DIRECTION('',(-1.E0,0.E0,0.E0));
#2686=AXIS2_PLACEMENT_3D('',#2683,#2684,#2685);
#2687=PLANE('',#2686);
#2689=ORIENTED_EDGE('',*,*,#2688,.F.);
#2691=ORIENTED_EDGE('',*,*,#2690,.F.);
#2692=EDGE_LOOP('',(#2689,#2691));
#2693=FACE_OUTER_BOUND('',#2692,.F.);
#2694=ORIENTED_EDGE('',*,*,#2645,.T.);
#2695=ORIENTED_EDGE('',*,*,#2659,.T.);
#2696=EDGE_LOOP('',(#2694,#2695));
#2697=FACE_BOUND('',#2696,.F.);
#2698=ADVANCED_FACE('',(#2693,#2697),#2687,.T.);
#2699=CARTESIAN_POINT('',(0.E0,-4.999571098735E-1,8.663607831674E-8));
#2700=DIRECTION('',(0.E0,1.E0,-1.732870212380E-7));
#2701=DIRECTION('',(-1.E0,0.E0,0.E0));
#2702=AXIS2_PLACEMENT_3D('',#2699,#2700,#2701);
#2703=PLANE('',#2702);
#2705=ORIENTED_EDGE('',*,*,#2704,.T.);
#2707=ORIENTED_EDGE('',*,*,#2706,.T.);
#2708=EDGE_LOOP('',(#2705,#2707));
#2709=FACE_OUTER_BOUND('',#2708,.F.);
#2711=ORIENTED_EDGE('',*,*,#2710,.T.);
#2713=ORIENTED_EDGE('',*,*,#2712,.T.);
#2714=EDGE_LOOP('',(#2711,#2713));
#2715=FACE_BOUND('',#2714,.F.);
#2716=ADVANCED_FACE('',(#2709,#2715),#2703,.T.);
#2717=CARTESIAN_POINT('',(0.E0,-4.999571098735E-1,8.663607831674E-8));
#2718=DIRECTION('',(0.E0,1.E0,-1.732870212380E-7));
#2719=DIRECTION('',(-1.E0,0.E0,0.E0));
#2720=AXIS2_PLACEMENT_3D('',#2717,#2718,#2719);
#2721=PLANE('',#2720);
#2723=ORIENTED_EDGE('',*,*,#2722,.T.);
#2725=ORIENTED_EDGE('',*,*,#2724,.T.);
#2726=EDGE_LOOP('',(#2723,#2725));
#2727=FACE_OUTER_BOUND('',#2726,.F.);
#2729=ORIENTED_EDGE('',*,*,#2728,.T.);
#2731=ORIENTED_EDGE('',*,*,#2730,.T.);
#2732=EDGE_LOOP('',(#2729,#2731));
#2733=FACE_BOUND('',#2732,.F.);
#2734=ADVANCED_FACE('',(#2727,#2733),#2721,.T.);
#2735=CARTESIAN_POINT('',(0.E0,-4.999571098735E-1,8.663607831674E-8));
#2736=DIRECTION('',(0.E0,1.E0,-1.732870212380E-7));
#2737=DIRECTION('',(-1.E0,0.E0,0.E0));
#2738=AXIS2_PLACEMENT_3D('',#2735,#2736,#2737);
#2739=PLANE('',#2738);
#2741=ORIENTED_EDGE('',*,*,#2740,.T.);
#2743=ORIENTED_EDGE('',*,*,#2742,.T.);
#2744=EDGE_LOOP('',(#2741,#2743));
#2745=FACE_OUTER_BOUND('',#2744,.F.);
#2747=ORIENTED_EDGE('',*,*,#2746,.T.);
#2749=ORIENTED_EDGE('',*,*,#2748,.T.);
#2750=EDGE_LOOP('',(#2747,#2749));
#2751=FACE_BOUND('',#2750,.F.);
#2752=ADVANCED_FACE('',(#2745,#2751),#2739,.T.);
#2753=CARTESIAN_POINT('',(0.E0,-4.999571098735E-1,8.663607831674E-8));
#2754=DIRECTION('',(0.E0,1.E0,-1.732870212380E-7));
#2755=DIRECTION('',(-1.E0,0.E0,0.E0));
#2756=AXIS2_PLACEMENT_3D('',#2753,#2754,#2755);
#2757=PLANE('',#2756);
#2759=ORIENTED_EDGE('',*,*,#2758,.T.);
#2761=ORIENTED_EDGE('',*,*,#2760,.T.);
#2762=EDGE_LOOP('',(#2759,#2761));
#2763=FACE_OUTER_BOUND('',#2762,.F.);
#2765=ORIENTED_EDGE('',*,*,#2764,.T.);
#2767=ORIENTED_EDGE('',*,*,#2766,.T.);
#2768=EDGE_LOOP('',(#2765,#2767));
#2769=FACE_BOUND('',#2768,.F.);
#2770=ADVANCED_FACE('',(#2763,#2769),#2757,.T.);
#2771=CARTESIAN_POINT('',(0.E0,-4.999571098735E-1,8.663607831674E-8));
#2772=DIRECTION('',(0.E0,1.E0,-1.732870212380E-7));
#2773=DIRECTION('',(-1.E0,0.E0,0.E0));
#2774=AXIS2_PLACEMENT_3D('',#2771,#2772,#2773);
#2775=PLANE('',#2774);
#2777=ORIENTED_EDGE('',*,*,#2776,.T.);
#2779=ORIENTED_EDGE('',*,*,#2778,.T.);
#2780=EDGE_LOOP('',(#2777,#2779));
#2781=FACE_OUTER_BOUND('',#2780,.F.);
#2783=ORIENTED_EDGE('',*,*,#2782,.T.);
#2785=ORIENTED_EDGE('',*,*,#2784,.T.);
#2786=EDGE_LOOP('',(#2783,#2785));
#2787=FACE_BOUND('',#2786,.F.);
#2788=ADVANCED_FACE('',(#2781,#2787),#2775,.T.);
#2789=CARTESIAN_POINT('',(0.E0,-4.999571098735E-1,8.663607831674E-8));
#2790=DIRECTION('',(0.E0,1.E0,-1.732870212380E-7));
#2791=DIRECTION('',(-1.E0,0.E0,0.E0));
#2792=AXIS2_PLACEMENT_3D('',#2789,#2790,#2791);
#2793=PLANE('',#2792);
#2795=ORIENTED_EDGE('',*,*,#2794,.T.);
#2797=ORIENTED_EDGE('',*,*,#2796,.T.);
#2798=EDGE_LOOP('',(#2795,#2797));
#2799=FACE_OUTER_BOUND('',#2798,.F.);
#2801=ORIENTED_EDGE('',*,*,#2800,.T.);
#2803=ORIENTED_EDGE('',*,*,#2802,.T.);
#2804=EDGE_LOOP('',(#2801,#2803));
#2805=FACE_BOUND('',#2804,.F.);
#2806=ADVANCED_FACE('',(#2799,#2805),#2793,.T.);
#2807=CARTESIAN_POINT('',(4.7E1,-1.999605288264E-1,-1.972999996535E1));
#2808=DIRECTION('',(0.E0,1.E0,-1.732870212380E-7));
#2809=DIRECTION('',(1.E0,0.E0,0.E0));
#2810=AXIS2_PLACEMENT_3D('',#2807,#2808,#2809);
#2811=CYLINDRICAL_SURFACE('',#2810,2.75E0);
#2812=ORIENTED_EDGE('',*,*,#2782,.F.);
#2814=ORIENTED_EDGE('',*,*,#2813,.T.);
#2816=ORIENTED_EDGE('',*,*,#2815,.F.);
#2818=ORIENTED_EDGE('',*,*,#2817,.F.);
#2819=EDGE_LOOP('',(#2812,#2814,#2816,#2818));
#2820=FACE_OUTER_BOUND('',#2819,.F.);
#2821=ADVANCED_FACE('',(#2820),#2811,.F.);
#2822=CARTESIAN_POINT('',(4.7E1,-1.999605288264E-1,-1.972999996535E1));
#2823=DIRECTION('',(0.E0,1.E0,-1.732870212380E-7));
#2824=DIRECTION('',(1.E0,0.E0,0.E0));
#2825=AXIS2_PLACEMENT_3D('',#2822,#2823,#2824);
#2826=CYLINDRICAL_SURFACE('',#2825,2.75E0);
#2827=ORIENTED_EDGE('',*,*,#2784,.F.);
#2828=ORIENTED_EDGE('',*,*,#2817,.T.);
#2830=ORIENTED_EDGE('',*,*,#2829,.F.);
#2831=ORIENTED_EDGE('',*,*,#2813,.F.);
#2832=EDGE_LOOP('',(#2827,#2828,#2830,#2831));
#2833=FACE_OUTER_BOUND('',#2832,.F.);
#2834=ADVANCED_FACE('',(#2833),#2826,.F.);
#2835=CARTESIAN_POINT('',(0.E0,-1.699957109873E0,2.945805038024E-7));
#2836=DIRECTION('',(0.E0,1.E0,-1.732870212380E-7));
#2837=DIRECTION('',(0.E0,-1.732870212380E-7,-1.E0));
#2838=AXIS2_PLACEMENT_3D('',#2835,#2836,#2837);
#2839=PLANE('',#2838);
#2840=ORIENTED_EDGE('',*,*,#2815,.T.);
#2841=ORIENTED_EDGE('',*,*,#2829,.T.);
#2842=EDGE_LOOP('',(#2840,#2841));
#2843=FACE_OUTER_BOUND('',#2842,.F.);
#2845=ORIENTED_EDGE('',*,*,#2844,.T.);
#2847=ORIENTED_EDGE('',*,*,#2846,.T.);
#2848=EDGE_LOOP('',(#2845,#2847));
#2849=FACE_BOUND('',#2848,.F.);
#2850=ADVANCED_FACE('',(#2843,#2849),#2839,.T.);
#2851=CARTESIAN_POINT('',(4.7E1,-1.699960528826E0,-1.972999970542E1));
#2852=DIRECTION('',(0.E0,1.E0,-1.732870212380E-7));
#2853=DIRECTION('',(0.E0,-1.732870212380E-7,-1.E0));
#2854=AXIS2_PLACEMENT_3D('',#2851,#2852,#2853);
#2855=CYLINDRICAL_SURFACE('',#2854,1.15E0);
#2856=ORIENTED_EDGE('',*,*,#2844,.F.);
#2858=ORIENTED_EDGE('',*,*,#2857,.T.);
#2860=ORIENTED_EDGE('',*,*,#2859,.F.);
#2862=ORIENTED_EDGE('',*,*,#2861,.F.);
#2863=EDGE_LOOP('',(#2856,#2858,#2860,#2862));
#2864=FACE_OUTER_BOUND('',#2863,.F.);
#2865=ADVANCED_FACE('',(#2864),#2855,.F.);
#2866=CARTESIAN_POINT('',(4.7E1,-1.699960528826E0,-1.972999970542E1));
#2867=DIRECTION('',(0.E0,1.E0,-1.732870212380E-7));
#2868=DIRECTION('',(0.E0,-1.732870212380E-7,-1.E0));
#2869=AXIS2_PLACEMENT_3D('',#2866,#2867,#2868);
#2870=CYLINDRICAL_SURFACE('',#2869,1.15E0);
#2871=ORIENTED_EDGE('',*,*,#2846,.F.);
#2872=ORIENTED_EDGE('',*,*,#2861,.T.);
#2874=ORIENTED_EDGE('',*,*,#2873,.F.);
#2875=ORIENTED_EDGE('',*,*,#2857,.F.);
#2876=EDGE_LOOP('',(#2871,#2872,#2874,#2875));
#2877=FACE_OUTER_BOUND('',#2876,.F.);
#2878=ADVANCED_FACE('',(#2877),#2870,.F.);
#2879=CARTESIAN_POINT('',(0.E0,-2.899957109873E0,5.025249292880E-7));
#2880=DIRECTION('',(0.E0,1.E0,-1.732870212380E-7));
#2881=DIRECTION('',(0.E0,-1.732870212380E-7,-1.E0));
#2882=AXIS2_PLACEMENT_3D('',#2879,#2880,#2881);
#2883=PLANE('',#2882);
#2885=ORIENTED_EDGE('',*,*,#2884,.T.);
#2887=ORIENTED_EDGE('',*,*,#2886,.T.);
#2888=EDGE_LOOP('',(#2885,#2887));
#2889=FACE_OUTER_BOUND('',#2888,.F.);
#2890=ORIENTED_EDGE('',*,*,#2859,.T.);
#2891=ORIENTED_EDGE('',*,*,#2873,.T.);
#2892=EDGE_LOOP('',(#2890,#2891));
#2893=FACE_BOUND('',#2892,.F.);
#2894=ADVANCED_FACE('',(#2889,#2893),#2883,.F.);
#2895=CARTESIAN_POINT('',(4.7E1,-1.999605288264E-1,-1.972999996535E1));
#2896=DIRECTION('',(0.E0,1.E0,-1.732870212380E-7));
#2897=DIRECTION('',(1.E0,0.E0,0.E0));
#2898=AXIS2_PLACEMENT_3D('',#2895,#2896,#2897);
#2899=CYLINDRICAL_SURFACE('',#2898,2.75E0);
#2901=ORIENTED_EDGE('',*,*,#2900,.F.);
#2903=ORIENTED_EDGE('',*,*,#2902,.F.);
#2904=ORIENTED_EDGE('',*,*,#2884,.F.);
#2906=ORIENTED_EDGE('',*,*,#2905,.T.);
#2908=ORIENTED_EDGE('',*,*,#2907,.F.);
#2910=ORIENTED_EDGE('',*,*,#2909,.F.);
#2911=EDGE_LOOP('',(#2901,#2903,#2904,#2906,#2908,#2910));
#2912=FACE_OUTER_BOUND('',#2911,.F.);
#2913=ADVANCED_FACE('',(#2912),#2899,.F.);
#2914=CARTESIAN_POINT('',(0.E0,-5.999957109873E0,1.039714695482E-6));
#2915=DIRECTION('',(0.E0,1.E0,-1.732870212380E-7));
#2916=DIRECTION('',(1.E0,0.E0,0.E0));
#2917=AXIS2_PLACEMENT_3D('',#2914,#2915,#2916);
#2918=PLANE('',#2917);
#2919=ORIENTED_EDGE('',*,*,#2476,.T.);
#2921=ORIENTED_EDGE('',*,*,#2920,.T.);
#2923=ORIENTED_EDGE('',*,*,#2922,.T.);
#2925=ORIENTED_EDGE('',*,*,#2924,.T.);
#2927=ORIENTED_EDGE('',*,*,#2926,.T.);
#2929=ORIENTED_EDGE('',*,*,#2928,.T.);
#2931=ORIENTED_EDGE('',*,*,#2930,.F.);
#2933=ORIENTED_EDGE('',*,*,#2932,.T.);
#2935=ORIENTED_EDGE('',*,*,#2934,.T.);
#2937=ORIENTED_EDGE('',*,*,#2936,.F.);
#2939=ORIENTED_EDGE('',*,*,#2938,.T.);
#2941=ORIENTED_EDGE('',*,*,#2940,.T.);
#2943=ORIENTED_EDGE('',*,*,#2942,.T.);
#2945=ORIENTED_EDGE('',*,*,#2944,.T.);
#2947=ORIENTED_EDGE('',*,*,#2946,.T.);
#2949=ORIENTED_EDGE('',*,*,#2948,.T.);
#2951=ORIENTED_EDGE('',*,*,#2950,.T.);
#2953=ORIENTED_EDGE('',*,*,#2952,.F.);
#2955=ORIENTED_EDGE('',*,*,#2954,.T.);
#2957=ORIENTED_EDGE('',*,*,#2956,.T.);
#2959=ORIENTED_EDGE('',*,*,#2958,.T.);
#2961=ORIENTED_EDGE('',*,*,#2960,.T.);
#2963=ORIENTED_EDGE('',*,*,#2962,.T.);
#2965=ORIENTED_EDGE('',*,*,#2964,.T.);
#2967=ORIENTED_EDGE('',*,*,#2966,.F.);
#2969=ORIENTED_EDGE('',*,*,#2968,.T.);
#2970=EDGE_LOOP('',(#2919,#2921,#2923,#2925,#2927,#2929,#2931,#2933,#2935,#2937,
#2939,#2941,#2943,#2945,#2947,#2949,#2951,#2953,#2955,#2957,#2959,#2961,#2963,
#2965,#2967,#2969));
#2971=FACE_OUTER_BOUND('',#2970,.F.);
#2973=ORIENTED_EDGE('',*,*,#2972,.T.);
#2975=ORIENTED_EDGE('',*,*,#2974,.F.);
#2976=EDGE_LOOP('',(#2973,#2975));
#2977=FACE_BOUND('',#2976,.F.);
#2979=ORIENTED_EDGE('',*,*,#2978,.F.);
#2981=ORIENTED_EDGE('',*,*,#2980,.F.);
#2982=EDGE_LOOP('',(#2979,#2981));
#2983=FACE_BOUND('',#2982,.F.);
#2985=ORIENTED_EDGE('',*,*,#2984,.F.);
#2987=ORIENTED_EDGE('',*,*,#2986,.F.);
#2988=EDGE_LOOP('',(#2985,#2987));
#2989=FACE_BOUND('',#2988,.F.);
#2991=ORIENTED_EDGE('',*,*,#2990,.T.);
#2993=ORIENTED_EDGE('',*,*,#2992,.F.);
#2995=ORIENTED_EDGE('',*,*,#2994,.T.);
#2997=ORIENTED_EDGE('',*,*,#2996,.F.);
#2999=ORIENTED_EDGE('',*,*,#2998,.T.);
#3001=ORIENTED_EDGE('',*,*,#3000,.F.);
#3003=ORIENTED_EDGE('',*,*,#3002,.T.);
#3005=ORIENTED_EDGE('',*,*,#3004,.F.);
#3006=EDGE_LOOP('',(#2991,#2993,#2995,#2997,#2999,#3001,#3003,#3005));
#3007=FACE_BOUND('',#3006,.F.);
#3008=ORIENTED_EDGE('',*,*,#2900,.T.);
#3010=ORIENTED_EDGE('',*,*,#3009,.F.);
#3011=EDGE_LOOP('',(#3008,#3010));
#3012=FACE_BOUND('',#3011,.F.);
#3013=ADVANCED_FACE('',(#2971,#2977,#2983,#2989,#3007,#3012),#2918,.F.);
#3014=CARTESIAN_POINT('',(4.687657799908E1,1.261549379233E1,1.947946111571E1));
#3015=DIRECTION('',(0.E0,-1.E0,1.732870212184E-7));
#3016=DIRECTION('',(-5.352856884462E-1,-1.463705351939E-7,-8.446710790270E-1));
#3017=AXIS2_PLACEMENT_3D('',#3014,#3015,#3016);
#3018=CYLINDRICAL_SURFACE('',#3017,1.E1);
#3020=ORIENTED_EDGE('',*,*,#3019,.T.);
#3022=ORIENTED_EDGE('',*,*,#3021,.T.);
#3023=ORIENTED_EDGE('',*,*,#2920,.F.);
#3024=ORIENTED_EDGE('',*,*,#2474,.T.);
#3026=ORIENTED_EDGE('',*,*,#3025,.T.);
#3027=EDGE_LOOP('',(#3020,#3022,#3023,#3024,#3026));
#3028=FACE_OUTER_BOUND('',#3027,.F.);
#3029=ADVANCED_FACE('',(#3028),#3018,.F.);
#3030=CARTESIAN_POINT('',(4.389903845130E1,-4.307479038174E0,9.317283722811E0));
#3031=CARTESIAN_POINT('',(4.391288540190E1,-4.307837000971E0,9.313230566475E0));
#3032=CARTESIAN_POINT('',(4.400517284477E1,-4.309012972597E0,9.286408366460E0));
#3033=CARTESIAN_POINT('',(4.418684226174E1,-4.296247910019E0,9.236070411610E0));
#3034=CARTESIAN_POINT('',(4.445470176153E1,-4.243558964070E0,9.168705085123E0));
#3035=CARTESIAN_POINT('',(4.474577964317E1,-4.152309598622E0,9.103761210775E0));
#3036=CARTESIAN_POINT('',(4.504730538225E1,-4.025819741761E0,9.045674801736E0));
#3037=CARTESIAN_POINT('',(4.533983758067E1,-3.877035088977E0,8.998217148213E0));
#3038=CARTESIAN_POINT('',(4.560831014643E1,-3.722212235220E0,8.962171413563E0));
#3039=CARTESIAN_POINT('',(4.584908691992E1,-3.571556095738E0,8.935811122465E0));
#3040=CARTESIAN_POINT('',(4.606660079696E1,-3.427996087795E0,8.916799337104E0));
#3041=CARTESIAN_POINT('',(4.627038877205E1,-3.288792660651E0,8.903062501444E0));
#3042=CARTESIAN_POINT('',(4.647351362095E1,-3.147034829654E0,8.893238741143E0));
#3043=CARTESIAN_POINT('',(4.662618470385E1,-3.039288335542E0,8.888868125863E0));
#3044=CARTESIAN_POINT('',(4.671310415486E1,-2.977953928791E0,8.887466560768E0));
#3045=CARTESIAN_POINT('',(4.672817014464E1,-2.967325592656E0,8.887256105951E0));
#3046=CARTESIAN_POINT('',(4.400746313038E1,-4.238756736399E0,9.679662972139E0));
#3047=CARTESIAN_POINT('',(4.402011705274E1,-4.239100374955E0,9.675964056344E0));
#3048=CARTESIAN_POINT('',(4.410453091538E1,-4.240230592776E0,9.651446442433E0));
#3049=CARTESIAN_POINT('',(4.427167147193E1,-4.227960508878E0,9.604946803074E0));
#3050=CARTESIAN_POINT('',(4.452030757853E1,-4.176828205186E0,9.541756343734E0));
#3051=CARTESIAN_POINT('',(4.479263585269E1,-4.087680205276E0,9.479982788057E0));
#3052=CARTESIAN_POINT('',(4.507666719089E1,-3.963423416817E0,9.424011291449E0));
#3053=CARTESIAN_POINT('',(4.535376224481E1,-3.816625405615E0,9.377721488726E0));
#3054=CARTESIAN_POINT('',(4.560917040332E1,-3.663360020486E0,9.342145972536E0));
#3055=CARTESIAN_POINT('',(4.583900549404E1,-3.513837861581E0,9.315808500031E0));
#3056=CARTESIAN_POINT('',(4.604720288420E1,-3.371066926708E0,9.296542820501E0));
#3057=CARTESIAN_POINT('',(4.624271125888E1,-3.232391981354E0,9.282365721294E0));
#3058=CARTESIAN_POINT('',(4.643798697243E1,-3.090956121032E0,9.271934745939E0));
#3059=CARTESIAN_POINT('',(4.658505911800E1,-2.983291827615E0,9.266993412248E0));
#3060=CARTESIAN_POINT('',(4.666889504566E1,-2.921947858596E0,9.265231773287E0));
#3061=CARTESIAN_POINT('',(4.668342964355E1,-2.911316185281E0,9.264957891404E0));
#3062=CARTESIAN_POINT('',(4.407768839361E1,-4.510515905039E0,9.942366645526E0));
#3063=CARTESIAN_POINT('',(4.409208428515E1,-4.510916188056E0,9.938142736636E0));
#3064=CARTESIAN_POINT('',(4.418787460097E1,-4.512227336381E0,9.910269964213E0));
#3065=CARTESIAN_POINT('',(4.437449563212E1,-4.497999878244E0,9.858935412347E0));
#3066=CARTESIAN_POINT('',(4.464525223014E1,-4.440711895739E0,9.792162969767E0));
#3067=CARTESIAN_POINT('',(4.493519149695E1,-4.343254131849E0,9.729502288134E0));
#3068=CARTESIAN_POINT('',(4.523167536043E1,-4.210166766289E0,9.674901527489E0));
#3069=CARTESIAN_POINT('',(4.551624038382E1,-4.055512662917E0,9.631413594282E0));
#3070=CARTESIAN_POINT('',(4.577519143023E1,-3.896088332457E0,9.599217904058E0));
#3071=CARTESIAN_POINT('',(4.600587653645E1,-3.742081894271E0,9.576316257893E0));
#3072=CARTESIAN_POINT('',(4.621313588954E1,-3.596190602616E0,9.560340487505E0));
#3073=CARTESIAN_POINT('',(4.640641707635E1,-3.455425797921E0,9.549311729286E0));
#3074=CARTESIAN_POINT('',(4.659826102530E1,-3.312716717934E0,9.542010261209E0));
#3075=CARTESIAN_POINT('',(4.674185117900E1,-3.204727365309E0,9.539363887094E0));
#3076=CARTESIAN_POINT('',(4.682339212486E1,-3.143421209903E0,9.538869918359E0));
#3077=CARTESIAN_POINT('',(4.683751966629E1,-3.132802733332E0,9.538814493795E0));
#3078=CARTESIAN_POINT('',(4.404921810203E1,-4.888647340693E0,9.879086471519E0));
#3079=CARTESIAN_POINT('',(4.406679032627E1,-4.889126440031E0,9.873910595580E0));
#3080=CARTESIAN_POINT('',(4.418340678816E1,-4.890689339077E0,9.839913249326E0));
#3081=CARTESIAN_POINT('',(4.440673601154E1,-4.873738350153E0,9.779235632676E0));
#3082=CARTESIAN_POINT('',(4.472190110368E1,-4.807885228641E0,9.704210085819E0));
#3083=CARTESIAN_POINT('',(4.505064082671E1,-4.698865086771E0,9.637369055658E0));
#3084=CARTESIAN_POINT('',(4.537879680983E1,-4.553490672933E0,9.582214022576E0));
#3085=CARTESIAN_POINT('',(4.568730384911E1,-4.387905439792E0,9.540748283729E0));
#3086=CARTESIAN_POINT('',(4.596335302824E1,-4.219911424887E0,9.511930447698E0));
#3087=CARTESIAN_POINT('',(4.620594759529E1,-4.059665467365E0,9.492917814350E0));
#3088=CARTESIAN_POINT('',(4.642145544097E1,-3.909432446464E0,9.480941636733E0));
#3089=CARTESIAN_POINT('',(4.662048048202E1,-3.765759768063E0,9.473937659423E0));
#3090=CARTESIAN_POINT('',(4.681626635938E1,-3.621279103776E0,9.470806480798E0));
#3091=CARTESIAN_POINT('',(4.696149105761E1,-3.512837457006E0,9.471343732170E0));
#3092=CARTESIAN_POINT('',(4.704350259445E1,-3.451583916242E0,9.472653132659E0));
#3093=CARTESIAN_POINT('',(4.705769807706E1,-3.440983801894E0,9.472909857921E0));
#3094=(BOUNDED_SURFACE()B_SPLINE_SURFACE(3,3,((#3030,#3031,#3032,#3033,#3034,
#3035,#3036,#3037,#3038,#3039,#3040,#3041,#3042,#3043,#3044,#3045),(#3046,#3047,
#3048,#3049,#3050,#3051,#3052,#3053,#3054,#3055,#3056,#3057,#3058,#3059,#3060,
#3061),(#3062,#3063,#3064,#3065,#3066,#3067,#3068,#3069,#3070,#3071,#3072,#3073,
#3074,#3075,#3076,#3077),(#3078,#3079,#3080,#3081,#3082,#3083,#3084,#3085,#3086,
#3087,#3088,#3089,#3090,#3091,#3092,#3093)),.UNSPECIFIED.,.F.,.F.,.F.)B_SPLINE_SURFACE_WITH_KNOTS((4,4),(4,1,1,1,1,1,1,1,1,1,1,1,1,4),(0.E0,1.E0),(
-1.550385795211E-2,0.E0,8.741503999776E-2,1.823327537084E-1,2.864511782970E-1,
3.975856692360E-1,5.061370241963E-1,6.047125060011E-1,6.932870852893E-1,
7.736489374042E-1,8.475010377466E-1,9.209542865141E-1,1.E0,1.016548672821E0),
.UNSPECIFIED.)GEOMETRIC_REPRESENTATION_ITEM()RATIONAL_B_SPLINE_SURFACE(((
1.274477269539E0,1.274477269539E0,1.274477269539E0,1.274477269539E0,
1.274477269539E0,1.274477269539E0,1.274477269539E0,1.274477269539E0,
1.274477269539E0,1.274477269539E0,1.274477269539E0,1.274477269539E0,
1.274477269539E0,1.274477269539E0,1.274477269539E0,1.274477269539E0),(
9.085075768204E-1,9.085075768204E-1,9.085075768204E-1,9.085075768204E-1,
9.085075768204E-1,9.085075768204E-1,9.085075768204E-1,9.085075768204E-1,
9.085075768204E-1,9.085075768204E-1,9.085075768204E-1,9.085075768204E-1,
9.085075768204E-1,9.085075768204E-1,9.085075768204E-1,9.085075768204E-1),(
9.085075768204E-1,9.085075768204E-1,9.085075768204E-1,9.085075768204E-1,
9.085075768204E-1,9.085075768204E-1,9.085075768204E-1,9.085075768204E-1,
9.085075768204E-1,9.085075768204E-1,9.085075768204E-1,9.085075768204E-1,
9.085075768204E-1,9.085075768204E-1,9.085075768204E-1,9.085075768204E-1),(
1.274477269539E0,1.274477269539E0,1.274477269539E0,1.274477269539E0,
1.274477269539E0,1.274477269539E0,1.274477269539E0,1.274477269539E0,
1.274477269539E0,1.274477269539E0,1.274477269539E0,1.274477269539E0,
1.274477269539E0,1.274477269539E0,1.274477269539E0,1.274477269539E0)))REPRESENTATION_ITEM('')SURFACE());
#3095=ORIENTED_EDGE('',*,*,#3019,.F.);
#3097=ORIENTED_EDGE('',*,*,#3096,.F.);
#3099=ORIENTED_EDGE('',*,*,#3098,.T.);
#3100=EDGE_LOOP('',(#3095,#3097,#3099));
#3101=FACE_OUTER_BOUND('',#3100,.F.);
#3102=ADVANCED_FACE('',(#3101),#3094,.T.);
#3103=CARTESIAN_POINT('',(4.687657799908E1,-4.799953734335E0,1.947946413358E1));
#3104=DIRECTION('',(0.E0,-1.E0,1.732870212184E-7));
#3105=DIRECTION('',(2.503499615948E-2,-1.732327083652E-7,-9.996865753661E-1));
#3106=AXIS2_PLACEMENT_3D('',#3103,#3104,#3105);
#3107=TOROIDAL_SURFACE('',#3106,1.049999999892E1,5.E-1);
#3108=ORIENTED_EDGE('',*,*,#2571,.T.);
#3109=ORIENTED_EDGE('',*,*,#3096,.T.);
#3110=ORIENTED_EDGE('',*,*,#3025,.F.);
#3111=ORIENTED_EDGE('',*,*,#2490,.F.);
#3112=EDGE_LOOP('',(#3108,#3109,#3110,#3111));
#3113=FACE_OUTER_BOUND('',#3112,.F.);
#3114=ADVANCED_FACE('',(#3113),#3107,.T.);
#3115=CARTESIAN_POINT('',(4.7E1,-3.399956203582E0,5.229998391889E0));
#3116=DIRECTION('',(0.E0,1.E0,-1.732870212380E-7));
#3117=DIRECTION('',(-9.992577152636E-1,6.675529259382E-9,3.852296050511E-2));
#3118=AXIS2_PLACEMENT_3D('',#3115,#3116,#3117);
#3119=TOROIDAL_SURFACE('',#3118,5.149999997072E0,9.E-1);
#3120=ORIENTED_EDGE('',*,*,#3098,.F.);
#3121=ORIENTED_EDGE('',*,*,#2569,.T.);
#3123=ORIENTED_EDGE('',*,*,#3122,.T.);
#3125=ORIENTED_EDGE('',*,*,#3124,.T.);
#3127=ORIENTED_EDGE('',*,*,#3126,.T.);
#3128=EDGE_LOOP('',(#3120,#3121,#3123,#3125,#3127));
#3129=FACE_OUTER_BOUND('',#3128,.F.);
#3130=ADVANCED_FACE('',(#3129),#3119,.F.);
#3131=CARTESIAN_POINT('',(5.024677825570E1,-4.838704628542E0,2.205407265966E0));
#3132=CARTESIAN_POINT('',(5.024707887980E1,-4.834173826394E0,2.207015962026E0));
#3133=CARTESIAN_POINT('',(5.024766700661E1,-4.823399654754E0,2.210176436381E0));
#3134=CARTESIAN_POINT('',(5.024812236029E1,-4.806395096755E0,2.212641429880E0));
#3135=CARTESIAN_POINT('',(5.024802961579E1,-4.787708293610E0,2.212138528381E0));
#3136=CARTESIAN_POINT('',(5.024734066608E1,-4.768913206307E0,2.208414163981E0));
#3137=CARTESIAN_POINT('',(5.024600370095E1,-4.749599694283E0,2.201245909243E0));
#3138=CARTESIAN_POINT('',(5.024389361548E1,-4.729275343294E0,2.190071682495E0));
#3139=CARTESIAN_POINT('',(5.024080018027E1,-4.707459116128E0,2.173940283268E0));
#3140=CARTESIAN_POINT('',(5.023645859226E1,-4.683911286367E0,2.151677945799E0));
#3141=CARTESIAN_POINT('',(5.023057537394E1,-4.658572908919E0,2.121992164595E0));
#3142=CARTESIAN_POINT('',(5.022285070694E1,-4.631530416675E0,2.083530746261E0));
#3143=CARTESIAN_POINT('',(5.021297965444E1,-4.602949819800E0,2.034847667391E0));
#3144=CARTESIAN_POINT('',(5.020069121100E1,-4.573118828174E0,1.974603518504E0));
#3145=CARTESIAN_POINT('',(5.018569617773E1,-4.542275386558E0,1.901407379353E0));
#3146=CARTESIAN_POINT('',(5.016759079985E1,-4.510518427624E0,1.813564833833E0));
#3147=CARTESIAN_POINT('',(5.014571570415E1,-4.477763373100E0,1.708790642365E0));
#3148=CARTESIAN_POINT('',(5.011956392974E1,-4.444521813070E0,1.586858091107E0));
#3149=CARTESIAN_POINT('',(5.008948222249E1,-4.412392542303E0,1.453496176482E0));
#3150=CARTESIAN_POINT('',(5.005685316023E1,-4.383364893081E0,1.319998842571E0));
#3151=CARTESIAN_POINT('',(5.002322444876E1,-4.358556855904E0,1.196329616061E0));
#3152=CARTESIAN_POINT('',(4.998947036294E1,-4.338012126450E0,1.086794544418E0));
#3153=CARTESIAN_POINT('',(4.995556147872E1,-4.321187449094E0,
9.910158104678E-1));
#3154=CARTESIAN_POINT('',(4.992145231354E1,-4.307663713593E0,
9.079060304195E-1));
#3155=CARTESIAN_POINT('',(4.988705801308E1,-4.297104147169E0,
8.359489541634E-1));
#3156=CARTESIAN_POINT('',(4.985216565440E1,-4.289236715390E0,
7.733709534782E-1));
#3157=CARTESIAN_POINT('',(4.982159901198E1,-4.284664885872E0,
7.263740700756E-1));
#3158=CARTESIAN_POINT('',(4.980260294834E1,-4.282909582964E0,
7.004606731518E-1));
#3159=CARTESIAN_POINT('',(4.979593046658E1,-4.282425272337E0,
6.917272374538E-1));
#3160=CARTESIAN_POINT('',(5.017222656297E1,-4.889717216583E0,2.580560912873E0));
#3161=CARTESIAN_POINT('',(5.017386519331E1,-4.879431909228E0,2.582872870914E0));
#3162=CARTESIAN_POINT('',(5.017711014104E1,-4.854722066070E0,2.587446945634E0));
#3163=CARTESIAN_POINT('',(5.017967137567E1,-4.815060451216E0,2.591050888392E0));
#3164=CARTESIAN_POINT('',(5.017914718004E1,-4.771246412118E0,2.590313674902E0));
#3165=CARTESIAN_POINT('',(5.017528868139E1,-4.727580980984E0,2.584881088443E0));
#3166=CARTESIAN_POINT('',(5.016797388688E1,-4.683745208880E0,2.574559757186E0));
#3167=CARTESIAN_POINT('',(5.015684368408E1,-4.639309286861E0,2.558801195863E0));
#3168=CARTESIAN_POINT('',(5.014130493716E1,-4.594031214592E0,2.536698530119E0));
#3169=CARTESIAN_POINT('',(5.012076026958E1,-4.548336136568E0,2.507304367153E0));
#3170=CARTESIAN_POINT('',(5.009473038333E1,-4.503022011620E0,2.469805382112E0));
#3171=CARTESIAN_POINT('',(5.006287869593E1,-4.459044699190E0,2.423560606530E0));
#3172=CARTESIAN_POINT('',(5.002493851513E1,-4.417354604439E0,2.367983791223E0));
#3173=CARTESIAN_POINT('',(4.998081002771E1,-4.378962698719E0,2.302658378144E0));
#3174=CARTESIAN_POINT('',(4.993039768115E1,-4.344789242635E0,2.227066800738E0));
#3175=CARTESIAN_POINT('',(4.987349659961E1,-4.315783930761E0,2.140379069636E0));
#3176=CARTESIAN_POINT('',(4.980976575368E1,-4.293154370169E0,2.041345159835E0));
#3177=CARTESIAN_POINT('',(4.974050209295E1,-4.279022479493E0,1.930979706684E0));
#3178=CARTESIAN_POINT('',(4.967052214657E1,-4.275554405279E0,1.815780687939E0));
#3179=CARTESIAN_POINT('',(4.960689500992E1,-4.282649594999E0,1.706369878039E0));
#3180=CARTESIAN_POINT('',(4.955463776361E1,-4.297511237019E0,1.610806260895E0));
#3181=CARTESIAN_POINT('',(4.951511380154E1,-4.316776247202E0,1.531452957436E0));
#3182=CARTESIAN_POINT('',(4.948742377058E1,-4.337981503102E0,1.466627719753E0));
#3183=CARTESIAN_POINT('',(4.947022525605E1,-4.359280702754E0,1.413917505781E0));
#3184=CARTESIAN_POINT('',(4.946183805605E1,-4.379394918736E0,1.370553670522E0));
#3185=CARTESIAN_POINT('',(4.946041432938E1,-4.397577543101E0,1.333737749651E0));
#3186=CARTESIAN_POINT('',(4.946357651070E1,-4.411181832231E0,1.305704202941E0));
#3187=CARTESIAN_POINT('',(4.946685387781E1,-4.418461035965E0,1.289553294812E0));
#3188=CARTESIAN_POINT('',(4.946810782718E1,-4.420876924111E0,1.283999067010E0));
#3189=CARTESIAN_POINT('',(5.044056351203E1,-4.944727487949E0,2.852350829809E0));
#3190=CARTESIAN_POINT('',(5.044301167363E1,-4.928110332963E0,2.854668916667E0));
#3191=CARTESIAN_POINT('',(5.044786207281E1,-4.888223922710E0,2.859266066986E0));
#3192=CARTESIAN_POINT('',(5.045169348076E1,-4.824289464160E0,2.862900075296E0));
#3193=CARTESIAN_POINT('',(5.045090903539E1,-4.753698842597E0,2.862155793275E0));
#3194=CARTESIAN_POINT('',(5.044513958502E1,-4.683314595871E0,2.856685031480E0));
#3195=CARTESIAN_POINT('',(5.043421576251E1,-4.612537905273E0,2.846342113772E0));
#3196=CARTESIAN_POINT('',(5.041762412094E1,-4.540548732133E0,2.830667582522E0));
#3197=CARTESIAN_POINT('',(5.039451306078E1,-4.466746160945E0,2.808897112061E0));
#3198=CARTESIAN_POINT('',(5.036403277207E1,-4.391484865766E0,2.780284938238E0));
#3199=CARTESIAN_POINT('',(5.032550275755E1,-4.315591166544E0,2.744260388529E0));
#3200=CARTESIAN_POINT('',(5.027842015390E1,-4.240043387739E0,2.700435984565E0));
#3201=CARTESIAN_POINT('',(5.022230999810E1,-4.165751931228E0,2.648475387539E0));
#3202=CARTESIAN_POINT('',(5.015681625446E1,-4.093757005541E0,2.588187157436E0));
#3203=CARTESIAN_POINT('',(5.008141456923E1,-4.025011466809E0,2.519266956779E0));
#3204=CARTESIAN_POINT('',(4.999519938514E1,-3.960533774721E0,2.441119004518E0));
#3205=CARTESIAN_POINT('',(4.989676927612E1,-3.901713901168E0,2.352785361479E0));
#3206=CARTESIAN_POINT('',(4.978688317730E1,-3.851984544350E0,2.255352676190E0));
#3207=CARTESIAN_POINT('',(4.967172958254E1,-3.816452658860E0,2.154688260005E0));
#3208=CARTESIAN_POINT('',(4.956187485957E1,-3.798136215524E0,2.060045263595E0));
#3209=CARTESIAN_POINT('',(4.946583086773E1,-3.795440011206E0,1.978175525153E0));
#3210=CARTESIAN_POINT('',(4.938673239819E1,-3.804420546017E0,1.910789769973E0));
#3211=CARTESIAN_POINT('',(4.932380798423E1,-3.821516826530E0,1.856145169965E0));
#3212=CARTESIAN_POINT('',(4.927557164376E1,-3.843995648977E0,1.811924257220E0));
#3213=CARTESIAN_POINT('',(4.924004762086E1,-3.869889001709E0,1.775567499983E0));
#3214=CARTESIAN_POINT('',(4.921501275869E1,-3.897943753799E0,1.744540567156E0));
#3215=CARTESIAN_POINT('',(4.920068644847E1,-3.923184747030E0,1.720634161414E0));
#3216=CARTESIAN_POINT('',(4.919456534166E1,-3.938915843386E0,1.706647324648E0));
#3217=CARTESIAN_POINT('',(4.919268884551E1,-3.944428615921E0,1.701809294177E0));
#3218=CARTESIAN_POINT('',(5.082062635981E1,-4.956346049300E0,2.786639664615E0));
#3219=CARTESIAN_POINT('',(5.082265819530E1,-4.938274365916E0,2.788261467368E0));
#3220=CARTESIAN_POINT('',(5.082667963707E1,-4.895044566064E0,2.791471289710E0));
#3221=CARTESIAN_POINT('',(5.082985130157E1,-4.826131668999E0,2.794000579461E0));
#3222=CARTESIAN_POINT('',(5.082920200374E1,-4.750182192430E0,2.793482561658E0));
#3223=CARTESIAN_POINT('',(5.082442641583E1,-4.674247968211E0,2.789676557944E0));
#3224=CARTESIAN_POINT('',(5.081537141606E1,-4.597320344323E0,2.782462139814E0));
#3225=CARTESIAN_POINT('',(5.080158184963E1,-4.518072386380E0,2.771467614364E0));
#3226=CARTESIAN_POINT('',(5.078229475337E1,-4.435255504319E0,2.756046626560E0));
#3227=CARTESIAN_POINT('',(5.075670548640E1,-4.348479268184E0,2.735456600669E0));
#3228=CARTESIAN_POINT('',(5.072409029943E1,-4.257745384145E0,2.708923951833E0));
#3229=CARTESIAN_POINT('',(5.068379377663E1,-4.163188327327E0,2.675638584242E0));
#3230=CARTESIAN_POINT('',(5.063506558671E1,-4.064888559451E0,2.634688916710E0));
#3231=CARTESIAN_POINT('',(5.057708678338E1,-3.963196315143E0,2.585216962675E0));
#3232=CARTESIAN_POINT('',(5.050865116107E1,-3.858419245856E0,2.526287799846E0));
#3233=CARTESIAN_POINT('',(5.042785653287E1,-3.750803340900E0,2.456707874943E0));
#3234=CARTESIAN_POINT('',(5.033177582958E1,-3.640654015657E0,2.374816584305E0));
#3235=CARTESIAN_POINT('',(5.021875152734E1,-3.531286008906E0,2.280541216839E0));
#3236=CARTESIAN_POINT('',(5.009206436722E1,-3.430587137958E0,2.178262066447E0));
#3237=CARTESIAN_POINT('',(4.996057596837E1,-3.347215808141E0,2.076346226634E0));
#3238=CARTESIAN_POINT('',(4.983330774512E1,-3.284859692443E0,1.981961846505E0));
#3239=CARTESIAN_POINT('',(4.971492216833E1,-3.242321246825E0,1.898019802264E0));
#3240=CARTESIAN_POINT('',(4.960566330357E1,-3.216709379542E0,1.824012723871E0));
#3241=CARTESIAN_POINT('',(4.950517864433E1,-3.205708309321E0,1.759057616265E0));
#3242=CARTESIAN_POINT('',(4.941275128348E1,-3.207507632267E0,1.702085425439E0));
#3243=CARTESIAN_POINT('',(4.932736567223E1,-3.220752096551E0,1.651887381467E0));
#3244=CARTESIAN_POINT('',(4.925939926898E1,-3.241065772403E0,1.613716535731E0));
#3245=CARTESIAN_POINT('',(4.922030423477E1,-3.257385142305E0,1.592431082343E0));
#3246=CARTESIAN_POINT('',(4.920693718399E1,-3.263523629026E0,1.585229260096E0));
#3247=(BOUNDED_SURFACE()B_SPLINE_SURFACE(3,3,((#3131,#3132,#3133,#3134,#3135,
#3136,#3137,#3138,#3139,#3140,#3141,#3142,#3143,#3144,#3145,#3146,#3147,#3148,
#3149,#3150,#3151,#3152,#3153,#3154,#3155,#3156,#3157,#3158,#3159),(#3160,#3161,
#3162,#3163,#3164,#3165,#3166,#3167,#3168,#3169,#3170,#3171,#3172,#3173,#3174,
#3175,#3176,#3177,#3178,#3179,#3180,#3181,#3182,#3183,#3184,#3185,#3186,#3187,
#3188),(#3189,#3190,#3191,#3192,#3193,#3194,#3195,#3196,#3197,#3198,#3199,#3200,
#3201,#3202,#3203,#3204,#3205,#3206,#3207,#3208,#3209,#3210,#3211,#3212,#3213,
#3214,#3215,#3216,#3217),(#3218,#3219,#3220,#3221,#3222,#3223,#3224,#3225,#3226,
#3227,#3228,#3229,#3230,#3231,#3232,#3233,#3234,#3235,#3236,#3237,#3238,#3239,
#3240,#3241,#3242,#3243,#3244,#3245,#3246)),.UNSPECIFIED.,.F.,.F.,.F.)B_SPLINE_SURFACE_WITH_KNOTS((4,4),(4,1,1,1,1,1,1,1,1,1,1,1,1,1,1,1,1,1,1,1,1,1,1,1,1,1,4),(
0.E0,1.E0),(4.080069854263E-2,5.282467291742E-2,6.930204054589E-2,
8.557059718612E-2,1.019600723855E-1,1.188594638675E-1,1.368573610792E-1,
1.565961665643E-1,1.786287780740E-1,2.031899674747E-1,2.307885882789E-1,
2.619506669528E-1,2.970641429508E-1,3.365223916803E-1,3.811064928949E-1,
4.317555161344E-1,4.897221746004E-1,5.528396192272E-1,6.144041264469E-1,
6.693032704564E-1,7.178482240382E-1,7.606513918558E-1,7.984311123757E-1,
8.321723719160E-1,8.629094860547E-1,8.916786624817E-1,9.068871821094E-1),
.UNSPECIFIED.)GEOMETRIC_REPRESENTATION_ITEM()RATIONAL_B_SPLINE_SURFACE(((
1.274479750274E0,1.274479750274E0,1.274479750274E0,1.274479750274E0,
1.274479750274E0,1.274479750274E0,1.274479750274E0,1.274479750274E0,
1.274479750274E0,1.274479750274E0,1.274479750274E0,1.274479750274E0,
1.274479750274E0,1.274479750274E0,1.274479750274E0,1.274479750274E0,
1.274479750274E0,1.274479750274E0,1.274479750274E0,1.274479750274E0,
1.274479750274E0,1.274479750274E0,1.274479750274E0,1.274479750274E0,
1.274479750274E0,1.274479750274E0,1.274479750274E0,1.274479750274E0,
1.274479750274E0),(9.085067499086E-1,9.085067499086E-1,9.085067499086E-1,
9.085067499086E-1,9.085067499086E-1,9.085067499086E-1,9.085067499086E-1,
9.085067499086E-1,9.085067499086E-1,9.085067499086E-1,9.085067499086E-1,
9.085067499086E-1,9.085067499086E-1,9.085067499086E-1,9.085067499086E-1,
9.085067499086E-1,9.085067499086E-1,9.085067499086E-1,9.085067499086E-1,
9.085067499086E-1,9.085067499086E-1,9.085067499086E-1,9.085067499086E-1,
9.085067499086E-1,9.085067499086E-1,9.085067499086E-1,9.085067499086E-1,
9.085067499086E-1,9.085067499086E-1),(9.085067499086E-1,9.085067499086E-1,
9.085067499086E-1,9.085067499086E-1,9.085067499086E-1,9.085067499086E-1,
9.085067499086E-1,9.085067499086E-1,9.085067499086E-1,9.085067499086E-1,
9.085067499086E-1,9.085067499086E-1,9.085067499086E-1,9.085067499086E-1,
9.085067499086E-1,9.085067499086E-1,9.085067499086E-1,9.085067499086E-1,
9.085067499086E-1,9.085067499086E-1,9.085067499086E-1,9.085067499086E-1,
9.085067499086E-1,9.085067499086E-1,9.085067499086E-1,9.085067499086E-1,
9.085067499086E-1,9.085067499086E-1,9.085067499086E-1),(1.274479750274E0,
1.274479750274E0,1.274479750274E0,1.274479750274E0,1.274479750274E0,
1.274479750274E0,1.274479750274E0,1.274479750274E0,1.274479750274E0,
1.274479750274E0,1.274479750274E0,1.274479750274E0,1.274479750274E0,
1.274479750274E0,1.274479750274E0,1.274479750274E0,1.274479750274E0,
1.274479750274E0,1.274479750274E0,1.274479750274E0,1.274479750274E0,
1.274479750274E0,1.274479750274E0,1.274479750274E0,1.274479750274E0,
1.274479750274E0,1.274479750274E0,1.274479750274E0,1.274479750274E0)))REPRESENTATION_ITEM('')SURFACE());
#3249=ORIENTED_EDGE('',*,*,#3248,.T.);
#3251=ORIENTED_EDGE('',*,*,#3250,.T.);
#3252=ORIENTED_EDGE('',*,*,#3122,.F.);
#3254=ORIENTED_EDGE('',*,*,#3253,.F.);
#3255=EDGE_LOOP('',(#3249,#3251,#3252,#3254));
#3256=FACE_OUTER_BOUND('',#3255,.F.);
#3257=ADVANCED_FACE('',(#3256),#3247,.F.);
#3258=CARTESIAN_POINT('',(5.074E1,9.995022355857E0,2.301703052588E0));
#3259=DIRECTION('',(0.E0,-1.E0,1.732870212304E-7));
#3260=DIRECTION('',(-7.873684210526E-1,1.068284577686E-7,6.164827406579E-1));
#3261=AXIS2_PLACEMENT_3D('',#3258,#3259,#3260);
#3262=CYLINDRICAL_SURFACE('',#3261,5.E-1);
#3263=ORIENTED_EDGE('',*,*,#3248,.F.);
#3265=ORIENTED_EDGE('',*,*,#3264,.T.);
#3266=ORIENTED_EDGE('',*,*,#2926,.F.);
#3268=ORIENTED_EDGE('',*,*,#3267,.T.);
#3269=EDGE_LOOP('',(#3263,#3265,#3266,#3268));
#3270=FACE_OUTER_BOUND('',#3269,.F.);
#3271=ADVANCED_FACE('',(#3270),#3262,.F.);
#3272=CARTESIAN_POINT('',(5.024E1,-5.999957179188E0,-4.000002010204E-1));
#3273=DIRECTION('',(1.E0,0.E0,0.E0));
#3274=DIRECTION('',(0.E0,-1.732870212380E-7,-1.E0));
#3275=AXIS2_PLACEMENT_3D('',#3272,#3273,#3274);
#3276=PLANE('',#3275);
#3278=ORIENTED_EDGE('',*,*,#3277,.F.);
#3280=ORIENTED_EDGE('',*,*,#3279,.T.);
#3281=ORIENTED_EDGE('',*,*,#2928,.F.);
#3282=ORIENTED_EDGE('',*,*,#3264,.F.);
#3283=EDGE_LOOP('',(#3278,#3280,#3281,#3282));
#3284=FACE_OUTER_BOUND('',#3283,.F.);
#3285=ADVANCED_FACE('',(#3284),#3276,.T.);
#3286=CARTESIAN_POINT('',(4.974E1,-4.799956691058E0,2.416885747488E0));
#3287=DIRECTION('',(0.E0,-1.732870212054E-7,-1.E0));
#3288=DIRECTION('',(0.E0,1.E0,-1.732870212054E-7));
#3289=AXIS2_PLACEMENT_3D('',#3286,#3287,#3288);
#3290=CYLINDRICAL_SURFACE('',#3289,5.E-1);
#3291=ORIENTED_EDGE('',*,*,#2567,.T.);
#3293=ORIENTED_EDGE('',*,*,#3292,.T.);
#3294=ORIENTED_EDGE('',*,*,#3277,.T.);
#3295=ORIENTED_EDGE('',*,*,#3253,.T.);
#3296=EDGE_LOOP('',(#3291,#3293,#3294,#3295));
#3297=FACE_OUTER_BOUND('',#3296,.F.);
#3298=ADVANCED_FACE('',(#3297),#3290,.T.);
#3299=CARTESIAN_POINT('',(4.979460106500E1,-4.282333020404E0,
-1.518999127124E1));
#3300=CARTESIAN_POINT('',(4.980173309274E1,-4.282832232349E0,
-1.519927475415E1));
#3301=CARTESIAN_POINT('',(4.982119140322E1,-4.284606211184E0,
-1.522574586217E1));
#3302=CARTESIAN_POINT('',(4.985217397494E1,-4.289240758018E0,
-1.527338359707E1));
#3303=CARTESIAN_POINT('',(4.988706783033E1,-4.297109228391E0,
-1.533596656298E1));
#3304=CARTESIAN_POINT('',(4.992146364992E1,-4.307670165697E0,
-1.540792995583E1));
#3305=CARTESIAN_POINT('',(4.995557436413E1,-4.321195658955E0,
-1.549104768203E1));
#3306=CARTESIAN_POINT('',(4.998948452396E1,-4.338022415642E0,
-1.558683529018E1));
#3307=CARTESIAN_POINT('',(5.002323907074E1,-4.358569213816E0,
-1.569637799141E1));
#3308=CARTESIAN_POINT('',(5.005687161144E1,-4.383382161912E0,
-1.582006748410E1));
#3309=CARTESIAN_POINT('',(5.008949567838E1,-4.412408608156E0,
-1.595355221099E1));
#3310=CARTESIAN_POINT('',(5.011957599594E1,-4.444538912123E0,
-1.608691109080E1));
#3311=CARTESIAN_POINT('',(5.014571468828E1,-4.477765327028E0,
-1.620878426100E1));
#3312=CARTESIAN_POINT('',(5.016758607225E1,-4.510514388579E0,
-1.631354024846E1));
#3313=CARTESIAN_POINT('',(5.018568601119E1,-4.542258659355E0,
-1.640135624018E1));
#3314=CARTESIAN_POINT('',(5.020068362878E1,-4.573104783188E0,
-1.647456503310E1));
#3315=CARTESIAN_POINT('',(5.021297334897E1,-4.602935785360E0,
-1.653481547033E1));
#3316=CARTESIAN_POINT('',(5.022284623926E1,-4.631518790797E0,
-1.658350757514E1));
#3317=CARTESIAN_POINT('',(5.023057239769E1,-4.658563995649E0,
-1.662197635409E1));
#3318=CARTESIAN_POINT('',(5.023645659413E1,-4.683904230752E0,
-1.665166699828E1));
#3319=CARTESIAN_POINT('',(5.024079888888E1,-4.707453607430E0,
-1.667393290616E1));
#3320=CARTESIAN_POINT('',(5.024389285328E1,-4.729271373685E0,
-1.669006704468E1));
#3321=CARTESIAN_POINT('',(5.024600330232E1,-4.749597011651E0,
-1.670124320215E1));
#3322=CARTESIAN_POINT('',(5.024734051628E1,-4.768911560505E0,
-1.670841280279E1));
#3323=CARTESIAN_POINT('',(5.024802963719E1,-4.787707515464E0,
-1.671213811334E1));
#3324=CARTESIAN_POINT('',(5.024812250705E1,-4.806395103045E0,
-1.671264165536E1));
#3325=CARTESIAN_POINT('',(5.024763536257E1,-4.824589408781E0,
-1.671000467398E1));
#3326=CARTESIAN_POINT('',(5.024694635432E1,-4.836541215197E0,
-1.670630314539E1));
#3327=CARTESIAN_POINT('',(5.024653300700E1,-4.842241839037E0,
-1.670409558769E1));
#3328=CARTESIAN_POINT('',(4.946835940112E1,-4.421360208108E0,
-1.578289379183E1));
#3329=CARTESIAN_POINT('',(4.946700494660E1,-4.418797571931E0,
-1.578881414884E1));
#3330=CARTESIAN_POINT('',(4.946361878559E1,-4.411367374563E0,
-1.580532978389E1));
#3331=CARTESIAN_POINT('',(4.946041420838E1,-4.397577465053E0,
-1.583374547073E1));
#3332=CARTESIAN_POINT('',(4.946183941353E1,-4.379393520464E0,
-1.587056431456E1));
#3333=CARTESIAN_POINT('',(4.947022922178E1,-4.359277903124E0,
-1.591393243420E1));
#3334=CARTESIAN_POINT('',(4.948743173760E1,-4.337977491729E0,
-1.596664871830E1));
#3335=CARTESIAN_POINT('',(4.951512708475E1,-4.316771743387E0,
-1.603148162267E1));
#3336=CARTESIAN_POINT('',(4.955465676126E1,-4.297507700546E0,
-1.611084263528E1));
#3337=CARTESIAN_POINT('',(4.960692550644E1,-4.282646818488E0,
-1.620642444400E1));
#3338=CARTESIAN_POINT('',(4.967055048794E1,-4.275557758257E0,
-1.631582834702E1));
#3339=CARTESIAN_POINT('',(4.974053121813E1,-4.279030675749E0,
-1.643102714909E1));
#3340=CARTESIAN_POINT('',(4.980976231757E1,-4.293158315552E0,
-1.654133997585E1));
#3341=CARTESIAN_POINT('',(4.987348148027E1,-4.315782883396E0,
-1.664035619910E1));
#3342=CARTESIAN_POINT('',(4.993036305640E1,-4.344772250241E0,
-1.672701523945E1));
#3343=CARTESIAN_POINT('',(4.998078237842E1,-4.378945487790E0,
-1.680261792228E1));
#3344=CARTESIAN_POINT('',(5.002491373465E1,-4.417334092857E0,
-1.686794809015E1));
#3345=CARTESIAN_POINT('',(5.006285959809E1,-4.459024858042E0,
-1.692353355567E1));
#3346=CARTESIAN_POINT('',(5.009471646303E1,-4.503004380791E0,
-1.696978604838E1));
#3347=CARTESIAN_POINT('',(5.012074998637E1,-4.548320046572E0,
-1.700729040295E1));
#3348=CARTESIAN_POINT('',(5.014129755660E1,-4.594016732907E0,
-1.703668879779E1));
#3349=CARTESIAN_POINT('',(5.015683873273E1,-4.639297030705E0,
-1.705879495917E1));
#3350=CARTESIAN_POINT('',(5.016797076462E1,-4.683735160655E0,
-1.707455612353E1));
#3351=CARTESIAN_POINT('',(5.017528689992E1,-4.727572958395E0,
-1.708487934817E1));
#3352=CARTESIAN_POINT('',(5.017914638177E1,-4.771240291903E0,
-1.709031329881E1));
#3353=CARTESIAN_POINT('',(5.017967123510E1,-4.815056204262E0,
-1.709105145963E1));
#3354=CARTESIAN_POINT('',(5.017693136123E1,-4.857492964198E0,
-1.708719599977E1));
#3355=CARTESIAN_POINT('',(5.017313310553E1,-4.884852247022E0,
-1.708184179438E1));
#3356=CARTESIAN_POINT('',(5.017089252964E1,-4.897720962259E0,
-1.707867896101E1));
#3357=CARTESIAN_POINT('',(4.919231839317E1,-3.945530835975E0,
-1.620084692326E1));
#3358=CARTESIAN_POINT('',(4.919428610295E1,-3.939640161374E0,
-1.620600794483E1));
#3359=CARTESIAN_POINT('',(4.920049462439E1,-3.923525494950E0,
-1.622031560167E1));
#3360=CARTESIAN_POINT('',(4.921501704571E1,-3.897941020514E0,
-1.624454788463E1));
#3361=CARTESIAN_POINT('',(4.924005527894E1,-3.869885426306E0,
-1.627557717336E1));
#3362=CARTESIAN_POINT('',(4.927558422666E1,-3.843991616579E0,
-1.631193748985E1));
#3363=CARTESIAN_POINT('',(4.932382739171E1,-3.821513144520E0,
-1.635616351263E1));
#3364=CARTESIAN_POINT('',(4.938676016045E1,-3.804418668526E0,
-1.641081468085E1));
#3365=CARTESIAN_POINT('',(4.946586678991E1,-3.795442031181E0,
-1.647820718478E1));
#3366=CARTESIAN_POINT('',(4.956192909461E1,-3.798144300329E0,
-1.656009280305E1));
#3367=CARTESIAN_POINT('',(4.967177669934E1,-3.816468248039E0,
-1.665473032279E1));
#3368=CARTESIAN_POINT('',(4.978692977582E1,-3.852007013680E0,
-1.675539496764E1));
#3369=CARTESIAN_POINT('',(4.989676340712E1,-3.901716319237E0,
-1.685278140112E1));
#3370=CARTESIAN_POINT('',(4.999517598988E1,-3.960524275608E0,
-1.694109915780E1));
#3371=CARTESIAN_POINT('',(5.008136253432E1,-4.024971716446E0,
-1.701922066906E1));
#3372=CARTESIAN_POINT('',(5.015677513974E1,-4.093719978644E0,
-1.708815053488E1));
#3373=CARTESIAN_POINT('',(5.022227340978E1,-4.165711455589E0,
-1.714844266297E1));
#3374=CARTESIAN_POINT('',(5.027839205982E1,-4.240006008039E0,
-1.720041093943E1));
#3375=CARTESIAN_POINT('',(5.032548233204E1,-4.315558751617E0,
-1.724424235730E1));
#3376=CARTESIAN_POINT('',(5.036401772185E1,-4.391455771720E0,
-1.728027184218E1));
#3377=CARTESIAN_POINT('',(5.039450230614E1,-4.466720170009E0,
-1.730888798079E1));
#3378=CARTESIAN_POINT('',(5.041761697435E1,-4.540526629068E0,
-1.733066180151E1));
#3379=CARTESIAN_POINT('',(5.043421134317E1,-4.612519529867E0,
-1.734633887192E1));
#3380=CARTESIAN_POINT('',(5.044513717027E1,-4.683299583952E0,
-1.735668366309E1));
#3381=CARTESIAN_POINT('',(5.045090809599E1,-4.753686960428E0,
-1.736215578418E1));
#3382=CARTESIAN_POINT('',(5.045169351707E1,-4.824280645158E0,
-1.736290102157E1));
#3383=CARTESIAN_POINT('',(5.044759490796E1,-4.892688674009E0,
-1.735901335593E1));
#3384=CARTESIAN_POINT('',(5.044191760085E1,-4.936858544092E0,
-1.735363312330E1));
#3385=CARTESIAN_POINT('',(5.043857090457E1,-4.957659723490E0,
-1.735046523242E1));
#3386=CARTESIAN_POINT('',(4.920427780635E1,-3.264755423484E0,
-1.608379852236E1));
#3387=CARTESIAN_POINT('',(4.921851439754E1,-3.258137509964E0,
-1.609145814011E1));
#3388=CARTESIAN_POINT('',(4.925849126883E1,-3.241339450857E0,
-1.611320741026E1));
#3389=CARTESIAN_POINT('',(4.932738364106E1,-3.220750911985E0,
-1.615189879102E1));
#3390=CARTESIAN_POINT('',(4.941277477501E1,-3.207508517657E0,
-1.620210059277E1));
#3391=CARTESIAN_POINT('',(4.950520858459E1,-3.205712590362E0,
-1.625907755581E1));
#3392=CARTESIAN_POINT('',(4.960570080253E1,-3.216718760078E0,
-1.632403856403E1));
#3393=CARTESIAN_POINT('',(4.971496740922E1,-3.242337615112E0,
-1.639805217668E1));
#3394=CARTESIAN_POINT('',(4.983335864097E1,-3.284884386335E0,
-1.648199980749E1));
#3395=CARTESIAN_POINT('',(4.996064522591E1,-3.347256741744E0,
-1.657639952239E1));
#3396=CARTESIAN_POINT('',(5.009211797394E1,-3.430629785876E0,
-1.667830582709E1));
#3397=CARTESIAN_POINT('',(5.021880091898E1,-3.531334016999E0,
-1.678058290815E1));
#3398=CARTESIAN_POINT('',(5.033176953234E1,-3.640653056809E0,
-1.687481253850E1));
#3399=CARTESIAN_POINT('',(5.042783399703E1,-3.750781548259E0,
-1.695668948456E1));
#3400=CARTESIAN_POINT('',(5.050860362594E1,-3.858354138677E0,
-1.702624767455E1));
#3401=CARTESIAN_POINT('',(5.057705024595E1,-3.963140150537E0,
-1.708518641713E1));
#3402=CARTESIAN_POINT('',(5.063503385156E1,-4.064832058358E0,
-1.713466283174E1));
#3403=CARTESIAN_POINT('',(5.068376987556E1,-4.163139392385E0,
-1.717561945244E1));
#3404=CARTESIAN_POINT('',(5.072407320322E1,-4.257705023801E0,
-1.720891067897E1));
#3405=CARTESIAN_POINT('',(5.075669307422E1,-4.348444544580E0,
-1.723544726325E1));
#3406=CARTESIAN_POINT('',(5.078228601778E1,-4.435225497615E0,
-1.725604028905E1));
#3407=CARTESIAN_POINT('',(5.080157615739E1,-4.518047447985E0,
-1.727146370556E1));
#3408=CARTESIAN_POINT('',(5.081536800318E1,-4.597299918020E0,
-1.728246002521E1));
#3409=CARTESIAN_POINT('',(5.082442466812E1,-4.674231415453E0,
-1.728967574662E1));
#3410=CARTESIAN_POINT('',(5.082920147796E1,-4.750169107989E0,
-1.729348268600E1));
#3411=CARTESIAN_POINT('',(5.082985158097E1,-4.826121889474E0,
-1.729400136152E1));
#3412=CARTESIAN_POINT('',(5.082645873411E1,-4.899856653531E0,
-1.729129550695E1));
#3413=CARTESIAN_POINT('',(5.082175130933E1,-4.947758483186E0,
-1.728753831819E1));
#3414=CARTESIAN_POINT('',(5.081897248523E1,-4.970422956447E0,
-1.728531994486E1));
#3415=(BOUNDED_SURFACE()B_SPLINE_SURFACE(3,3,((#3299,#3300,#3301,#3302,#3303,
#3304,#3305,#3306,#3307,#3308,#3309,#3310,#3311,#3312,#3313,#3314,#3315,#3316,
#3317,#3318,#3319,#3320,#3321,#3322,#3323,#3324,#3325,#3326,#3327),(#3328,#3329,
#3330,#3331,#3332,#3333,#3334,#3335,#3336,#3337,#3338,#3339,#3340,#3341,#3342,
#3343,#3344,#3345,#3346,#3347,#3348,#3349,#3350,#3351,#3352,#3353,#3354,#3355,
#3356),(#3357,#3358,#3359,#3360,#3361,#3362,#3363,#3364,#3365,#3366,#3367,#3368,
#3369,#3370,#3371,#3372,#3373,#3374,#3375,#3376,#3377,#3378,#3379,#3380,#3381,
#3382,#3383,#3384,#3385),(#3386,#3387,#3388,#3389,#3390,#3391,#3392,#3393,#3394,
#3395,#3396,#3397,#3398,#3399,#3400,#3401,#3402,#3403,#3404,#3405,#3406,#3407,
#3408,#3409,#3410,#3411,#3412,#3413,#3414)),.UNSPECIFIED.,.F.,.F.,.F.)B_SPLINE_SURFACE_WITH_KNOTS((4,4),(4,1,1,1,1,1,1,1,1,1,1,1,1,1,1,1,1,1,1,1,1,1,1,1,1,1,4),(
0.E0,1.E0),(9.210346240163E-2,1.083262470462E-1,1.370968991781E-1,
1.678359636876E-1,2.015798705721E-1,2.393627392958E-1,2.821699812494E-1,
3.307188932542E-1,3.856198135243E-1,4.472058834031E-1,5.102840790926E-1,
5.682664432125E-1,6.188564536758E-1,6.634570422796E-1,7.029122975267E-1,
7.380285364510E-1,7.691962999183E-1,7.967981875180E-1,8.213611442190E-1,
8.433956880706E-1,8.631361172131E-1,8.811352562448E-1,8.980355931002E-1,
9.144258548401E-1,9.306951130364E-1,9.471731491433E-1,9.623282225053E-1),
.UNSPECIFIED.)GEOMETRIC_REPRESENTATION_ITEM()RATIONAL_B_SPLINE_SURFACE(((
1.274480116923E0,1.274480116923E0,1.274480116923E0,1.274480116923E0,
1.274480116923E0,1.274480116923E0,1.274480116923E0,1.274480116923E0,
1.274480116923E0,1.274480116923E0,1.274480116923E0,1.274480116923E0,
1.274480116923E0,1.274480116923E0,1.274480116923E0,1.274480116923E0,
1.274480116923E0,1.274480116923E0,1.274480116923E0,1.274480116923E0,
1.274480116923E0,1.274480116923E0,1.274480116923E0,1.274480116923E0,
1.274480116923E0,1.274480116923E0,1.274480116923E0,1.274480116923E0,
1.274480116923E0),(9.085066276925E-1,9.085066276925E-1,9.085066276925E-1,
9.085066276925E-1,9.085066276925E-1,9.085066276925E-1,9.085066276925E-1,
9.085066276925E-1,9.085066276925E-1,9.085066276925E-1,9.085066276925E-1,
9.085066276925E-1,9.085066276925E-1,9.085066276925E-1,9.085066276925E-1,
9.085066276925E-1,9.085066276925E-1,9.085066276925E-1,9.085066276925E-1,
9.085066276925E-1,9.085066276925E-1,9.085066276925E-1,9.085066276925E-1,
9.085066276925E-1,9.085066276925E-1,9.085066276925E-1,9.085066276925E-1,
9.085066276925E-1,9.085066276925E-1),(9.085066276925E-1,9.085066276925E-1,
9.085066276925E-1,9.085066276925E-1,9.085066276925E-1,9.085066276925E-1,
9.085066276925E-1,9.085066276925E-1,9.085066276925E-1,9.085066276925E-1,
9.085066276925E-1,9.085066276925E-1,9.085066276925E-1,9.085066276925E-1,
9.085066276925E-1,9.085066276925E-1,9.085066276925E-1,9.085066276925E-1,
9.085066276925E-1,9.085066276925E-1,9.085066276925E-1,9.085066276925E-1,
9.085066276925E-1,9.085066276925E-1,9.085066276925E-1,9.085066276925E-1,
9.085066276925E-1,9.085066276925E-1,9.085066276925E-1),(1.274480116923E0,
1.274480116923E0,1.274480116923E0,1.274480116923E0,1.274480116923E0,
1.274480116923E0,1.274480116923E0,1.274480116923E0,1.274480116923E0,
1.274480116923E0,1.274480116923E0,1.274480116923E0,1.274480116923E0,
1.274480116923E0,1.274480116923E0,1.274480116923E0,1.274480116923E0,
1.274480116923E0,1.274480116923E0,1.274480116923E0,1.274480116923E0,
1.274480116923E0,1.274480116923E0,1.274480116923E0,1.274480116923E0,
1.274480116923E0,1.274480116923E0,1.274480116923E0,1.274480116923E0)))REPRESENTATION_ITEM('')SURFACE());
#3417=ORIENTED_EDGE('',*,*,#3416,.T.);
#3419=ORIENTED_EDGE('',*,*,#3418,.T.);
#3421=ORIENTED_EDGE('',*,*,#3420,.F.);
#3422=ORIENTED_EDGE('',*,*,#3292,.F.);
#3423=EDGE_LOOP('',(#3417,#3419,#3421,#3422));
#3424=FACE_OUTER_BOUND('',#3423,.F.);
#3425=ADVANCED_FACE('',(#3424),#3415,.F.);
#3426=CARTESIAN_POINT('',(4.7E1,-3.399960528826E0,-1.972999941083E1));
#3427=DIRECTION('',(0.E0,1.E0,-1.732870212380E-7));
#3428=DIRECTION('',(-9.996319883184E-1,-4.700800872487E-9,-2.712725438573E-2));
#3429=AXIS2_PLACEMENT_3D('',#3426,#3427,#3428);
#3430=TOROIDAL_SURFACE('',#3429,5.149999997778E0,9.E-1);
#3432=ORIENTED_EDGE('',*,*,#3431,.F.);
#3434=ORIENTED_EDGE('',*,*,#3433,.T.);
#3436=ORIENTED_EDGE('',*,*,#3435,.T.);
#3437=ORIENTED_EDGE('',*,*,#3416,.F.);
#3438=ORIENTED_EDGE('',*,*,#2565,.T.);
#3439=EDGE_LOOP('',(#3432,#3434,#3436,#3437,#3438));
#3440=FACE_OUTER_BOUND('',#3439,.F.);
#3441=ADVANCED_FACE('',(#3440),#3430,.F.);
#3442=CARTESIAN_POINT('',(4.695762002650E1,-3.308281962023E0,
-2.397375414095E1));
#3443=CARTESIAN_POINT('',(4.694221275826E1,-3.314555707609E0,
-2.397296588475E1));
#3444=CARTESIAN_POINT('',(4.684921327524E1,-3.352479066154E0,
-2.396809169048E1));
#3445=CARTESIAN_POINT('',(4.667828151075E1,-3.422740017330E0,
-2.395786000507E1));
#3446=CARTESIAN_POINT('',(4.643831034617E1,-3.522122672719E0,
-2.394072000866E1));
#3447=CARTESIAN_POINT('',(4.618340601234E1,-3.627814273902E0,
-2.391985042222E1));
#3448=CARTESIAN_POINT('',(4.590527146495E1,-3.742214626530E0,
-2.389474357862E1));
#3449=CARTESIAN_POINT('',(4.560687378071E1,-3.862160895237E0,
-2.386653518688E1));
#3450=CARTESIAN_POINT('',(4.530298396351E1,-3.978662122963E0,
-2.383868383003E1));
#3451=CARTESIAN_POINT('',(4.501272904985E1,-4.081222399061E0,
-2.381559534133E1));
#3452=CARTESIAN_POINT('',(4.474974134007E1,-4.163526856197E0,
-2.379992540008E1));
#3453=CARTESIAN_POINT('',(4.451536687349E1,-4.225426033579E0,
-2.379185490170E1));
#3454=CARTESIAN_POINT('',(4.430586940256E1,-4.269034655055E0,
-2.379053118014E1));
#3455=CARTESIAN_POINT('',(4.411672014167E1,-4.296633059127E0,
-2.379491978120E1));
#3456=CARTESIAN_POINT('',(4.398293081814E1,-4.306966683085E0,
-2.380204396098E1));
#3457=CARTESIAN_POINT('',(4.391178502501E1,-4.308986977646E0,
-2.380720891312E1));
#3458=CARTESIAN_POINT('',(4.389735480477E1,-4.309246453453E0,
-2.380831451490E1));
#3459=CARTESIAN_POINT('',(4.717712090951E1,-3.617786994946E0,
-2.403559370476E1));
#3460=CARTESIAN_POINT('',(4.716148390315E1,-3.623636378369E0,
-2.403774527106E1));
#3461=CARTESIAN_POINT('',(4.706695993034E1,-3.658841582184E0,
-2.405058782963E1));
#3462=CARTESIAN_POINT('',(4.689169735418E1,-3.722372495482E0,
-2.407255301154E1));
#3463=CARTESIAN_POINT('',(4.664225987124E1,-3.808242121042E0,
-2.409912134445E1));
#3464=CARTESIAN_POINT('',(4.637393169642E1,-3.895038682443E0,
-2.412230287424E1));
#3465=CARTESIAN_POINT('',(4.607791484846E1,-3.983403991041E0,
-2.414150958266E1));
#3466=CARTESIAN_POINT('',(4.575790665624E1,-4.069097835617E0,
-2.415527991263E1));
#3467=CARTESIAN_POINT('',(4.543152633765E1,-4.144066460553E0,
-2.416282049571E1));
#3468=CARTESIAN_POINT('',(4.512198780490E1,-4.201248070491E0,
-2.416542555402E1));
#3469=CARTESIAN_POINT('',(4.484576072254E1,-4.238564434694E0,
-2.416551457987E1));
#3470=CARTESIAN_POINT('',(4.460481164152E1,-4.258315765804E0,
-2.416503002596E1));
#3471=CARTESIAN_POINT('',(4.439493945497E1,-4.263690856826E0,
-2.416505280566E1));
#3472=CARTESIAN_POINT('',(4.421083776504E1,-4.257390789034E0,
-2.416607681844E1));
#3473=CARTESIAN_POINT('',(4.408456569377E1,-4.244965480648E0,
-2.416778961366E1));
#3474=CARTESIAN_POINT('',(4.401877456115E1,-4.235567492125E0,
-2.416910435037E1));
#3475=CARTESIAN_POINT('',(4.400548742201E1,-4.233543059923E0,
-2.416938932342E1));
#3476=CARTESIAN_POINT('',(4.733415703601E1,-3.833552844377E0,
-2.375885763987E1));
#3477=CARTESIAN_POINT('',(4.731952093955E1,-3.841321054327E0,
-2.376307310448E1));
#3478=CARTESIAN_POINT('',(4.723094603633E1,-3.888002153532E0,
-2.378853143753E1));
#3479=CARTESIAN_POINT('',(4.706553018900E1,-3.971432796590E0,
-2.383540066923E1));
#3480=CARTESIAN_POINT('',(4.682677569257E1,-4.082240039057E0,
-2.390051114826E1));
#3481=CARTESIAN_POINT('',(4.656575545234E1,-4.191920596369E0,
-2.396806045225E1));
#3482=CARTESIAN_POINT('',(4.627238113904E1,-4.300567607293E0,
-2.403894775255E1));
#3483=CARTESIAN_POINT('',(4.594858229449E1,-4.401935504757E0,
-2.411084653442E1));
#3484=CARTESIAN_POINT('',(4.561118115584E1,-4.485485143882E0,
-2.417898989578E1));
#3485=CARTESIAN_POINT('',(4.528500341841E1,-4.543134327268E0,
-2.423922128222E1));
#3486=CARTESIAN_POINT('',(4.498962152483E1,-4.573935621802E0,
-2.429006122293E1));
#3487=CARTESIAN_POINT('',(4.472937313973E1,-4.582104532796E0,
-2.433278314707E1));
#3488=CARTESIAN_POINT('',(4.450135086290E1,-4.572454997917E0,
-2.436924611906E1));
#3489=CARTESIAN_POINT('',(4.430082839673E1,-4.548847734999E0,
-2.440103404446E1));
#3490=CARTESIAN_POINT('',(4.416332741509E1,-4.521850416599E0,
-2.442294614843E1));
#3491=CARTESIAN_POINT('',(4.409179505080E1,-4.504001774812E0,
-2.443446799977E1));
#3492=CARTESIAN_POINT('',(4.407735384015E1,-4.500234927814E0,
-2.443680120958E1));
#3493=CARTESIAN_POINT('',(4.729344783336E1,-3.769705544141E0,
-2.338194340399E1));
#3494=CARTESIAN_POINT('',(4.728018104951E1,-3.780082774183E0,
-2.338556887385E1));
#3495=CARTESIAN_POINT('',(4.719990388101E1,-3.842547777169E0,
-2.340767399937E1));
#3496=CARTESIAN_POINT('',(4.705002972553E1,-3.955365067141E0,
-2.345070058393E1));
#3497=CARTESIAN_POINT('',(4.683290453917E1,-4.108077777093E0,
-2.351598445199E1));
#3498=CARTESIAN_POINT('',(4.659362850502E1,-4.262707685215E0,
-2.358999706009E1));
#3499=CARTESIAN_POINT('',(4.632114511983E1,-4.420481239688E0,
-2.367541115338E1));
#3500=CARTESIAN_POINT('',(4.601464097953E1,-4.573947074391E0,
-2.377151269564E1));
#3501=CARTESIAN_POINT('',(4.568718271403E1,-4.708799131574E0,
-2.387326271506E1));
#3502=CARTESIAN_POINT('',(4.536134422008E1,-4.812359331504E0,
-2.397341034932E1));
#3503=CARTESIAN_POINT('',(4.505739320848E1,-4.880731061138E0,
-2.406627319485E1));
#3504=CARTESIAN_POINT('',(4.478174643655E1,-4.917860786851E0,
-2.415060141445E1));
#3505=CARTESIAN_POINT('',(4.453343429827E1,-4.929338666964E0,
-2.422720644809E1));
#3506=CARTESIAN_POINT('',(4.430916857474E1,-4.919924967440E0,
-2.429738486157E1));
#3507=CARTESIAN_POINT('',(4.415136579374E1,-4.899095786547E0,
-2.434770604135E1));
#3508=CARTESIAN_POINT('',(4.406794215547E1,-4.883044033512E0,
-2.437469930139E1));
#3509=CARTESIAN_POINT('',(4.405104390885E1,-4.879577288147E0,
-2.438018513639E1));
#3510=(BOUNDED_SURFACE()B_SPLINE_SURFACE(3,3,((#3442,#3443,#3444,#3445,#3446,
#3447,#3448,#3449,#3450,#3451,#3452,#3453,#3454,#3455,#3456,#3457,#3458),(#3459,
#3460,#3461,#3462,#3463,#3464,#3465,#3466,#3467,#3468,#3469,#3470,#3471,#3472,
#3473,#3474,#3475),(#3476,#3477,#3478,#3479,#3480,#3481,#3482,#3483,#3484,#3485,
#3486,#3487,#3488,#3489,#3490,#3491,#3492),(#3493,#3494,#3495,#3496,#3497,#3498,
#3499,#3500,#3501,#3502,#3503,#3504,#3505,#3506,#3507,#3508,#3509)),
.UNSPECIFIED.,.F.,.F.,.F.)B_SPLINE_SURFACE_WITH_KNOTS((4,4),(4,1,1,1,1,1,1,1,1,
1,1,1,1,1,4),(0.E0,1.E0),(-1.512218312544E-2,0.E0,7.618850125603E-2,
1.530785848041E-1,2.371797493480E-1,3.294551551050E-1,4.311125572192E-1,
5.374159540212E-1,6.370468103667E-1,7.261530926467E-1,8.053969211925E-1,
8.763043555476E-1,9.405852883024E-1,1.E0,1.015160110234E0),.UNSPECIFIED.)GEOMETRIC_REPRESENTATION_ITEM()RATIONAL_B_SPLINE_SURFACE(((1.274478539556E0,
1.274478539556E0,1.274478539556E0,1.274478539556E0,1.274478539556E0,
1.274478539556E0,1.274478539556E0,1.274478539556E0,1.274478539556E0,
1.274478539556E0,1.274478539556E0,1.274478539556E0,1.274478539556E0,
1.274478539556E0,1.274478539556E0,1.274478539556E0,1.274478539556E0),(
9.085071534813E-1,9.085071534813E-1,9.085071534813E-1,9.085071534813E-1,
9.085071534813E-1,9.085071534813E-1,9.085071534813E-1,9.085071534813E-1,
9.085071534813E-1,9.085071534813E-1,9.085071534813E-1,9.085071534813E-1,
9.085071534813E-1,9.085071534813E-1,9.085071534813E-1,9.085071534813E-1,
9.085071534813E-1),(9.085071534813E-1,9.085071534813E-1,9.085071534813E-1,
9.085071534813E-1,9.085071534813E-1,9.085071534813E-1,9.085071534813E-1,
9.085071534813E-1,9.085071534813E-1,9.085071534813E-1,9.085071534813E-1,
9.085071534813E-1,9.085071534813E-1,9.085071534813E-1,9.085071534813E-1,
9.085071534813E-1,9.085071534813E-1),(1.274478539556E0,1.274478539556E0,
1.274478539556E0,1.274478539556E0,1.274478539556E0,1.274478539556E0,
1.274478539556E0,1.274478539556E0,1.274478539556E0,1.274478539556E0,
1.274478539556E0,1.274478539556E0,1.274478539556E0,1.274478539556E0,
1.274478539556E0,1.274478539556E0,1.274478539556E0)))REPRESENTATION_ITEM('')SURFACE());
#3511=ORIENTED_EDGE('',*,*,#3431,.T.);
#3513=ORIENTED_EDGE('',*,*,#3512,.T.);
#3515=ORIENTED_EDGE('',*,*,#3514,.F.);
#3516=EDGE_LOOP('',(#3511,#3513,#3515));
#3517=FACE_OUTER_BOUND('',#3516,.F.);
#3518=ADVANCED_FACE('',(#3517),#3510,.T.);
#3519=CARTESIAN_POINT('',(4.687657799908E1,-4.799962998073E0,
-3.397946466731E1));
#3520=DIRECTION('',(0.E0,1.E0,-1.732870211130E-7));
#3521=DIRECTION('',(2.502066848668E-2,1.732327703508E-7,9.996869340691E-1));
#3522=AXIS2_PLACEMENT_3D('',#3519,#3520,#3521);
#3523=TOROIDAL_SURFACE('',#3522,1.05E1,5.E-1);
#3524=ORIENTED_EDGE('',*,*,#2563,.T.);
#3526=ORIENTED_EDGE('',*,*,#3525,.T.);
#3528=ORIENTED_EDGE('',*,*,#3527,.F.);
#3529=ORIENTED_EDGE('',*,*,#3512,.F.);
#3530=EDGE_LOOP('',(#3524,#3526,#3528,#3529));
#3531=FACE_OUTER_BOUND('',#3530,.F.);
#3532=ADVANCED_FACE('',(#3531),#3523,.T.);
#3533=CARTESIAN_POINT('',(3.502E1,-4.799959755966E0,-1.527000026686E1));
#3534=DIRECTION('',(0.E0,1.E0,-1.732870212380E-7));
#3535=DIRECTION('',(5.432688682093E-1,-1.454846393475E-7,-8.395587750923E-1));
#3536=AXIS2_PLACEMENT_3D('',#3533,#3534,#3535);
#3537=TOROIDAL_SURFACE('',#3536,1.165E1,5.E-1);
#3538=ORIENTED_EDGE('',*,*,#2561,.T.);
#3540=ORIENTED_EDGE('',*,*,#3539,.T.);
#3542=ORIENTED_EDGE('',*,*,#3541,.F.);
#3543=ORIENTED_EDGE('',*,*,#3525,.F.);
#3544=EDGE_LOOP('',(#3538,#3540,#3542,#3543));
#3545=FACE_OUTER_BOUND('',#3544,.F.);
#3546=ADVANCED_FACE('',(#3545),#3537,.T.);
#3547=CARTESIAN_POINT('',(3.513518013112E1,-4.799961774760E0,
-2.692000026686E1));
#3548=DIRECTION('',(-1.E0,0.E0,0.E0));
#3549=DIRECTION('',(0.E0,1.E0,-1.732870202886E-7));
#3550=AXIS2_PLACEMENT_3D('',#3547,#3548,#3549);
#3551=CYLINDRICAL_SURFACE('',#3550,5.E-1);
#3552=ORIENTED_EDGE('',*,*,#2559,.T.);
#3554=ORIENTED_EDGE('',*,*,#3553,.T.);
#3556=ORIENTED_EDGE('',*,*,#3555,.F.);
#3557=ORIENTED_EDGE('',*,*,#3539,.F.);
#3558=EDGE_LOOP('',(#3552,#3554,#3556,#3557));
#3559=FACE_OUTER_BOUND('',#3558,.F.);
#3560=ADVANCED_FACE('',(#3559),#3551,.T.);
#3561=CARTESIAN_POINT('',(1.590945584808E1,-4.799963594274E0,
-3.742000026687E1));
#3562=DIRECTION('',(0.E0,-1.E0,1.732870211130E-7));
#3563=DIRECTION('',(1.151775844178E-2,1.732755270061E-7,9.999336684203E-1));
#3564=AXIS2_PLACEMENT_3D('',#3561,#3562,#3563);
#3565=TOROIDAL_SURFACE('',#3564,1.05E1,5.E-1);
#3566=ORIENTED_EDGE('',*,*,#2557,.T.);
#3568=ORIENTED_EDGE('',*,*,#3567,.T.);
#3570=ORIENTED_EDGE('',*,*,#3569,.F.);
#3571=ORIENTED_EDGE('',*,*,#3553,.F.);
#3572=EDGE_LOOP('',(#3566,#3568,#3570,#3571));
#3573=FACE_OUTER_BOUND('',#3572,.F.);
#3574=ADVANCED_FACE('',(#3573),#3565,.T.);
#3575=CARTESIAN_POINT('',(1.379184416321E1,-4.799961812035E0,
-2.713510905623E1));
#3576=DIRECTION('',(-9.771835569258E-1,-3.680556615187E-8,-2.123965538181E-1));
#3577=DIRECTION('',(0.E0,1.E0,-1.732870203356E-7));
#3578=AXIS2_PLACEMENT_3D('',#3575,#3576,#3577);
#3579=CYLINDRICAL_SURFACE('',#3578,5.E-1);
#3580=ORIENTED_EDGE('',*,*,#2555,.T.);
#3582=ORIENTED_EDGE('',*,*,#3581,.T.);
#3584=ORIENTED_EDGE('',*,*,#3583,.F.);
#3585=ORIENTED_EDGE('',*,*,#3567,.F.);
#3586=EDGE_LOOP('',(#3580,#3582,#3584,#3585));
#3587=FACE_OUTER_BOUND('',#3586,.F.);
#3588=ADVANCED_FACE('',(#3587),#3579,.T.);
#3589=CARTESIAN_POINT('',(2.269242293312E0,-4.307638356744E0,
-2.954812044114E1));
#3590=CARTESIAN_POINT('',(2.255130959783E0,-4.307894247557E0,
-2.955118762187E1));
#3591=CARTESIAN_POINT('',(2.090122289943E0,-4.309372141322E0,
-2.958705321981E1));
#3592=CARTESIAN_POINT('',(1.748232081297E0,-4.277257994507E0,
-2.966136505921E1));
#3593=CARTESIAN_POINT('',(1.243444102549E0,-4.148728844211E0,
-2.977108369712E1));
#3594=CARTESIAN_POINT('',(7.403858963538E-1,-3.952139054447E0,
-2.988042637066E1));
#3595=CARTESIAN_POINT('',(2.762550133387E-1,-3.723643036990E0,
-2.998130796866E1));
#3596=CARTESIAN_POINT('',(-1.449096236060E-1,-3.487863859664E0,
-3.007285060338E1));
#3597=CARTESIAN_POINT('',(-5.536697848598E-1,-3.241653337012E0,
-3.016169705466E1));
#3598=CARTESIAN_POINT('',(-8.423888453035E-1,-3.061140762468E0,
-3.022445186013E1));
#3599=CARTESIAN_POINT('',(-1.000830278879E0,-2.962064784367E0,
-3.025889004672E1));
#3600=CARTESIAN_POINT('',(-1.015336739648E0,-2.952995246794E0,
-3.026204311211E1));
#3601=CARTESIAN_POINT('',(2.348392523671E0,-4.238905569405E0,
-2.991799656326E1));
#3602=CARTESIAN_POINT('',(2.334682179667E0,-4.239154501614E0,
-2.992097658657E1));
#3603=CARTESIAN_POINT('',(2.174296468256E0,-4.240592940573E0,
-2.995583735750E1));
#3604=CARTESIAN_POINT('',(1.840464087715E0,-4.209335628324E0,
-3.002839778074E1));
#3605=CARTESIAN_POINT('',(1.344417776168E0,-4.083138947212E0,
-3.013621636583E1));
#3606=CARTESIAN_POINT('',(8.475945726097E-1,-3.889051582200E0,
-3.024420382469E1));
#3607=CARTESIAN_POINT('',(3.874786363743E-1,-3.662563166919E0,
-3.034421275022E1));
#3608=CARTESIAN_POINT('',(-3.124833115138E-2,-3.428162727367E0,
-3.043522554301E1));
#3609=CARTESIAN_POINT('',(-4.386179776465E-1,-3.182797128526E0,
-3.052376975763E1));
#3610=CARTESIAN_POINT('',(-7.270098097695E-1,-3.002491328992E0,
-3.058645343808E1));
#3611=CARTESIAN_POINT('',(-8.854680108476E-1,-2.903404646029E0,
-3.062089527023E1));
#3612=CARTESIAN_POINT('',(-8.999776281749E-1,-2.894333096579E0,
-3.062404902182E1));
#3613=CARTESIAN_POINT('',(2.410830359853E0,-4.510707860351E0,
-3.018261550741E1));
#3614=CARTESIAN_POINT('',(2.395534313368E0,-4.510984310177E0,
-3.018594019241E1));
#3615=CARTESIAN_POINT('',(2.216867234988E0,-4.512578772123E0,
-3.022477452521E1));
#3616=CARTESIAN_POINT('',(1.851170386089E0,-4.477933130223E0,
-3.030426087736E1));
#3617=CARTESIAN_POINT('',(1.320555382550E0,-4.342512761344E0,
-3.041959317116E1));
#3618=CARTESIAN_POINT('',(7.990760257913E-1,-4.138529623763E0,
-3.053293979066E1));
#3619=CARTESIAN_POINT('',(3.230830885891E-1,-3.904102198717E0,
-3.063639967645E1));
#3620=CARTESIAN_POINT('',(-1.052835782514E-1,-3.664249577062E0,
-3.072950771514E1));
#3621=CARTESIAN_POINT('',(-5.181519786226E-1,-3.415542749337E0,
-3.081924711662E1));
#3622=CARTESIAN_POINT('',(-8.078378264946E-1,-3.234419263485E0,
-3.088221205909E1));
#3623=CARTESIAN_POINT('',(-9.662297199171E-1,-3.135374912616E0,
-3.091663947962E1));
#3624=CARTESIAN_POINT('',(-9.807268546166E-1,-3.126311319082E0,
-3.091979051811E1));
#3625=CARTESIAN_POINT('',(2.402768241538E0,-4.888899028928E0,
-3.011401922300E1));
#3626=CARTESIAN_POINT('',(2.385265816321E0,-4.889213767326E0,
-3.011782347729E1));
#3627=CARTESIAN_POINT('',(2.181161671547E0,-4.891025322834E0,
-3.016218670502E1));
#3628=CARTESIAN_POINT('',(1.771127952291E0,-4.851665090037E0,
-3.025130993572E1));
#3629=CARTESIAN_POINT('',(1.192413366546E0,-4.703410694112E0,
-3.037709695689E1));
#3630=CARTESIAN_POINT('',(6.366269359756E-1,-4.485658377E0,-3.049790042165E1));
#3631=CARTESIAN_POINT('',(1.385424162115E-1,-4.240184452049E0,
-3.060616204387E1));
#3632=CARTESIAN_POINT('',(-3.032371246173E-1,-3.992745553154E0,
-3.070218545037E1));
#3633=CARTESIAN_POINT('',(-7.237566031418E-1,-3.739389671499E0,
-3.079358785918E1));
#3634=CARTESIAN_POINT('',(-1.015242970886E0,-3.557128440247E0,
-3.085694415537E1));
#3635=CARTESIAN_POINT('',(-1.173542602741E0,-3.458142991117E0,
-3.089135152211E1));
#3636=CARTESIAN_POINT('',(-1.188022368884E0,-3.449090467606E0,
-3.089449878542E1));
#3637=(BOUNDED_SURFACE()B_SPLINE_SURFACE(3,3,((#3589,#3590,#3591,#3592,#3593,
#3594,#3595,#3596,#3597,#3598,#3599,#3600),(#3601,#3602,#3603,#3604,#3605,#3606,
#3607,#3608,#3609,#3610,#3611,#3612),(#3613,#3614,#3615,#3616,#3617,#3618,#3619,
#3620,#3621,#3622,#3623,#3624),(#3625,#3626,#3627,#3628,#3629,#3630,#3631,#3632,
#3633,#3634,#3635,#3636)),.UNSPECIFIED.,.F.,.F.,.F.)B_SPLINE_SURFACE_WITH_KNOTS(
(4,4),(4,1,1,1,1,1,1,1,1,4),(0.E0,1.E0),(-1.306289235344E-2,0.E0,
1.393988041418E-1,2.966454555972E-1,4.582208763533E-1,6.051400880896E-1,
7.359113045621E-1,8.626808627539E-1,1.E0,1.013826230201E0),.UNSPECIFIED.)GEOMETRIC_REPRESENTATION_ITEM()RATIONAL_B_SPLINE_SURFACE(((1.274477044222E0,
1.274477044222E0,1.274477044222E0,1.274477044222E0,1.274477044222E0,
1.274477044222E0,1.274477044222E0,1.274477044222E0,1.274477044222E0,
1.274477044222E0,1.274477044222E0,1.274477044222E0),(9.085076519261E-1,
9.085076519261E-1,9.085076519261E-1,9.085076519261E-1,9.085076519261E-1,
9.085076519261E-1,9.085076519261E-1,9.085076519261E-1,9.085076519261E-1,
9.085076519261E-1,9.085076519261E-1,9.085076519261E-1),(9.085076519261E-1,
9.085076519261E-1,9.085076519261E-1,9.085076519261E-1,9.085076519261E-1,
9.085076519261E-1,9.085076519261E-1,9.085076519261E-1,9.085076519261E-1,
9.085076519261E-1,9.085076519261E-1,9.085076519261E-1),(1.274477044222E0,
1.274477044222E0,1.274477044222E0,1.274477044222E0,1.274477044222E0,
1.274477044222E0,1.274477044222E0,1.274477044222E0,1.274477044222E0,
1.274477044222E0,1.274477044222E0,1.274477044222E0)))REPRESENTATION_ITEM('')SURFACE());
#3639=ORIENTED_EDGE('',*,*,#3638,.F.);
#3640=ORIENTED_EDGE('',*,*,#3581,.F.);
#3642=ORIENTED_EDGE('',*,*,#3641,.T.);
#3643=EDGE_LOOP('',(#3639,#3640,#3642));
#3644=FACE_OUTER_BOUND('',#3643,.F.);
#3645=ADVANCED_FACE('',(#3644),#3637,.T.);
#3646=CARTESIAN_POINT('',(1.483521793490E1,-4.499961861404E0,
-2.742000031885E1));
#3647=DIRECTION('',(2.123965538181E-1,-1.693332277825E-7,-9.771835569258E-1));
#3648=DIRECTION('',(-9.771835569258E-1,-3.680556613236E-8,-2.123965538181E-1));
#3649=AXIS2_PLACEMENT_3D('',#3646,#3647,#3648);
#3650=PLANE('',#3649);
#3651=ORIENTED_EDGE('',*,*,#3638,.T.);
#3653=ORIENTED_EDGE('',*,*,#3652,.T.);
#3654=ORIENTED_EDGE('',*,*,#2944,.F.);
#3656=ORIENTED_EDGE('',*,*,#3655,.T.);
#3657=ORIENTED_EDGE('',*,*,#3583,.T.);
#3658=EDGE_LOOP('',(#3651,#3653,#3654,#3656,#3657));
#3659=FACE_OUTER_BOUND('',#3658,.F.);
#3660=ADVANCED_FACE('',(#3659),#3650,.T.);
#3661=CARTESIAN_POINT('',(-2.E0,-1.999617418356E-1,-2.672999996535E1));
#3662=DIRECTION('',(0.E0,1.E0,-1.732870212380E-7));
#3663=DIRECTION('',(1.E0,0.E0,0.E0));
#3664=AXIS2_PLACEMENT_3D('',#3661,#3662,#3663);
#3665=CYLINDRICAL_SURFACE('',#3664,4.25E0);
#3667=ORIENTED_EDGE('',*,*,#3666,.T.);
#3669=ORIENTED_EDGE('',*,*,#3668,.T.);
#3671=ORIENTED_EDGE('',*,*,#3670,.F.);
#3673=ORIENTED_EDGE('',*,*,#3672,.T.);
#3674=ORIENTED_EDGE('',*,*,#2946,.F.);
#3675=ORIENTED_EDGE('',*,*,#3652,.F.);
#3676=EDGE_LOOP('',(#3667,#3669,#3671,#3673,#3674,#3675));
#3677=FACE_OUTER_BOUND('',#3676,.F.);
#3678=ADVANCED_FACE('',(#3677),#3665,.T.);
#3679=CARTESIAN_POINT('',(-2.E0,-3.399961741835E0,-2.672999941083E1));
#3680=DIRECTION('',(0.E0,1.E0,-1.732870212380E-7));
#3681=DIRECTION('',(9.996597299738E-1,-4.520181943750E-9,-2.608494333460E-2));
#3682=AXIS2_PLACEMENT_3D('',#3679,#3680,#3681);
#3683=TOROIDAL_SURFACE('',#3682,5.149999997778E0,9.E-1);
#3685=ORIENTED_EDGE('',*,*,#3684,.T.);
#3687=ORIENTED_EDGE('',*,*,#3686,.F.);
#3688=ORIENTED_EDGE('',*,*,#3666,.F.);
#3689=ORIENTED_EDGE('',*,*,#3641,.F.);
#3690=ORIENTED_EDGE('',*,*,#2553,.T.);
#3691=EDGE_LOOP('',(#3685,#3687,#3688,#3689,#3690));
#3692=FACE_OUTER_BOUND('',#3691,.F.);
#3693=ADVANCED_FACE('',(#3692),#3683,.F.);
#3694=CARTESIAN_POINT('',(-5.203214694317E0,-4.888899481632E0,
-2.219398871715E1));
#3695=CARTESIAN_POINT('',(-5.207723801943E0,-4.889213301360E0,
-2.221132380130E1));
#3696=CARTESIAN_POINT('',(-5.267238288648E0,-4.891256024433E0,
-2.244012486847E1));
#3697=CARTESIAN_POINT('',(-5.380359387246E0,-4.843028789167E0,
-2.287501442309E1));
#3698=CARTESIAN_POINT('',(-5.532942667852E0,-4.679329367555E0,
-2.346161478060E1));
#3699=CARTESIAN_POINT('',(-5.671222717646E0,-4.462000083909E0,
-2.399322694772E1));
#3700=CARTESIAN_POINT('',(-5.793412104414E0,-4.225545342516E0,
-2.446297920670E1));
#3701=CARTESIAN_POINT('',(-5.903413625468E0,-3.985608240357E0,
-2.488587570325E1));
#3702=CARTESIAN_POINT('',(-6.009772456455E0,-3.736679843489E0,
-2.529476802486E1));
#3703=CARTESIAN_POINT('',(-6.084098628745E0,-3.556277573383E0,
-2.558051205741E1));
#3704=CARTESIAN_POINT('',(-6.124528390891E0,-3.458142310182E0,
-2.573594268057E1));
#3705=CARTESIAN_POINT('',(-6.128258481970E0,-3.449089969292E0,
-2.575028286835E1));
#3706=CARTESIAN_POINT('',(-5.271428707237E0,-4.510707657124E0,
-2.218315932533E1));
#3707=CARTESIAN_POINT('',(-5.275369434571E0,-4.510983764841E0,
-2.219830929415E1));
#3708=CARTESIAN_POINT('',(-5.327467134405E0,-4.512784963150E0,
-2.239859682042E1));
#3709=CARTESIAN_POINT('',(-5.428602571090E0,-4.470281511145E0,
-2.278740797546E1));
#3710=CARTESIAN_POINT('',(-5.568984017521E0,-4.320166913106E0,
-2.332709886638E1));
#3711=CARTESIAN_POINT('',(-5.699026400798E0,-4.116056399900E0,
-2.382704165124E1));
#3712=CARTESIAN_POINT('',(-5.815930710053E0,-3.889962510711E0,
-2.427647563898E1));
#3713=CARTESIAN_POINT('',(-5.922644011332E0,-3.657263612688E0,
-2.468673070466E1));
#3714=CARTESIAN_POINT('',(-6.027087764366E0,-3.412854908670E0,
-2.508826058477E1));
#3715=CARTESIAN_POINT('',(-6.100958975666E0,-3.233568216995E0,
-2.537225553777E1));
#3716=CARTESIAN_POINT('',(-6.141412014503E0,-3.135375405118E0,
-2.552777564652E1));
#3717=CARTESIAN_POINT('',(-6.145146551541E0,-3.126312080689E0,
-2.554213292653E1));
#3718=CARTESIAN_POINT('',(-5.009551394205E0,-4.238904785144E0,
-2.225624649818E1));
#3719=CARTESIAN_POINT('',(-5.013083632001E0,-4.239153789596E0,
-2.226982604529E1));
#3720=CARTESIAN_POINT('',(-5.059850957285E0,-4.240781406343E0,
-2.244962115949E1));
#3721=CARTESIAN_POINT('',(-5.152372412157E0,-4.202391583211E0,
-2.280531620471E1));
#3722=CARTESIAN_POINT('',(-5.283984515813E0,-4.062040269341E0,
-2.331129370584E1));
#3723=CARTESIAN_POINT('',(-5.408106566106E0,-3.867429961379E0,
-2.378847600531E1));
#3724=CARTESIAN_POINT('',(-5.521212540158E0,-3.648782318640E0,
-2.422330744375E1));
#3725=CARTESIAN_POINT('',(-5.625562628996E0,-3.421285449446E0,
-2.462447723267E1));
#3726=CARTESIAN_POINT('',(-5.728630033625E0,-3.180125005914E0,
-2.502071579574E1));
#3727=CARTESIAN_POINT('',(-5.802174268766E0,-3.001640069903E0,
-2.530345370181E1));
#3728=CARTESIAN_POINT('',(-5.842644035502E0,-2.903405898337E0,
-2.545903812322E1));
#3729=CARTESIAN_POINT('',(-5.846381767723E0,-2.894334680143E0,
-2.547340768729E1));
#3730=CARTESIAN_POINT('',(-4.643178724293E0,-4.307637274142E0,
-2.235028880006E1));
#3731=CARTESIAN_POINT('',(-4.646814259359E0,-4.307893132364E0,
-2.236426546940E1));
#3732=CARTESIAN_POINT('',(-4.694929509349E0,-4.309564643751E0,
-2.254924262629E1));
#3733=CARTESIAN_POINT('',(-4.789629234958E0,-4.270134581902E0,
-2.291331194656E1));
#3734=CARTESIAN_POINT('',(-4.923458896436E0,-4.127314366116E0,
-2.342781476061E1));
#3735=CARTESIAN_POINT('',(-5.049078057864E0,-3.930301682629E0,
-2.391075264447E1));
#3736=CARTESIAN_POINT('',(-5.163144540378E0,-3.709771061601E0,
-2.434927671966E1));
#3737=CARTESIAN_POINT('',(-5.268092229330E0,-3.480958723275E0,
-2.475274395858E1));
#3738=CARTESIAN_POINT('',(-5.371507679673E0,-3.238976872070E0,
-2.515032056964E1));
#3739=CARTESIAN_POINT('',(-5.445134599293E0,-3.060289191157E0,
-2.543337635292E1));
#3740=CARTESIAN_POINT('',(-5.485600134775E0,-2.962065478471E0,
-2.558894451150E1));
#3741=CARTESIAN_POINT('',(-5.489337058892E0,-2.952996256422E0,
-2.560331096925E1));
#3742=(BOUNDED_SURFACE()B_SPLINE_SURFACE(3,3,((#3694,#3695,#3696,#3697,#3698,
#3699,#3700,#3701,#3702,#3703,#3704,#3705),(#3706,#3707,#3708,#3709,#3710,#3711,
#3712,#3713,#3714,#3715,#3716,#3717),(#3718,#3719,#3720,#3721,#3722,#3723,#3724,
#3725,#3726,#3727,#3728,#3729),(#3730,#3731,#3732,#3733,#3734,#3735,#3736,#3737,
#3738,#3739,#3740,#3741)),.UNSPECIFIED.,.F.,.F.,.F.)B_SPLINE_SURFACE_WITH_KNOTS(
(4,4),(4,1,1,1,1,1,1,1,1,4),(0.E0,1.E0),(-1.306306633886E-2,0.E0,
1.595004878240E-1,3.191060808726E-1,4.726106367678E-1,6.122052586242E-1,
7.387306375386E-1,8.639741847239E-1,1.E0,1.013826399950E0),.UNSPECIFIED.)GEOMETRIC_REPRESENTATION_ITEM()RATIONAL_B_SPLINE_SURFACE(((1.274476606867E0,
1.274476606867E0,1.274476606867E0,1.274476606867E0,1.274476606867E0,
1.274476606867E0,1.274476606867E0,1.274476606867E0,1.274476606867E0,
1.274476606867E0,1.274476606867E0,1.274476606867E0),(9.085077977110E-1,
9.085077977110E-1,9.085077977110E-1,9.085077977110E-1,9.085077977110E-1,
9.085077977110E-1,9.085077977110E-1,9.085077977110E-1,9.085077977110E-1,
9.085077977110E-1,9.085077977110E-1,9.085077977110E-1),(9.085077977110E-1,
9.085077977110E-1,9.085077977110E-1,9.085077977110E-1,9.085077977110E-1,
9.085077977110E-1,9.085077977110E-1,9.085077977110E-1,9.085077977110E-1,
9.085077977110E-1,9.085077977110E-1,9.085077977110E-1),(1.274476606867E0,
1.274476606867E0,1.274476606867E0,1.274476606867E0,1.274476606867E0,
1.274476606867E0,1.274476606867E0,1.274476606867E0,1.274476606867E0,
1.274476606867E0,1.274476606867E0,1.274476606867E0)))REPRESENTATION_ITEM('')SURFACE());
#3743=ORIENTED_EDGE('',*,*,#3684,.F.);
#3745=ORIENTED_EDGE('',*,*,#3744,.F.);
#3747=ORIENTED_EDGE('',*,*,#3746,.T.);
#3748=EDGE_LOOP('',(#3743,#3745,#3747));
#3749=FACE_OUTER_BOUND('',#3748,.F.);
#3750=ADVANCED_FACE('',(#3749),#3742,.T.);
#3751=CARTESIAN_POINT('',(-2.260267590853E0,-4.799959333861E0,
-1.283412932670E1));
#3752=DIRECTION('',(-2.517376915602E-1,-1.677063997961E-7,-9.677955024942E-1));
#3753=DIRECTION('',(-9.677955024942E-1,4.362287597814E-8,2.517376915602E-1));
#3754=AXIS2_PLACEMENT_3D('',#3751,#3752,#3753);
#3755=CYLINDRICAL_SURFACE('',#3754,5.E-1);
#3757=ORIENTED_EDGE('',*,*,#3756,.T.);
#3758=ORIENTED_EDGE('',*,*,#3744,.T.);
#3759=ORIENTED_EDGE('',*,*,#2551,.F.);
#3761=ORIENTED_EDGE('',*,*,#3760,.F.);
#3762=EDGE_LOOP('',(#3757,#3758,#3759,#3761));
#3763=FACE_OUTER_BOUND('',#3762,.F.);
#3764=ADVANCED_FACE('',(#3763),#3755,.T.);
#3765=CARTESIAN_POINT('',(-6.113130885600E0,-4.499961556438E0,
-2.566011403108E1));
#3766=DIRECTION('',(-9.677955024942E-1,4.362287470380E-8,2.517376915602E-1));
#3767=DIRECTION('',(2.517376915602E-1,1.677063997948E-7,9.677955024942E-1));
#3768=AXIS2_PLACEMENT_3D('',#3765,#3766,#3767);
#3769=PLANE('',#3768);
#3770=ORIENTED_EDGE('',*,*,#3746,.F.);
#3771=ORIENTED_EDGE('',*,*,#3756,.F.);
#3773=ORIENTED_EDGE('',*,*,#3772,.F.);
#3774=ORIENTED_EDGE('',*,*,#2950,.F.);
#3776=ORIENTED_EDGE('',*,*,#3775,.T.);
#3777=EDGE_LOOP('',(#3770,#3771,#3773,#3774,#3776));
#3778=FACE_OUTER_BOUND('',#3777,.F.);
#3779=ADVANCED_FACE('',(#3778),#3769,.T.);
#3780=CARTESIAN_POINT('',(-1.245E1,-2.083603517039E1,-1.029806292206E1));
#3781=DIRECTION('',(0.E0,1.E0,-1.732870212710E-7));
#3782=DIRECTION('',(1.E0,0.E0,0.E0));
#3783=AXIS2_PLACEMENT_3D('',#3780,#3781,#3782);
#3784=CYLINDRICAL_SURFACE('',#3783,1.E1);
#3786=ORIENTED_EDGE('',*,*,#3785,.F.);
#3788=ORIENTED_EDGE('',*,*,#3787,.F.);
#3789=ORIENTED_EDGE('',*,*,#2952,.T.);
#3790=ORIENTED_EDGE('',*,*,#3772,.T.);
#3791=EDGE_LOOP('',(#3786,#3788,#3789,#3790));
#3792=FACE_OUTER_BOUND('',#3791,.F.);
#3793=ADVANCED_FACE('',(#3792),#3784,.F.);
#3794=CARTESIAN_POINT('',(-1.245E1,-4.799958894394E0,-1.029806570090E1));
#3795=DIRECTION('',(0.E0,1.E0,-1.732870212710E-7));
#3796=DIRECTION('',(9.999271160682E-1,2.092131082133E-9,1.207321628545E-2));
#3797=AXIS2_PLACEMENT_3D('',#3794,#3795,#3796);
#3798=TOROIDAL_SURFACE('',#3797,1.05E1,5.E-1);
#3799=ORIENTED_EDGE('',*,*,#3785,.T.);
#3800=ORIENTED_EDGE('',*,*,#3760,.T.);
#3801=ORIENTED_EDGE('',*,*,#2588,.F.);
#3803=ORIENTED_EDGE('',*,*,#3802,.F.);
#3804=EDGE_LOOP('',(#3799,#3800,#3801,#3803));
#3805=FACE_OUTER_BOUND('',#3804,.F.);
#3806=ADVANCED_FACE('',(#3805),#3798,.T.);
#3807=CARTESIAN_POINT('',(-1.95E0,-4.799957818822E0,-4.091183892344E0));
#3808=DIRECTION('',(0.E0,-1.732870212508E-7,-1.E0));
#3809=DIRECTION('',(-1.E0,0.E0,0.E0));
#3810=AXIS2_PLACEMENT_3D('',#3807,#3808,#3809);
#3811=CYLINDRICAL_SURFACE('',#3810,5.E-1);
#3813=ORIENTED_EDGE('',*,*,#3812,.T.);
#3814=ORIENTED_EDGE('',*,*,#3802,.T.);
#3815=ORIENTED_EDGE('',*,*,#2586,.F.);
#3817=ORIENTED_EDGE('',*,*,#3816,.F.);
#3818=EDGE_LOOP('',(#3813,#3814,#3815,#3817));
#3819=FACE_OUTER_BOUND('',#3818,.F.);
#3820=ADVANCED_FACE('',(#3819),#3811,.T.);
#3821=CARTESIAN_POINT('',(-2.45E0,-5.999959755966E0,-1.527000005892E1));
#3822=DIRECTION('',(-1.E0,0.E0,0.E0));
#3823=DIRECTION('',(0.E0,1.732870212380E-7,1.E0));
#3824=AXIS2_PLACEMENT_3D('',#3821,#3822,#3823);
#3825=PLANE('',#3824);
#3826=ORIENTED_EDGE('',*,*,#3812,.F.);
#3828=ORIENTED_EDGE('',*,*,#3827,.F.);
#3829=ORIENTED_EDGE('',*,*,#2954,.F.);
#3830=ORIENTED_EDGE('',*,*,#3787,.T.);
#3831=EDGE_LOOP('',(#3826,#3828,#3829,#3830));
#3832=FACE_OUTER_BOUND('',#3831,.F.);
#3833=ADVANCED_FACE('',(#3832),#3825,.T.);
#3834=CARTESIAN_POINT('',(-1.245E1,1.261549379233E1,-4.201935653431E0));
#3835=DIRECTION('',(0.E0,-1.E0,1.732870212710E-7));
#3836=DIRECTION('',(1.E0,0.E0,0.E0));
#3837=AXIS2_PLACEMENT_3D('',#3834,#3835,#3836);
#3838=CYLINDRICAL_SURFACE('',#3837,1.E1);
#3840=ORIENTED_EDGE('',*,*,#3839,.F.);
#3842=ORIENTED_EDGE('',*,*,#3841,.F.);
#3843=ORIENTED_EDGE('',*,*,#2956,.F.);
#3844=ORIENTED_EDGE('',*,*,#3827,.T.);
#3845=EDGE_LOOP('',(#3840,#3842,#3843,#3844));
#3846=FACE_OUTER_BOUND('',#3845,.F.);
#3847=ADVANCED_FACE('',(#3846),#3838,.F.);
#3848=CARTESIAN_POINT('',(-1.245E1,-4.799957838014E0,-4.201932635559E0));
#3849=DIRECTION('',(0.E0,-1.E0,1.732870212710E-7));
#3850=DIRECTION('',(9.649482453623E-1,4.547748928763E-8,2.624402480036E-1));
#3851=AXIS2_PLACEMENT_3D('',#3848,#3849,#3850);
#3852=TOROIDAL_SURFACE('',#3851,1.05E1,5.E-1);
#3853=ORIENTED_EDGE('',*,*,#3839,.T.);
#3854=ORIENTED_EDGE('',*,*,#3816,.T.);
#3855=ORIENTED_EDGE('',*,*,#2584,.F.);
#3857=ORIENTED_EDGE('',*,*,#3856,.F.);
#3858=EDGE_LOOP('',(#3853,#3854,#3855,#3857));
#3859=FACE_OUTER_BOUND('',#3858,.F.);
#3860=ADVANCED_FACE('',(#3859),#3852,.T.);
#3861=CARTESIAN_POINT('',(-5.544544428707E0,-4.799955210578E0,
1.096040214146E1));
#3862=DIRECTION('',(2.517376915602E-1,-1.677063997729E-7,-9.677955024942E-1));
#3863=DIRECTION('',(-9.677955024942E-1,-4.362287420179E-8,-2.517376915602E-1));
#3864=AXIS2_PLACEMENT_3D('',#3861,#3862,#3863);
#3865=CYLINDRICAL_SURFACE('',#3864,5.E-1);
#3867=ORIENTED_EDGE('',*,*,#3866,.T.);
#3868=ORIENTED_EDGE('',*,*,#3856,.T.);
#3869=ORIENTED_EDGE('',*,*,#2582,.F.);
#3871=ORIENTED_EDGE('',*,*,#3870,.F.);
#3872=EDGE_LOOP('',(#3867,#3868,#3869,#3871));
#3873=FACE_OUTER_BOUND('',#3872,.F.);
#3874=ADVANCED_FACE('',(#3873),#3865,.T.);
#3875=CARTESIAN_POINT('',(-2.45E0,-4.499957616330E0,-2.922644818246E0));
#3876=DIRECTION('',(-9.677955024942E-1,-4.362287470380E-8,-2.517376915602E-1));
#3877=DIRECTION('',(-2.517376915602E-1,1.677063997948E-7,9.677955024942E-1));
#3878=AXIS2_PLACEMENT_3D('',#3875,#3876,#3877);
#3879=PLANE('',#3878);
#3880=ORIENTED_EDGE('',*,*,#3866,.F.);
#3882=ORIENTED_EDGE('',*,*,#3881,.F.);
#3884=ORIENTED_EDGE('',*,*,#3883,.T.);
#3885=ORIENTED_EDGE('',*,*,#2958,.F.);
#3886=ORIENTED_EDGE('',*,*,#3841,.T.);
#3887=EDGE_LOOP('',(#3880,#3882,#3884,#3885,#3886));
#3888=FACE_OUTER_BOUND('',#3887,.F.);
#3889=ADVANCED_FACE('',(#3888),#3879,.T.);
#3890=CARTESIAN_POINT('',(-5.626429602690E0,-3.762331293096E0,
1.164059683336E1));
#3891=CARTESIAN_POINT('',(-5.618448628562E0,-3.784482760958E0,
1.160835688152E1));
#3892=CARTESIAN_POINT('',(-5.607529326597E0,-3.821563773296E0,
1.155381438996E1));
#3893=CARTESIAN_POINT('',(-5.607229566027E0,-3.841758753872E0,
1.152243521166E1));
#3894=CARTESIAN_POINT('',(-5.607120704576E0,-3.864516997543E0,
1.148672030912E1));
#3895=CARTESIAN_POINT('',(-5.607001366910E0,-3.889175614099E0,
1.144765177890E1));
#3896=CARTESIAN_POINT('',(-5.606857339177E0,-3.915919544501E0,
1.140482912325E1));
#3897=CARTESIAN_POINT('',(-5.606666319854E0,-3.945012383664E0,
1.135769176604E1));
#3898=CARTESIAN_POINT('',(-5.606407125599E0,-3.976654580910E0,
1.130573395703E1));
#3899=CARTESIAN_POINT('',(-5.606049097239E0,-4.011047346837E0,
1.124839693731E1));
#3900=CARTESIAN_POINT('',(-5.605550332705E0,-4.048408503009E0,
1.118502745741E1));
#3901=CARTESIAN_POINT('',(-5.604852315307E0,-4.088976845858E0,
1.111484906563E1));
#3902=CARTESIAN_POINT('',(-5.603873540090E0,-4.133008805068E0,
1.103693762596E1));
#3903=CARTESIAN_POINT('',(-5.602501037392E0,-4.180754571177E0,
1.095022460615E1));
#3904=CARTESIAN_POINT('',(-5.600578568608E0,-4.232444784924E0,
1.085346958267E1));
#3905=CARTESIAN_POINT('',(-5.597889998450E0,-4.288283932074E0,
1.074520187220E1));
#3906=CARTESIAN_POINT('',(-5.594137602171E0,-4.348407056942E0,
1.062370342348E1));
#3907=CARTESIAN_POINT('',(-5.588910344080E0,-4.412858811775E0,
1.048690913179E1));
#3908=CARTESIAN_POINT('',(-5.581644123295E0,-4.481501530255E0,
1.033239144850E1));
#3909=CARTESIAN_POINT('',(-5.571566304493E0,-4.553921646451E0,
1.015726711113E1));
#3910=CARTESIAN_POINT('',(-5.557621726932E0,-4.629284547860E0,
9.958080926936E0));
#3911=CARTESIAN_POINT('',(-5.538379710013E0,-4.706067546546E0,
9.730750953362E0));
#3912=CARTESIAN_POINT('',(-5.511954666289E0,-4.781561150253E0,
9.470850426962E0));
#3913=CARTESIAN_POINT('',(-5.475787492831E0,-4.851598015022E0,
9.172531606442E0));
#3914=CARTESIAN_POINT('',(-5.427124714851E0,-4.908506955777E0,
8.833402145310E0));
#3915=CARTESIAN_POINT('',(-5.365169700832E0,-4.940271465603E0,
8.464985658391E0));
#3916=CARTESIAN_POINT('',(-5.293862072738E0,-4.936577751080E0,
8.096348430680E0));
#3917=CARTESIAN_POINT('',(-5.238367151103E0,-4.906845093811E0,
7.840324492417E0));
#3918=CARTESIAN_POINT('',(-5.208946401653E0,-4.883254970012E0,
7.711834036375E0));
#3919=CARTESIAN_POINT('',(-5.205029043962E0,-4.879978350542E0,
7.694842223966E0));
#3920=CARTESIAN_POINT('',(-6.002972269259E0,-3.819412901410E0,
1.158708562991E1));
#3921=CARTESIAN_POINT('',(-5.994381105775E0,-3.842390217353E0,
1.155221563116E1));
#3922=CARTESIAN_POINT('',(-5.982726584569E0,-3.879459309407E0,
1.149301245379E1));
#3923=CARTESIAN_POINT('',(-5.982602526063E0,-3.894788248333E0,
1.145829136697E1));
#3924=CARTESIAN_POINT('',(-5.982617695255E0,-3.911713261395E0,
1.141884564687E1));
#3925=CARTESIAN_POINT('',(-5.982496531409E0,-3.930009052326E0,
1.137573346243E1));
#3926=CARTESIAN_POINT('',(-5.982187075222E0,-3.949778328473E0,
1.132853153143E1));
#3927=CARTESIAN_POINT('',(-5.981618731325E0,-3.971214342923E0,
1.127664051414E1));
#3928=CARTESIAN_POINT('',(-5.980711753759E0,-3.994441634754E0,
1.121953186002E1));
#3929=CARTESIAN_POINT('',(-5.979363882192E0,-4.019584230302E0,
1.115662799505E1));
#3930=CARTESIAN_POINT('',(-5.977445673379E0,-4.046770372264E0,
1.108726094551E1));
#3931=CARTESIAN_POINT('',(-5.974790935351E0,-4.076135875989E0,
1.101064537506E1));
#3932=CARTESIAN_POINT('',(-5.971185381177E0,-4.107818707805E0,
1.092585860695E1));
#3933=CARTESIAN_POINT('',(-5.966353802739E0,-4.141938977959E0,
1.083185297247E1));
#3934=CARTESIAN_POINT('',(-5.959942603829E0,-4.178585549788E0,
1.072743771902E1));
#3935=CARTESIAN_POINT('',(-5.951495824266E0,-4.217806317797E0,
1.061123182278E1));
#3936=CARTESIAN_POINT('',(-5.940427691911E0,-4.259570733537E0,
1.048166738876E1));
#3937=CARTESIAN_POINT('',(-5.925981288121E0,-4.303745709131E0,
1.033691266370E1));
#3938=CARTESIAN_POINT('',(-5.907185675458E0,-4.350018807973E0,
1.017489619821E1));
#3939=CARTESIAN_POINT('',(-5.882796667999E0,-4.397816161877E0,
9.993262450424E0));
#3940=CARTESIAN_POINT('',(-5.851223695885E0,-4.446178423212E0,
9.789323366614E0));
#3941=CARTESIAN_POINT('',(-5.810453113930E0,-4.493544688827E0,
9.560101432264E0));
#3942=CARTESIAN_POINT('',(-5.758038862353E0,-4.537378739258E0,
9.302736816775E0));
#3943=CARTESIAN_POINT('',(-5.690848614695E0,-4.573906240327E0,
9.013569487886E0));
#3944=CARTESIAN_POINT('',(-5.606145199259E0,-4.596847866627E0,
8.693051936596E0));
#3945=CARTESIAN_POINT('',(-5.505002459794E0,-4.597586291893E0,
8.355045443193E0));
#3946=CARTESIAN_POINT('',(-5.395303993661E0,-4.570380210111E0,
8.027803962649E0));
#3947=CARTESIAN_POINT('',(-5.314118138079E0,-4.530619273392E0,
7.808042206041E0));
#3948=CARTESIAN_POINT('',(-5.272140999209E0,-4.504190824267E0,
7.699888346719E0));
#3949=CARTESIAN_POINT('',(-5.266569555537E0,-4.500579417677E0,
7.685624063328E0));
#3950=CARTESIAN_POINT('',(-6.222433430249E0,-3.613092166630E0,
1.134530666660E1));
#3951=CARTESIAN_POINT('',(-6.217387176459E0,-3.625961264693E0,
1.132488783114E1));
#3952=CARTESIAN_POINT('',(-6.209364455715E0,-3.647420253957E0,
1.128654574572E1));
#3953=CARTESIAN_POINT('',(-6.204763961641E0,-3.658815970136E0,
1.125143766381E1));
#3954=CARTESIAN_POINT('',(-6.199315027505E0,-3.671637146875E0,
1.121090460988E1));
#3955=CARTESIAN_POINT('',(-6.193166078429E0,-3.685526378082E0,
1.116673008471E1));
#3956=CARTESIAN_POINT('',(-6.186182734394E0,-3.700585765436E0,
1.111846222355E1));
#3957=CARTESIAN_POINT('',(-6.178210773985E0,-3.716963642287E0,
1.106556400318E1));
#3958=CARTESIAN_POINT('',(-6.169079577158E0,-3.734771464345E0,
1.100754094074E1));
#3959=CARTESIAN_POINT('',(-6.158590958420E0,-3.754121051535E0,
1.094387139476E1));
#3960=CARTESIAN_POINT('',(-6.146504372315E0,-3.775133094155E0,
1.087395459970E1));
#3961=CARTESIAN_POINT('',(-6.132525751453E0,-3.797939617982E0,
1.079709283638E1));
#3962=CARTESIAN_POINT('',(-6.116293923611E0,-3.822681925743E0,
1.071247628791E1));
#3963=CARTESIAN_POINT('',(-6.097371855179E0,-3.849497013211E0,
1.061920303027E1));
#3964=CARTESIAN_POINT('',(-6.075229746754E0,-3.878509861194E0,1.051626954E1));
#3965=CARTESIAN_POINT('',(-6.049219011542E0,-3.909829426170E0,
1.040253457520E1));
#3966=CARTESIAN_POINT('',(-6.018552753324E0,-3.943523937658E0,
1.027673540760E1));
#3967=CARTESIAN_POINT('',(-5.982263703059E0,-3.979608585046E0,
1.013742791457E1));
#3968=CARTESIAN_POINT('',(-5.939180647727E0,-4.017993223415E0,
9.983027390562E0));
#3969=CARTESIAN_POINT('',(-5.887884547739E0,-4.058428904948E0,
9.811783351411E0));
#3970=CARTESIAN_POINT('',(-5.826658292789E0,-4.100425143248E0,
9.621749479247E0));
#3971=CARTESIAN_POINT('',(-5.753456590391E0,-4.143098430717E0,
9.410834419463E0));
#3972=CARTESIAN_POINT('',(-5.666002586334E0,-4.184891101101E0,
9.177163085447E0));
#3973=CARTESIAN_POINT('',(-5.561458337227E0,-4.223414962057E0,
8.918184087786E0));
#3974=CARTESIAN_POINT('',(-5.438177287182E0,-4.254313922511E0,
8.634946672121E0));
#3975=CARTESIAN_POINT('',(-5.299941513323E0,-4.270837444565E0,
8.339739736754E0));
#3976=CARTESIAN_POINT('',(-5.158065166875E0,-4.267290709319E0,
8.056111867990E0));
#3977=CARTESIAN_POINT('',(-5.057570007699E0,-4.249482692041E0,
7.865959893932E0));
#3978=CARTESIAN_POINT('',(-5.006634048251E0,-4.235660403534E0,
7.772144487533E0));
#3979=CARTESIAN_POINT('',(-4.999890139150E0,-4.233744079064E0,
7.759766338915E0));
#3980=CARTESIAN_POINT('',(-6.095741296116E0,-3.321120041903E0,
1.112355912978E1));
#3981=CARTESIAN_POINT('',(-6.095341014463E0,-3.321655362156E0,
1.112222259556E1));
#3982=CARTESIAN_POINT('',(-6.092188218505E0,-3.325354596407E0,
1.111229097889E1));
#3983=CARTESIAN_POINT('',(-6.082315722842E0,-3.337138487659E0,
1.108008422216E1));
#3984=CARTESIAN_POINT('',(-6.070522025794E0,-3.351120789538E0,
1.104204408595E1));
#3985=CARTESIAN_POINT('',(-6.057512434195E0,-3.366356098588E0,
1.100070376911E1));
#3986=CARTESIAN_POINT('',(-6.043096479741E0,-3.383028060558E0,
1.095560165095E1));
#3987=CARTESIAN_POINT('',(-6.027073028897E0,-3.401304210738E0,
1.090631041750E1));
#3988=CARTESIAN_POINT('',(-6.009226566577E0,-3.421357020025E0,
1.085239717131E1));
#3989=CARTESIAN_POINT('',(-5.989321300269E0,-3.443361595940E0,
1.079342276364E1));
#3990=CARTESIAN_POINT('',(-5.967077738867E0,-3.467519609448E0,
1.072887766799E1));
#3991=CARTESIAN_POINT('',(-5.942163907587E0,-3.494061753087E0,
1.065817279948E1));
#3992=CARTESIAN_POINT('',(-5.914184191292E0,-3.523251591337E0,
1.058062536989E1));
#3993=CARTESIAN_POINT('',(-5.882679560929E0,-3.555375423972E0,
1.049547851791E1));
#3994=CARTESIAN_POINT('',(-5.847116972180E0,-3.590741127955E0,
1.040189220448E1));
#3995=CARTESIAN_POINT('',(-5.806868363007E0,-3.629683768413E0,
1.029890851336E1));
#3996=CARTESIAN_POINT('',(-5.761205910319E0,-3.672549623643E0,
1.018546198396E1));
#3997=CARTESIAN_POINT('',(-5.709268749848E0,-3.719700432770E0,
1.006031644903E1));
#3998=CARTESIAN_POINT('',(-5.650064496854E0,-3.771473894172E0,
9.922085248422E0));
#3999=CARTESIAN_POINT('',(-5.582446596231E0,-3.828151275247E0,
9.769179018937E0));
#4000=CARTESIAN_POINT('',(-5.505089283951E0,-3.889900610424E0,
9.599728749725E0));
#4001=CARTESIAN_POINT('',(-5.416494202524E0,-3.956647803633E0,
9.411547526961E0));
#4002=CARTESIAN_POINT('',(-5.315137605992E0,-4.027775971915E0,
9.202314435292E0));
#4003=CARTESIAN_POINT('',(-5.199089921574E0,-4.102081997728E0,
8.968552535853E0));
#4004=CARTESIAN_POINT('',(-5.067929926567E0,-4.176007480043E0,
8.709145625639E0));
#4005=CARTESIAN_POINT('',(-4.926652472500E0,-4.241527987837E0,
8.432254823579E0));
#4006=CARTESIAN_POINT('',(-4.786533326991E0,-4.288429139111E0,
8.156884112406E0));
#4007=CARTESIAN_POINT('',(-4.689745987473E0,-4.305642199948E0,
7.964179884692E0));
#4008=CARTESIAN_POINT('',(-4.641167045123E0,-4.309010006019E0,
7.866351818259E0));
#4009=CARTESIAN_POINT('',(-4.634742402163E0,-4.309358273325E0,
7.853393453503E0));
#4010=(BOUNDED_SURFACE()B_SPLINE_SURFACE(3,3,((#3890,#3891,#3892,#3893,#3894,
#3895,#3896,#3897,#3898,#3899,#3900,#3901,#3902,#3903,#3904,#3905,#3906,#3907,
#3908,#3909,#3910,#3911,#3912,#3913,#3914,#3915,#3916,#3917,#3918,#3919),(#3920,
#3921,#3922,#3923,#3924,#3925,#3926,#3927,#3928,#3929,#3930,#3931,#3932,#3933,
#3934,#3935,#3936,#3937,#3938,#3939,#3940,#3941,#3942,#3943,#3944,#3945,#3946,
#3947,#3948,#3949),(#3950,#3951,#3952,#3953,#3954,#3955,#3956,#3957,#3958,#3959,
#3960,#3961,#3962,#3963,#3964,#3965,#3966,#3967,#3968,#3969,#3970,#3971,#3972,
#3973,#3974,#3975,#3976,#3977,#3978,#3979),(#3980,#3981,#3982,#3983,#3984,#3985,
#3986,#3987,#3988,#3989,#3990,#3991,#3992,#3993,#3994,#3995,#3996,#3997,#3998,
#3999,#4000,#4001,#4002,#4003,#4004,#4005,#4006,#4007,#4008,#4009)),
.UNSPECIFIED.,.F.,.F.,.F.)B_SPLINE_SURFACE_WITH_KNOTS((4,4),(4,1,1,1,1,1,1,1,1,
1,1,1,1,1,1,1,1,1,1,1,1,1,1,1,1,1,1,4),(0.E0,1.E0),(-6.985208188245E-3,0.E0,
1.006879640130E-2,2.097472043874E-2,3.285247612114E-2,4.583721679369E-2,
6.006349939496E-2,7.566574819405E-2,9.277831861842E-2,1.115515238678E-1,
1.321893626144E-1,1.549079335183E-1,1.799548478282E-1,2.076183355430E-1,
2.382115779862E-1,2.721159030598E-1,3.097509987527E-1,3.516260271235E-1,
3.983084459542E-1,4.504585502387E-1,5.089007487952E-1,5.745514384760E-1,
6.482294104936E-1,7.318425280821E-1,8.239882362277E-1,9.163159899552E-1,1.E0,
1.012791184461E0),.UNSPECIFIED.)GEOMETRIC_REPRESENTATION_ITEM()RATIONAL_B_SPLINE_SURFACE(((1.274505286223E0,1.274505286223E0,1.274505286223E0,1.274505286223E0,
1.274505286223E0,1.274505286223E0,1.274505286223E0,1.274505286223E0,
1.274505286223E0,1.274505286223E0,1.274505286223E0,1.274505286223E0,
1.274505286223E0,1.274505286223E0,1.274505286223E0,1.274505286223E0,
1.274505286223E0,1.274505286223E0,1.274505286223E0,1.274505286223E0,
1.274505286223E0,1.274505286223E0,1.274505286223E0,1.274505286223E0,
1.274505286223E0,1.274505286223E0,1.274505286223E0,1.274505286223E0,
1.274505286223E0,1.274505286223E0),(9.084982379256E-1,9.084982379256E-1,
9.084982379256E-1,9.084982379256E-1,9.084982379256E-1,9.084982379256E-1,
9.084982379256E-1,9.084982379256E-1,9.084982379256E-1,9.084982379256E-1,
9.084982379256E-1,9.084982379256E-1,9.084982379256E-1,9.084982379256E-1,
9.084982379256E-1,9.084982379256E-1,9.084982379256E-1,9.084982379256E-1,
9.084982379256E-1,9.084982379256E-1,9.084982379256E-1,9.084982379256E-1,
9.084982379256E-1,9.084982379256E-1,9.084982379256E-1,9.084982379256E-1,
9.084982379256E-1,9.084982379256E-1,9.084982379256E-1,9.084982379256E-1),(
9.084982379256E-1,9.084982379256E-1,9.084982379256E-1,9.084982379256E-1,
9.084982379256E-1,9.084982379256E-1,9.084982379256E-1,9.084982379256E-1,
9.084982379256E-1,9.084982379256E-1,9.084982379256E-1,9.084982379256E-1,
9.084982379256E-1,9.084982379256E-1,9.084982379256E-1,9.084982379256E-1,
9.084982379256E-1,9.084982379256E-1,9.084982379256E-1,9.084982379256E-1,
9.084982379256E-1,9.084982379256E-1,9.084982379256E-1,9.084982379256E-1,
9.084982379256E-1,9.084982379256E-1,9.084982379256E-1,9.084982379256E-1,
9.084982379256E-1,9.084982379256E-1),(1.274505286223E0,1.274505286223E0,
1.274505286223E0,1.274505286223E0,1.274505286223E0,1.274505286223E0,
1.274505286223E0,1.274505286223E0,1.274505286223E0,1.274505286223E0,
1.274505286223E0,1.274505286223E0,1.274505286223E0,1.274505286223E0,
1.274505286223E0,1.274505286223E0,1.274505286223E0,1.274505286223E0,
1.274505286223E0,1.274505286223E0,1.274505286223E0,1.274505286223E0,
1.274505286223E0,1.274505286223E0,1.274505286223E0,1.274505286223E0,
1.274505286223E0,1.274505286223E0,1.274505286223E0,1.274505286223E0)))REPRESENTATION_ITEM('')SURFACE());
#4011=ORIENTED_EDGE('',*,*,#3881,.T.);
#4012=ORIENTED_EDGE('',*,*,#3870,.T.);
#4014=ORIENTED_EDGE('',*,*,#4013,.F.);
#4015=EDGE_LOOP('',(#4011,#4012,#4014));
#4016=FACE_OUTER_BOUND('',#4015,.F.);
#4017=ADVANCED_FACE('',(#4016),#4010,.T.);
#4018=CARTESIAN_POINT('',(-2.E0,-3.399954990573E0,1.222999839189E1));
#4019=DIRECTION('',(0.E0,1.E0,-1.732870212380E-7));
#4020=DIRECTION('',(9.996597299738E-1,-4.520181943750E-9,-2.608494333461E-2));
#4021=AXIS2_PLACEMENT_3D('',#4018,#4019,#4020);
#4022=TOROIDAL_SURFACE('',#4021,5.149999997778E0,9.E-1);
#4023=ORIENTED_EDGE('',*,*,#4013,.T.);
#4024=ORIENTED_EDGE('',*,*,#2580,.T.);
#4026=ORIENTED_EDGE('',*,*,#4025,.T.);
#4028=ORIENTED_EDGE('',*,*,#4027,.F.);
#4030=ORIENTED_EDGE('',*,*,#4029,.F.);
#4031=EDGE_LOOP('',(#4023,#4024,#4026,#4028,#4030));
#4032=FACE_OUTER_BOUND('',#4031,.F.);
#4033=ADVANCED_FACE('',(#4032),#4022,.F.);
#4034=CARTESIAN_POINT('',(2.402768506331E0,-4.888892928649E0,1.561402085981E1));
#4035=CARTESIAN_POINT('',(2.385265267949E0,-4.889206745323E0,1.561782529096E1));
#4036=CARTESIAN_POINT('',(2.154282558620E0,-4.891249091441E0,1.566803073236E1));
#4037=CARTESIAN_POINT('',(1.715234252198E0,-4.843036946827E0,1.576346043788E1));
#4038=CARTESIAN_POINT('',(1.122990411784E0,-4.679371831789E0,1.589218806753E1));
#4039=CARTESIAN_POINT('',(5.862211852575E-1,-4.462060401499E0,
1.600885795652E1));
#4040=CARTESIAN_POINT('',(1.118830335937E-1,-4.225602246466E0,
1.611195808341E1));
#4041=CARTESIAN_POINT('',(-3.151517954535E-1,-3.985651741738E0,
1.620477655623E1));
#4042=CARTESIAN_POINT('',(-7.280496443729E-1,-3.736705021569E0,
1.629452227229E1));
#4043=CARTESIAN_POINT('',(-1.016592384177E0,-3.556299061305E0,
1.635723869090E1));
#4044=CARTESIAN_POINT('',(-1.173550267557E0,-3.458125190131E0,
1.639135436512E1));
#4045=CARTESIAN_POINT('',(-1.188029978936E0,-3.449069834645E0,
1.639450161120E1));
#4046=CARTESIAN_POINT('',(2.410830710352E0,-4.510701094618E0,1.568261692727E1));
#4047=CARTESIAN_POINT('',(2.395533781037E0,-4.510977199192E0,1.568594180425E1));
#4048=CARTESIAN_POINT('',(2.193336459541E0,-4.512778062436E0,1.572989057342E1));
#4049=CARTESIAN_POINT('',(1.800808458559E0,-4.470287971234E0,1.581520881982E1));
#4050=CARTESIAN_POINT('',(1.255928569383E0,-4.320205737540E0,1.593364162037E1));
#4051=CARTESIAN_POINT('',(7.511385998653E-1,-4.116113131540E0,
1.604336063335E1));
#4052=CARTESIAN_POINT('',(2.973188052843E-1,-3.890016890970E0,
1.614200097728E1));
#4053=CARTESIAN_POINT('',(-1.169506761506E-1,-3.657305123459E0,
1.623204482849E1));
#4054=CARTESIAN_POINT('',(-5.224144429352E-1,-3.412878183738E0,
1.632017470415E1));
#4055=CARTESIAN_POINT('',(-8.092062607082E-1,-3.233578350203E0,
1.638251054982E1));
#4056=CARTESIAN_POINT('',(-9.661909726809E-1,-3.135385390917E0,
1.641663223889E1));
#4057=CARTESIAN_POINT('',(-9.806814018283E-1,-3.126323013289E0,
1.641978183320E1));
#4058=CARTESIAN_POINT('',(2.348393035707E0,-4.238898256375E0,1.541799830180E1));
#4059=CARTESIAN_POINT('',(2.334681759841E0,-4.239147257621E0,1.542097852774E1));
#4060=CARTESIAN_POINT('',(2.153172224211E0,-4.240774569408E0,1.546043068579E1));
#4061=CARTESIAN_POINT('',(1.794077926571E0,-4.202396863850E0,1.553848192219E1));
#4062=CARTESIAN_POINT('',(1.283238060989E0,-4.062076518455E0,1.564951592647E1));
#4063=CARTESIAN_POINT('',(8.014312808933E-1,-3.867484156395E0,
1.575423941064E1));
#4064=CARTESIAN_POINT('',(3.623578354016E-1,-3.648834925706E0,
1.584967455075E1));
#4065=CARTESIAN_POINT('',(-4.273731149103E-2,-3.421325570139E0,
1.593772430766E1));
#4066=CARTESIAN_POINT('',(-4.428582737872E-1,-3.180146953860E0,
1.602469289412E1));
#4067=CARTESIAN_POINT('',(-7.283917204635E-1,-3.001642083138E0,
1.608675522562E1));
#4068=CARTESIAN_POINT('',(-8.853958918728E-1,-2.903435405406E0,
1.612088041866E1));
#4069=CARTESIAN_POINT('',(-8.998940418680E-1,-2.894367981033E0,
1.612403161739E1));
#4070=CARTESIAN_POINT('',(2.269242836384E0,-4.307630793633E0,1.504812247479E1));
#4071=CARTESIAN_POINT('',(2.255130586542E0,-4.307886648664E0,1.505118985477E1));
#4072=CARTESIAN_POINT('',(2.068389602793E0,-4.309557847480E0,1.509177909863E1));
#4073=CARTESIAN_POINT('',(1.700840718199E0,-4.270140217578E0,1.517166798872E1));
#4074=CARTESIAN_POINT('',(1.181392941720E0,-4.127351323228E0,1.528457297228E1));
#4075=CARTESIAN_POINT('',(6.937742606377E-1,-3.930356575837E0,
1.539055970665E1));
#4076=CARTESIAN_POINT('',(2.509718148213E-1,-3.709824173788E0,
1.548680536644E1));
#4077=CARTESIAN_POINT('',(-1.564433026809E-1,-3.480999252198E0,
1.557535938229E1));
#4078=CARTESIAN_POINT('',(-5.579153329296E-1,-3.238999212318E0,
1.566262163112E1));
#4079=CARTESIAN_POINT('',(-8.437669916732E-1,-3.060293314443E0,
1.572475312784E1));
#4080=CARTESIAN_POINT('',(-1.000766489901E0,-2.962090105779E0,
1.575887629545E1));
#4081=CARTESIAN_POINT('',(-1.015262712647E0,-2.953023957607E0,
1.576202697266E1));
#4082=(BOUNDED_SURFACE()B_SPLINE_SURFACE(3,3,((#4034,#4035,#4036,#4037,#4038,
#4039,#4040,#4041,#4042,#4043,#4044,#4045),(#4046,#4047,#4048,#4049,#4050,#4051,
#4052,#4053,#4054,#4055,#4056,#4057),(#4058,#4059,#4060,#4061,#4062,#4063,#4064,
#4065,#4066,#4067,#4068,#4069),(#4070,#4071,#4072,#4073,#4074,#4075,#4076,#4077,
#4078,#4079,#4080,#4081)),.UNSPECIFIED.,.F.,.F.,.F.)B_SPLINE_SURFACE_WITH_KNOTS(
(4,4),(4,1,1,1,1,1,1,1,1,4),(0.E0,1.E0),(-1.306307112090E-2,0.E0,
1.594723226966E-1,3.190602309767E-1,4.725672464018E-1,6.121702945026E-1,
7.387056029024E-1,8.639609674588E-1,1.E0,1.013826235012E0),.UNSPECIFIED.)GEOMETRIC_REPRESENTATION_ITEM()RATIONAL_B_SPLINE_SURFACE(((1.274476607352E0,
1.274476607352E0,1.274476607352E0,1.274476607352E0,1.274476607352E0,
1.274476607352E0,1.274476607352E0,1.274476607352E0,1.274476607352E0,
1.274476607352E0,1.274476607352E0,1.274476607352E0),(9.085077975493E-1,
9.085077975493E-1,9.085077975493E-1,9.085077975493E-1,9.085077975493E-1,
9.085077975493E-1,9.085077975493E-1,9.085077975493E-1,9.085077975493E-1,
9.085077975493E-1,9.085077975493E-1,9.085077975493E-1),(9.085077975493E-1,
9.085077975493E-1,9.085077975493E-1,9.085077975493E-1,9.085077975493E-1,
9.085077975493E-1,9.085077975493E-1,9.085077975493E-1,9.085077975493E-1,
9.085077975493E-1,9.085077975493E-1,9.085077975493E-1),(1.274476607352E0,
1.274476607352E0,1.274476607352E0,1.274476607352E0,1.274476607352E0,
1.274476607352E0,1.274476607352E0,1.274476607352E0,1.274476607352E0,
1.274476607352E0,1.274476607352E0,1.274476607352E0)))REPRESENTATION_ITEM('')SURFACE());
#4083=ORIENTED_EDGE('',*,*,#4025,.F.);
#4085=ORIENTED_EDGE('',*,*,#4084,.F.);
#4087=ORIENTED_EDGE('',*,*,#4086,.T.);
#4088=EDGE_LOOP('',(#4083,#4085,#4087));
#4089=FACE_OUTER_BOUND('',#4088,.F.);
#4090=ADVANCED_FACE('',(#4089),#4082,.T.);
#4091=CARTESIAN_POINT('',(1.378752399295E1,-4.799954920210E0,1.263604973401E1));
#4092=DIRECTION('',(-9.771835569258E-1,3.680556611433E-8,2.123965538181E-1));
#4093=DIRECTION('',(2.123965538181E-1,1.693332283281E-7,9.771835569258E-1));
#4094=AXIS2_PLACEMENT_3D('',#4091,#4092,#4093);
#4095=CYLINDRICAL_SURFACE('',#4094,5.E-1);
#4097=ORIENTED_EDGE('',*,*,#4096,.T.);
#4098=ORIENTED_EDGE('',*,*,#4084,.T.);
#4099=ORIENTED_EDGE('',*,*,#2578,.F.);
#4101=ORIENTED_EDGE('',*,*,#4100,.F.);
#4102=EDGE_LOOP('',(#4097,#4098,#4099,#4101));
#4103=FACE_OUTER_BOUND('',#4102,.F.);
#4104=ADVANCED_FACE('',(#4103),#4095,.T.);
#4105=CARTESIAN_POINT('',(-1.097314646273E0,-4.499954270907E0,
1.638303089672E1));
#4106=DIRECTION('',(2.123965538181E-1,1.693332277825E-7,9.771835569258E-1));
#4107=DIRECTION('',(9.771835569258E-1,-3.680556613236E-8,-2.123965538181E-1));
#4108=AXIS2_PLACEMENT_3D('',#4105,#4106,#4107);
#4109=PLANE('',#4108);
#4110=ORIENTED_EDGE('',*,*,#4086,.F.);
#4111=ORIENTED_EDGE('',*,*,#4096,.F.);
#4113=ORIENTED_EDGE('',*,*,#4112,.F.);
#4114=ORIENTED_EDGE('',*,*,#2964,.F.);
#4116=ORIENTED_EDGE('',*,*,#4115,.T.);
#4117=EDGE_LOOP('',(#4110,#4111,#4113,#4114,#4116));
#4118=FACE_OUTER_BOUND('',#4117,.F.);
#4119=ADVANCED_FACE('',(#4118),#4109,.T.);
#4120=CARTESIAN_POINT('',(1.590946595722E1,-2.083603517039E1,2.292000251197E1));
#4121=DIRECTION('',(0.E0,1.E0,-1.732870212184E-7));
#4122=DIRECTION('',(0.E0,-1.732870212184E-7,-1.E0));
#4123=AXIS2_PLACEMENT_3D('',#4120,#4121,#4122);
#4124=CYLINDRICAL_SURFACE('',#4123,1.E1);
#4126=ORIENTED_EDGE('',*,*,#4125,.F.);
#4128=ORIENTED_EDGE('',*,*,#4127,.F.);
#4129=ORIENTED_EDGE('',*,*,#2966,.T.);
#4130=ORIENTED_EDGE('',*,*,#4112,.T.);
#4131=EDGE_LOOP('',(#4126,#4128,#4129,#4130));
#4132=FACE_OUTER_BOUND('',#4131,.F.);
#4133=ADVANCED_FACE('',(#4132),#4124,.F.);
#4134=CARTESIAN_POINT('',(1.590946595722E1,-4.799953138135E0,2.291999973313E1));
#4135=DIRECTION('',(0.E0,1.E0,-1.732870212184E-7));
#4136=DIRECTION('',(1.207321628545E-2,-1.732743920833E-7,-9.999271160682E-1));
#4137=AXIS2_PLACEMENT_3D('',#4134,#4135,#4136);
#4138=TOROIDAL_SURFACE('',#4137,1.05E1,5.E-1);
#4139=ORIENTED_EDGE('',*,*,#4125,.T.);
#4140=ORIENTED_EDGE('',*,*,#4100,.T.);
#4141=ORIENTED_EDGE('',*,*,#2576,.F.);
#4143=ORIENTED_EDGE('',*,*,#4142,.F.);
#4144=EDGE_LOOP('',(#4139,#4140,#4141,#4143));
#4145=FACE_OUTER_BOUND('',#4144,.F.);
#4146=ADVANCED_FACE('',(#4145),#4138,.T.);
#4147=CARTESIAN_POINT('',(1.271640338181E2,-4.799954957648E0,1.241999973313E1));
#4148=DIRECTION('',(-1.E0,0.E0,0.E0));
#4149=DIRECTION('',(0.E0,1.732870220650E-7,1.E0));
#4150=AXIS2_PLACEMENT_3D('',#4147,#4148,#4149);
#4151=CYLINDRICAL_SURFACE('',#4150,5.E-1);
#4153=ORIENTED_EDGE('',*,*,#4152,.T.);
#4154=ORIENTED_EDGE('',*,*,#4142,.T.);
#4155=ORIENTED_EDGE('',*,*,#2574,.F.);
#4156=ORIENTED_EDGE('',*,*,#2493,.T.);
#4157=EDGE_LOOP('',(#4153,#4154,#4155,#4156));
#4158=FACE_OUTER_BOUND('',#4157,.F.);
#4159=ADVANCED_FACE('',(#4158),#4151,.T.);
#4160=CARTESIAN_POINT('',(9.7E0,-5.999954871005E0,1.291999994107E1));
#4161=DIRECTION('',(0.E0,1.732870212380E-7,1.E0));
#4162=DIRECTION('',(1.E0,0.E0,0.E0));
#4163=AXIS2_PLACEMENT_3D('',#4160,#4161,#4162);
#4164=PLANE('',#4163);
#4165=ORIENTED_EDGE('',*,*,#4152,.F.);
#4166=ORIENTED_EDGE('',*,*,#2478,.F.);
#4167=ORIENTED_EDGE('',*,*,#2968,.F.);
#4168=ORIENTED_EDGE('',*,*,#4127,.T.);
#4169=EDGE_LOOP('',(#4165,#4166,#4167,#4168));
#4170=FACE_OUTER_BOUND('',#4169,.F.);
#4171=ADVANCED_FACE('',(#4170),#4164,.T.);
#4172=CARTESIAN_POINT('',(-2.E0,-1.999549905736E-1,1.222999783737E1));
#4173=DIRECTION('',(0.E0,1.E0,-1.732870212380E-7));
#4174=DIRECTION('',(1.E0,0.E0,0.E0));
#4175=AXIS2_PLACEMENT_3D('',#4172,#4173,#4174);
#4176=CYLINDRICAL_SURFACE('',#4175,4.25E0);
#4177=ORIENTED_EDGE('',*,*,#4027,.T.);
#4178=ORIENTED_EDGE('',*,*,#4115,.F.);
#4179=ORIENTED_EDGE('',*,*,#2962,.F.);
#4181=ORIENTED_EDGE('',*,*,#4180,.F.);
#4183=ORIENTED_EDGE('',*,*,#4182,.F.);
#4185=ORIENTED_EDGE('',*,*,#4184,.F.);
#4186=EDGE_LOOP('',(#4177,#4178,#4179,#4181,#4183,#4185));
#4187=FACE_OUTER_BOUND('',#4186,.F.);
#4188=ADVANCED_FACE('',(#4187),#4176,.T.);
#4189=CARTESIAN_POINT('',(-2.E0,-1.999549905736E-1,1.222999783737E1));
#4190=DIRECTION('',(0.E0,1.E0,-1.732870212380E-7));
#4191=DIRECTION('',(1.E0,0.E0,0.E0));
#4192=AXIS2_PLACEMENT_3D('',#4189,#4190,#4191);
#4193=CYLINDRICAL_SURFACE('',#4192,4.25E0);
#4194=ORIENTED_EDGE('',*,*,#4029,.T.);
#4195=ORIENTED_EDGE('',*,*,#4184,.T.);
#4197=ORIENTED_EDGE('',*,*,#4196,.F.);
#4198=ORIENTED_EDGE('',*,*,#4180,.T.);
#4199=ORIENTED_EDGE('',*,*,#2960,.F.);
#4200=ORIENTED_EDGE('',*,*,#3883,.F.);
#4201=EDGE_LOOP('',(#4194,#4195,#4197,#4198,#4199,#4200));
#4202=FACE_OUTER_BOUND('',#4201,.F.);
#4203=ADVANCED_FACE('',(#4202),#4193,.T.);
#4204=CARTESIAN_POINT('',(-2.E0,-1.399954990574E0,1.222999804531E1));
#4205=DIRECTION('',(0.E0,1.E0,-1.732870212380E-7));
#4206=DIRECTION('',(-9.996604958009E-1,4.515093638935E-9,2.605557781330E-2));
#4207=AXIS2_PLACEMENT_3D('',#4204,#4205,#4206);
#4208=TOROIDAL_SURFACE('',#4207,3.35E0,9.E-1);
#4209=ORIENTED_EDGE('',*,*,#4196,.T.);
#4211=ORIENTED_EDGE('',*,*,#4210,.T.);
#4212=ORIENTED_EDGE('',*,*,#2758,.F.);
#4214=ORIENTED_EDGE('',*,*,#4213,.F.);
#4215=EDGE_LOOP('',(#4209,#4211,#4212,#4214));
#4216=FACE_OUTER_BOUND('',#4215,.F.);
#4217=ADVANCED_FACE('',(#4216),#4208,.T.);
#4218=CARTESIAN_POINT('',(-2.E0,-1.399954990574E0,1.222999804531E1));
#4219=DIRECTION('',(0.E0,1.E0,-1.732870212380E-7));
#4220=DIRECTION('',(9.996604957763E-1,-4.515093506371E-9,-2.605557875510E-2));
#4221=AXIS2_PLACEMENT_3D('',#4218,#4219,#4220);
#4222=TOROIDAL_SURFACE('',#4221,3.35E0,9.E-1);
#4223=ORIENTED_EDGE('',*,*,#4182,.T.);
#4224=ORIENTED_EDGE('',*,*,#4213,.T.);
#4225=ORIENTED_EDGE('',*,*,#2760,.F.);
#4226=ORIENTED_EDGE('',*,*,#4210,.F.);
#4227=EDGE_LOOP('',(#4223,#4224,#4225,#4226));
#4228=FACE_OUTER_BOUND('',#4227,.F.);
#4229=ADVANCED_FACE('',(#4228),#4222,.T.);
#4230=CARTESIAN_POINT('',(-2.E0,-1.999617418356E-1,-2.672999996535E1));
#4231=DIRECTION('',(0.E0,1.E0,-1.732870212380E-7));
#4232=DIRECTION('',(1.E0,0.E0,0.E0));
#4233=AXIS2_PLACEMENT_3D('',#4230,#4231,#4232);
#4234=CYLINDRICAL_SURFACE('',#4233,4.25E0);
#4235=ORIENTED_EDGE('',*,*,#3686,.T.);
#4236=ORIENTED_EDGE('',*,*,#3775,.F.);
#4237=ORIENTED_EDGE('',*,*,#2948,.F.);
#4238=ORIENTED_EDGE('',*,*,#3672,.F.);
#4240=ORIENTED_EDGE('',*,*,#4239,.F.);
#4241=ORIENTED_EDGE('',*,*,#3668,.F.);
#4242=EDGE_LOOP('',(#4235,#4236,#4237,#4238,#4240,#4241));
#4243=FACE_OUTER_BOUND('',#4242,.F.);
#4244=ADVANCED_FACE('',(#4243),#4234,.T.);
#4245=CARTESIAN_POINT('',(-2.E0,-1.399961741836E0,-2.672999975741E1));
#4246=DIRECTION('',(0.E0,1.E0,-1.732870212380E-7));
#4247=DIRECTION('',(9.996604957763E-1,-4.515093506371E-9,-2.605557875509E-2));
#4248=AXIS2_PLACEMENT_3D('',#4245,#4246,#4247);
#4249=TOROIDAL_SURFACE('',#4248,3.35E0,9.E-1);
#4250=ORIENTED_EDGE('',*,*,#4239,.T.);
#4252=ORIENTED_EDGE('',*,*,#4251,.T.);
#4253=ORIENTED_EDGE('',*,*,#2742,.F.);
#4255=ORIENTED_EDGE('',*,*,#4254,.F.);
#4256=EDGE_LOOP('',(#4250,#4252,#4253,#4255));
#4257=FACE_OUTER_BOUND('',#4256,.F.);
#4258=ADVANCED_FACE('',(#4257),#4249,.T.);
#4259=CARTESIAN_POINT('',(-2.E0,-1.399961741836E0,-2.672999975741E1));
#4260=DIRECTION('',(0.E0,1.E0,-1.732870212380E-7));
#4261=DIRECTION('',(-9.996604958009E-1,4.515093572653E-9,2.605557781330E-2));
#4262=AXIS2_PLACEMENT_3D('',#4259,#4260,#4261);
#4263=TOROIDAL_SURFACE('',#4262,3.35E0,9.E-1);
#4264=ORIENTED_EDGE('',*,*,#3670,.T.);
#4265=ORIENTED_EDGE('',*,*,#4254,.T.);
#4266=ORIENTED_EDGE('',*,*,#2740,.F.);
#4267=ORIENTED_EDGE('',*,*,#4251,.F.);
#4268=EDGE_LOOP('',(#4264,#4265,#4266,#4267));
#4269=FACE_OUTER_BOUND('',#4268,.F.);
#4270=ADVANCED_FACE('',(#4269),#4263,.T.);
#4271=CARTESIAN_POINT('',(1.590945584808E1,1.261549379233E1,-3.742000328474E1));
#4272=DIRECTION('',(0.E0,-1.E0,1.732870211130E-7));
#4273=DIRECTION('',(0.E0,1.732870211130E-7,1.E0));
#4274=AXIS2_PLACEMENT_3D('',#4271,#4272,#4273);
#4275=CYLINDRICAL_SURFACE('',#4274,1.E1);
#4276=ORIENTED_EDGE('',*,*,#3569,.T.);
#4277=ORIENTED_EDGE('',*,*,#3655,.F.);
#4278=ORIENTED_EDGE('',*,*,#2942,.F.);
#4280=ORIENTED_EDGE('',*,*,#4279,.T.);
#4281=EDGE_LOOP('',(#4276,#4277,#4278,#4280));
#4282=FACE_OUTER_BOUND('',#4281,.F.);
#4283=ADVANCED_FACE('',(#4282),#4275,.F.);
#4284=CARTESIAN_POINT('',(3.502E1,-5.999961861404E0,-2.742000005892E1));
#4285=DIRECTION('',(0.E0,-1.732870212380E-7,-1.E0));
#4286=DIRECTION('',(-1.E0,0.E0,0.E0));
#4287=AXIS2_PLACEMENT_3D('',#4284,#4285,#4286);
#4288=PLANE('',#4287);
#4289=ORIENTED_EDGE('',*,*,#3555,.T.);
#4290=ORIENTED_EDGE('',*,*,#4279,.F.);
#4291=ORIENTED_EDGE('',*,*,#2940,.F.);
#4293=ORIENTED_EDGE('',*,*,#4292,.T.);
#4294=EDGE_LOOP('',(#4289,#4290,#4291,#4293));
#4295=FACE_OUTER_BOUND('',#4294,.F.);
#4296=ADVANCED_FACE('',(#4295),#4288,.T.);
#4297=CARTESIAN_POINT('',(3.502E1,-5.999959755966E0,-1.527000005892E1));
#4298=DIRECTION('',(0.E0,1.E0,-1.732870212380E-7));
#4299=DIRECTION('',(1.E0,0.E0,0.E0));
#4300=AXIS2_PLACEMENT_3D('',#4297,#4298,#4299);
#4301=CYLINDRICAL_SURFACE('',#4300,1.215E1);
#4302=ORIENTED_EDGE('',*,*,#3541,.T.);
#4303=ORIENTED_EDGE('',*,*,#4292,.F.);
#4304=ORIENTED_EDGE('',*,*,#2938,.F.);
#4306=ORIENTED_EDGE('',*,*,#4305,.T.);
#4307=EDGE_LOOP('',(#4302,#4303,#4304,#4306));
#4308=FACE_OUTER_BOUND('',#4307,.F.);
#4309=ADVANCED_FACE('',(#4308),#4301,.T.);
#4310=CARTESIAN_POINT('',(4.687657799908E1,-2.083603517039E1,
-3.397946188847E1));
#4311=DIRECTION('',(0.E0,1.E0,-1.732870211130E-7));
#4312=DIRECTION('',(-5.352856884462E-1,1.463705351049E-7,8.446710790270E-1));
#4313=AXIS2_PLACEMENT_3D('',#4310,#4311,#4312);
#4314=CYLINDRICAL_SURFACE('',#4313,1.E1);
#4315=ORIENTED_EDGE('',*,*,#3527,.T.);
#4316=ORIENTED_EDGE('',*,*,#4305,.F.);
#4317=ORIENTED_EDGE('',*,*,#2936,.T.);
#4319=ORIENTED_EDGE('',*,*,#4318,.T.);
#4320=ORIENTED_EDGE('',*,*,#3514,.T.);
#4321=EDGE_LOOP('',(#4315,#4316,#4317,#4319,#4320));
#4322=FACE_OUTER_BOUND('',#4321,.F.);
#4323=ADVANCED_FACE('',(#4322),#4314,.F.);
#4324=CARTESIAN_POINT('',(4.7E1,-1.999605288264E-1,-1.972999996535E1));
#4325=DIRECTION('',(0.E0,1.E0,-1.732870212380E-7));
#4326=DIRECTION('',(1.E0,0.E0,0.E0));
#4327=AXIS2_PLACEMENT_3D('',#4324,#4325,#4326);
#4328=CYLINDRICAL_SURFACE('',#4327,4.25E0);
#4329=ORIENTED_EDGE('',*,*,#3433,.F.);
#4330=ORIENTED_EDGE('',*,*,#4318,.F.);
#4331=ORIENTED_EDGE('',*,*,#2934,.F.);
#4333=ORIENTED_EDGE('',*,*,#4332,.T.);
#4335=ORIENTED_EDGE('',*,*,#4334,.F.);
#4337=ORIENTED_EDGE('',*,*,#4336,.F.);
#4338=EDGE_LOOP('',(#4329,#4330,#4331,#4333,#4335,#4337));
#4339=FACE_OUTER_BOUND('',#4338,.F.);
#4340=ADVANCED_FACE('',(#4339),#4328,.T.);
#4341=CARTESIAN_POINT('',(4.7E1,-1.999605288264E-1,-1.972999996535E1));
#4342=DIRECTION('',(0.E0,1.E0,-1.732870212380E-7));
#4343=DIRECTION('',(1.E0,0.E0,0.E0));
#4344=AXIS2_PLACEMENT_3D('',#4341,#4342,#4343);
#4345=CYLINDRICAL_SURFACE('',#4344,4.25E0);
#4347=ORIENTED_EDGE('',*,*,#4346,.F.);
#4348=ORIENTED_EDGE('',*,*,#3418,.F.);
#4349=ORIENTED_EDGE('',*,*,#3435,.F.);
#4350=ORIENTED_EDGE('',*,*,#4336,.T.);
#4352=ORIENTED_EDGE('',*,*,#4351,.F.);
#4353=ORIENTED_EDGE('',*,*,#4332,.F.);
#4354=ORIENTED_EDGE('',*,*,#2932,.F.);
#4355=EDGE_LOOP('',(#4347,#4348,#4349,#4350,#4352,#4353,#4354));
#4356=FACE_OUTER_BOUND('',#4355,.F.);
#4357=ADVANCED_FACE('',(#4356),#4345,.T.);
#4358=CARTESIAN_POINT('',(5.074E1,-1.821556390721E1,-1.680170382535E1));
#4359=DIRECTION('',(0.E0,1.E0,-1.732870211055E-7));
#4360=DIRECTION('',(-7.873684210526E-1,-1.068284576916E-7,-6.164827406579E-1));
#4361=AXIS2_PLACEMENT_3D('',#4358,#4359,#4360);
#4362=CYLINDRICAL_SURFACE('',#4361,5.E-1);
#4363=ORIENTED_EDGE('',*,*,#3420,.T.);
#4364=ORIENTED_EDGE('',*,*,#4346,.T.);
#4365=ORIENTED_EDGE('',*,*,#2930,.T.);
#4366=ORIENTED_EDGE('',*,*,#3279,.F.);
#4367=EDGE_LOOP('',(#4363,#4364,#4365,#4366));
#4368=FACE_OUTER_BOUND('',#4367,.F.);
#4369=ADVANCED_FACE('',(#4368),#4362,.F.);
#4370=CARTESIAN_POINT('',(4.7E1,-1.399960528826E0,-1.972999975741E1));
#4371=DIRECTION('',(0.E0,1.E0,-1.732870212380E-7));
#4372=DIRECTION('',(9.996604957763E-1,-4.515093506371E-9,-2.605557875509E-2));
#4373=AXIS2_PLACEMENT_3D('',#4370,#4371,#4372);
#4374=TOROIDAL_SURFACE('',#4373,3.35E0,9.E-1);
#4375=ORIENTED_EDGE('',*,*,#4351,.T.);
#4377=ORIENTED_EDGE('',*,*,#4376,.T.);
#4378=ORIENTED_EDGE('',*,*,#2778,.F.);
#4380=ORIENTED_EDGE('',*,*,#4379,.F.);
#4381=EDGE_LOOP('',(#4375,#4377,#4378,#4380));
#4382=FACE_OUTER_BOUND('',#4381,.F.);
#4383=ADVANCED_FACE('',(#4382),#4374,.T.);
#4384=CARTESIAN_POINT('',(4.7E1,-1.399960528826E0,-1.972999975741E1));
#4385=DIRECTION('',(0.E0,1.E0,-1.732870212380E-7));
#4386=DIRECTION('',(-9.996604957947E-1,4.515093638935E-9,2.605557805056E-2));
#4387=AXIS2_PLACEMENT_3D('',#4384,#4385,#4386);
#4388=TOROIDAL_SURFACE('',#4387,3.35E0,9.E-1);
#4389=ORIENTED_EDGE('',*,*,#4334,.T.);
#4390=ORIENTED_EDGE('',*,*,#4379,.T.);
#4391=ORIENTED_EDGE('',*,*,#2776,.F.);
#4392=ORIENTED_EDGE('',*,*,#4376,.F.);
#4393=EDGE_LOOP('',(#4389,#4390,#4391,#4392));
#4394=FACE_OUTER_BOUND('',#4393,.F.);
#4395=ADVANCED_FACE('',(#4394),#4388,.T.);
#4396=CARTESIAN_POINT('',(4.7E1,-1.999562035827E-1,5.229997837371E0));
#4397=DIRECTION('',(0.E0,1.E0,-1.732870212380E-7));
#4398=DIRECTION('',(1.E0,0.E0,0.E0));
#4399=AXIS2_PLACEMENT_3D('',#4396,#4397,#4398);
#4400=CYLINDRICAL_SURFACE('',#4399,4.25E0);
#4401=ORIENTED_EDGE('',*,*,#3124,.F.);
#4402=ORIENTED_EDGE('',*,*,#3250,.F.);
#4403=ORIENTED_EDGE('',*,*,#3267,.F.);
#4404=ORIENTED_EDGE('',*,*,#2924,.F.);
#4406=ORIENTED_EDGE('',*,*,#4405,.T.);
#4408=ORIENTED_EDGE('',*,*,#4407,.F.);
#4410=ORIENTED_EDGE('',*,*,#4409,.T.);
#4411=EDGE_LOOP('',(#4401,#4402,#4403,#4404,#4406,#4408,#4410));
#4412=FACE_OUTER_BOUND('',#4411,.F.);
#4413=ADVANCED_FACE('',(#4412),#4400,.T.);
#4414=CARTESIAN_POINT('',(4.7E1,-1.999562035827E-1,5.229997837371E0));
#4415=DIRECTION('',(0.E0,1.E0,-1.732870212380E-7));
#4416=DIRECTION('',(1.E0,0.E0,0.E0));
#4417=AXIS2_PLACEMENT_3D('',#4414,#4415,#4416);
#4418=CYLINDRICAL_SURFACE('',#4417,4.25E0);
#4419=ORIENTED_EDGE('',*,*,#3126,.F.);
#4420=ORIENTED_EDGE('',*,*,#4409,.F.);
#4422=ORIENTED_EDGE('',*,*,#4421,.F.);
#4423=ORIENTED_EDGE('',*,*,#4405,.F.);
#4424=ORIENTED_EDGE('',*,*,#2922,.F.);
#4425=ORIENTED_EDGE('',*,*,#3021,.F.);
#4426=EDGE_LOOP('',(#4419,#4420,#4422,#4423,#4424,#4425));
#4427=FACE_OUTER_BOUND('',#4426,.F.);
#4428=ADVANCED_FACE('',(#4427),#4418,.T.);
#4429=CARTESIAN_POINT('',(4.7E1,-1.399956203583E0,5.229998045315E0));
#4430=DIRECTION('',(0.E0,1.E0,-1.732870212380E-7));
#4431=DIRECTION('',(9.996604957763E-1,-4.515093506371E-9,-2.605557875509E-2));
#4432=AXIS2_PLACEMENT_3D('',#4429,#4430,#4431);
#4433=TOROIDAL_SURFACE('',#4432,3.35E0,9.E-1);
#4434=ORIENTED_EDGE('',*,*,#4421,.T.);
#4436=ORIENTED_EDGE('',*,*,#4435,.T.);
#4437=ORIENTED_EDGE('',*,*,#2796,.F.);
#4439=ORIENTED_EDGE('',*,*,#4438,.F.);
#4440=EDGE_LOOP('',(#4434,#4436,#4437,#4439));
#4441=FACE_OUTER_BOUND('',#4440,.F.);
#4442=ADVANCED_FACE('',(#4441),#4433,.T.);
#4443=CARTESIAN_POINT('',(4.7E1,-1.399956203583E0,5.229998045315E0));
#4444=DIRECTION('',(0.E0,1.E0,-1.732870212380E-7));
#4445=DIRECTION('',(-9.996604957947E-1,4.515093638935E-9,2.605557805046E-2));
#4446=AXIS2_PLACEMENT_3D('',#4443,#4444,#4445);
#4447=TOROIDAL_SURFACE('',#4446,3.35E0,9.E-1);
#4448=ORIENTED_EDGE('',*,*,#4407,.T.);
#4449=ORIENTED_EDGE('',*,*,#4438,.T.);
#4450=ORIENTED_EDGE('',*,*,#2794,.F.);
#4451=ORIENTED_EDGE('',*,*,#4435,.F.);
#4452=EDGE_LOOP('',(#4448,#4449,#4450,#4451));
#4453=FACE_OUTER_BOUND('',#4452,.F.);
#4454=ADVANCED_FACE('',(#4453),#4447,.T.);
#4455=CARTESIAN_POINT('',(4.7E1,-1.999562035827E-1,5.229997837371E0));
#4456=DIRECTION('',(0.E0,1.E0,-1.732870212380E-7));
#4457=DIRECTION('',(1.E0,0.E0,0.E0));
#4458=AXIS2_PLACEMENT_3D('',#4455,#4456,#4457);
#4459=CYLINDRICAL_SURFACE('',#4458,2.75E0);
#4460=ORIENTED_EDGE('',*,*,#2972,.F.);
#4462=ORIENTED_EDGE('',*,*,#4461,.F.);
#4464=ORIENTED_EDGE('',*,*,#4463,.F.);
#4466=ORIENTED_EDGE('',*,*,#4465,.T.);
#4468=ORIENTED_EDGE('',*,*,#4467,.F.);
#4470=ORIENTED_EDGE('',*,*,#4469,.F.);
#4471=EDGE_LOOP('',(#4460,#4462,#4464,#4466,#4468,#4470));
#4472=FACE_OUTER_BOUND('',#4471,.F.);
#4473=ADVANCED_FACE('',(#4472),#4459,.F.);
#4474=CARTESIAN_POINT('',(4.7E1,-1.999562035827E-1,5.229997837371E0));
#4475=DIRECTION('',(0.E0,1.E0,-1.732870212380E-7));
#4476=DIRECTION('',(1.E0,0.E0,0.E0));
#4477=AXIS2_PLACEMENT_3D('',#4474,#4475,#4476);
#4478=CYLINDRICAL_SURFACE('',#4477,2.75E0);
#4479=ORIENTED_EDGE('',*,*,#2974,.T.);
#4480=ORIENTED_EDGE('',*,*,#4469,.T.);
#4481=ORIENTED_EDGE('',*,*,#4467,.T.);
#4482=ORIENTED_EDGE('',*,*,#4465,.F.);
#4484=ORIENTED_EDGE('',*,*,#4483,.F.);
#4485=ORIENTED_EDGE('',*,*,#4461,.T.);
#4486=EDGE_LOOP('',(#4479,#4480,#4481,#4482,#4484,#4485));
#4487=FACE_OUTER_BOUND('',#4486,.F.);
#4488=ADVANCED_FACE('',(#4487),#4478,.F.);
#4489=CARTESIAN_POINT('',(0.E0,-2.899957109873E0,5.025249292880E-7));
#4490=DIRECTION('',(0.E0,1.E0,-1.732870212380E-7));
#4491=DIRECTION('',(0.E0,-1.732870212380E-7,-1.E0));
#4492=AXIS2_PLACEMENT_3D('',#4489,#4490,#4491);
#4493=PLANE('',#4492);
#4494=ORIENTED_EDGE('',*,*,#4463,.T.);
#4495=ORIENTED_EDGE('',*,*,#4483,.T.);
#4496=EDGE_LOOP('',(#4494,#4495));
#4497=FACE_OUTER_BOUND('',#4496,.F.);
#4499=ORIENTED_EDGE('',*,*,#4498,.T.);
#4501=ORIENTED_EDGE('',*,*,#4500,.T.);
#4502=EDGE_LOOP('',(#4499,#4501));
#4503=FACE_BOUND('',#4502,.F.);
#4504=ADVANCED_FACE('',(#4497,#4503),#4493,.F.);
#4505=CARTESIAN_POINT('',(4.7E1,-1.699956203583E0,5.229998097302E0));
#4506=DIRECTION('',(0.E0,1.E0,-1.732870212380E-7));
#4507=DIRECTION('',(0.E0,-1.732870212380E-7,-1.E0));
#4508=AXIS2_PLACEMENT_3D('',#4505,#4506,#4507);
#4509=CYLINDRICAL_SURFACE('',#4508,1.15E0);
#4511=ORIENTED_EDGE('',*,*,#4510,.F.);
#4513=ORIENTED_EDGE('',*,*,#4512,.T.);
#4514=ORIENTED_EDGE('',*,*,#4498,.F.);
#4516=ORIENTED_EDGE('',*,*,#4515,.F.);
#4517=EDGE_LOOP('',(#4511,#4513,#4514,#4516));
#4518=FACE_OUTER_BOUND('',#4517,.F.);
#4519=ADVANCED_FACE('',(#4518),#4509,.F.);
#4520=CARTESIAN_POINT('',(0.E0,-1.699957109873E0,2.945805038024E-7));
#4521=DIRECTION('',(0.E0,1.E0,-1.732870212380E-7));
#4522=DIRECTION('',(0.E0,-1.732870212380E-7,-1.E0));
#4523=AXIS2_PLACEMENT_3D('',#4520,#4521,#4522);
#4524=PLANE('',#4523);
#4526=ORIENTED_EDGE('',*,*,#4525,.T.);
#4528=ORIENTED_EDGE('',*,*,#4527,.T.);
#4529=EDGE_LOOP('',(#4526,#4528));
#4530=FACE_OUTER_BOUND('',#4529,.F.);
#4531=ORIENTED_EDGE('',*,*,#4510,.T.);
#4533=ORIENTED_EDGE('',*,*,#4532,.T.);
#4534=EDGE_LOOP('',(#4531,#4533));
#4535=FACE_BOUND('',#4534,.F.);
#4536=ADVANCED_FACE('',(#4530,#4535),#4524,.T.);
#4537=CARTESIAN_POINT('',(4.7E1,-1.999562035827E-1,5.229997837371E0));
#4538=DIRECTION('',(0.E0,1.E0,-1.732870212380E-7));
#4539=DIRECTION('',(1.E0,0.E0,0.E0));
#4540=AXIS2_PLACEMENT_3D('',#4537,#4538,#4539);
#4541=CYLINDRICAL_SURFACE('',#4540,2.75E0);
#4542=ORIENTED_EDGE('',*,*,#2800,.F.);
#4544=ORIENTED_EDGE('',*,*,#4543,.T.);
#4545=ORIENTED_EDGE('',*,*,#4525,.F.);
#4547=ORIENTED_EDGE('',*,*,#4546,.F.);
#4548=EDGE_LOOP('',(#4542,#4544,#4545,#4547));
#4549=FACE_OUTER_BOUND('',#4548,.F.);
#4550=ADVANCED_FACE('',(#4549),#4541,.F.);
#4551=CARTESIAN_POINT('',(4.7E1,-1.999562035827E-1,5.229997837371E0));
#4552=DIRECTION('',(0.E0,1.E0,-1.732870212380E-7));
#4553=DIRECTION('',(1.E0,0.E0,0.E0));
#4554=AXIS2_PLACEMENT_3D('',#4551,#4552,#4553);
#4555=CYLINDRICAL_SURFACE('',#4554,2.75E0);
#4556=ORIENTED_EDGE('',*,*,#2802,.F.);
#4557=ORIENTED_EDGE('',*,*,#4546,.T.);
#4558=ORIENTED_EDGE('',*,*,#4527,.F.);
#4559=ORIENTED_EDGE('',*,*,#4543,.F.);
#4560=EDGE_LOOP('',(#4556,#4557,#4558,#4559));
#4561=FACE_OUTER_BOUND('',#4560,.F.);
#4562=ADVANCED_FACE('',(#4561),#4555,.F.);
#4563=CARTESIAN_POINT('',(4.7E1,-1.699956203583E0,5.229998097302E0));
#4564=DIRECTION('',(0.E0,1.E0,-1.732870212380E-7));
#4565=DIRECTION('',(0.E0,-1.732870212380E-7,-1.E0));
#4566=AXIS2_PLACEMENT_3D('',#4563,#4564,#4565);
#4567=CYLINDRICAL_SURFACE('',#4566,1.15E0);
#4568=ORIENTED_EDGE('',*,*,#4532,.F.);
#4569=ORIENTED_EDGE('',*,*,#4515,.T.);
#4570=ORIENTED_EDGE('',*,*,#4500,.F.);
#4571=ORIENTED_EDGE('',*,*,#4512,.F.);
#4572=EDGE_LOOP('',(#4568,#4569,#4570,#4571));
#4573=FACE_OUTER_BOUND('',#4572,.F.);
#4574=ADVANCED_FACE('',(#4573),#4567,.F.);
#4575=CARTESIAN_POINT('',(-2.E0,-1.999549905736E-1,1.222999783737E1));
#4576=DIRECTION('',(0.E0,1.E0,-1.732870212380E-7));
#4577=DIRECTION('',(1.E0,0.E0,0.E0));
#4578=AXIS2_PLACEMENT_3D('',#4575,#4576,#4577);
#4579=CYLINDRICAL_SURFACE('',#4578,2.75E0);
#4580=ORIENTED_EDGE('',*,*,#2978,.T.);
#4582=ORIENTED_EDGE('',*,*,#4581,.F.);
#4584=ORIENTED_EDGE('',*,*,#4583,.F.);
#4586=ORIENTED_EDGE('',*,*,#4585,.T.);
#4587=EDGE_LOOP('',(#4580,#4582,#4584,#4586));
#4588=FACE_OUTER_BOUND('',#4587,.F.);
#4589=ADVANCED_FACE('',(#4588),#4579,.F.);
#4590=CARTESIAN_POINT('',(-2.E0,-1.999549905736E-1,1.222999783737E1));
#4591=DIRECTION('',(0.E0,1.E0,-1.732870212380E-7));
#4592=DIRECTION('',(1.E0,0.E0,0.E0));
#4593=AXIS2_PLACEMENT_3D('',#4590,#4591,#4592);
#4594=CYLINDRICAL_SURFACE('',#4593,2.75E0);
#4595=ORIENTED_EDGE('',*,*,#2980,.T.);
#4596=ORIENTED_EDGE('',*,*,#4585,.F.);
#4598=ORIENTED_EDGE('',*,*,#4597,.F.);
#4599=ORIENTED_EDGE('',*,*,#4581,.T.);
#4600=EDGE_LOOP('',(#4595,#4596,#4598,#4599));
#4601=FACE_OUTER_BOUND('',#4600,.F.);
#4602=ADVANCED_FACE('',(#4601),#4594,.F.);
#4603=CARTESIAN_POINT('',(0.E0,-2.899957109873E0,5.025249292880E-7));
#4604=DIRECTION('',(0.E0,1.E0,-1.732870212380E-7));
#4605=DIRECTION('',(0.E0,-1.732870212380E-7,-1.E0));
#4606=AXIS2_PLACEMENT_3D('',#4603,#4604,#4605);
#4607=PLANE('',#4606);
#4608=ORIENTED_EDGE('',*,*,#4583,.T.);
#4609=ORIENTED_EDGE('',*,*,#4597,.T.);
#4610=EDGE_LOOP('',(#4608,#4609));
#4611=FACE_OUTER_BOUND('',#4610,.F.);
#4613=ORIENTED_EDGE('',*,*,#4612,.T.);
#4615=ORIENTED_EDGE('',*,*,#4614,.T.);
#4616=EDGE_LOOP('',(#4613,#4615));
#4617=FACE_BOUND('',#4616,.F.);
#4618=ADVANCED_FACE('',(#4611,#4617),#4607,.F.);
#4619=CARTESIAN_POINT('',(-2.E0,-1.699954990574E0,1.222999809730E1));
#4620=DIRECTION('',(0.E0,1.E0,-1.732870212380E-7));
#4621=DIRECTION('',(0.E0,-1.732870212380E-7,-1.E0));
#4622=AXIS2_PLACEMENT_3D('',#4619,#4620,#4621);
#4623=CYLINDRICAL_SURFACE('',#4622,1.15E0);
#4625=ORIENTED_EDGE('',*,*,#4624,.F.);
#4627=ORIENTED_EDGE('',*,*,#4626,.T.);
#4628=ORIENTED_EDGE('',*,*,#4612,.F.);
#4630=ORIENTED_EDGE('',*,*,#4629,.F.);
#4631=EDGE_LOOP('',(#4625,#4627,#4628,#4630));
#4632=FACE_OUTER_BOUND('',#4631,.F.);
#4633=ADVANCED_FACE('',(#4632),#4623,.F.);
#4634=CARTESIAN_POINT('',(0.E0,-1.699957109873E0,2.945805038024E-7));
#4635=DIRECTION('',(0.E0,1.E0,-1.732870212380E-7));
#4636=DIRECTION('',(0.E0,-1.732870212380E-7,-1.E0));
#4637=AXIS2_PLACEMENT_3D('',#4634,#4635,#4636);
#4638=PLANE('',#4637);
#4640=ORIENTED_EDGE('',*,*,#4639,.T.);
#4642=ORIENTED_EDGE('',*,*,#4641,.T.);
#4643=EDGE_LOOP('',(#4640,#4642));
#4644=FACE_OUTER_BOUND('',#4643,.F.);
#4645=ORIENTED_EDGE('',*,*,#4624,.T.);
#4647=ORIENTED_EDGE('',*,*,#4646,.T.);
#4648=EDGE_LOOP('',(#4645,#4647));
#4649=FACE_BOUND('',#4648,.F.);
#4650=ADVANCED_FACE('',(#4644,#4649),#4638,.T.);
#4651=CARTESIAN_POINT('',(-2.E0,-1.999549905736E-1,1.222999783737E1));
#4652=DIRECTION('',(0.E0,1.E0,-1.732870212380E-7));
#4653=DIRECTION('',(1.E0,0.E0,0.E0));
#4654=AXIS2_PLACEMENT_3D('',#4651,#4652,#4653);
#4655=CYLINDRICAL_SURFACE('',#4654,2.75E0);
#4656=ORIENTED_EDGE('',*,*,#2764,.F.);
#4658=ORIENTED_EDGE('',*,*,#4657,.T.);
#4659=ORIENTED_EDGE('',*,*,#4639,.F.);
#4661=ORIENTED_EDGE('',*,*,#4660,.F.);
#4662=EDGE_LOOP('',(#4656,#4658,#4659,#4661));
#4663=FACE_OUTER_BOUND('',#4662,.F.);
#4664=ADVANCED_FACE('',(#4663),#4655,.F.);
#4665=CARTESIAN_POINT('',(-2.E0,-1.999549905736E-1,1.222999783737E1));
#4666=DIRECTION('',(0.E0,1.E0,-1.732870212380E-7));
#4667=DIRECTION('',(1.E0,0.E0,0.E0));
#4668=AXIS2_PLACEMENT_3D('',#4665,#4666,#4667);
#4669=CYLINDRICAL_SURFACE('',#4668,2.75E0);
#4670=ORIENTED_EDGE('',*,*,#2766,.F.);
#4671=ORIENTED_EDGE('',*,*,#4660,.T.);
#4672=ORIENTED_EDGE('',*,*,#4641,.F.);
#4673=ORIENTED_EDGE('',*,*,#4657,.F.);
#4674=EDGE_LOOP('',(#4670,#4671,#4672,#4673));
#4675=FACE_OUTER_BOUND('',#4674,.F.);
#4676=ADVANCED_FACE('',(#4675),#4669,.F.);
#4677=CARTESIAN_POINT('',(-2.E0,-1.699954990574E0,1.222999809730E1));
#4678=DIRECTION('',(0.E0,1.E0,-1.732870212380E-7));
#4679=DIRECTION('',(0.E0,-1.732870212380E-7,-1.E0));
#4680=AXIS2_PLACEMENT_3D('',#4677,#4678,#4679);
#4681=CYLINDRICAL_SURFACE('',#4680,1.15E0);
#4682=ORIENTED_EDGE('',*,*,#4646,.F.);
#4683=ORIENTED_EDGE('',*,*,#4629,.T.);
#4684=ORIENTED_EDGE('',*,*,#4614,.F.);
#4685=ORIENTED_EDGE('',*,*,#4626,.F.);
#4686=EDGE_LOOP('',(#4682,#4683,#4684,#4685));
#4687=FACE_OUTER_BOUND('',#4686,.F.);
#4688=ADVANCED_FACE('',(#4687),#4681,.F.);
#4689=CARTESIAN_POINT('',(-2.E0,-1.999617418356E-1,-2.672999996535E1));
#4690=DIRECTION('',(0.E0,1.E0,-1.732870212380E-7));
#4691=DIRECTION('',(1.E0,0.E0,0.E0));
#4692=AXIS2_PLACEMENT_3D('',#4689,#4690,#4691);
#4693=CYLINDRICAL_SURFACE('',#4692,2.75E0);
#4694=ORIENTED_EDGE('',*,*,#2984,.T.);
#4696=ORIENTED_EDGE('',*,*,#4695,.F.);
#4698=ORIENTED_EDGE('',*,*,#4697,.F.);
#4700=ORIENTED_EDGE('',*,*,#4699,.T.);
#4701=EDGE_LOOP('',(#4694,#4696,#4698,#4700));
#4702=FACE_OUTER_BOUND('',#4701,.F.);
#4703=ADVANCED_FACE('',(#4702),#4693,.F.);
#4704=CARTESIAN_POINT('',(-2.E0,-1.999617418356E-1,-2.672999996535E1));
#4705=DIRECTION('',(0.E0,1.E0,-1.732870212380E-7));
#4706=DIRECTION('',(1.E0,0.E0,0.E0));
#4707=AXIS2_PLACEMENT_3D('',#4704,#4705,#4706);
#4708=CYLINDRICAL_SURFACE('',#4707,2.75E0);
#4709=ORIENTED_EDGE('',*,*,#2986,.T.);
#4710=ORIENTED_EDGE('',*,*,#4699,.F.);
#4712=ORIENTED_EDGE('',*,*,#4711,.F.);
#4713=ORIENTED_EDGE('',*,*,#4695,.T.);
#4714=EDGE_LOOP('',(#4709,#4710,#4712,#4713));
#4715=FACE_OUTER_BOUND('',#4714,.F.);
#4716=ADVANCED_FACE('',(#4715),#4708,.F.);
#4717=CARTESIAN_POINT('',(0.E0,-2.899957109873E0,5.025249292880E-7));
#4718=DIRECTION('',(0.E0,1.E0,-1.732870212380E-7));
#4719=DIRECTION('',(0.E0,-1.732870212380E-7,-1.E0));
#4720=AXIS2_PLACEMENT_3D('',#4717,#4718,#4719);
#4721=PLANE('',#4720);
#4722=ORIENTED_EDGE('',*,*,#4697,.T.);
#4723=ORIENTED_EDGE('',*,*,#4711,.T.);
#4724=EDGE_LOOP('',(#4722,#4723));
#4725=FACE_OUTER_BOUND('',#4724,.F.);
#4727=ORIENTED_EDGE('',*,*,#4726,.T.);
#4729=ORIENTED_EDGE('',*,*,#4728,.T.);
#4730=EDGE_LOOP('',(#4727,#4729));
#4731=FACE_BOUND('',#4730,.F.);
#4732=ADVANCED_FACE('',(#4725,#4731),#4721,.F.);
#4733=CARTESIAN_POINT('',(-2.E0,-1.699961741836E0,-2.672999970542E1));
#4734=DIRECTION('',(0.E0,1.E0,-1.732870212380E-7));
#4735=DIRECTION('',(0.E0,-1.732870212380E-7,-1.E0));
#4736=AXIS2_PLACEMENT_3D('',#4733,#4734,#4735);
#4737=CYLINDRICAL_SURFACE('',#4736,1.15E0);
#4739=ORIENTED_EDGE('',*,*,#4738,.F.);
#4741=ORIENTED_EDGE('',*,*,#4740,.T.);
#4742=ORIENTED_EDGE('',*,*,#4726,.F.);
#4744=ORIENTED_EDGE('',*,*,#4743,.F.);
#4745=EDGE_LOOP('',(#4739,#4741,#4742,#4744));
#4746=FACE_OUTER_BOUND('',#4745,.F.);
#4747=ADVANCED_FACE('',(#4746),#4737,.F.);
#4748=CARTESIAN_POINT('',(0.E0,-1.699957109873E0,2.945805038024E-7));
#4749=DIRECTION('',(0.E0,1.E0,-1.732870212380E-7));
#4750=DIRECTION('',(0.E0,-1.732870212380E-7,-1.E0));
#4751=AXIS2_PLACEMENT_3D('',#4748,#4749,#4750);
#4752=PLANE('',#4751);
#4754=ORIENTED_EDGE('',*,*,#4753,.T.);
#4756=ORIENTED_EDGE('',*,*,#4755,.T.);
#4757=EDGE_LOOP('',(#4754,#4756));
#4758=FACE_OUTER_BOUND('',#4757,.F.);
#4759=ORIENTED_EDGE('',*,*,#4738,.T.);
#4761=ORIENTED_EDGE('',*,*,#4760,.T.);
#4762=EDGE_LOOP('',(#4759,#4761));
#4763=FACE_BOUND('',#4762,.F.);
#4764=ADVANCED_FACE('',(#4758,#4763),#4752,.T.);
#4765=CARTESIAN_POINT('',(-2.E0,-1.999617418356E-1,-2.672999996535E1));
#4766=DIRECTION('',(0.E0,1.E0,-1.732870212380E-7));
#4767=DIRECTION('',(1.E0,0.E0,0.E0));
#4768=AXIS2_PLACEMENT_3D('',#4765,#4766,#4767);
#4769=CYLINDRICAL_SURFACE('',#4768,2.75E0);
#4770=ORIENTED_EDGE('',*,*,#2746,.F.);
#4772=ORIENTED_EDGE('',*,*,#4771,.T.);
#4773=ORIENTED_EDGE('',*,*,#4753,.F.);
#4775=ORIENTED_EDGE('',*,*,#4774,.F.);
#4776=EDGE_LOOP('',(#4770,#4772,#4773,#4775));
#4777=FACE_OUTER_BOUND('',#4776,.F.);
#4778=ADVANCED_FACE('',(#4777),#4769,.F.);
#4779=CARTESIAN_POINT('',(-2.E0,-1.999617418356E-1,-2.672999996535E1));
#4780=DIRECTION('',(0.E0,1.E0,-1.732870212380E-7));
#4781=DIRECTION('',(1.E0,0.E0,0.E0));
#4782=AXIS2_PLACEMENT_3D('',#4779,#4780,#4781);
#4783=CYLINDRICAL_SURFACE('',#4782,2.75E0);
#4784=ORIENTED_EDGE('',*,*,#2748,.F.);
#4785=ORIENTED_EDGE('',*,*,#4774,.T.);
#4786=ORIENTED_EDGE('',*,*,#4755,.F.);
#4787=ORIENTED_EDGE('',*,*,#4771,.F.);
#4788=EDGE_LOOP('',(#4784,#4785,#4786,#4787));
#4789=FACE_OUTER_BOUND('',#4788,.F.);
#4790=ADVANCED_FACE('',(#4789),#4783,.F.);
#4791=CARTESIAN_POINT('',(-2.E0,-1.699961741836E0,-2.672999970542E1));
#4792=DIRECTION('',(0.E0,1.E0,-1.732870212380E-7));
#4793=DIRECTION('',(0.E0,-1.732870212380E-7,-1.E0));
#4794=AXIS2_PLACEMENT_3D('',#4791,#4792,#4793);
#4795=CYLINDRICAL_SURFACE('',#4794,1.15E0);
#4796=ORIENTED_EDGE('',*,*,#4760,.F.);
#4797=ORIENTED_EDGE('',*,*,#4743,.T.);
#4798=ORIENTED_EDGE('',*,*,#4728,.F.);
#4799=ORIENTED_EDGE('',*,*,#4740,.F.);
#4800=EDGE_LOOP('',(#4796,#4797,#4798,#4799));
#4801=FACE_OUTER_BOUND('',#4800,.F.);
#4802=ADVANCED_FACE('',(#4801),#4795,.F.);
#4803=CARTESIAN_POINT('',(4.032E1,-5.749957664392E0,-3.199999221949E0));
#4804=DIRECTION('',(0.E0,-1.E0,1.732870212380E-7));
#4805=DIRECTION('',(-1.E0,0.E0,0.E0));
#4806=AXIS2_PLACEMENT_3D('',#4803,#4804,#4805);
#4807=CONICAL_SURFACE('',#4806,1.45E0,4.5E1);
#4808=ORIENTED_EDGE('',*,*,#2990,.F.);
#4810=ORIENTED_EDGE('',*,*,#4809,.T.);
#4812=ORIENTED_EDGE('',*,*,#4811,.T.);
#4814=ORIENTED_EDGE('',*,*,#4813,.F.);
#4815=EDGE_LOOP('',(#4808,#4810,#4812,#4814));
#4816=FACE_OUTER_BOUND('',#4815,.F.);
#4817=ADVANCED_FACE('',(#4816),#4807,.F.);
#4818=CARTESIAN_POINT('',(4.177E1,-5.749958218910E0,-6.399999221949E0));
#4819=DIRECTION('',(-7.071067811865E-1,-7.071067811865E-1,1.225324278292E-7));
#4820=DIRECTION('',(-7.071067811866E-1,7.071067811865E-1,-1.225324278292E-7));
#4821=AXIS2_PLACEMENT_3D('',#4818,#4819,#4820);
#4822=PLANE('',#4821);
#4823=ORIENTED_EDGE('',*,*,#3004,.T.);
#4825=ORIENTED_EDGE('',*,*,#4824,.T.);
#4827=ORIENTED_EDGE('',*,*,#4826,.F.);
#4828=ORIENTED_EDGE('',*,*,#4809,.F.);
#4829=EDGE_LOOP('',(#4823,#4825,#4827,#4828));
#4830=FACE_OUTER_BOUND('',#4829,.F.);
#4831=ADVANCED_FACE('',(#4830),#4822,.T.);
#4832=CARTESIAN_POINT('',(4.032E1,-5.749958773429E0,-9.599999221948E0));
#4833=DIRECTION('',(0.E0,-1.E0,1.732870212380E-7));
#4834=DIRECTION('',(-1.E0,0.E0,0.E0));
#4835=AXIS2_PLACEMENT_3D('',#4832,#4833,#4834);
#4836=CONICAL_SURFACE('',#4835,1.45E0,4.5E1);
#4837=ORIENTED_EDGE('',*,*,#3002,.F.);
#4839=ORIENTED_EDGE('',*,*,#4838,.T.);
#4841=ORIENTED_EDGE('',*,*,#4840,.T.);
#4842=ORIENTED_EDGE('',*,*,#4824,.F.);
#4843=EDGE_LOOP('',(#4837,#4839,#4841,#4842));
#4844=FACE_OUTER_BOUND('',#4843,.F.);
#4845=ADVANCED_FACE('',(#4844),#4836,.F.);
#4846=CARTESIAN_POINT('',(3.902E1,-5.749959024695E0,-1.104999922195E1));
#4847=DIRECTION('',(0.E0,-7.071066586541E-1,7.071069037190E-1));
#4848=DIRECTION('',(0.E0,7.071069037190E-1,7.071066586541E-1));
#4849=AXIS2_PLACEMENT_3D('',#4846,#4847,#4848);
#4850=PLANE('',#4849);
#4851=ORIENTED_EDGE('',*,*,#3000,.T.);
#4853=ORIENTED_EDGE('',*,*,#4852,.T.);
#4855=ORIENTED_EDGE('',*,*,#4854,.F.);
#4856=ORIENTED_EDGE('',*,*,#4838,.F.);
#4857=EDGE_LOOP('',(#4851,#4853,#4855,#4856));
#4858=FACE_OUTER_BOUND('',#4857,.F.);
#4859=ADVANCED_FACE('',(#4858),#4850,.T.);
#4860=CARTESIAN_POINT('',(3.772E1,-5.749958773429E0,-9.599999221948E0));
#4861=DIRECTION('',(0.E0,-1.E0,1.732870212380E-7));
#4862=DIRECTION('',(-1.E0,0.E0,0.E0));
#4863=AXIS2_PLACEMENT_3D('',#4860,#4861,#4862);
#4864=CONICAL_SURFACE('',#4863,1.45E0,4.5E1);
#4865=ORIENTED_EDGE('',*,*,#2998,.F.);
#4867=ORIENTED_EDGE('',*,*,#4866,.T.);
#4869=ORIENTED_EDGE('',*,*,#4868,.T.);
#4870=ORIENTED_EDGE('',*,*,#4852,.F.);
#4871=EDGE_LOOP('',(#4865,#4867,#4869,#4870));
#4872=FACE_OUTER_BOUND('',#4871,.F.);
#4873=ADVANCED_FACE('',(#4872),#4864,.F.);
#4874=CARTESIAN_POINT('',(3.627E1,-5.749958218910E0,-6.399999221949E0));
#4875=DIRECTION('',(7.071067811865E-1,-7.071067811865E-1,1.225324277133E-7));
#4876=DIRECTION('',(7.071067811866E-1,7.071067811865E-1,-1.225324277133E-7));
#4877=AXIS2_PLACEMENT_3D('',#4874,#4875,#4876);
#4878=PLANE('',#4877);
#4879=ORIENTED_EDGE('',*,*,#2996,.T.);
#4881=ORIENTED_EDGE('',*,*,#4880,.T.);
#4883=ORIENTED_EDGE('',*,*,#4882,.F.);
#4884=ORIENTED_EDGE('',*,*,#4866,.F.);
#4885=EDGE_LOOP('',(#4879,#4881,#4883,#4884));
#4886=FACE_OUTER_BOUND('',#4885,.F.);
#4887=ADVANCED_FACE('',(#4886),#4878,.T.);
#4888=CARTESIAN_POINT('',(3.772E1,-5.749957664392E0,-3.199999221949E0));
#4889=DIRECTION('',(0.E0,-1.E0,1.732870212380E-7));
#4890=DIRECTION('',(-1.E0,0.E0,0.E0));
#4891=AXIS2_PLACEMENT_3D('',#4888,#4889,#4890);
#4892=CONICAL_SURFACE('',#4891,1.45E0,4.5E1);
#4893=ORIENTED_EDGE('',*,*,#2994,.F.);
#4895=ORIENTED_EDGE('',*,*,#4894,.T.);
#4897=ORIENTED_EDGE('',*,*,#4896,.T.);
#4898=ORIENTED_EDGE('',*,*,#4880,.F.);
#4899=EDGE_LOOP('',(#4893,#4895,#4897,#4898));
#4900=FACE_OUTER_BOUND('',#4899,.F.);
#4901=ADVANCED_FACE('',(#4900),#4892,.F.);
#4902=CARTESIAN_POINT('',(3.902E1,-5.749957413126E0,-1.749999221949E0));
#4903=DIRECTION('',(0.E0,-7.071069037190E-1,-7.071066586541E-1));
#4904=DIRECTION('',(0.E0,7.071066586541E-1,-7.071069037190E-1));
#4905=AXIS2_PLACEMENT_3D('',#4902,#4903,#4904);
#4906=PLANE('',#4905);
#4907=ORIENTED_EDGE('',*,*,#2992,.T.);
#4908=ORIENTED_EDGE('',*,*,#4813,.T.);
#4910=ORIENTED_EDGE('',*,*,#4909,.F.);
#4911=ORIENTED_EDGE('',*,*,#4894,.F.);
#4912=EDGE_LOOP('',(#4907,#4908,#4910,#4911));
#4913=FACE_OUTER_BOUND('',#4912,.F.);
#4914=ADVANCED_FACE('',(#4913),#4906,.T.);
#4915=CARTESIAN_POINT('',(4.032E1,-5.999957456447E0,-1.999999178627E0));
#4916=DIRECTION('',(0.E0,1.732870212380E-7,1.E0));
#4917=DIRECTION('',(-1.E0,0.E0,0.E0));
#4918=AXIS2_PLACEMENT_3D('',#4915,#4916,#4917);
#4919=PLANE('',#4918);
#4921=ORIENTED_EDGE('',*,*,#4920,.F.);
#4923=ORIENTED_EDGE('',*,*,#4922,.F.);
#4924=ORIENTED_EDGE('',*,*,#4909,.T.);
#4926=ORIENTED_EDGE('',*,*,#4925,.T.);
#4928=ORIENTED_EDGE('',*,*,#4927,.F.);
#4930=ORIENTED_EDGE('',*,*,#4929,.F.);
#4931=EDGE_LOOP('',(#4921,#4923,#4924,#4926,#4928,#4930));
#4932=FACE_OUTER_BOUND('',#4931,.F.);
#4933=ADVANCED_FACE('',(#4932),#4919,.F.);
#4934=CARTESIAN_POINT('',(3.784440936112E1,-4.549957413125E0,
-1.749999429893E0));
#4935=DIRECTION('',(0.E0,7.071066586541E-1,-7.071069037190E-1));
#4936=DIRECTION('',(0.E0,7.071069037190E-1,7.071066586541E-1));
#4937=AXIS2_PLACEMENT_3D('',#4934,#4935,#4936);
#4938=PLANE('',#4937);
#4939=ORIENTED_EDGE('',*,*,#4920,.T.);
#4941=ORIENTED_EDGE('',*,*,#4940,.T.);
#4942=ORIENTED_EDGE('',*,*,#2612,.F.);
#4944=ORIENTED_EDGE('',*,*,#4943,.F.);
#4945=EDGE_LOOP('',(#4939,#4941,#4942,#4944));
#4946=FACE_OUTER_BOUND('',#4945,.F.);
#4947=ADVANCED_FACE('',(#4946),#4938,.T.);
#4948=CARTESIAN_POINT('',(3.792320519313E1,-4.863463853349E0,
-2.064128188180E0));
#4949=CARTESIAN_POINT('',(3.792336285382E1,-4.654430541358E0,
-1.853222191800E0));
#4950=CARTESIAN_POINT('',(3.792352051451E1,-4.445397229366E0,
-1.642316195421E0));
#4951=CARTESIAN_POINT('',(3.792367817520E1,-4.236363917374E0,
-1.431410199042E0));
#4952=CARTESIAN_POINT('',(3.793840154532E1,-4.863501435669E0,
-2.063935254330E0));
#4953=CARTESIAN_POINT('',(3.793851058554E1,-4.654462755883E0,
-1.853663776349E0));
#4954=CARTESIAN_POINT('',(3.793861962577E1,-4.445424076097E0,
-1.643392298369E0));
#4955=CARTESIAN_POINT('',(3.793872866599E1,-4.236385396311E0,
-1.433120820388E0));
#4956=CARTESIAN_POINT('',(3.815872712323E1,-4.863759554941E0,
-2.061196162576E0));
#4957=CARTESIAN_POINT('',(3.815806990005E1,-4.654684009356E0,
-1.859932974976E0));
#4958=CARTESIAN_POINT('',(3.815741267687E1,-4.445608463772E0,
-1.658669787375E0));
#4959=CARTESIAN_POINT('',(3.815675545370E1,-4.236532918187E0,
-1.457406599775E0));
#4960=CARTESIAN_POINT('',(3.858703370947E1,-4.857035645830E0,
-2.057513338604E0));
#4961=CARTESIAN_POINT('',(3.858356786202E1,-4.648920481216E0,
-1.868362179841E0));
#4962=CARTESIAN_POINT('',(3.858010201456E1,-4.440805316602E0,
-1.679211021077E0));
#4963=CARTESIAN_POINT('',(3.857663616711E1,-4.232690151988E0,
-1.490059862314E0));
#4964=CARTESIAN_POINT('',(3.918987935869E1,-4.856668319751E0,
-2.057361639470E0));
#4965=CARTESIAN_POINT('',(3.919325079662E1,-4.648605620569E0,
-1.868709387114E0));
#4966=CARTESIAN_POINT('',(3.919662223454E1,-4.440542921387E0,
-1.680057134758E0));
#4967=CARTESIAN_POINT('',(3.919999367246E1,-4.232480222205E0,
-1.491404882402E0));
#4968=CARTESIAN_POINT('',(3.963508838338E1,-4.863765104244E0,
-2.061116797674E0));
#4969=CARTESIAN_POINT('',(3.963573931901E1,-4.654688766093E0,
-1.860114624363E0));
#4970=CARTESIAN_POINT('',(3.963639025464E1,-4.445612427942E0,
-1.659112451052E0));
#4971=CARTESIAN_POINT('',(3.963704119027E1,-4.236536089792E0,
-1.458110277740E0));
#4972=CARTESIAN_POINT('',(3.986152620753E1,-4.863501603172E0,
-2.063934633842E0));
#4973=CARTESIAN_POINT('',(3.986142216525E1,-4.654462899462E0,
-1.853665196514E0));
#4974=CARTESIAN_POINT('',(3.986131812298E1,-4.445424195752E0,
-1.643395759185E0));
#4975=CARTESIAN_POINT('',(3.986121408070E1,-4.236385492041E0,
-1.433126321856E0));
#4976=CARTESIAN_POINT('',(3.987666875689E1,-4.863464389232E0,
-2.064127196904E0));
#4977=CARTESIAN_POINT('',(3.987651795606E1,-4.654431000701E0,
-1.853224460619E0));
#4978=CARTESIAN_POINT('',(3.987636715524E1,-4.445397612169E0,
-1.642321724333E0));
#4979=CARTESIAN_POINT('',(3.987621635441E1,-4.236364223638E0,
-1.431418988048E0));
#4980=B_SPLINE_SURFACE_WITH_KNOTS('',3,3,((#4948,#4949,#4950,#4951),(#4952,
#4953,#4954,#4955),(#4956,#4957,#4958,#4959),(#4960,#4961,#4962,#4963),(#4964,
#4965,#4966,#4967),(#4968,#4969,#4970,#4971),(#4972,#4973,#4974,#4975),(#4976,
#4977,#4978,#4979)),.UNSPECIFIED.,.F.,.F.,.F.,(4,1,1,1,1,4),(4,4),(
-2.470915001254E-2,0.E0,3.333333333333E-1,6.666666666667E-1,1.E0,
1.023924326418E0),(-1.271235628930E-1,1.127123562893E0),.UNSPECIFIED.);
#4981=ORIENTED_EDGE('',*,*,#4929,.T.);
#4983=ORIENTED_EDGE('',*,*,#4982,.T.);
#4985=ORIENTED_EDGE('',*,*,#4984,.F.);
#4986=ORIENTED_EDGE('',*,*,#4940,.F.);
#4987=EDGE_LOOP('',(#4981,#4983,#4985,#4986));
#4988=FACE_OUTER_BOUND('',#4987,.F.);
#4989=ADVANCED_FACE('',(#4988),#4980,.F.);
#4990=CARTESIAN_POINT('',(4.007559063888E1,-4.549957413125E0,
-1.749999429893E0));
#4991=DIRECTION('',(0.E0,7.071066586541E-1,-7.071069037190E-1));
#4992=DIRECTION('',(0.E0,7.071069037190E-1,7.071066586541E-1));
#4993=AXIS2_PLACEMENT_3D('',#4990,#4991,#4992);
#4994=PLANE('',#4993);
#4995=ORIENTED_EDGE('',*,*,#4927,.T.);
#4997=ORIENTED_EDGE('',*,*,#4996,.T.);
#4998=ORIENTED_EDGE('',*,*,#2620,.F.);
#4999=ORIENTED_EDGE('',*,*,#4982,.F.);
#5000=EDGE_LOOP('',(#4995,#4997,#4998,#4999));
#5001=FACE_OUTER_BOUND('',#5000,.F.);
#5002=ADVANCED_FACE('',(#5001),#4994,.T.);
#5003=CARTESIAN_POINT('',(4.032E1,-4.549957668075E0,-3.199999429893E0));
#5004=DIRECTION('',(0.E0,1.E0,-1.732870212380E-7));
#5005=DIRECTION('',(-1.E0,0.E0,0.E0));
#5006=AXIS2_PLACEMENT_3D('',#5003,#5004,#5005);
#5007=CONICAL_SURFACE('',#5006,1.449999996317E0,4.5E1);
#5009=ORIENTED_EDGE('',*,*,#5008,.T.);
#5011=ORIENTED_EDGE('',*,*,#5010,.T.);
#5012=ORIENTED_EDGE('',*,*,#2622,.F.);
#5013=ORIENTED_EDGE('',*,*,#4996,.F.);
#5014=EDGE_LOOP('',(#5009,#5011,#5012,#5013));
#5015=FACE_OUTER_BOUND('',#5014,.F.);
#5016=ADVANCED_FACE('',(#5015),#5007,.F.);
#5017=CARTESIAN_POINT('',(4.032E1,-5.999957664392E0,-3.199999178627E0));
#5018=DIRECTION('',(0.E0,-1.E0,1.732870212380E-7));
#5019=DIRECTION('',(-1.E0,0.E0,0.E0));
#5020=AXIS2_PLACEMENT_3D('',#5017,#5018,#5019);
#5021=CYLINDRICAL_SURFACE('',#5020,1.2E0);
#5022=ORIENTED_EDGE('',*,*,#5008,.F.);
#5023=ORIENTED_EDGE('',*,*,#4925,.F.);
#5024=ORIENTED_EDGE('',*,*,#4811,.F.);
#5026=ORIENTED_EDGE('',*,*,#5025,.T.);
#5027=EDGE_LOOP('',(#5022,#5023,#5024,#5026));
#5028=FACE_OUTER_BOUND('',#5027,.F.);
#5029=ADVANCED_FACE('',(#5028),#5021,.F.);
#5030=CARTESIAN_POINT('',(4.152E1,-5.999958773429E0,-9.599999178627E0));
#5031=DIRECTION('',(1.E0,0.E0,0.E0));
#5032=DIRECTION('',(0.E0,1.732870212380E-7,1.E0));
#5033=AXIS2_PLACEMENT_3D('',#5030,#5031,#5032);
#5034=PLANE('',#5033);
#5036=ORIENTED_EDGE('',*,*,#5035,.F.);
#5037=ORIENTED_EDGE('',*,*,#5025,.F.);
#5038=ORIENTED_EDGE('',*,*,#4826,.T.);
#5040=ORIENTED_EDGE('',*,*,#5039,.T.);
#5041=EDGE_LOOP('',(#5036,#5037,#5038,#5040));
#5042=FACE_OUTER_BOUND('',#5041,.F.);
#5043=ADVANCED_FACE('',(#5042),#5034,.F.);
#5044=CARTESIAN_POINT('',(4.177E1,-4.549958218910E0,-6.399999429893E0));
#5045=DIRECTION('',(-7.071067811865E-1,7.071067811865E-1,-1.225324278118E-7));
#5046=DIRECTION('',(7.071067811865E-1,7.071067811865E-1,-1.225324278118E-7));
#5047=AXIS2_PLACEMENT_3D('',#5044,#5045,#5046);
#5048=PLANE('',#5047);
#5049=ORIENTED_EDGE('',*,*,#5035,.T.);
#5051=ORIENTED_EDGE('',*,*,#5050,.T.);
#5052=ORIENTED_EDGE('',*,*,#2624,.F.);
#5053=ORIENTED_EDGE('',*,*,#5010,.F.);
#5054=EDGE_LOOP('',(#5049,#5051,#5052,#5053));
#5055=FACE_OUTER_BOUND('',#5054,.F.);
#5056=ADVANCED_FACE('',(#5055),#5048,.T.);
#5057=CARTESIAN_POINT('',(4.032E1,-4.549958777112E0,-9.599999429893E0));
#5058=DIRECTION('',(0.E0,1.E0,-1.732870212380E-7));
#5059=DIRECTION('',(-1.E0,0.E0,0.E0));
#5060=AXIS2_PLACEMENT_3D('',#5057,#5058,#5059);
#5061=CONICAL_SURFACE('',#5060,1.449999996317E0,4.500000000004E1);
#5063=ORIENTED_EDGE('',*,*,#5062,.T.);
#5065=ORIENTED_EDGE('',*,*,#5064,.T.);
#5066=ORIENTED_EDGE('',*,*,#2626,.F.);
#5067=ORIENTED_EDGE('',*,*,#5050,.F.);
#5068=EDGE_LOOP('',(#5063,#5065,#5066,#5067));
#5069=FACE_OUTER_BOUND('',#5068,.F.);
#5070=ADVANCED_FACE('',(#5069),#5061,.F.);
#5071=CARTESIAN_POINT('',(4.032E1,-5.999958773429E0,-9.599999178627E0));
#5072=DIRECTION('',(0.E0,-1.E0,1.732870212380E-7));
#5073=DIRECTION('',(-1.E0,0.E0,0.E0));
#5074=AXIS2_PLACEMENT_3D('',#5071,#5072,#5073);
#5075=CYLINDRICAL_SURFACE('',#5074,1.2E0);
#5076=ORIENTED_EDGE('',*,*,#5062,.F.);
#5077=ORIENTED_EDGE('',*,*,#5039,.F.);
#5078=ORIENTED_EDGE('',*,*,#4840,.F.);
#5080=ORIENTED_EDGE('',*,*,#5079,.T.);
#5081=EDGE_LOOP('',(#5076,#5077,#5078,#5080));
#5082=FACE_OUTER_BOUND('',#5081,.F.);
#5083=ADVANCED_FACE('',(#5082),#5075,.F.);
#5084=CARTESIAN_POINT('',(3.772E1,-5.999958981373E0,-1.079999917863E1));
#5085=DIRECTION('',(0.E0,-1.732870212380E-7,-1.E0));
#5086=DIRECTION('',(1.E0,0.E0,0.E0));
#5087=AXIS2_PLACEMENT_3D('',#5084,#5085,#5086);
#5088=PLANE('',#5087);
#5090=ORIENTED_EDGE('',*,*,#5089,.F.);
#5091=ORIENTED_EDGE('',*,*,#5079,.F.);
#5092=ORIENTED_EDGE('',*,*,#4854,.T.);
#5094=ORIENTED_EDGE('',*,*,#5093,.T.);
#5095=EDGE_LOOP('',(#5090,#5091,#5092,#5094));
#5096=FACE_OUTER_BOUND('',#5095,.F.);
#5097=ADVANCED_FACE('',(#5096),#5088,.F.);
#5098=CARTESIAN_POINT('',(3.902E1,-4.549959024695E0,-1.104999942990E1));
#5099=DIRECTION('',(0.E0,7.071069037190E-1,7.071066586541E-1));
#5100=DIRECTION('',(0.E0,7.071066586541E-1,-7.071069037190E-1));
#5101=AXIS2_PLACEMENT_3D('',#5098,#5099,#5100);
#5102=PLANE('',#5101);
#5103=ORIENTED_EDGE('',*,*,#5089,.T.);
#5105=ORIENTED_EDGE('',*,*,#5104,.T.);
#5106=ORIENTED_EDGE('',*,*,#2628,.F.);
#5107=ORIENTED_EDGE('',*,*,#5064,.F.);
#5108=EDGE_LOOP('',(#5103,#5105,#5106,#5107));
#5109=FACE_OUTER_BOUND('',#5108,.F.);
#5110=ADVANCED_FACE('',(#5109),#5102,.T.);
#5111=CARTESIAN_POINT('',(3.772E1,-4.549958777111E0,-9.599999429893E0));
#5112=DIRECTION('',(0.E0,1.E0,-1.732870212380E-7));
#5113=DIRECTION('',(-1.E0,0.E0,0.E0));
#5114=AXIS2_PLACEMENT_3D('',#5111,#5112,#5113);
#5115=CONICAL_SURFACE('',#5114,1.449999996317E0,4.500000000004E1);
#5117=ORIENTED_EDGE('',*,*,#5116,.T.);
#5119=ORIENTED_EDGE('',*,*,#5118,.T.);
#5120=ORIENTED_EDGE('',*,*,#2630,.F.);
#5121=ORIENTED_EDGE('',*,*,#5104,.F.);
#5122=EDGE_LOOP('',(#5117,#5119,#5120,#5121));
#5123=FACE_OUTER_BOUND('',#5122,.F.);
#5124=ADVANCED_FACE('',(#5123),#5115,.F.);
#5125=CARTESIAN_POINT('',(3.772E1,-5.999958773429E0,-9.599999178627E0));
#5126=DIRECTION('',(0.E0,-1.E0,1.732870212380E-7));
#5127=DIRECTION('',(-1.E0,0.E0,0.E0));
#5128=AXIS2_PLACEMENT_3D('',#5125,#5126,#5127);
#5129=CYLINDRICAL_SURFACE('',#5128,1.2E0);
#5130=ORIENTED_EDGE('',*,*,#5116,.F.);
#5131=ORIENTED_EDGE('',*,*,#5093,.F.);
#5132=ORIENTED_EDGE('',*,*,#4868,.F.);
#5134=ORIENTED_EDGE('',*,*,#5133,.F.);
#5135=EDGE_LOOP('',(#5130,#5131,#5132,#5134));
#5136=FACE_OUTER_BOUND('',#5135,.F.);
#5137=ADVANCED_FACE('',(#5136),#5129,.F.);
#5138=CARTESIAN_POINT('',(3.652E1,-5.999957664392E0,-3.199999178627E0));
#5139=DIRECTION('',(-1.E0,0.E0,0.E0));
#5140=DIRECTION('',(0.E0,-1.732870212380E-7,-1.E0));
#5141=AXIS2_PLACEMENT_3D('',#5138,#5139,#5140);
#5142=PLANE('',#5141);
#5144=ORIENTED_EDGE('',*,*,#5143,.F.);
#5145=ORIENTED_EDGE('',*,*,#5133,.T.);
#5146=ORIENTED_EDGE('',*,*,#4882,.T.);
#5148=ORIENTED_EDGE('',*,*,#5147,.T.);
#5149=EDGE_LOOP('',(#5144,#5145,#5146,#5148));
#5150=FACE_OUTER_BOUND('',#5149,.F.);
#5151=ADVANCED_FACE('',(#5150),#5142,.F.);
#5152=CARTESIAN_POINT('',(3.627E1,-4.549958218910E0,-6.399999429893E0));
#5153=DIRECTION('',(7.071067811865E-1,7.071067811865E-1,-1.225324277983E-7));
#5154=DIRECTION('',(-7.071067811865E-1,7.071067811865E-1,-1.225324277983E-7));
#5155=AXIS2_PLACEMENT_3D('',#5152,#5153,#5154);
#5156=PLANE('',#5155);
#5157=ORIENTED_EDGE('',*,*,#5143,.T.);
#5159=ORIENTED_EDGE('',*,*,#5158,.T.);
#5160=ORIENTED_EDGE('',*,*,#2632,.F.);
#5161=ORIENTED_EDGE('',*,*,#5118,.F.);
#5162=EDGE_LOOP('',(#5157,#5159,#5160,#5161));
#5163=FACE_OUTER_BOUND('',#5162,.F.);
#5164=ADVANCED_FACE('',(#5163),#5156,.T.);
#5165=CARTESIAN_POINT('',(3.772E1,-4.549957668075E0,-3.199999429893E0));
#5166=DIRECTION('',(0.E0,1.E0,-1.732870212380E-7));
#5167=DIRECTION('',(-1.E0,0.E0,0.E0));
#5168=AXIS2_PLACEMENT_3D('',#5165,#5166,#5167);
#5169=CONICAL_SURFACE('',#5168,1.449999996317E0,4.5E1);
#5171=ORIENTED_EDGE('',*,*,#5170,.T.);
#5172=ORIENTED_EDGE('',*,*,#4943,.T.);
#5173=ORIENTED_EDGE('',*,*,#2610,.F.);
#5174=ORIENTED_EDGE('',*,*,#5158,.F.);
#5175=EDGE_LOOP('',(#5171,#5172,#5173,#5174));
#5176=FACE_OUTER_BOUND('',#5175,.F.);
#5177=ADVANCED_FACE('',(#5176),#5169,.F.);
#5178=CARTESIAN_POINT('',(3.772E1,-5.999957664392E0,-3.199999178627E0));
#5179=DIRECTION('',(0.E0,-1.E0,1.732870212380E-7));
#5180=DIRECTION('',(-1.E0,0.E0,0.E0));
#5181=AXIS2_PLACEMENT_3D('',#5178,#5179,#5180);
#5182=CYLINDRICAL_SURFACE('',#5181,1.2E0);
#5183=ORIENTED_EDGE('',*,*,#5170,.F.);
#5184=ORIENTED_EDGE('',*,*,#5147,.F.);
#5185=ORIENTED_EDGE('',*,*,#4896,.F.);
#5186=ORIENTED_EDGE('',*,*,#4922,.T.);
#5187=EDGE_LOOP('',(#5183,#5184,#5185,#5186));
#5188=FACE_OUTER_BOUND('',#5187,.F.);
#5189=ADVANCED_FACE('',(#5188),#5182,.F.);
#5190=CARTESIAN_POINT('',(3.89E1,-3.399956803155E0,1.770000589168E0));
#5191=DIRECTION('',(0.E0,1.E0,-1.732870212380E-7));
#5192=DIRECTION('',(9.989388707106E-1,7.980864596642E-9,4.605575516097E-2));
#5193=AXIS2_PLACEMENT_3D('',#5190,#5191,#5192);
#5194=TOROIDAL_SURFACE('',#5193,3.4E0,9.E-1);
#5195=ORIENTED_EDGE('',*,*,#4984,.T.);
#5196=ORIENTED_EDGE('',*,*,#2618,.F.);
#5198=ORIENTED_EDGE('',*,*,#5197,.T.);
#5200=ORIENTED_EDGE('',*,*,#5199,.T.);
#5202=ORIENTED_EDGE('',*,*,#5201,.F.);
#5203=ORIENTED_EDGE('',*,*,#2614,.F.);
#5204=EDGE_LOOP('',(#5195,#5196,#5198,#5200,#5202,#5203));
#5205=FACE_OUTER_BOUND('',#5204,.F.);
#5206=ADVANCED_FACE('',(#5205),#5194,.F.);
#5207=CARTESIAN_POINT('',(3.89E1,-3.399956803155E0,1.770000589168E0));
#5208=DIRECTION('',(0.E0,1.E0,-1.732870212380E-7));
#5209=DIRECTION('',(-9.989388706407E-1,-7.980864988485E-9,-4.605575667775E-2));
#5210=AXIS2_PLACEMENT_3D('',#5207,#5208,#5209);
#5211=TOROIDAL_SURFACE('',#5210,3.4E0,9.E-1);
#5212=ORIENTED_EDGE('',*,*,#2616,.F.);
#5213=ORIENTED_EDGE('',*,*,#5201,.T.);
#5215=ORIENTED_EDGE('',*,*,#5214,.T.);
#5216=ORIENTED_EDGE('',*,*,#5197,.F.);
#5217=EDGE_LOOP('',(#5212,#5213,#5215,#5216));
#5218=FACE_OUTER_BOUND('',#5217,.F.);
#5219=ADVANCED_FACE('',(#5218),#5211,.F.);
#5220=CARTESIAN_POINT('',(3.89E1,-4.499956803155E0,1.770000779784E0));
#5221=DIRECTION('',(0.E0,1.E0,-1.732870212380E-7));
#5222=DIRECTION('',(1.E0,0.E0,0.E0));
#5223=AXIS2_PLACEMENT_3D('',#5220,#5221,#5222);
#5224=CYLINDRICAL_SURFACE('',#5223,2.5E0);
#5225=ORIENTED_EDGE('',*,*,#5214,.F.);
#5227=ORIENTED_EDGE('',*,*,#5226,.T.);
#5229=ORIENTED_EDGE('',*,*,#5228,.F.);
#5231=ORIENTED_EDGE('',*,*,#5230,.T.);
#5232=EDGE_LOOP('',(#5225,#5227,#5229,#5231));
#5233=FACE_OUTER_BOUND('',#5232,.F.);
#5234=ADVANCED_FACE('',(#5233),#5224,.T.);
#5235=CARTESIAN_POINT('',(3.89E1,-4.499956803155E0,1.770000779784E0));
#5236=DIRECTION('',(0.E0,1.E0,-1.732870212380E-7));
#5237=DIRECTION('',(1.E0,0.E0,0.E0));
#5238=AXIS2_PLACEMENT_3D('',#5235,#5236,#5237);
#5239=CYLINDRICAL_SURFACE('',#5238,2.5E0);
#5240=ORIENTED_EDGE('',*,*,#5199,.F.);
#5241=ORIENTED_EDGE('',*,*,#5230,.F.);
#5243=ORIENTED_EDGE('',*,*,#5242,.F.);
#5244=ORIENTED_EDGE('',*,*,#5226,.F.);
#5245=EDGE_LOOP('',(#5240,#5241,#5243,#5244));
#5246=FACE_OUTER_BOUND('',#5245,.F.);
#5247=ADVANCED_FACE('',(#5246),#5239,.T.);
#5248=CARTESIAN_POINT('',(3.89E1,-1.399956803155E0,1.770000242594E0));
#5249=DIRECTION('',(0.E0,1.E0,-1.732870212380E-7));
#5250=DIRECTION('',(-9.990189377932E-1,7.674016838655E-9,4.428500796614E-2));
#5251=AXIS2_PLACEMENT_3D('',#5248,#5249,#5250);
#5252=TOROIDAL_SURFACE('',#5251,1.6E0,9.E-1);
#5253=ORIENTED_EDGE('',*,*,#5242,.T.);
#5255=ORIENTED_EDGE('',*,*,#5254,.T.);
#5256=ORIENTED_EDGE('',*,*,#2722,.F.);
#5258=ORIENTED_EDGE('',*,*,#5257,.F.);
#5259=EDGE_LOOP('',(#5253,#5255,#5256,#5258));
#5260=FACE_OUTER_BOUND('',#5259,.F.);
#5261=ADVANCED_FACE('',(#5260),#5252,.T.);
#5262=CARTESIAN_POINT('',(3.89E1,-1.399956803155E0,1.770000242594E0));
#5263=DIRECTION('',(0.E0,1.E0,-1.732870212380E-7));
#5264=DIRECTION('',(9.990189377260E-1,-7.674017671322E-9,-4.428500948304E-2));
#5265=AXIS2_PLACEMENT_3D('',#5262,#5263,#5264);
#5266=TOROIDAL_SURFACE('',#5265,1.6E0,9.E-1);
#5267=ORIENTED_EDGE('',*,*,#5228,.T.);
#5268=ORIENTED_EDGE('',*,*,#5257,.T.);
#5269=ORIENTED_EDGE('',*,*,#2724,.F.);
#5270=ORIENTED_EDGE('',*,*,#5254,.F.);
#5271=EDGE_LOOP('',(#5267,#5268,#5269,#5270));
#5272=FACE_OUTER_BOUND('',#5271,.F.);
#5273=ADVANCED_FACE('',(#5272),#5266,.T.);
#5274=CARTESIAN_POINT('',(4.7E1,-1.999605288264E-1,-1.972999996535E1));
#5275=DIRECTION('',(0.E0,1.E0,-1.732870212380E-7));
#5276=DIRECTION('',(1.E0,0.E0,0.E0));
#5277=AXIS2_PLACEMENT_3D('',#5274,#5275,#5276);
#5278=CYLINDRICAL_SURFACE('',#5277,2.75E0);
#5279=ORIENTED_EDGE('',*,*,#3009,.T.);
#5280=ORIENTED_EDGE('',*,*,#2909,.T.);
#5281=ORIENTED_EDGE('',*,*,#2907,.T.);
#5282=ORIENTED_EDGE('',*,*,#2905,.F.);
#5283=ORIENTED_EDGE('',*,*,#2886,.F.);
#5284=ORIENTED_EDGE('',*,*,#2902,.T.);
#5285=EDGE_LOOP('',(#5279,#5280,#5281,#5282,#5283,#5284));
#5286=FACE_OUTER_BOUND('',#5285,.F.);
#5287=ADVANCED_FACE('',(#5286),#5278,.F.);
#5288=CARTESIAN_POINT('',(9.9E0,-4.499960442183E0,-1.922999922022E1));
#5289=DIRECTION('',(0.E0,1.E0,-1.732870212380E-7));
#5290=DIRECTION('',(1.E0,0.E0,0.E0));
#5291=AXIS2_PLACEMENT_3D('',#5288,#5289,#5290);
#5292=CYLINDRICAL_SURFACE('',#5291,1.E0);
#5293=ORIENTED_EDGE('',*,*,#2515,.T.);
#5295=ORIENTED_EDGE('',*,*,#5294,.T.);
#5296=ORIENTED_EDGE('',*,*,#2676,.F.);
#5298=ORIENTED_EDGE('',*,*,#5297,.F.);
#5299=EDGE_LOOP('',(#5293,#5295,#5296,#5298));
#5300=FACE_OUTER_BOUND('',#5299,.F.);
#5301=ADVANCED_FACE('',(#5300),#5292,.F.);
#5302=CARTESIAN_POINT('',(9.9E0,-4.499960442183E0,-1.922999922022E1));
#5303=DIRECTION('',(0.E0,1.E0,-1.732870212380E-7));
#5304=DIRECTION('',(1.E0,0.E0,0.E0));
#5305=AXIS2_PLACEMENT_3D('',#5302,#5303,#5304);
#5306=CYLINDRICAL_SURFACE('',#5305,1.E0);
#5307=ORIENTED_EDGE('',*,*,#2517,.T.);
#5308=ORIENTED_EDGE('',*,*,#5297,.T.);
#5309=ORIENTED_EDGE('',*,*,#2678,.F.);
#5310=ORIENTED_EDGE('',*,*,#5294,.F.);
#5311=EDGE_LOOP('',(#5307,#5308,#5309,#5310));
#5312=FACE_OUTER_BOUND('',#5311,.F.);
#5313=ADVANCED_FACE('',(#5312),#5306,.F.);
#5314=CARTESIAN_POINT('',(3.54E1,-4.499960702113E0,-2.072999922022E1));
#5315=DIRECTION('',(0.E0,1.E0,-1.732870212380E-7));
#5316=DIRECTION('',(1.E0,0.E0,0.E0));
#5317=AXIS2_PLACEMENT_3D('',#5314,#5315,#5316);
#5318=CYLINDRICAL_SURFACE('',#5317,1.E0);
#5320=ORIENTED_EDGE('',*,*,#5319,.T.);
#5322=ORIENTED_EDGE('',*,*,#5321,.T.);
#5323=ORIENTED_EDGE('',*,*,#2710,.F.);
#5325=ORIENTED_EDGE('',*,*,#5324,.F.);
#5326=EDGE_LOOP('',(#5320,#5322,#5323,#5325));
#5327=FACE_OUTER_BOUND('',#5326,.F.);
#5328=ADVANCED_FACE('',(#5327),#5318,.F.);
#5329=CARTESIAN_POINT('',(3.532841122644E1,-4.299516607223E0,
-2.073450323674E1));
#5330=CARTESIAN_POINT('',(3.477591815813E1,-4.316913736616E0,
-2.076926313523E1));
#5331=CARTESIAN_POINT('',(3.438505369495E1,-3.925276471724E0,
-2.079385429939E1));
#5332=CARTESIAN_POINT('',(3.440241648911E1,-3.371691029819E0,
-2.079276202140E1));
#5333=CARTESIAN_POINT('',(3.532563948239E1,-4.299516599588E0,
-2.069044760632E1));
#5334=CARTESIAN_POINT('',(3.475175521965E1,-4.316913670064E0,
-2.038520404873E1));
#5335=CARTESIAN_POINT('',(3.434575743046E1,-3.925276363489E0,
-2.016925777275E1));
#5336=CARTESIAN_POINT('',(3.436379246997E1,-3.371690923436E0,
-2.017885053384E1));
#5337=CARTESIAN_POINT('',(3.535585726527E1,-4.299516594012E0,
-2.065826893738E1));
#5338=CARTESIAN_POINT('',(3.501518157350E1,-4.316913621453E0,
-2.010468348688E1));
#5339=CARTESIAN_POINT('',(3.477416855630E1,-3.925276284434E0,
-1.971304628151E1));
#5340=CARTESIAN_POINT('',(3.478487472122E1,-3.371690845733E0,
-1.973044350099E1));
#5341=CARTESIAN_POINT('',(3.540000000121E1,-4.299516594012E0,
-2.065826893813E1));
#5342=CARTESIAN_POINT('',(3.540000001059E1,-4.316913621453E0,
-2.010468349340E1));
#5343=CARTESIAN_POINT('',(3.540000001722E1,-3.925276284434E0,
-1.971304629211E1));
#5344=CARTESIAN_POINT('',(3.540000001693E1,-3.371690845733E0,
-1.973044351141E1));
#5345=CARTESIAN_POINT('',(3.544414273716E1,-4.299516594012E0,
-2.065826893887E1));
#5346=CARTESIAN_POINT('',(3.578481844768E1,-4.316913621453E0,
-2.010468349991E1));
#5347=CARTESIAN_POINT('',(3.602583147815E1,-3.925276284434E0,
-1.971304630271E1));
#5348=CARTESIAN_POINT('',(3.601512531264E1,-3.371690845733E0,
-1.973044352182E1));
#5349=CARTESIAN_POINT('',(3.547436051895E1,-4.299516599588E0,
-2.069044760884E1));
#5350=CARTESIAN_POINT('',(3.604824479203E1,-4.316913670064E0,
-2.038520407069E1));
#5351=CARTESIAN_POINT('',(3.645424258854E1,-3.925276363489E0,
-2.016925780846E1));
#5352=CARTESIAN_POINT('',(3.643620754869E1,-3.371690923436E0,
-2.017885056893E1));
#5353=CARTESIAN_POINT('',(3.547158877341E1,-4.299516607223E0,
-2.073450323917E1));
#5354=CARTESIAN_POINT('',(3.602408184054E1,-4.316913736616E0,
-2.076926315637E1));
#5355=CARTESIAN_POINT('',(3.641494630288E1,-3.925276471724E0,
-2.079385433376E1));
#5356=CARTESIAN_POINT('',(3.639758350877E1,-3.371691029819E0,
-2.079276205519E1));
#5357=(BOUNDED_SURFACE()B_SPLINE_SURFACE(3,3,((#5329,#5330,#5331,#5332),(#5333,
#5334,#5335,#5336),(#5337,#5338,#5339,#5340),(#5341,#5342,#5343,#5344),(#5345,
#5346,#5347,#5348),(#5349,#5350,#5351,#5352),(#5353,#5354,#5355,#5356)),
.UNSPECIFIED.,.F.,.F.,.F.)B_SPLINE_SURFACE_WITH_KNOTS((4,3,4),(4,4),(0.E0,1.E0,
2.E0),(0.E0,1.E0),.UNSPECIFIED.)GEOMETRIC_REPRESENTATION_ITEM()RATIONAL_B_SPLINE_SURFACE(((1.409592792311E0,1.113152708446E0,1.113152708446E0,1.409592792311E0),(
1.113152712556E0,8.790545494092E-1,8.790545494092E-1,1.113152712556E0),(
1.113152712556E0,8.790545494092E-1,8.790545494092E-1,1.113152712556E0),(
1.409592792311E0,1.113152708446E0,1.113152708446E0,1.409592792311E0),(
1.113152712556E0,8.790545494092E-1,8.790545494092E-1,1.113152712556E0),(
1.113152712556E0,8.790545494092E-1,8.790545494092E-1,1.113152712556E0),(
1.409592792311E0,1.113152708446E0,1.113152708446E0,1.409592792311E0)))REPRESENTATION_ITEM('')SURFACE());
#5358=ORIENTED_EDGE('',*,*,#5319,.F.);
#5360=ORIENTED_EDGE('',*,*,#5359,.T.);
#5361=ORIENTED_EDGE('',*,*,#2541,.T.);
#5363=ORIENTED_EDGE('',*,*,#5362,.F.);
#5364=EDGE_LOOP('',(#5358,#5360,#5361,#5363));
#5365=FACE_OUTER_BOUND('',#5364,.F.);
#5366=ADVANCED_FACE('',(#5365),#5357,.F.);
#5367=CARTESIAN_POINT('',(3.547158877356E1,-4.299516605662E0,
-2.072549527317E1));
#5368=CARTESIAN_POINT('',(3.602408184187E1,-4.316913723008E0,
-2.069073536865E1));
#5369=CARTESIAN_POINT('',(3.641494630505E1,-3.925276449593E0,
-2.066614434022E1));
#5370=CARTESIAN_POINT('',(3.639758351089E1,-3.371691008067E0,
-2.066723681007E1));
#5371=CARTESIAN_POINT('',(3.547436051761E1,-4.299516613296E0,
-2.076955090359E1));
#5372=CARTESIAN_POINT('',(3.604824478035E1,-4.316913789561E0,
-2.107479445515E1));
#5373=CARTESIAN_POINT('',(3.645424256955E1,-3.925276557828E0,
-2.129074086686E1));
#5374=CARTESIAN_POINT('',(3.643620753003E1,-3.371691114450E0,
-2.128114829763E1));
#5375=CARTESIAN_POINT('',(3.544414273473E1,-4.299516618872E0,
-2.080172957253E1));
#5376=CARTESIAN_POINT('',(3.578481842650E1,-4.316913838171E0,
-2.135531501700E1));
#5377=CARTESIAN_POINT('',(3.602583144370E1,-3.925276636883E0,
-2.174695235810E1));
#5378=CARTESIAN_POINT('',(3.601512527878E1,-3.371691192153E0,
-2.172955533048E1));
#5379=CARTESIAN_POINT('',(3.539999999879E1,-4.299516618872E0,
-2.080172957178E1));
#5380=CARTESIAN_POINT('',(3.539999998941E1,-4.316913838171E0,
-2.135531501048E1));
#5381=CARTESIAN_POINT('',(3.539999998278E1,-3.925276636883E0,
-2.174695234750E1));
#5382=CARTESIAN_POINT('',(3.539999998307E1,-3.371691192153E0,
-2.172955532006E1));
#5383=CARTESIAN_POINT('',(3.535585726284E1,-4.299516618872E0,
-2.080172957103E1));
#5384=CARTESIAN_POINT('',(3.501518155232E1,-4.316913838171E0,
-2.135531500397E1));
#5385=CARTESIAN_POINT('',(3.477416852185E1,-3.925276636883E0,
-2.174695233690E1));
#5386=CARTESIAN_POINT('',(3.478487468736E1,-3.371691192153E0,
-2.172955530965E1));
#5387=CARTESIAN_POINT('',(3.532563948105E1,-4.299516613296E0,
-2.076955090107E1));
#5388=CARTESIAN_POINT('',(3.475175520797E1,-4.316913789561E0,
-2.107479443319E1));
#5389=CARTESIAN_POINT('',(3.434575741146E1,-3.925276557828E0,
-2.129074083115E1));
#5390=CARTESIAN_POINT('',(3.436379245130E1,-3.371691114450E0,
-2.128114826253E1));
#5391=CARTESIAN_POINT('',(3.532841122659E1,-4.299516605662E0,
-2.072549527074E1));
#5392=CARTESIAN_POINT('',(3.477591815946E1,-4.316913723008E0,
-2.069073534751E1));
#5393=CARTESIAN_POINT('',(3.438505369712E1,-3.925276449593E0,
-2.066614430584E1));
#5394=CARTESIAN_POINT('',(3.440241649123E1,-3.371691008067E0,
-2.066723677627E1));
#5395=(BOUNDED_SURFACE()B_SPLINE_SURFACE(3,3,((#5367,#5368,#5369,#5370),(#5371,
#5372,#5373,#5374),(#5375,#5376,#5377,#5378),(#5379,#5380,#5381,#5382),(#5383,
#5384,#5385,#5386),(#5387,#5388,#5389,#5390),(#5391,#5392,#5393,#5394)),
.UNSPECIFIED.,.F.,.F.,.F.)B_SPLINE_SURFACE_WITH_KNOTS((4,3,4),(4,4),(0.E0,1.E0,
2.E0),(0.E0,1.E0),.UNSPECIFIED.)GEOMETRIC_REPRESENTATION_ITEM()RATIONAL_B_SPLINE_SURFACE(((1.409592792312E0,1.113152708446E0,1.113152708446E0,1.409592792312E0),(
1.113152712556E0,8.790545494091E-1,8.790545494091E-1,1.113152712556E0),(
1.113152712556E0,8.790545494091E-1,8.790545494091E-1,1.113152712556E0),(
1.409592792312E0,1.113152708446E0,1.113152708446E0,1.409592792312E0),(
1.113152712556E0,8.790545494091E-1,8.790545494091E-1,1.113152712556E0),(
1.113152712556E0,8.790545494091E-1,8.790545494091E-1,1.113152712556E0),(
1.409592792312E0,1.113152708446E0,1.113152708446E0,1.409592792312E0)))REPRESENTATION_ITEM('')SURFACE());
#5397=ORIENTED_EDGE('',*,*,#5396,.F.);
#5398=ORIENTED_EDGE('',*,*,#5362,.T.);
#5399=ORIENTED_EDGE('',*,*,#2539,.T.);
#5400=ORIENTED_EDGE('',*,*,#5359,.F.);
#5401=EDGE_LOOP('',(#5397,#5398,#5399,#5400));
#5402=FACE_OUTER_BOUND('',#5401,.F.);
#5403=ADVANCED_FACE('',(#5402),#5395,.F.);
#5404=CARTESIAN_POINT('',(3.54E1,-4.499960702113E0,-2.072999922022E1));
#5405=DIRECTION('',(0.E0,1.E0,-1.732870212380E-7));
#5406=DIRECTION('',(1.E0,0.E0,0.E0));
#5407=AXIS2_PLACEMENT_3D('',#5404,#5405,#5406);
#5408=CYLINDRICAL_SURFACE('',#5407,1.E0);
#5409=ORIENTED_EDGE('',*,*,#5396,.T.);
#5410=ORIENTED_EDGE('',*,*,#5324,.T.);
#5411=ORIENTED_EDGE('',*,*,#2712,.F.);
#5412=ORIENTED_EDGE('',*,*,#5321,.F.);
#5413=EDGE_LOOP('',(#5409,#5410,#5411,#5412));
#5414=FACE_OUTER_BOUND('',#5413,.F.);
#5415=ADVANCED_FACE('',(#5414),#5408,.F.);
#5416=CARTESIAN_POINT('',(3.89E1,-4.499956803155E0,1.770000779784E0));
#5417=DIRECTION('',(0.E0,1.E0,-1.732870212380E-7));
#5418=DIRECTION('',(1.E0,0.E0,0.E0));
#5419=AXIS2_PLACEMENT_3D('',#5416,#5417,#5418);
#5420=CYLINDRICAL_SURFACE('',#5419,1.E0);
#5421=ORIENTED_EDGE('',*,*,#2527,.T.);
#5423=ORIENTED_EDGE('',*,*,#5422,.T.);
#5424=ORIENTED_EDGE('',*,*,#2728,.F.);
#5426=ORIENTED_EDGE('',*,*,#5425,.F.);
#5427=EDGE_LOOP('',(#5421,#5423,#5424,#5426));
#5428=FACE_OUTER_BOUND('',#5427,.F.);
#5429=ADVANCED_FACE('',(#5428),#5420,.F.);
#5430=CARTESIAN_POINT('',(3.89E1,-4.499956803155E0,1.770000779784E0));
#5431=DIRECTION('',(0.E0,1.E0,-1.732870212380E-7));
#5432=DIRECTION('',(1.E0,0.E0,0.E0));
#5433=AXIS2_PLACEMENT_3D('',#5430,#5431,#5432);
#5434=CYLINDRICAL_SURFACE('',#5433,1.E0);
#5435=ORIENTED_EDGE('',*,*,#2529,.T.);
#5436=ORIENTED_EDGE('',*,*,#5425,.T.);
#5437=ORIENTED_EDGE('',*,*,#2730,.F.);
#5438=ORIENTED_EDGE('',*,*,#5422,.F.);
#5439=EDGE_LOOP('',(#5435,#5436,#5437,#5438));
#5440=FACE_OUTER_BOUND('',#5439,.F.);
#5441=ADVANCED_FACE('',(#5440),#5434,.F.);
#5442=CARTESIAN_POINT('',(9.9E0,-1.399960442183E0,-1.922999975741E1));
#5443=DIRECTION('',(0.E0,1.E0,-1.732870212380E-7));
#5444=DIRECTION('',(-9.990189377931E-1,7.674016561099E-9,4.428500796888E-2));
#5445=AXIS2_PLACEMENT_3D('',#5442,#5443,#5444);
#5446=TOROIDAL_SURFACE('',#5445,1.6E0,9.E-1);
#5448=ORIENTED_EDGE('',*,*,#5447,.T.);
#5450=ORIENTED_EDGE('',*,*,#5449,.T.);
#5451=ORIENTED_EDGE('',*,*,#2670,.F.);
#5453=ORIENTED_EDGE('',*,*,#5452,.F.);
#5454=EDGE_LOOP('',(#5448,#5450,#5451,#5453));
#5455=FACE_OUTER_BOUND('',#5454,.F.);
#5456=ADVANCED_FACE('',(#5455),#5446,.T.);
#5457=CARTESIAN_POINT('',(9.9E0,-4.499960442183E0,-1.922999922022E1));
#5458=DIRECTION('',(0.E0,1.E0,-1.732870212380E-7));
#5459=DIRECTION('',(1.E0,0.E0,0.E0));
#5460=AXIS2_PLACEMENT_3D('',#5457,#5458,#5459);
#5461=CYLINDRICAL_SURFACE('',#5460,2.5E0);
#5463=ORIENTED_EDGE('',*,*,#5462,.F.);
#5465=ORIENTED_EDGE('',*,*,#5464,.T.);
#5466=ORIENTED_EDGE('',*,*,#5447,.F.);
#5468=ORIENTED_EDGE('',*,*,#5467,.T.);
#5469=EDGE_LOOP('',(#5463,#5465,#5466,#5468));
#5470=FACE_OUTER_BOUND('',#5469,.F.);
#5471=ADVANCED_FACE('',(#5470),#5461,.T.);
#5472=CARTESIAN_POINT('',(9.9E0,-3.399960442182E0,-1.922999941084E1));
#5473=DIRECTION('',(0.E0,1.E0,-1.732870212380E-7));
#5474=DIRECTION('',(9.989388707106E-1,7.980864596642E-9,4.605575516097E-2));
#5475=AXIS2_PLACEMENT_3D('',#5472,#5473,#5474);
#5476=TOROIDAL_SURFACE('',#5475,3.4E0,9.E-1);
#5477=ORIENTED_EDGE('',*,*,#2598,.F.);
#5479=ORIENTED_EDGE('',*,*,#5478,.T.);
#5480=ORIENTED_EDGE('',*,*,#5462,.T.);
#5482=ORIENTED_EDGE('',*,*,#5481,.F.);
#5483=EDGE_LOOP('',(#5477,#5479,#5480,#5482));
#5484=FACE_OUTER_BOUND('',#5483,.F.);
#5485=ADVANCED_FACE('',(#5484),#5476,.F.);
#5486=CARTESIAN_POINT('',(9.9E0,-3.399960442182E0,-1.922999941084E1));
#5487=DIRECTION('',(0.E0,1.E0,-1.732870212380E-7));
#5488=DIRECTION('',(-9.989388706408E-1,-7.980864988485E-9,-4.605575667501E-2));
#5489=AXIS2_PLACEMENT_3D('',#5486,#5487,#5488);
#5490=TOROIDAL_SURFACE('',#5489,3.4E0,9.E-1);
#5491=ORIENTED_EDGE('',*,*,#2600,.F.);
#5492=ORIENTED_EDGE('',*,*,#5481,.T.);
#5494=ORIENTED_EDGE('',*,*,#5493,.T.);
#5495=ORIENTED_EDGE('',*,*,#5478,.F.);
#5496=EDGE_LOOP('',(#5491,#5492,#5494,#5495));
#5497=FACE_OUTER_BOUND('',#5496,.F.);
#5498=ADVANCED_FACE('',(#5497),#5490,.F.);
#5499=CARTESIAN_POINT('',(9.9E0,-4.499960442183E0,-1.922999922022E1));
#5500=DIRECTION('',(0.E0,1.E0,-1.732870212380E-7));
#5501=DIRECTION('',(1.E0,0.E0,0.E0));
#5502=AXIS2_PLACEMENT_3D('',#5499,#5500,#5501);
#5503=CYLINDRICAL_SURFACE('',#5502,2.5E0);
#5504=ORIENTED_EDGE('',*,*,#5493,.F.);
#5505=ORIENTED_EDGE('',*,*,#5467,.F.);
#5507=ORIENTED_EDGE('',*,*,#5506,.F.);
#5508=ORIENTED_EDGE('',*,*,#5464,.F.);
#5509=EDGE_LOOP('',(#5504,#5505,#5507,#5508));
#5510=FACE_OUTER_BOUND('',#5509,.F.);
#5511=ADVANCED_FACE('',(#5510),#5503,.T.);
#5512=CARTESIAN_POINT('',(9.9E0,-1.399960442183E0,-1.922999975741E1));
#5513=DIRECTION('',(0.E0,1.E0,-1.732870212380E-7));
#5514=DIRECTION('',(9.990189377260E-1,-7.674017948878E-9,-4.428500948304E-2));
#5515=AXIS2_PLACEMENT_3D('',#5512,#5513,#5514);
#5516=TOROIDAL_SURFACE('',#5515,1.6E0,9.E-1);
#5517=ORIENTED_EDGE('',*,*,#5506,.T.);
#5518=ORIENTED_EDGE('',*,*,#5452,.T.);
#5519=ORIENTED_EDGE('',*,*,#2672,.F.);
#5520=ORIENTED_EDGE('',*,*,#5449,.F.);
#5521=EDGE_LOOP('',(#5517,#5518,#5519,#5520));
#5522=FACE_OUTER_BOUND('',#5521,.F.);
#5523=ADVANCED_FACE('',(#5522),#5516,.T.);
#5524=CARTESIAN_POINT('',(9.9E0,-1.399956283294E0,4.770000242594E0));
#5525=DIRECTION('',(0.E0,1.E0,-1.732870212380E-7));
#5526=DIRECTION('',(9.989388707106E-1,7.980864163981E-9,4.605575516097E-2));
#5527=AXIS2_PLACEMENT_3D('',#5524,#5525,#5526);
#5528=TOROIDAL_SURFACE('',#5527,1.6E0,9.E-1);
#5529=ORIENTED_EDGE('',*,*,#2688,.T.);
#5531=ORIENTED_EDGE('',*,*,#5530,.T.);
#5533=ORIENTED_EDGE('',*,*,#5532,.F.);
#5535=ORIENTED_EDGE('',*,*,#5534,.F.);
#5536=EDGE_LOOP('',(#5529,#5531,#5533,#5535));
#5537=FACE_OUTER_BOUND('',#5536,.F.);
#5538=ADVANCED_FACE('',(#5537),#5528,.T.);
#5539=CARTESIAN_POINT('',(9.9E0,-1.399956283294E0,4.770000242594E0));
#5540=DIRECTION('',(0.E0,1.E0,-1.732870212380E-7));
#5541=DIRECTION('',(-9.989388706407E-1,-7.980865412982E-9,-4.605575667775E-2));
#5542=AXIS2_PLACEMENT_3D('',#5539,#5540,#5541);
#5543=TOROIDAL_SURFACE('',#5542,1.6E0,9.E-1);
#5544=ORIENTED_EDGE('',*,*,#2690,.T.);
#5545=ORIENTED_EDGE('',*,*,#5534,.T.);
#5547=ORIENTED_EDGE('',*,*,#5546,.F.);
#5548=ORIENTED_EDGE('',*,*,#5530,.F.);
#5549=EDGE_LOOP('',(#5544,#5545,#5547,#5548));
#5550=FACE_OUTER_BOUND('',#5549,.F.);
#5551=ADVANCED_FACE('',(#5550),#5543,.T.);
#5552=CARTESIAN_POINT('',(9.9E0,-4.499956283294E0,4.770000779784E0));
#5553=DIRECTION('',(0.E0,1.E0,-1.732870212380E-7));
#5554=DIRECTION('',(1.E0,0.E0,0.E0));
#5555=AXIS2_PLACEMENT_3D('',#5552,#5553,#5554);
#5556=CYLINDRICAL_SURFACE('',#5555,2.5E0);
#5558=ORIENTED_EDGE('',*,*,#5557,.F.);
#5560=ORIENTED_EDGE('',*,*,#5559,.F.);
#5561=ORIENTED_EDGE('',*,*,#5546,.T.);
#5563=ORIENTED_EDGE('',*,*,#5562,.F.);
#5564=EDGE_LOOP('',(#5558,#5560,#5561,#5563));
#5565=FACE_OUTER_BOUND('',#5564,.F.);
#5566=ADVANCED_FACE('',(#5565),#5556,.T.);
#5567=CARTESIAN_POINT('',(9.9E0,-3.399956283294E0,4.770000589168E0));
#5568=DIRECTION('',(0.E0,1.E0,-1.732870212380E-7));
#5569=DIRECTION('',(-9.989388706407E-1,-7.980864988485E-9,-4.605575667775E-2));
#5570=AXIS2_PLACEMENT_3D('',#5567,#5568,#5569);
#5571=TOROIDAL_SURFACE('',#5570,3.4E0,9.E-1);
#5572=ORIENTED_EDGE('',*,*,#2594,.F.);
#5574=ORIENTED_EDGE('',*,*,#5573,.T.);
#5575=ORIENTED_EDGE('',*,*,#5557,.T.);
#5577=ORIENTED_EDGE('',*,*,#5576,.F.);
#5578=EDGE_LOOP('',(#5572,#5574,#5575,#5577));
#5579=FACE_OUTER_BOUND('',#5578,.F.);
#5580=ADVANCED_FACE('',(#5579),#5571,.F.);
#5581=CARTESIAN_POINT('',(9.9E0,-3.399956283294E0,4.770000589168E0));
#5582=DIRECTION('',(0.E0,1.E0,-1.732870212380E-7));
#5583=DIRECTION('',(9.989388707106E-1,7.980864596642E-9,4.605575516097E-2));
#5584=AXIS2_PLACEMENT_3D('',#5581,#5582,#5583);
#5585=TOROIDAL_SURFACE('',#5584,3.4E0,9.E-1);
#5586=ORIENTED_EDGE('',*,*,#2592,.F.);
#5587=ORIENTED_EDGE('',*,*,#5576,.T.);
#5589=ORIENTED_EDGE('',*,*,#5588,.T.);
#5590=ORIENTED_EDGE('',*,*,#5573,.F.);
#5591=EDGE_LOOP('',(#5586,#5587,#5589,#5590));
#5592=FACE_OUTER_BOUND('',#5591,.F.);
#5593=ADVANCED_FACE('',(#5592),#5585,.F.);
#5594=CARTESIAN_POINT('',(9.9E0,-4.499956283294E0,4.770000779784E0));
#5595=DIRECTION('',(0.E0,1.E0,-1.732870212380E-7));
#5596=DIRECTION('',(1.E0,0.E0,0.E0));
#5597=AXIS2_PLACEMENT_3D('',#5594,#5595,#5596);
#5598=CYLINDRICAL_SURFACE('',#5597,2.5E0);
#5599=ORIENTED_EDGE('',*,*,#5588,.F.);
#5600=ORIENTED_EDGE('',*,*,#5562,.T.);
#5601=ORIENTED_EDGE('',*,*,#5532,.T.);
#5602=ORIENTED_EDGE('',*,*,#5559,.T.);
#5603=EDGE_LOOP('',(#5599,#5600,#5601,#5602));
#5604=FACE_OUTER_BOUND('',#5603,.F.);
#5605=ADVANCED_FACE('',(#5604),#5598,.T.);
#5606=CARTESIAN_POINT('',(3.54E1,-1.399960702113E0,-2.072999975741E1));
#5607=DIRECTION('',(0.E0,1.E0,-1.732870212380E-7));
#5608=DIRECTION('',(-9.990189377931E-1,7.674016838655E-9,4.428500796888E-2));
#5609=AXIS2_PLACEMENT_3D('',#5606,#5607,#5608);
#5610=TOROIDAL_SURFACE('',#5609,1.6E0,9.E-1);
#5612=ORIENTED_EDGE('',*,*,#5611,.T.);
#5614=ORIENTED_EDGE('',*,*,#5613,.T.);
#5615=ORIENTED_EDGE('',*,*,#2704,.F.);
#5617=ORIENTED_EDGE('',*,*,#5616,.F.);
#5618=EDGE_LOOP('',(#5612,#5614,#5615,#5617));
#5619=FACE_OUTER_BOUND('',#5618,.F.);
#5620=ADVANCED_FACE('',(#5619),#5610,.T.);
#5621=CARTESIAN_POINT('',(3.54E1,-4.499960702113E0,-2.072999922022E1));
#5622=DIRECTION('',(0.E0,1.E0,-1.732870212380E-7));
#5623=DIRECTION('',(1.E0,0.E0,0.E0));
#5624=AXIS2_PLACEMENT_3D('',#5621,#5622,#5623);
#5625=CYLINDRICAL_SURFACE('',#5624,2.5E0);
#5627=ORIENTED_EDGE('',*,*,#5626,.T.);
#5629=ORIENTED_EDGE('',*,*,#5628,.T.);
#5630=ORIENTED_EDGE('',*,*,#5611,.F.);
#5632=ORIENTED_EDGE('',*,*,#5631,.T.);
#5633=EDGE_LOOP('',(#5627,#5629,#5630,#5632));
#5634=FACE_OUTER_BOUND('',#5633,.F.);
#5635=ADVANCED_FACE('',(#5634),#5625,.T.);
#5636=CARTESIAN_POINT('',(3.54E1,-3.399960702113E0,-2.072999941084E1));
#5637=DIRECTION('',(0.E0,1.E0,-1.732870212380E-7));
#5638=DIRECTION('',(-9.990189377931E-1,7.674017108047E-9,4.428500796888E-2));
#5639=AXIS2_PLACEMENT_3D('',#5636,#5637,#5638);
#5640=TOROIDAL_SURFACE('',#5639,3.4E0,9.E-1);
#5641=ORIENTED_EDGE('',*,*,#5626,.F.);
#5643=ORIENTED_EDGE('',*,*,#5642,.T.);
#5644=ORIENTED_EDGE('',*,*,#2604,.T.);
#5646=ORIENTED_EDGE('',*,*,#5645,.F.);
#5647=EDGE_LOOP('',(#5641,#5643,#5644,#5646));
#5648=FACE_OUTER_BOUND('',#5647,.F.);
#5649=ADVANCED_FACE('',(#5648),#5640,.F.);
#5650=CARTESIAN_POINT('',(3.54E1,-3.399960702113E0,-2.072999941084E1));
#5651=DIRECTION('',(0.E0,1.E0,-1.732870212380E-7));
#5652=DIRECTION('',(9.990189377260E-1,-7.674017369276E-9,-4.428500948305E-2));
#5653=AXIS2_PLACEMENT_3D('',#5650,#5651,#5652);
#5654=TOROIDAL_SURFACE('',#5653,3.4E0,9.E-1);
#5656=ORIENTED_EDGE('',*,*,#5655,.F.);
#5657=ORIENTED_EDGE('',*,*,#5645,.T.);
#5658=ORIENTED_EDGE('',*,*,#2606,.T.);
#5659=ORIENTED_EDGE('',*,*,#5642,.F.);
#5660=EDGE_LOOP('',(#5656,#5657,#5658,#5659));
#5661=FACE_OUTER_BOUND('',#5660,.F.);
#5662=ADVANCED_FACE('',(#5661),#5654,.F.);
#5663=CARTESIAN_POINT('',(3.54E1,-4.499960702113E0,-2.072999922022E1));
#5664=DIRECTION('',(0.E0,1.E0,-1.732870212380E-7));
#5665=DIRECTION('',(1.E0,0.E0,0.E0));
#5666=AXIS2_PLACEMENT_3D('',#5663,#5664,#5665);
#5667=CYLINDRICAL_SURFACE('',#5666,2.5E0);
#5668=ORIENTED_EDGE('',*,*,#5655,.T.);
#5669=ORIENTED_EDGE('',*,*,#5631,.F.);
#5671=ORIENTED_EDGE('',*,*,#5670,.F.);
#5672=ORIENTED_EDGE('',*,*,#5628,.F.);
#5673=EDGE_LOOP('',(#5668,#5669,#5671,#5672));
#5674=FACE_OUTER_BOUND('',#5673,.F.);
#5675=ADVANCED_FACE('',(#5674),#5667,.T.);
#5676=CARTESIAN_POINT('',(3.54E1,-1.399960702113E0,-2.072999975741E1));
#5677=DIRECTION('',(0.E0,1.E0,-1.732870212380E-7));
#5678=DIRECTION('',(9.990189377260E-1,-7.674017671322E-9,-4.428500948304E-2));
#5679=AXIS2_PLACEMENT_3D('',#5676,#5677,#5678);
#5680=TOROIDAL_SURFACE('',#5679,1.6E0,9.E-1);
#5681=ORIENTED_EDGE('',*,*,#5670,.T.);
#5682=ORIENTED_EDGE('',*,*,#5616,.T.);
#5683=ORIENTED_EDGE('',*,*,#2706,.F.);
#5684=ORIENTED_EDGE('',*,*,#5613,.F.);
#5685=EDGE_LOOP('',(#5681,#5682,#5683,#5684));
#5686=FACE_OUTER_BOUND('',#5685,.F.);
#5687=ADVANCED_FACE('',(#5686),#5680,.T.);
#5691=DIMENSIONAL_EXPONENTS(0.E0,0.E0,0.E0,0.E0,0.E0,0.E0,0.E0);
#5693=PLANE_ANGLE_MEASURE_WITH_UNIT(PLANE_ANGLE_MEASURE(1.745329251994E-2),
#5692);
#5694=(CONVERSION_BASED_UNIT('DEGREE',#5693)NAMED_UNIT(*)PLANE_ANGLE_UNIT());
#5696=UNCERTAINTY_MEASURE_WITH_UNIT(LENGTH_MEASURE(7.490513703898E-3),#5690,
'closure',
'Maximum model space distance between geometric entities at asserted connectivities');
#5697=(GEOMETRIC_REPRESENTATION_CONTEXT(3)GLOBAL_UNCERTAINTY_ASSIGNED_CONTEXT((
#5696))GLOBAL_UNIT_ASSIGNED_CONTEXT((#5690,#5694,#5695))REPRESENTATION_CONTEXT(
'ID1','3'));
#5699=APPLICATION_CONTEXT(
'CONFIGURATION CONTROLLED 3D DESIGNS OF MECHANICAL PARTS AND ASSEMBLIES');
#5700=APPLICATION_PROTOCOL_DEFINITION('international standard',
'config_control_design',1994,#5699);
#5701=DESIGN_CONTEXT('',#5699,'design');
#5702=MECHANICAL_CONTEXT('',#5699,'mechanical');
#5703=PRODUCT('PINGMUGUDINGBAN','PINGMUGUDINGBAN','NOT SPECIFIED',(#5702));
#5704=PRODUCT_DEFINITION_FORMATION_WITH_SPECIFIED_SOURCE('11','LAST_VERSION',
#5703,.MADE.);
#5708=PRODUCT_CATEGORY('part','');
#5709=PRODUCT_RELATED_PRODUCT_CATEGORY('detail','',(#5703));
#5710=PRODUCT_CATEGORY_RELATIONSHIP('','',#5708,#5709);
#5711=SECURITY_CLASSIFICATION_LEVEL('unclassified');
#5712=SECURITY_CLASSIFICATION('','',#5711);
#5713=CC_DESIGN_SECURITY_CLASSIFICATION(#5712,(#5704));
#5714=APPROVAL_STATUS('approved');
#5715=APPROVAL(#5714,'');
#5716=CC_DESIGN_APPROVAL(#5715,(#5712,#5704,#5705));
#5717=CALENDAR_DATE(125,17,9);
#5718=COORDINATED_UNIVERSAL_TIME_OFFSET(8,0,.AHEAD.);
#5719=LOCAL_TIME(19,9,2.3E1,#5718);
#5720=DATE_AND_TIME(#5717,#5719);
#5721=APPROVAL_DATE_TIME(#5720,#5715);
#5722=DATE_TIME_ROLE('creation_date');
#5723=CC_DESIGN_DATE_AND_TIME_ASSIGNMENT(#5720,#5722,(#5705));
#5724=DATE_TIME_ROLE('classification_date');
#5725=CC_DESIGN_DATE_AND_TIME_ASSIGNMENT(#5720,#5724,(#5712));
#5726=PERSON('UNSPECIFIED','UNSPECIFIED',$,$,$,$);
#5727=ORGANIZATION('UNSPECIFIED','UNSPECIFIED','UNSPECIFIED');
#5728=PERSON_AND_ORGANIZATION(#5726,#5727);
#5729=APPROVAL_ROLE('approver');
#5730=APPROVAL_PERSON_ORGANIZATION(#5728,#5715,#5729);
#5731=PERSON_AND_ORGANIZATION_ROLE('creator');
#5732=CC_DESIGN_PERSON_AND_ORGANIZATION_ASSIGNMENT(#5728,#5731,(#5704,#5705));
#5733=PERSON_AND_ORGANIZATION_ROLE('design_supplier');
#5734=CC_DESIGN_PERSON_AND_ORGANIZATION_ASSIGNMENT(#5728,#5733,(#5704));
#5735=PERSON_AND_ORGANIZATION_ROLE('classification_officer');
#5736=CC_DESIGN_PERSON_AND_ORGANIZATION_ASSIGNMENT(#5728,#5735,(#5712));
#5737=PERSON_AND_ORGANIZATION_ROLE('design_owner');
#5738=CC_DESIGN_PERSON_AND_ORGANIZATION_ASSIGNMENT(#5728,#5737,(#5703));
#9=CIRCLE('',#8,9.999999999137E0);
#14=CIRCLE('',#13,9.499999999137E0);
#24=B_SPLINE_CURVE_WITH_KNOTS('',3,(#15,#16,#17,#18,#19,#20,#21,#22,#23),
.UNSPECIFIED.,.F.,.F.,(4,1,1,1,1,1,4),(0.E0,1.666666666667E-1,3.333333333333E-1,
5.E-1,6.666666666667E-1,8.333333333333E-1,1.E0),.UNSPECIFIED.);
#29=CIRCLE('',#28,3.4E0);
#34=CIRCLE('',#33,3.4E0);
#39=CIRCLE('',#38,3.4E0);
#44=CIRCLE('',#43,3.4E0);
#49=CIRCLE('',#48,1.E-1);
#54=CIRCLE('',#53,1.E-1);
#59=CIRCLE('',#58,3.4E0);
#64=CIRCLE('',#63,3.4E0);
#77=CIRCLE('',#76,1.05E1);
#86=CIRCLE('',#85,1.165E1);
#91=CIRCLE('',#90,1.05E1);
#100=CIRCLE('',#99,1.049999999892E1);
#109=CIRCLE('',#108,1.05E1);
#122=CIRCLE('',#121,1.05E1);
#131=CIRCLE('',#130,1.05E1);
#136=CIRCLE('',#135,1.7E0);
#145=CIRCLE('',#144,3.4E0);
#150=CIRCLE('',#149,3.4E0);
#155=CIRCLE('',#154,3.4E0);
#164=CIRCLE('',#163,1.7E0);
#173=CIRCLE('',#172,1.700000000001E0);
#182=CIRCLE('',#181,1.700000000001E0);
#191=CIRCLE('',#190,1.E0);
#200=CIRCLE('',#199,1.E0);
#205=CIRCLE('',#204,1.E0);
#214=CIRCLE('',#213,1.E0);
#219=CIRCLE('',#218,1.6E0);
#224=CIRCLE('',#223,1.6E0);
#229=CIRCLE('',#228,1.6E0);
#234=CIRCLE('',#233,1.6E0);
#239=CIRCLE('',#238,1.6E0);
#244=CIRCLE('',#243,1.6E0);
#249=CIRCLE('',#248,1.6E0);
#254=CIRCLE('',#253,1.6E0);
#259=CIRCLE('',#258,3.35E0);
#264=CIRCLE('',#263,3.35E0);
#269=CIRCLE('',#268,3.35E0);
#274=CIRCLE('',#273,3.35E0);
#279=CIRCLE('',#278,3.35E0);
#284=CIRCLE('',#283,3.35E0);
#289=CIRCLE('',#288,3.35E0);
#294=CIRCLE('',#293,3.35E0);
#299=CIRCLE('',#298,2.75E0);
#308=CIRCLE('',#307,2.75E0);
#317=CIRCLE('',#316,2.75E0);
#322=CIRCLE('',#321,2.75E0);
#327=CIRCLE('',#326,1.15E0);
#332=CIRCLE('',#331,1.15E0);
#345=CIRCLE('',#344,2.75E0);
#350=CIRCLE('',#349,2.75E0);
#355=CIRCLE('',#354,1.15E0);
#360=CIRCLE('',#359,1.15E0);
#369=CIRCLE('',#368,9.5E0);
#374=CIRCLE('',#373,2.75E0);
#379=CIRCLE('',#378,1.7E0);
#384=CIRCLE('',#383,1.7E0);
#389=CIRCLE('',#388,1.7E0);
#394=CIRCLE('',#393,1.7E0);
#399=CIRCLE('',#398,2.75E0);
#414=B_SPLINE_CURVE_WITH_KNOTS('',3,(#400,#401,#402,#403,#404,#405,#406,#407,
#408,#409,#410,#411,#412,#413),.UNSPECIFIED.,.F.,.F.,(4,1,1,1,1,1,1,1,1,1,1,4),(
0.E0,9.090909090909E-2,1.818181818182E-1,2.727272727273E-1,3.636363636364E-1,
4.545454545455E-1,5.454545454545E-1,6.363636363636E-1,7.272727272727E-1,
8.181818181818E-1,9.090909090909E-1,1.E0),.UNSPECIFIED.);
#423=CIRCLE('',#422,1.E1);
#432=CIRCLE('',#431,1.E1);
#437=CIRCLE('',#436,5.E-1);
#447=B_SPLINE_CURVE_WITH_KNOTS('',3,(#438,#439,#440,#441,#442,#443,#444,#445,
#446),.UNSPECIFIED.,.F.,.F.,(4,1,1,1,1,1,4),(0.E0,1.666666666667E-1,
3.333333333333E-1,5.E-1,6.666666666667E-1,8.333333333333E-1,1.E0),
.UNSPECIFIED.);
#462=B_SPLINE_CURVE_WITH_KNOTS('',3,(#448,#449,#450,#451,#452,#453,#454,#455,
#456,#457,#458,#459,#460,#461),.UNSPECIFIED.,.F.,.F.,(4,1,1,1,1,1,1,1,1,1,1,4),(
0.E0,9.090909090909E-2,1.818181818182E-1,2.727272727273E-1,3.636363636364E-1,
4.545454545455E-1,5.454545454545E-1,6.363636363636E-1,7.272727272727E-1,
8.181818181818E-1,9.090909090909E-1,1.E0),.UNSPECIFIED.);
#467=CIRCLE('',#466,5.149999997072E0);
#472=CIRCLE('',#471,9.E-1);
#499=B_SPLINE_CURVE_WITH_KNOTS('',3,(#473,#474,#475,#476,#477,#478,#479,#480,
#481,#482,#483,#484,#485,#486,#487,#488,#489,#490,#491,#492,#493,#494,#495,#496,
#497,#498),.UNSPECIFIED.,.F.,.F.,(4,1,1,1,1,1,1,1,1,1,1,1,1,1,1,1,1,1,1,1,1,1,1,
4),(0.E0,4.347826086957E-2,8.695652173913E-2,1.304347826087E-1,
1.739130434783E-1,2.173913043478E-1,2.608695652174E-1,3.043478260870E-1,
3.478260869565E-1,3.913043478261E-1,4.347826086957E-1,4.782608695652E-1,
5.217391304348E-1,5.652173913043E-1,6.086956521739E-1,6.521739130435E-1,
6.956521739130E-1,7.391304347826E-1,7.826086956522E-1,8.260869565217E-1,
8.695652173913E-1,9.130434782609E-1,9.565217391304E-1,1.E0),.UNSPECIFIED.);
#526=B_SPLINE_CURVE_WITH_KNOTS('',3,(#500,#501,#502,#503,#504,#505,#506,#507,
#508,#509,#510,#511,#512,#513,#514,#515,#516,#517,#518,#519,#520,#521,#522,#523,
#524,#525),.UNSPECIFIED.,.F.,.F.,(4,1,1,1,1,1,1,1,1,1,1,1,1,1,1,1,1,1,1,1,1,1,1,
4),(0.E0,4.347826086957E-2,8.695652173913E-2,1.304347826087E-1,
1.739130434783E-1,2.173913043478E-1,2.608695652174E-1,3.043478260870E-1,
3.478260869565E-1,3.913043478261E-1,4.347826086957E-1,4.782608695652E-1,
5.217391304348E-1,5.652173913043E-1,6.086956521739E-1,6.521739130435E-1,
6.956521739130E-1,7.391304347826E-1,7.826086956522E-1,8.260869565217E-1,
8.695652173913E-1,9.130434782609E-1,9.565217391304E-1,1.E0),.UNSPECIFIED.);
#531=CIRCLE('',#530,5.E-1);
#540=CIRCLE('',#539,5.E-1);
#583=B_SPLINE_CURVE_WITH_KNOTS('',3,(#557,#558,#559,#560,#561,#562,#563,#564,
#565,#566,#567,#568,#569,#570,#571,#572,#573,#574,#575,#576,#577,#578,#579,#580,
#581,#582),.UNSPECIFIED.,.F.,.F.,(4,1,1,1,1,1,1,1,1,1,1,1,1,1,1,1,1,1,1,1,1,1,1,
4),(0.E0,4.347826086957E-2,8.695652173913E-2,1.304347826087E-1,
1.739130434783E-1,2.173913043478E-1,2.608695652174E-1,3.043478260870E-1,
3.478260869565E-1,3.913043478261E-1,4.347826086957E-1,4.782608695652E-1,
5.217391304348E-1,5.652173913043E-1,6.086956521739E-1,6.521739130435E-1,
6.956521739130E-1,7.391304347826E-1,7.826086956522E-1,8.260869565217E-1,
8.695652173913E-1,9.130434782609E-1,9.565217391304E-1,1.E0),.UNSPECIFIED.);
#611=B_SPLINE_CURVE_WITH_KNOTS('',3,(#584,#585,#586,#587,#588,#589,#590,#591,
#592,#593,#594,#595,#596,#597,#598,#599,#600,#601,#602,#603,#604,#605,#606,#607,
#608,#609,#610),.UNSPECIFIED.,.F.,.F.,(4,1,1,1,1,1,1,1,1,1,1,1,1,1,1,1,1,1,1,1,
1,1,1,1,4),(0.E0,4.166666666667E-2,8.333333333333E-2,1.25E-1,1.666666666667E-1,
2.083333333333E-1,2.5E-1,2.916666666667E-1,3.333333333333E-1,3.75E-1,
4.166666666667E-1,4.583333333333E-1,5.E-1,5.416666666667E-1,5.833333333333E-1,
6.25E-1,6.666666666667E-1,7.083333333333E-1,7.5E-1,7.916666666667E-1,
8.333333333333E-1,8.75E-1,9.166666666667E-1,9.583333333333E-1,1.E0),
.UNSPECIFIED.);
#627=B_SPLINE_CURVE_WITH_KNOTS('',3,(#612,#613,#614,#615,#616,#617,#618,#619,
#620,#621,#622,#623,#624,#625,#626),.UNSPECIFIED.,.F.,.F.,(4,1,1,1,1,1,1,1,1,1,
1,1,4),(0.E0,8.333333333333E-2,1.666666666667E-1,2.5E-1,3.333333333333E-1,
4.166666666667E-1,5.E-1,5.833333333333E-1,6.666666666667E-1,7.5E-1,
8.333333333333E-1,9.166666666667E-1,1.E0),.UNSPECIFIED.);
#632=CIRCLE('',#631,9.E-1);
#637=CIRCLE('',#636,5.149999997778E0);
#642=CIRCLE('',#641,5.E-1);
#647=CIRCLE('',#646,5.E-1);
#652=CIRCLE('',#651,5.E-1);
#657=CIRCLE('',#656,5.E-1);
#662=CIRCLE('',#661,5.E-1);
#667=CIRCLE('',#666,5.E-1);
#678=B_SPLINE_CURVE_WITH_KNOTS('',3,(#668,#669,#670,#671,#672,#673,#674,#675,
#676,#677),.UNSPECIFIED.,.F.,.F.,(4,1,1,1,1,1,1,4),(0.E0,1.428571428571E-1,
2.857142857143E-1,4.285714285714E-1,5.714285714286E-1,7.142857142857E-1,
8.571428571429E-1,1.E0),.UNSPECIFIED.);
#699=CIRCLE('',#698,4.25E0);
#708=CIRCLE('',#707,4.25E0);
#717=CIRCLE('',#716,4.25E0);
#728=B_SPLINE_CURVE_WITH_KNOTS('',3,(#718,#719,#720,#721,#722,#723,#724,#725,
#726,#727),.UNSPECIFIED.,.F.,.F.,(4,1,1,1,1,1,1,4),(0.E0,1.428571428571E-1,
2.857142857143E-1,4.285714285714E-1,5.714285714286E-1,7.142857142857E-1,
8.571428571429E-1,1.E0),.UNSPECIFIED.);
#739=B_SPLINE_CURVE_WITH_KNOTS('',3,(#729,#730,#731,#732,#733,#734,#735,#736,
#737,#738),.UNSPECIFIED.,.F.,.F.,(4,1,1,1,1,1,1,4),(0.E0,1.428571428571E-1,
2.857142857143E-1,4.285714285714E-1,5.714285714286E-1,7.142857142857E-1,
8.571428571429E-1,1.E0),.UNSPECIFIED.);
#744=CIRCLE('',#743,5.149999997778E0);
#749=CIRCLE('',#748,5.E-1);
#754=CIRCLE('',#753,5.E-1);
#765=B_SPLINE_CURVE_WITH_KNOTS('',3,(#755,#756,#757,#758,#759,#760,#761,#762,
#763,#764),.UNSPECIFIED.,.F.,.F.,(4,1,1,1,1,1,1,4),(0.E0,1.428571428571E-1,
2.857142857143E-1,4.285714285714E-1,5.714285714286E-1,7.142857142857E-1,
8.571428571429E-1,1.E0),.UNSPECIFIED.);
#782=CIRCLE('',#781,1.E1);
#787=CIRCLE('',#786,1.E1);
#796=CIRCLE('',#795,5.E-1);
#801=CIRCLE('',#800,5.E-1);
#818=CIRCLE('',#817,1.E1);
#823=CIRCLE('',#822,1.E1);
#832=CIRCLE('',#831,5.E-1);
#837=CIRCLE('',#836,5.E-1);
#870=B_SPLINE_CURVE_WITH_KNOTS('',3,(#842,#843,#844,#845,#846,#847,#848,#849,
#850,#851,#852,#853,#854,#855,#856,#857,#858,#859,#860,#861,#862,#863,#864,#865,
#866,#867,#868,#869),.UNSPECIFIED.,.F.,.F.,(4,1,1,1,1,1,1,1,1,1,1,1,1,1,1,1,1,1,
1,1,1,1,1,1,1,4),(0.E0,4.E-2,8.E-2,1.2E-1,1.6E-1,2.E-1,2.4E-1,2.8E-1,3.2E-1,
3.6E-1,4.E-1,4.4E-1,4.8E-1,5.2E-1,5.6E-1,6.E-1,6.4E-1,6.8E-1,7.2E-1,7.6E-1,
8.E-1,8.4E-1,8.8E-1,9.2E-1,9.6E-1,1.E0),.UNSPECIFIED.);
#911=B_SPLINE_CURVE_WITH_KNOTS('',3,(#883,#884,#885,#886,#887,#888,#889,#890,
#891,#892,#893,#894,#895,#896,#897,#898,#899,#900,#901,#902,#903,#904,#905,#906,
#907,#908,#909,#910),.UNSPECIFIED.,.F.,.F.,(4,1,1,1,1,1,1,1,1,1,1,1,1,1,1,1,1,1,
1,1,1,1,1,1,1,4),(0.E0,4.E-2,8.E-2,1.2E-1,1.6E-1,2.E-1,2.4E-1,2.8E-1,3.2E-1,
3.6E-1,4.E-1,4.4E-1,4.8E-1,5.2E-1,5.6E-1,6.E-1,6.4E-1,6.8E-1,7.2E-1,7.6E-1,
8.E-1,8.4E-1,8.8E-1,9.2E-1,9.6E-1,1.E0),.UNSPECIFIED.);
#916=CIRCLE('',#915,5.149999997778E0);
#927=B_SPLINE_CURVE_WITH_KNOTS('',3,(#917,#918,#919,#920,#921,#922,#923,#924,
#925,#926),.UNSPECIFIED.,.F.,.F.,(4,1,1,1,1,1,1,4),(0.E0,1.428571428571E-1,
2.857142857143E-1,4.285714285714E-1,5.714285714286E-1,7.142857142857E-1,
8.571428571429E-1,1.E0),.UNSPECIFIED.);
#932=CIRCLE('',#931,5.E-1);
#937=CIRCLE('',#936,5.E-1);
#948=B_SPLINE_CURVE_WITH_KNOTS('',3,(#938,#939,#940,#941,#942,#943,#944,#945,
#946,#947),.UNSPECIFIED.,.F.,.F.,(4,1,1,1,1,1,1,4),(0.E0,1.428571428571E-1,
2.857142857143E-1,4.285714285714E-1,5.714285714286E-1,7.142857142857E-1,
8.571428571429E-1,1.E0),.UNSPECIFIED.);
#965=CIRCLE('',#964,1.E1);
#970=CIRCLE('',#969,1.E1);
#979=CIRCLE('',#978,5.E-1);
#996=CIRCLE('',#995,4.25E0);
#1001=CIRCLE('',#1000,4.25E0);
#1006=CIRCLE('',#1005,4.25E0);
#1011=CIRCLE('',#1010,4.25E0);
#1020=CIRCLE('',#1019,4.25E0);
#1029=CIRCLE('',#1028,4.25E0);
#1034=CIRCLE('',#1033,9.E-1);
#1039=CIRCLE('',#1038,9.E-1);
#1044=CIRCLE('',#1043,4.25E0);
#1049=CIRCLE('',#1048,4.25E0);
#1054=CIRCLE('',#1053,4.25E0);
#1059=CIRCLE('',#1058,9.E-1);
#1064=CIRCLE('',#1063,9.E-1);
#1069=CIRCLE('',#1068,1.E1);
#1074=CIRCLE('',#1073,1.E1);
#1095=CIRCLE('',#1094,1.215E1);
#1100=CIRCLE('',#1099,1.215E1);
#1109=CIRCLE('',#1108,1.E1);
#1114=CIRCLE('',#1113,1.E1);
#1134=B_SPLINE_CURVE_WITH_KNOTS('',3,(#1119,#1120,#1121,#1122,#1123,#1124,#1125,
#1126,#1127,#1128,#1129,#1130,#1131,#1132,#1133),.UNSPECIFIED.,.F.,.F.,(4,1,1,1,
1,1,1,1,1,1,1,1,4),(0.E0,8.333333333333E-2,1.666666666667E-1,2.5E-1,
3.333333333333E-1,4.166666666667E-1,5.E-1,5.833333333333E-1,6.666666666667E-1,
7.5E-1,8.333333333333E-1,9.166666666667E-1,1.E0),.UNSPECIFIED.);
#1139=CIRCLE('',#1138,4.25E0);
#1144=CIRCLE('',#1143,4.25E0);
#1153=CIRCLE('',#1152,4.25E0);
#1158=CIRCLE('',#1157,4.25E0);
#1167=CIRCLE('',#1166,4.25E0);
#1172=CIRCLE('',#1171,4.25E0);
#1177=CIRCLE('',#1176,5.E-1);
#1186=CIRCLE('',#1185,5.E-1);
#1191=CIRCLE('',#1190,9.E-1);
#1196=CIRCLE('',#1195,9.E-1);
#1201=CIRCLE('',#1200,4.25E0);
#1206=CIRCLE('',#1205,4.25E0);
#1215=CIRCLE('',#1214,4.25E0);
#1224=CIRCLE('',#1223,4.25E0);
#1229=CIRCLE('',#1228,4.25E0);
#1234=CIRCLE('',#1233,4.25E0);
#1239=CIRCLE('',#1238,9.E-1);
#1244=CIRCLE('',#1243,9.E-1);
#1253=CIRCLE('',#1252,2.75E0);
#1262=CIRCLE('',#1261,2.75E0);
#1271=CIRCLE('',#1270,2.75E0);
#1276=CIRCLE('',#1275,2.75E0);
#1281=CIRCLE('',#1280,1.15E0);
#1286=CIRCLE('',#1285,1.15E0);
#1295=CIRCLE('',#1294,2.75E0);
#1300=CIRCLE('',#1299,2.75E0);
#1305=CIRCLE('',#1304,1.15E0);
#1310=CIRCLE('',#1309,1.15E0);
#1315=CIRCLE('',#1314,2.75E0);
#1324=CIRCLE('',#1323,2.75E0);
#1337=CIRCLE('',#1336,2.75E0);
#1346=CIRCLE('',#1345,2.75E0);
#1355=CIRCLE('',#1354,2.75E0);
#1360=CIRCLE('',#1359,2.75E0);
#1365=CIRCLE('',#1364,1.15E0);
#1370=CIRCLE('',#1369,1.15E0);
#1379=CIRCLE('',#1378,2.75E0);
#1384=CIRCLE('',#1383,2.75E0);
#1389=CIRCLE('',#1388,1.15E0);
#1394=CIRCLE('',#1393,1.15E0);
#1399=CIRCLE('',#1398,2.75E0);
#1408=CIRCLE('',#1407,2.75E0);
#1421=CIRCLE('',#1420,2.75E0);
#1430=CIRCLE('',#1429,2.75E0);
#1439=CIRCLE('',#1438,2.75E0);
#1444=CIRCLE('',#1443,2.75E0);
#1449=CIRCLE('',#1448,1.15E0);
#1454=CIRCLE('',#1453,1.15E0);
#1463=CIRCLE('',#1462,2.75E0);
#1468=CIRCLE('',#1467,2.75E0);
#1473=CIRCLE('',#1472,1.15E0);
#1478=CIRCLE('',#1477,1.15E0);
#1483=CIRCLE('',#1482,2.75E0);
#1492=CIRCLE('',#1491,2.75E0);
#1509=CIRCLE('',#1508,1.2E0);
#1526=CIRCLE('',#1525,1.2E0);
#1543=CIRCLE('',#1542,1.2E0);
#1560=CIRCLE('',#1559,1.2E0);
#1591=B_SPLINE_CURVE_WITH_KNOTS('',3,(#1585,#1586,#1587,#1588,#1589,#1590),
.UNSPECIFIED.,.F.,.F.,(4,1,1,4),(0.E0,3.333368433383E-1,6.666737115712E-1,1.E0),
.UNSPECIFIED.);
#1612=CIRCLE('',#1611,1.2E0);
#1641=CIRCLE('',#1640,1.2E0);
#1670=CIRCLE('',#1669,1.2E0);
#1699=CIRCLE('',#1698,1.2E0);
#1710=B_SPLINE_CURVE_WITH_KNOTS('',3,(#1704,#1705,#1706,#1707,#1708,#1709),
.UNSPECIFIED.,.F.,.F.,(4,1,1,4),(0.E0,3.333393792468E-1,6.666773612969E-1,1.E0),
.UNSPECIFIED.);
#1715=CIRCLE('',#1714,9.E-1);
#1720=CIRCLE('',#1719,9.E-1);
#1725=CIRCLE('',#1724,2.5E0);
#1734=CIRCLE('',#1733,2.5E0);
#1743=CIRCLE('',#1742,2.5E0);
#1748=CIRCLE('',#1747,2.5E0);
#1753=CIRCLE('',#1752,9.E-1);
#1758=CIRCLE('',#1757,9.E-1);
#1763=CIRCLE('',#1762,2.75E0);
#1772=CIRCLE('',#1771,2.75E0);
#1781=CIRCLE('',#1780,1.E0);
#1790=CIRCLE('',#1789,1.E0);
#1795=CIRCLE('',#1794,1.E0);
#1804=CIRCLE('',#1803,1.E0);
#1809=CIRCLE('',#1808,1.E0);
#1818=CIRCLE('',#1817,1.E0);
#1823=CIRCLE('',#1822,9.E-1);
#1828=CIRCLE('',#1827,9.E-1);
#1833=CIRCLE('',#1832,1.E0);
#1842=CIRCLE('',#1841,1.E0);
#1847=CIRCLE('',#1846,1.E0);
#1856=CIRCLE('',#1855,1.E0);
#1861=CIRCLE('',#1860,1.E0);
#1870=CIRCLE('',#1869,1.E0);
#1875=CIRCLE('',#1874,9.E-1);
#1880=CIRCLE('',#1879,2.5E0);
#1889=CIRCLE('',#1888,2.5E0);
#1898=CIRCLE('',#1897,9.E-1);
#1903=CIRCLE('',#1902,9.E-1);
#1908=CIRCLE('',#1907,2.5E0);
#1913=CIRCLE('',#1912,2.5E0);
#1918=CIRCLE('',#1917,9.E-1);
#1923=CIRCLE('',#1922,9.E-1);
#1928=CIRCLE('',#1927,9.E-1);
#1933=CIRCLE('',#1932,2.5E0);
#1938=CIRCLE('',#1937,2.5E0);
#1943=CIRCLE('',#1942,9.E-1);
#1948=CIRCLE('',#1947,9.E-1);
#1953=CIRCLE('',#1952,2.5E0);
#1962=CIRCLE('',#1961,2.5E0);
#1971=CIRCLE('',#1970,9.E-1);
#1976=CIRCLE('',#1975,2.5E0);
#1985=CIRCLE('',#1984,2.5E0);
#1994=CIRCLE('',#1993,9.E-1);
#1999=CIRCLE('',#1998,9.E-1);
#2004=CIRCLE('',#2003,2.5E0);
#2009=CIRCLE('',#2008,2.5E0);
#2014=CIRCLE('',#2013,9.E-1);
#2472=EDGE_CURVE('',#2269,#2282,#14,.T.);
#2474=EDGE_CURVE('',#2172,#2269,#427,.T.);
#2476=EDGE_CURVE('',#2134,#2172,#369,.T.);
#2478=EDGE_CURVE('',#2134,#2282,#4,.T.);
#2488=EDGE_CURVE('',#2284,#2267,#9,.T.);
#2490=EDGE_CURVE('',#2267,#2269,#447,.T.);
#2493=EDGE_CURVE('',#2284,#2282,#24,.T.);
#2503=EDGE_CURVE('',#2189,#2190,#191,.T.);
#2505=EDGE_CURVE('',#2190,#2189,#205,.T.);
#2515=EDGE_CURVE('',#2193,#2194,#1781,.T.);
#2517=EDGE_CURVE('',#2194,#2193,#1795,.T.);
#2527=EDGE_CURVE('',#2197,#2198,#1847,.T.);
#2529=EDGE_CURVE('',#2198,#2197,#1861,.T.);
#2539=EDGE_CURVE('',#2221,#2222,#49,.T.);
#2541=EDGE_CURVE('',#2222,#2221,#54,.T.);
#2551=EDGE_CURVE('',#2245,#2239,#68,.T.);
#2553=EDGE_CURVE('',#2287,#2239,#744,.T.);
#2555=EDGE_CURVE('',#2289,#2287,#72,.T.);
#2557=EDGE_CURVE('',#2293,#2289,#77,.T.);
#2559=EDGE_CURVE('',#2297,#2293,#81,.T.);
#2561=EDGE_CURVE('',#2301,#2297,#86,.T.);
#2563=EDGE_CURVE('',#2305,#2301,#91,.T.);
#2565=EDGE_CURVE('',#2312,#2305,#637,.T.);
#2567=EDGE_CURVE('',#2311,#2312,#95,.T.);
#2569=EDGE_CURVE('',#2265,#2311,#467,.T.);
#2571=EDGE_CURVE('',#2267,#2265,#100,.T.);
#2574=EDGE_CURVE('',#2284,#2280,#104,.T.);
#2576=EDGE_CURVE('',#2280,#2276,#109,.T.);
#2578=EDGE_CURVE('',#2276,#2270,#113,.T.);
#2580=EDGE_CURVE('',#2261,#2270,#916,.T.);
#2582=EDGE_CURVE('',#2261,#2257,#117,.T.);
#2584=EDGE_CURVE('',#2257,#2253,#122,.T.);
#2586=EDGE_CURVE('',#2253,#2249,#126,.T.);
#2588=EDGE_CURVE('',#2249,#2245,#131,.T.);
#2592=EDGE_CURVE('',#2201,#2202,#29,.T.);
#2594=EDGE_CURVE('',#2202,#2201,#34,.T.);
#2598=EDGE_CURVE('',#2209,#2210,#39,.T.);
#2600=EDGE_CURVE('',#2210,#2209,#44,.T.);
#2604=EDGE_CURVE('',#2229,#2230,#59,.T.);
#2606=EDGE_CURVE('',#2230,#2229,#64,.T.);
#2610=EDGE_CURVE('',#2339,#2340,#136,.T.);
#2612=EDGE_CURVE('',#2340,#2344,#140,.T.);
#2614=EDGE_CURVE('',#2344,#2237,#145,.T.);
#2616=EDGE_CURVE('',#2237,#2238,#150,.T.);
#2618=EDGE_CURVE('',#2238,#2346,#155,.T.);
#2620=EDGE_CURVE('',#2346,#2350,#159,.T.);
#2622=EDGE_CURVE('',#2350,#2354,#164,.T.);
#2624=EDGE_CURVE('',#2354,#2358,#168,.T.);
#2626=EDGE_CURVE('',#2358,#2362,#173,.T.);
#2628=EDGE_CURVE('',#2362,#2366,#177,.T.);
#2630=EDGE_CURVE('',#2366,#2370,#182,.T.);
#2632=EDGE_CURVE('',#2370,#2339,#186,.T.);
#2643=EDGE_CURVE('',#2190,#2390,#195,.T.);
#2645=EDGE_CURVE('',#2389,#2390,#200,.T.);
#2647=EDGE_CURVE('',#2189,#2389,#209,.T.);
#2659=EDGE_CURVE('',#2390,#2389,#214,.T.);
#2670=EDGE_CURVE('',#2409,#2410,#219,.T.);
#2672=EDGE_CURVE('',#2410,#2409,#224,.T.);
#2676=EDGE_CURVE('',#2393,#2394,#1790,.T.);
#2678=EDGE_CURVE('',#2394,#2393,#1804,.T.);
#2688=EDGE_CURVE('',#2413,#2414,#229,.T.);
#2690=EDGE_CURVE('',#2414,#2413,#234,.T.);
#2704=EDGE_CURVE('',#2425,#2426,#239,.T.);
#2706=EDGE_CURVE('',#2426,#2425,#244,.T.);
#2710=EDGE_CURVE('',#2397,#2398,#1818,.T.);
#2712=EDGE_CURVE('',#2398,#2397,#1842,.T.);
#2722=EDGE_CURVE('',#2433,#2434,#249,.T.);
#2724=EDGE_CURVE('',#2434,#2433,#254,.T.);
#2728=EDGE_CURVE('',#2401,#2402,#1856,.T.);
#2730=EDGE_CURVE('',#2402,#2401,#1870,.T.);
#2740=EDGE_CURVE('',#2441,#2442,#259,.T.);
#2742=EDGE_CURVE('',#2442,#2441,#264,.T.);
#2746=EDGE_CURVE('',#2381,#2382,#1483,.T.);
#2748=EDGE_CURVE('',#2382,#2381,#1492,.T.);
#2758=EDGE_CURVE('',#2449,#2450,#269,.T.);
#2760=EDGE_CURVE('',#2450,#2449,#274,.T.);
#2764=EDGE_CURVE('',#2385,#2386,#1399,.T.);
#2766=EDGE_CURVE('',#2386,#2385,#1408,.T.);
#2776=EDGE_CURVE('',#2457,#2458,#279,.T.);
#2778=EDGE_CURVE('',#2458,#2457,#284,.T.);
#2782=EDGE_CURVE('',#2373,#2374,#299,.T.);
#2784=EDGE_CURVE('',#2374,#2373,#308,.T.);
#2794=EDGE_CURVE('',#2465,#2466,#289,.T.);
#2796=EDGE_CURVE('',#2466,#2465,#294,.T.);
#2800=EDGE_CURVE('',#2377,#2378,#1315,.T.);
#2802=EDGE_CURVE('',#2378,#2377,#1324,.T.);
#2813=EDGE_CURVE('',#2373,#2050,#303,.T.);
#2815=EDGE_CURVE('',#2049,#2050,#317,.T.);
#2817=EDGE_CURVE('',#2374,#2049,#312,.T.);
#2829=EDGE_CURVE('',#2050,#2049,#322,.T.);
#2844=EDGE_CURVE('',#2045,#2046,#327,.T.);
#2846=EDGE_CURVE('',#2046,#2045,#332,.T.);
#2857=EDGE_CURVE('',#2045,#2042,#336,.T.);
#2859=EDGE_CURVE('',#2041,#2042,#355,.T.);
#2861=EDGE_CURVE('',#2046,#2041,#340,.T.);
#2873=EDGE_CURVE('',#2042,#2041,#360,.T.);
#2884=EDGE_CURVE('',#2036,#2038,#345,.T.);
#2886=EDGE_CURVE('',#2038,#2036,#350,.T.);
#2900=EDGE_CURVE('',#2121,#2122,#399,.T.);
#2902=EDGE_CURVE('',#2038,#2121,#1776,.T.);
#2905=EDGE_CURVE('',#2036,#2034,#364,.T.);
#2907=EDGE_CURVE('',#2033,#2034,#1772,.T.);
#2909=EDGE_CURVE('',#2122,#2033,#1767,.T.);
#2920=EDGE_CURVE('',#2172,#2169,#423,.T.);
#2922=EDGE_CURVE('',#2169,#2170,#1234,.T.);
#2924=EDGE_CURVE('',#2170,#2174,#1206,.T.);
#2926=EDGE_CURVE('',#2174,#2130,#540,.T.);
#2928=EDGE_CURVE('',#2130,#2128,#552,.T.);
#2930=EDGE_CURVE('',#2125,#2128,#1186,.T.);
#2932=EDGE_CURVE('',#2125,#2126,#1172,.T.);
#2934=EDGE_CURVE('',#2126,#2166,#1144,.T.);
#2936=EDGE_CURVE('',#2164,#2166,#1114,.T.);
#2938=EDGE_CURVE('',#2164,#2162,#1100,.T.);
#2940=EDGE_CURVE('',#2162,#2160,#1086,.T.);
#2942=EDGE_CURVE('',#2160,#2158,#1074,.T.);
#2944=EDGE_CURVE('',#2158,#2156,#686,.T.);
#2946=EDGE_CURVE('',#2156,#2154,#717,.T.);
#2948=EDGE_CURVE('',#2154,#2152,#1049,.T.);
#2950=EDGE_CURVE('',#2152,#2150,#773,.T.);
#2952=EDGE_CURVE('',#2148,#2150,#787,.T.);
#2954=EDGE_CURVE('',#2148,#2146,#809,.T.);
#2956=EDGE_CURVE('',#2146,#2144,#823,.T.);
#2958=EDGE_CURVE('',#2144,#2142,#878,.T.);
#2960=EDGE_CURVE('',#2142,#2140,#1029,.T.);
#2962=EDGE_CURVE('',#2140,#2138,#1001,.T.);
#2964=EDGE_CURVE('',#2138,#2136,#956,.T.);
#2966=EDGE_CURVE('',#2133,#2136,#970,.T.);
#2968=EDGE_CURVE('',#2133,#2134,#987,.T.);
#2972=EDGE_CURVE('',#2177,#2178,#374,.T.);
#2974=EDGE_CURVE('',#2177,#2178,#1253,.T.);
#2978=EDGE_CURVE('',#2185,#2186,#1337,.T.);
#2980=EDGE_CURVE('',#2186,#2185,#1346,.T.);
#2984=EDGE_CURVE('',#2181,#2182,#1421,.T.);
#2986=EDGE_CURVE('',#2182,#2181,#1430,.T.);
#2990=EDGE_CURVE('',#2017,#2018,#379,.T.);
#2992=EDGE_CURVE('',#2020,#2018,#1564,.T.);
#2994=EDGE_CURVE('',#2020,#2022,#384,.T.);
#2996=EDGE_CURVE('',#2024,#2022,#1547,.T.);
#2998=EDGE_CURVE('',#2024,#2026,#389,.T.);
#3000=EDGE_CURVE('',#2028,#2026,#1530,.T.);
#3002=EDGE_CURVE('',#2028,#2030,#394,.T.);
#3004=EDGE_CURVE('',#2017,#2030,#1513,.T.);
#3009=EDGE_CURVE('',#2121,#2122,#1763,.T.);
#3019=EDGE_CURVE('',#2263,#2264,#414,.T.);
#3021=EDGE_CURVE('',#2264,#2169,#418,.T.);
#3025=EDGE_CURVE('',#2269,#2263,#432,.T.);
#3096=EDGE_CURVE('',#2265,#2263,#437,.T.);
#3098=EDGE_CURVE('',#2265,#2264,#462,.T.);
#3122=EDGE_CURVE('',#2311,#2318,#472,.T.);
#3124=EDGE_CURVE('',#2318,#2332,#1201,.T.);
#3126=EDGE_CURVE('',#2332,#2264,#1224,.T.);
#3248=EDGE_CURVE('',#2315,#2316,#531,.T.);
#3250=EDGE_CURVE('',#2316,#2318,#499,.T.);
#3253=EDGE_CURVE('',#2315,#2311,#526,.T.);
#3264=EDGE_CURVE('',#2315,#2130,#535,.T.);
#3267=EDGE_CURVE('',#2174,#2316,#544,.T.);
#3277=EDGE_CURVE('',#2323,#2315,#556,.T.);
#3279=EDGE_CURVE('',#2323,#2128,#548,.T.);
#3292=EDGE_CURVE('',#2312,#2323,#611,.T.);
#3416=EDGE_CURVE('',#2312,#2320,#632,.T.);
#3418=EDGE_CURVE('',#2320,#2324,#583,.T.);
#3420=EDGE_CURVE('',#2323,#2324,#1177,.T.);
#3431=EDGE_CURVE('',#2308,#2305,#627,.T.);
#3433=EDGE_CURVE('',#2308,#2330,#1139,.T.);
#3435=EDGE_CURVE('',#2330,#2320,#1158,.T.);
#3512=EDGE_CURVE('',#2305,#2307,#642,.T.);
#3514=EDGE_CURVE('',#2308,#2307,#1134,.T.);
#3525=EDGE_CURVE('',#2301,#2303,#647,.T.);
#3527=EDGE_CURVE('',#2307,#2303,#1109,.T.);
#3539=EDGE_CURVE('',#2297,#2299,#652,.T.);
#3541=EDGE_CURVE('',#2303,#2299,#1095,.T.);
#3553=EDGE_CURVE('',#2293,#2295,#657,.T.);
#3555=EDGE_CURVE('',#2299,#2295,#1082,.T.);
#3567=EDGE_CURVE('',#2289,#2291,#662,.T.);
#3569=EDGE_CURVE('',#2295,#2291,#1069,.T.);
#3581=EDGE_CURVE('',#2287,#2285,#667,.T.);
#3583=EDGE_CURVE('',#2291,#2285,#694,.T.);
#3638=EDGE_CURVE('',#2285,#2286,#678,.T.);
#3641=EDGE_CURVE('',#2287,#2286,#739,.T.);
#3652=EDGE_CURVE('',#2286,#2156,#682,.T.);
#3655=EDGE_CURVE('',#2158,#2291,#690,.T.);
#3666=EDGE_CURVE('',#2286,#2326,#699,.T.);
#3668=EDGE_CURVE('',#2326,#2438,#703,.T.);
#3670=EDGE_CURVE('',#2437,#2438,#708,.T.);
#3672=EDGE_CURVE('',#2437,#2154,#712,.T.);
#3684=EDGE_CURVE('',#2239,#2240,#728,.T.);
#3686=EDGE_CURVE('',#2326,#2240,#1044,.T.);
#3744=EDGE_CURVE('',#2241,#2239,#749,.T.);
#3746=EDGE_CURVE('',#2241,#2240,#765,.T.);
#3756=EDGE_CURVE('',#2243,#2241,#769,.T.);
#3760=EDGE_CURVE('',#2243,#2245,#754,.T.);
#3772=EDGE_CURVE('',#2150,#2243,#791,.T.);
#3775=EDGE_CURVE('',#2152,#2240,#777,.T.);
#3785=EDGE_CURVE('',#2247,#2243,#782,.T.);
#3787=EDGE_CURVE('',#2148,#2247,#813,.T.);
#3802=EDGE_CURVE('',#2247,#2249,#796,.T.);
#3812=EDGE_CURVE('',#2251,#2247,#805,.T.);
#3816=EDGE_CURVE('',#2251,#2253,#801,.T.);
#3827=EDGE_CURVE('',#2146,#2251,#827,.T.);
#3839=EDGE_CURVE('',#2255,#2251,#818,.T.);
#3841=EDGE_CURVE('',#2144,#2255,#882,.T.);
#3856=EDGE_CURVE('',#2255,#2257,#832,.T.);
#3866=EDGE_CURVE('',#2259,#2255,#841,.T.);
#3870=EDGE_CURVE('',#2259,#2261,#837,.T.);
#3881=EDGE_CURVE('',#2262,#2259,#870,.T.);
#3883=EDGE_CURVE('',#2262,#2142,#874,.T.);
#4013=EDGE_CURVE('',#2262,#2261,#911,.T.);
#4025=EDGE_CURVE('',#2270,#2271,#927,.T.);
#4027=EDGE_CURVE('',#2328,#2271,#996,.T.);
#4029=EDGE_CURVE('',#2262,#2328,#1011,.T.);
#4084=EDGE_CURVE('',#2272,#2270,#932,.T.);
#4086=EDGE_CURVE('',#2272,#2271,#948,.T.);
#4096=EDGE_CURVE('',#2274,#2272,#952,.T.);
#4100=EDGE_CURVE('',#2274,#2276,#937,.T.);
#4112=EDGE_CURVE('',#2136,#2274,#974,.T.);
#4115=EDGE_CURVE('',#2138,#2271,#960,.T.);
#4125=EDGE_CURVE('',#2278,#2274,#965,.T.);
#4127=EDGE_CURVE('',#2133,#2278,#991,.T.);
#4142=EDGE_CURVE('',#2278,#2280,#979,.T.);
#4152=EDGE_CURVE('',#2282,#2278,#983,.T.);
#4180=EDGE_CURVE('',#2445,#2140,#1024,.T.);
#4182=EDGE_CURVE('',#2446,#2445,#1006,.T.);
#4184=EDGE_CURVE('',#2328,#2446,#1015,.T.);
#4196=EDGE_CURVE('',#2445,#2446,#1020,.T.);
#4210=EDGE_CURVE('',#2446,#2450,#1039,.T.);
#4213=EDGE_CURVE('',#2445,#2449,#1034,.T.);
#4239=EDGE_CURVE('',#2438,#2437,#1054,.T.);
#4251=EDGE_CURVE('',#2437,#2441,#1064,.T.);
#4254=EDGE_CURVE('',#2438,#2442,#1059,.T.);
#4279=EDGE_CURVE('',#2160,#2295,#1078,.T.);
#4292=EDGE_CURVE('',#2162,#2299,#1090,.T.);
#4305=EDGE_CURVE('',#2164,#2303,#1104,.T.);
#4318=EDGE_CURVE('',#2166,#2308,#1118,.T.);
#4332=EDGE_CURVE('',#2126,#2454,#1148,.T.);
#4334=EDGE_CURVE('',#2453,#2454,#1153,.T.);
#4336=EDGE_CURVE('',#2330,#2453,#1162,.T.);
#4346=EDGE_CURVE('',#2324,#2125,#1181,.T.);
#4351=EDGE_CURVE('',#2454,#2453,#1167,.T.);
#4376=EDGE_CURVE('',#2453,#2457,#1196,.T.);
#4379=EDGE_CURVE('',#2454,#2458,#1191,.T.);
#4405=EDGE_CURVE('',#2170,#2462,#1210,.T.);
#4407=EDGE_CURVE('',#2461,#2462,#1215,.T.);
#4409=EDGE_CURVE('',#2461,#2332,#1219,.T.);
#4421=EDGE_CURVE('',#2462,#2461,#1229,.T.);
#4435=EDGE_CURVE('',#2461,#2465,#1244,.T.);
#4438=EDGE_CURVE('',#2462,#2466,#1239,.T.);
#4461=EDGE_CURVE('',#2066,#2177,#1266,.T.);
#4463=EDGE_CURVE('',#2065,#2066,#1271,.T.);
#4465=EDGE_CURVE('',#2065,#2068,#1248,.T.);
#4467=EDGE_CURVE('',#2070,#2068,#1262,.T.);
#4469=EDGE_CURVE('',#2178,#2070,#1257,.T.);
#4483=EDGE_CURVE('',#2066,#2065,#1276,.T.);
#4498=EDGE_CURVE('',#2062,#2060,#1281,.T.);
#4500=EDGE_CURVE('',#2060,#2062,#1286,.T.);
#4510=EDGE_CURVE('',#2057,#2058,#1305,.T.);
#4512=EDGE_CURVE('',#2057,#2060,#1290,.T.);
#4515=EDGE_CURVE('',#2058,#2062,#1332,.T.);
#4525=EDGE_CURVE('',#2053,#2054,#1295,.T.);
#4527=EDGE_CURVE('',#2054,#2053,#1300,.T.);
#4532=EDGE_CURVE('',#2058,#2057,#1310,.T.);
#4543=EDGE_CURVE('',#2377,#2054,#1319,.T.);
#4546=EDGE_CURVE('',#2378,#2053,#1328,.T.);
#4581=EDGE_CURVE('',#2102,#2186,#1350,.T.);
#4583=EDGE_CURVE('',#2101,#2102,#1355,.T.);
#4585=EDGE_CURVE('',#2101,#2185,#1341,.T.);
#4597=EDGE_CURVE('',#2102,#2101,#1360,.T.);
#4612=EDGE_CURVE('',#2098,#2096,#1365,.T.);
#4614=EDGE_CURVE('',#2096,#2098,#1370,.T.);
#4624=EDGE_CURVE('',#2093,#2094,#1389,.T.);
#4626=EDGE_CURVE('',#2093,#2096,#1374,.T.);
#4629=EDGE_CURVE('',#2094,#2098,#1416,.T.);
#4639=EDGE_CURVE('',#2089,#2090,#1379,.T.);
#4641=EDGE_CURVE('',#2090,#2089,#1384,.T.);
#4646=EDGE_CURVE('',#2094,#2093,#1394,.T.);
#4657=EDGE_CURVE('',#2385,#2090,#1403,.T.);
#4660=EDGE_CURVE('',#2386,#2089,#1412,.T.);
#4695=EDGE_CURVE('',#2086,#2182,#1434,.T.);
#4697=EDGE_CURVE('',#2085,#2086,#1439,.T.);
#4699=EDGE_CURVE('',#2085,#2181,#1425,.T.);
#4711=EDGE_CURVE('',#2086,#2085,#1444,.T.);
#4726=EDGE_CURVE('',#2082,#2080,#1449,.T.);
#4728=EDGE_CURVE('',#2080,#2082,#1454,.T.);
#4738=EDGE_CURVE('',#2077,#2078,#1473,.T.);
#4740=EDGE_CURVE('',#2077,#2080,#1458,.T.);
#4743=EDGE_CURVE('',#2078,#2082,#1500,.T.);
#4753=EDGE_CURVE('',#2073,#2074,#1463,.T.);
#4755=EDGE_CURVE('',#2074,#2073,#1468,.T.);
#4760=EDGE_CURVE('',#2078,#2077,#1478,.T.);
#4771=EDGE_CURVE('',#2381,#2074,#1487,.T.);
#4774=EDGE_CURVE('',#2382,#2073,#1496,.T.);
#4809=EDGE_CURVE('',#2017,#2114,#1504,.T.);
#4811=EDGE_CURVE('',#2114,#2112,#1509,.T.);
#4813=EDGE_CURVE('',#2018,#2112,#1568,.T.);
#4824=EDGE_CURVE('',#2030,#2116,#1517,.T.);
#4826=EDGE_CURVE('',#2114,#2116,#1624,.T.);
#4838=EDGE_CURVE('',#2028,#2118,#1521,.T.);
#4840=EDGE_CURVE('',#2118,#2116,#1526,.T.);
#4852=EDGE_CURVE('',#2026,#2106,#1534,.T.);
#4854=EDGE_CURVE('',#2118,#2106,#1653,.T.);
#4866=EDGE_CURVE('',#2024,#2105,#1538,.T.);
#4868=EDGE_CURVE('',#2105,#2106,#1543,.T.);
#4880=EDGE_CURVE('',#2022,#2108,#1551,.T.);
#4882=EDGE_CURVE('',#2105,#2108,#1682,.T.);
#4894=EDGE_CURVE('',#2020,#2110,#1555,.T.);
#4896=EDGE_CURVE('',#2110,#2108,#1560,.T.);
#4909=EDGE_CURVE('',#2110,#2112,#1576,.T.);
#4920=EDGE_CURVE('',#2336,#2342,#1572,.T.);
#4922=EDGE_CURVE('',#2110,#2336,#1703,.T.);
#4925=EDGE_CURVE('',#2112,#2348,#1580,.T.);
#4927=EDGE_CURVE('',#2345,#2348,#1584,.T.);
#4929=EDGE_CURVE('',#2342,#2345,#1591,.T.);
#4940=EDGE_CURVE('',#2342,#2344,#1599,.T.);
#4943=EDGE_CURVE('',#2336,#2340,#1595,.T.);
#4982=EDGE_CURVE('',#2345,#2346,#1603,.T.);
#4984=EDGE_CURVE('',#2344,#2346,#1710,.T.);
#4996=EDGE_CURVE('',#2348,#2350,#1607,.T.);
#5008=EDGE_CURVE('',#2348,#2352,#1612,.T.);
#5010=EDGE_CURVE('',#2352,#2354,#1632,.T.);
#5025=EDGE_CURVE('',#2114,#2352,#1616,.T.);
#5035=EDGE_CURVE('',#2352,#2356,#1620,.T.);
#5039=EDGE_CURVE('',#2116,#2356,#1628,.T.);
#5050=EDGE_CURVE('',#2356,#2358,#1636,.T.);
#5062=EDGE_CURVE('',#2356,#2360,#1641,.T.);
#5064=EDGE_CURVE('',#2360,#2362,#1661,.T.);
#5079=EDGE_CURVE('',#2118,#2360,#1645,.T.);
#5089=EDGE_CURVE('',#2360,#2364,#1649,.T.);
#5093=EDGE_CURVE('',#2106,#2364,#1657,.T.);
#5104=EDGE_CURVE('',#2364,#2366,#1665,.T.);
#5116=EDGE_CURVE('',#2364,#2368,#1670,.T.);
#5118=EDGE_CURVE('',#2368,#2370,#1690,.T.);
#5133=EDGE_CURVE('',#2368,#2105,#1678,.T.);
#5143=EDGE_CURVE('',#2368,#2335,#1674,.T.);
#5147=EDGE_CURVE('',#2108,#2335,#1686,.T.);
#5158=EDGE_CURVE('',#2335,#2339,#1694,.T.);
#5170=EDGE_CURVE('',#2335,#2336,#1699,.T.);
#5197=EDGE_CURVE('',#2238,#2233,#1715,.T.);
#5199=EDGE_CURVE('',#2233,#2234,#1743,.T.);
#5201=EDGE_CURVE('',#2237,#2234,#1720,.T.);
#5214=EDGE_CURVE('',#2234,#2233,#1725,.T.);
#5226=EDGE_CURVE('',#2234,#2429,#1729,.T.);
#5228=EDGE_CURVE('',#2430,#2429,#1734,.T.);
#5230=EDGE_CURVE('',#2430,#2233,#1738,.T.);
#5242=EDGE_CURVE('',#2429,#2430,#1748,.T.);
#5254=EDGE_CURVE('',#2430,#2434,#1758,.T.);
#5257=EDGE_CURVE('',#2429,#2433,#1753,.T.);
#5294=EDGE_CURVE('',#2194,#2394,#1785,.T.);
#5297=EDGE_CURVE('',#2193,#2393,#1799,.T.);
#5319=EDGE_CURVE('',#2218,#2217,#1809,.T.);
#5321=EDGE_CURVE('',#2217,#2398,#1813,.T.);
#5324=EDGE_CURVE('',#2218,#2397,#1837,.T.);
#5359=EDGE_CURVE('',#2218,#2222,#1823,.T.);
#5362=EDGE_CURVE('',#2217,#2221,#1828,.T.);
#5396=EDGE_CURVE('',#2217,#2218,#1833,.T.);
#5422=EDGE_CURVE('',#2198,#2402,#1851,.T.);
#5425=EDGE_CURVE('',#2197,#2401,#1865,.T.);
#5447=EDGE_CURVE('',#2405,#2406,#1889,.T.);
#5449=EDGE_CURVE('',#2406,#2410,#1918,.T.);
#5452=EDGE_CURVE('',#2405,#2409,#1875,.T.);
#5462=EDGE_CURVE('',#2213,#2214,#1880,.T.);
#5464=EDGE_CURVE('',#2213,#2406,#1884,.T.);
#5467=EDGE_CURVE('',#2405,#2214,#1893,.T.);
#5478=EDGE_CURVE('',#2209,#2213,#1898,.T.);
#5481=EDGE_CURVE('',#2210,#2214,#1903,.T.);
#5493=EDGE_CURVE('',#2214,#2213,#1908,.T.);
#5506=EDGE_CURVE('',#2406,#2405,#1913,.T.);
#5530=EDGE_CURVE('',#2414,#2418,#1928,.T.);
#5532=EDGE_CURVE('',#2417,#2418,#1962,.T.);
#5534=EDGE_CURVE('',#2413,#2417,#1923,.T.);
#5546=EDGE_CURVE('',#2418,#2417,#1938,.T.);
#5557=EDGE_CURVE('',#2206,#2205,#1933,.T.);
#5559=EDGE_CURVE('',#2418,#2206,#1966,.T.);
#5562=EDGE_CURVE('',#2205,#2417,#1957,.T.);
#5573=EDGE_CURVE('',#2202,#2206,#1943,.T.);
#5576=EDGE_CURVE('',#2201,#2205,#1948,.T.);
#5588=EDGE_CURVE('',#2205,#2206,#1953,.T.);
#5611=EDGE_CURVE('',#2421,#2422,#1985,.T.);
#5613=EDGE_CURVE('',#2422,#2426,#2014,.T.);
#5616=EDGE_CURVE('',#2421,#2425,#1971,.T.);
#5626=EDGE_CURVE('',#2225,#2226,#1976,.T.);
#5628=EDGE_CURVE('',#2226,#2422,#1980,.T.);
#5631=EDGE_CURVE('',#2421,#2225,#1989,.T.);
#5642=EDGE_CURVE('',#2225,#2229,#1994,.T.);
#5645=EDGE_CURVE('',#2226,#2230,#1999,.T.);
#5655=EDGE_CURVE('',#2226,#2225,#2004,.T.);
#5670=EDGE_CURVE('',#2422,#2421,#2009,.T.);
#5688=CLOSED_SHELL('',(#2482,#2497,#2509,#2521,#2533,#2545,#2636,#2651,#2664,
#2682,#2698,#2716,#2734,#2752,#2770,#2788,#2806,#2821,#2834,#2850,#2865,#2878,
#2894,#2913,#3013,#3029,#3102,#3114,#3130,#3257,#3271,#3285,#3298,#3425,#3441,
#3518,#3532,#3546,#3560,#3574,#3588,#3645,#3660,#3678,#3693,#3750,#3764,#3779,
#3793,#3806,#3820,#3833,#3847,#3860,#3874,#3889,#4017,#4033,#4090,#4104,#4119,
#4133,#4146,#4159,#4171,#4188,#4203,#4217,#4229,#4244,#4258,#4270,#4283,#4296,
#4309,#4323,#4340,#4357,#4369,#4383,#4395,#4413,#4428,#4442,#4454,#4473,#4488,
#4504,#4519,#4536,#4550,#4562,#4574,#4589,#4602,#4618,#4633,#4650,#4664,#4676,
#4688,#4703,#4716,#4732,#4747,#4764,#4778,#4790,#4802,#4817,#4831,#4845,#4859,
#4873,#4887,#4901,#4914,#4933,#4947,#4989,#5002,#5016,#5029,#5043,#5056,#5070,
#5083,#5097,#5110,#5124,#5137,#5151,#5164,#5177,#5189,#5206,#5219,#5234,#5247,
#5261,#5273,#5287,#5301,#5313,#5328,#5366,#5403,#5415,#5429,#5441,#5456,#5471,
#5485,#5498,#5511,#5523,#5538,#5551,#5566,#5580,#5593,#5605,#5620,#5635,#5649,
#5662,#5675,#5687));
#5689=MANIFOLD_SOLID_BREP('',#5688);
#5690=(LENGTH_UNIT()NAMED_UNIT(*)SI_UNIT(.MILLI.,.METRE.));
#5692=(NAMED_UNIT(*)PLANE_ANGLE_UNIT()SI_UNIT($,.RADIAN.));
#5695=(NAMED_UNIT(*)SI_UNIT($,.STERADIAN.)SOLID_ANGLE_UNIT());
#5698=ADVANCED_BREP_SHAPE_REPRESENTATION('',(#5689),#5697);
#5705=PRODUCT_DEFINITION('design','',#5704,#5701);
#5706=PRODUCT_DEFINITION_SHAPE('','SHAPE FOR PINGMUGUDINGBAN.',#5705);
#5707=SHAPE_DEFINITION_REPRESENTATION(#5706,#5698);
ENDSEC;
END-ISO-10303-21;
