:020000022000DC
:1070000000000420B9F90200F1F9020049DD020094
:10701000F5F9020055DD02005BDD02000000000012
:10702000000000000000000000000000DD8D0200F4
:10703000FDF9020000000000778E0200878E02003A
:107040004131030061B2020003FA020003FA0200B8
:1070500003FA020003FA020003FA020003FA020034
:1070600003FA020003FA020003FA020003FA020024
:1070700003FA0200D532030003FA020079B20200DB
:1070800003FA020003FA020003FA020003FA020004
:1070900003FA020003FA020003FA020003FA0200F4
:1070A00003FA020003FA020003FA020003FA0200E4
:1070B00003FA020003FA02000000000000000000D2
:1070C00003FA020003FA020003FA020003FA0200C4
:1070D00003FA020003FA020003FA020003FA0200B4
:1070E00003FA020003FA020003FA020000000000A3
:1070F0000000000003FA02000000000003FA020092
:1071000010B5054C237833B9044B13B10448AFF3E1
:1071100000800123237010BDD86D00200000000006
:10712000B4A9030008B5034B1BB103490348AFF3EF
:10713000008008BD00000000DC6D0020B4A9030041
:10714000154B002B08BF134B9D46A3F5803A002139
:107150008B460F461348144A121A0EF011FA0F4BC1
:10716000002B00D098470E4B002B00D098470020F2
:10717000002104000D000D48002802D00C4807F043
:107180007BFB0DF00BFD2000290003F09FFE07F0B4
:1071900070FB00BF00000800000004200000000099
:1071A00029AE0200D86D0020A80B012079E802006A
:1071B0000000000001210C2001F09EBD08B5012156
:1071C0000C2001F0DBFD4FF47A7001F03BFD0C2048
:1071D000002101F0D3FD4FF47A70BDE8084001F0C2
:1071E00031BD30B5A1F11004002500F00F02D3B27B
:1071F000092ACCBF373330338B73CD7302398C42BD
:107200004FEA1010F1D130BD2120704730B5012177
:1072100085B00C2001F070FD01210C2001F0AEFDC5
:107220004FF080430024C3F85C4503F588334FF4E6
:107230008032C3F84823C3F80823A3F570436D4692
:10724000C3F80045C3F80045094B0FCB85E80F0094
:10725000234620464FF0FF3155F823200133042BFD
:10726000C2F80005C2F86015F6D105B030BD00BF08
:10727000508B030038B54FF0805504462146D5F8B1
:10728000A800FFF7AEFFD5F8A40004F11001FFF746
:10729000A8FF202038BD000072B64FF080434E2278
:1072A000C3F81C25BFF34F8F0549064BCA6802F48B
:1072B000E0621343CB60BFF34F8F00BFFDE700BF19
:1072C00000ED00E00400FA0570470B6803604B68AE
:1072D00043608B6883607047C3680BB19B68184735
:1072E00070470020704770B590F834310546144659
:1072F000F3B90368DB69984704F47063B3F5407F22
:1073000004F0F0030CBF0721082104F00F02302B1A
:107310000CBF02230123012A08D0901E42424241A1
:10732000A869BDE87040006804F0F2B80222F7E7EF
:1073300070BD10B590F8343104462BB9A3691868B4
:1073400004F00EF90028F9D010BD38B590F834518A
:107350000446A5B983695BB1186848B10368DB6866
:107360009847A3691D600421A06907F0A5FCA561E9
:107370000023C4F82431C4F82831C4F82C3138BDB6
:1073800013B590F8343104466BBBA369186804F058
:10739000D6F840B306F034FFA369186803680122E9
:1073A0005B690DF107019847D4F82C31B3F5807F64
:1073B00016D0D4F82C31B3F5807F11D0D4F8243115
:1073C0009DF80720234483F82420D4F82431013386
:1073D000DBB2C4F82431D4F82C310133C4F82C3199
:1073E00006F024FFD1E702B010BD00007FB590F891
:1073F000343104460D46002B34D1866926B9042069
:1074000007F044FCA0610660A369186860BB4FF4F4
:10741000807007F03BFC2B4694F9212094F9201052
:10742000064604F035FBA3691E6094F92220531C24
:1074300006D0A06994F923300068032104F038FBDA
:10744000A369186870B10A4B03930022094B01939A
:1074500069460094029204F094F8039B13B19B6870
:107460006846984704B070BD294604F03DF8DCE753
:10747000608B03008173020010B4D0E9013401680D
:107480006210E40701EB020048BF8A585DF8044B24
:1074900048BFD3581847000008B590F834313BB1C5
:1074A000012001F0CFFB0648BDE8084001F032BAE8
:1074B00082691AB11368003318BF0123184608BD4A
:1074C000F875002010B50446FFF79EFE84423BBFCE
:1074D0002401024B4FF0FF30185710BD046000200C
:1074E00070B504460D4601F015FA30B123682946FF
:1074F00020461B6CBDE87040184770BDA0F5A07019
:10750000EEE7000013B590F834318DF8071004460B
:107510002BB1C9B20B48FFF7E3FF02B010BDA3695E
:10752000186804F01DF80028F9D0A36918680368EA
:1075300001221B690DF107019847013018BF012096
:10754000EBE700BFF87500202DE9F04107468846BB
:10755000164601F0DFF970B10024A6420CD9351BA4
:10756000402D28BF402508EB04012A46384600F08C
:10757000B7FE2C44F1E704462046BDE8F081A0F5B3
:10758000A070E1E770B590F8343105460E46144618
:107590002BB10F48FFF7D8FF0446204670BDAB69FA
:1075A000186803F0DDFF0028F9D0AB691868D0F83F
:1075B000FC3001211B6BFC309847AB6918680368ED
:1075C00022461B6931469847013008BF0024E4E792
:1075D000F875002030B50446C3B001F015F9D4F8B1
:1075E0005832C3F5807398420546C4BFD4F8585248
:1075F000C5F580752A4601AB02A9204600F05AFF66
:10760000019902AB6D1A00221D44D4F85832B3F52B
:10761000807F19D08A4217D0D4F85832B3F5807FD2
:1076200010D0D4F85032A85C234483F85001D4F829
:1076300050320133DBB2C4F85032D4F8583201333F
:10764000C4F858320132E0E743B030BD38B50446E3
:1076500000F0EEFA2046FFF7BDFFD4F8585220465E
:1076600000F0EEFA284638BDA0F5A070EEE7000065
:1076700010B590F8343104462BB10648FFF7E6FF09
:107680000446204610BD06F0BBFDD4F82C4106F0A0
:10769000CDFDF6E7F875002038B5044600F0C8FACD
:1076A0002046FFF797FFD4F858324BB1D4F8543244
:1076B000234493F85051204600F0C2FA284638BDC2
:1076C0004FF0FF35F7E7A0F5A070E5E710B590F8AB
:1076D000343104462BB10B48FFF7DEFF0446204649
:1076E00010BD06F08DFDD4F82C313BB1D4F8280143
:1076F000044494F8244006F099FDF0E74FF0FF347D
:10770000F9E700BFF875002038B5044600F090FA9C
:107710002046FFF75FFFD4F85832A3B1D4F85432B3
:10772000234493F85051D4F854320133DBB2C4F8F7
:107730005432D4F85832013BC4F85832204600F095
:107740007FFA284638BD4FF0FF35F7E7A0F5A07067
:10775000DAE7000010B590F8343104462BB1114837
:10776000FFF7D2FF0446204610BD06F049FDD4F8CD
:107770002C319BB1D4F82831234493F82400D4F859
:1077800028310133DBB2C4F82831D4F82C31013B65
:10779000C4F82C31044606F049FDE4E74FF0FF340D
:1077A000F9E700BFF875002008B54FF4807200219A
:1077B0000DF0E6FE0022C0F80021C0F80421C0F858
:1077C000082108BD2DE9F843184C194F2760002502
:1077D0004FF47A78C4E90158202604F12400C4E962
:1077E0000565E561FFF7E0FF0123072084F83431E8
:1077F000FFF768FE81460820FFF764FE0D4CFF236B
:1078000084F82100C4E9015804F124002760C4E988
:107810000565E56184F8209084F8223084F82330EF
:10782000FFF7C2FF84F83451BDE8F8832C6F0020C5
:10783000748B0300F46D0020002070477047704780
:1078400010B5D0F88C452CB1236820465B6898476A
:10785000A468F8E710BD38B5D0F88C450D4634B1B2
:10786000236820469B6829469847A468F7E738BDF7
:1078700000487047448C030010B5054B0360044674
:1078800005F02BFC204605F041FC204610BD00BF52
:10789000C48B030010B50446FFF7EEFF20464FF4FB
:1078A000B26107F009FA204610BDF7B5D0F88C4553
:1078B00005460E460023A4B123683146DF680DF16A
:1078C000030201AB2046B8479DF803100429034684
:1078D00005D0019A284604F05DFE03B0F0BDA4680F
:1078E000E9E7019A9DF80310F4E770B505460E46E6
:1078F00022B10021BDE8704004F048BCD0F88C45AE
:107900005CB1236800221B6931462046984710B1BC
:1079100001212846EEE7A468F2E72146F9E770B5B1
:10792000D0F88C450E46054600213CB1236831460F
:1079300020465B699847A4680146F6E72846BDE8FB
:10794000704004F023BDF8B5D0F88C4505460E46CE
:1079500017463CB1236820469B693A463146984712
:10796000A468F6E728460121BDE8F84004F06CBDA4
:1079700070B5002186B0044605F008F80023ADF884
:10798000063023898DF810301B0AA188E2888DF813
:1079900011304FF4897540F20123ADF80450ADF871
:1079A0001230022540F20313EF268DF807508DF8B0
:1079B00009508DF80C100125090A8DF80E20ADF83C
:1079C0001430120A04F10A038DF808608DF80A5089
:1079D0008DF80B008DF80D108DF80F2001AD05AE60
:1079E0001C462A4603CAB24218605960154603F184
:1079F0000803F6D112881A80204606B070BDF8B58B
:107A0000002406460D46274630460EF099F9A0425E
:107A100007D9335D05F8143005EB440301345F707A
:107A2000F2E7400000F0FE00F8BD38B5D0F88C5504
:107A3000044635B12B6828461B6A984710B9AD68D3
:107A4000F7E7284640F20233A4F8483504F24A51D9
:107A5000FFF7D5FF94F84835184484F8480504F535
:107A6000A96038BD40F2023310B500F20A51044655
:107A7000A0F808350548FFF7C2FF94F80835184408
:107A800084F8080504F5A16010BD00BFA08B0300B9
:107A900040F2023310B50446A0F8C83400F2CA40E0
:107AA000FFF7E8FB94F8C834184484F8C80404F5D8
:107AB000996010BD2DE9FF4100238DF80A3090F840
:107AC00088351B4A8DF80830012301928DF8093062
:107AD0003222C0238DF80B308DF80C2001AB044608
:107AE00000F54E7803CBC4F83803C8F8041088F8C2
:107AF0000820D4F88C6509258EB1336800211B68F5
:107B000030469847478805F54E73093F00F1090153
:107B10003A46E0180DF036FC3D44B668ECE784F8D0
:107B20003A5340462D1284F83B5304B0BDE8F0812F
:107B30000902FFFF73B504460D46164607F0ECFD3B
:107B40004FF480730093014633462A46204604F0E2
:107B5000E5FE024B2360204602B070BDC48B0300DB
:107B600010B5D0F88C350446A3B9C0F88C1594F83C
:107B700088350B7194F888354A79134484F8883530
:107B80000B6808465B6A98472389184420810120C6
:107B900010BD13469A68002AFBD19960E7E71FB52C
:107BA000044604F0B5FE0146684604F03DF8402165
:107BB000684604F0A8F8D4F88C4534B12368204610
:107BC000DB6969469847A468F7E7684604F033F82C
:107BD00004B010BD10B50446FFF7E1FF2046BDE834
:107BE000104004F005BE000010B50D4C2378BFF323
:107BF0005B8FDB0712D4204606F04CFE70B148F2D2
:107C0000450242F686010748FFF794FF204606F03A
:107C100063FE054A0549034806F029FE014810BDE8
:107C200064700020687000200060002079780200F5
:107C300010B5FFF7D9FF0368BDE810405B6F184728
:107C400010B5FFF7D1FF0368BDE810409B6F1847E0
:107C500010B5FFF7C9FF0368BDE81040DB6F184798
:107C600004F08EB904F050B904F07AB97047704747
:107C70007047436A93F878007047D0F82401704742
:107C80000120704700487047A48D03002DE9F04F94
:107C9000044697B00F464B22002103A80DF070FC5C
:107CA000D4F82431267994F80EA094F80C90002B87
:107CB00006F10105637B019314BF05200020EDB29E
:107CC000002F40F0978040F20923ADF80C304FF4BC
:107CD0008173ADF8103080238DF8133032238DF886
:107CE000143008238DF815300B2301218DF8163040
:107CF0008DF8250040F2022342F205404FF0240C9B
:107D00004FF0090E04274B22ADF818308DF82110E2
:107D100002238DF82410ADF826004FF0100805203E
:107D20008DF82A108DF82D108DF82F104FF0030BC1
:107D300006218DF80E208DF817608DF81A308DF819
:107D40001DE08DF81F608DF822308DF823308DF8FE
:107D50002B008DF82CC08DF831C08DF832308DF8A5
:107D600033108DF834008DF835C08DF81E708DF805
:107D700029808DF82EB08DF830708DF836100721DF
:107D80008DF839108DF8491044F20201ADF84C100D
:107D900040F20751ADF850101D349DF804108DF8D5
:107DA00037608DF838508DF83A008DF842508DF8D4
:107DB0004A008DF852108DF8533044F203064023E8
:107DC00040F6022503A920468DF83BA0ADF83C60A3
:107DD0008DF83F808DF840E08DF84170ADF844504B
:107DE0008DF84B908DF854300DF0CCFA204617B03A
:107DF000BDE8F08F0020FAE738B505460A4B45F894
:107E0000D03B0446FFF7F0FE05F067F9284604F082
:107E100015F804F17C0004F011F804F1700004F08E
:107E20000DF8204638BD00BF648D030010B5044630
:107E3000FFF7E2FF20464FF4947106F03DFF204625
:107E400010BDFFF705BF000010B5034B03600446EB
:107E500003F072FE204610BD8C8C030010B5044662
:107E6000FFF7F2FF2046282106F026FF204610BD2E
:107E700010B5034B0360044603F05EFE204610BDC0
:107E80005C8C030010B50446FFF7F2FF2046342156
:107E900006F012FF204610BD10B5034B03600446E8
:107EA00003F04AFE204610BD748C030010B5044652
:107EB000FFF7F2FF2046382106F0FEFE204610BDF7
:107EC00038B51C4B0D461968C0F80F1099889B797E
:107ED00043750446A0F8131040220221284603F0FF
:107EE00008FF402220730221284603F007FF4022AA
:107EF00060730321284603F0FCFEA073284603F0BC
:107F00009BFE20B9AF220C490C4806F0CFF80023A5
:107F100004F18502C4E9322304F1D90284F87830EF
:107F200084F8843084F8D830C4F81C21C4F8203197
:107F300038BD00BFA88C0300E48C0300488D03000B
:107F40002DE9F34104460E461546FFF781FEF288FF
:107F500023799A4237D1002D35D17778012F2ED150
:107F6000F378202B27D13289072A24D104F10F0876
:107F700004F11605294640460DF0D2F9D0B1D4F8E7
:107F80001630C4F80F30207CE17B638BA4F81330EB
:107F900001EB0021607CE57C237F009501EB004133
:107FA0002568A07C637501EB0061237D627D6D6BAC
:107FB0002046A8473D46F378212B08BF01252846D7
:107FC00002B0BDE8F0810025F9E710B50446FFF7DF
:107FD0003FFEFFF709FE217B04F01CFF04F185033F
:107FE000C4F8C8300023C4F8CC3084F8843004F1DD
:107FF0007C0003F0D8FE94F884302BB92368204627
:10800000DB6BBDE81040184710BD000070B504469A
:10801000FFF71EFED4F820512DB140F2DD120F49BA
:108020000F4806F043F804F1D903C4F81C31FFF7F8
:10803000DBFD617B04F04CFE84F8D850C4F82001CD
:1080400004F1D00003F0AFFE94F8D8302BB92368C8
:1080500020469B6BBDE87040184770BDE48C030060
:10806000B48C030010B4D0E9013401686210E40755
:1080700001EB020048BF8A585DF8044B48BFD35853
:1080800018470000F0B5044687B002ADFFF7E0FDE9
:108090000026FFF7A9FDA17B00950323402205964A
:1080A00004F0C0FB2846FFF717F9FFF79DFD164BBC
:1080B000217B164F00954022CDE903360223059718
:1080C000029404F0AFFB2846FFF706F9FFF78CFD9A
:1080D0000F4B617B00954022CDE9033602230597C3
:1080E000029404F09FFB2846FFF7F6F8FFF77CFDAB
:1080F0004023D4F81C21617B04F08CFD012084F81E
:10810000D80007B0F0BD00BFCB7F02009C8C0300FD
:108110000D80020038B502234371002383600C4BAD
:10812000044640F8703B154603F030FE04F17C0035
:1081300003F02CFE04F1D00003F028FEC4F8245113
:10814000FFF752FD2146FFF70BFD204638BD00BF6B
:10815000648D030070B504460D46FFF779FD84F881
:108160007850002D3ED194F8843033B1FFF73CFDB8
:10817000217B04F027FC84F8845004F1850304F18A
:108180007C0600253046C4F8C830C4F8CC5003F053
:108190000AFE304603F000FE28B9154915484FF491
:1081A000A27205F083FF94F8D83033B1FFF71CFDBD
:1081B000217B04F007FC84F8D85004F1D903C4F8FB
:1081C0001C3104F1D00500232846C4F8203103F007
:1081D000EAFD284603F0E0FD20B94FF4A7720449F8
:1081E0000548DEE704F17000BDE8704003F0DBBD38
:1081F000E48C0300C28C0300D38C030010B504464A
:10820000FFF726FD20460021BDE81040FFF7A2BF82
:1082100038B50D460446FFF71BFD042D05D020465A
:108220000021BDE83840FFF795BF38BDF8B51646C8
:1082300004460D461F46FFF70BFD04233370EA8802
:1082400023799A4225D16978012922D1EA78212A15
:1082500008D0222A0BD0202A4FF000001BD130700A
:10826000163401E031700F343C600720F8BDAB8854
:1082700013F0010308BF19462046FFF76BFFAB88D8
:1082800003F00103E366AB8803F00203A366022355
:1082900033700020EAE703233370E7E710B58AB0B4
:1082A0000446FFF7C5FC684603F03AFC0A4B00930E
:1082B000694604F17000099403F08DFD2046FFF734
:1082C000BFFC064B00211A68684603F073FC684641
:1082D000FFF7BAFD0AB010BD8C8C0300B08C030010
:1082E00070B58EB0154604460E46FFF7A1FC01A8F6
:1082F00003F016FC0E4B0C9501A9002504F17C003F
:108300000193CDE90A468DF8345003F064FD204610
:10831000FFF796FC074B29461A6801A803F04AFCB0
:1083200001A89DF83440FFF7A3FD20460EB070BDB4
:108330005C8C0300B08C030010B50446FFF788FC8A
:1083400094F884307BB9D4F8CC3063B1FFF74CFC9F
:10835000D4F8CC30217B04F1850204F0F9FC10B193
:10836000012384F8843010BD2DE9F8431E460446ED
:10837000894690469DF82070FFF75AFC0023336031
:1083800094F87830E3B194F88430CBB9D4F8CC5079
:10839000C5F14005454528BF4546B8F1000F05D059
:1083A0002A464946D4F8C8000CF0ECFFD4F8CC308B
:1083B0002B44C4F8CC30356017B12046FFF7BCFF22
:1083C0002046BDE8F843FFF73BBCF0B50446406AE1
:1083D00090F8785085B001262DB984F83050354694
:1083E000284605B0F0BD04AB002743F8047DD4E96E
:1083F0000A120096FFF7B8FF0399E36AA26A5B1AB4
:108400000A44E362A26213B984F83060E8E7606A64
:10841000FFF792FF3D46E3E72DE9F0431C4691B09C
:10842000904606468946FFF703FC002C08BF01ACC6
:108430004FF00005256002A80CBF0127002703F0BC
:108440006FFB104B029302A906F1D000CDE90D8419
:10845000CDE90B698DF83C708DF83D5003F0BBFC05
:108460003046FFF7EDFB084B29461A6802A803F0D7
:10847000A1FB02A89DF83D40FFF70EFD204611B07C
:10848000BDE8F083748C0300B08C030010B5D0F805
:10849000203104466BB990F8D83053B9FFF7A4FBEC
:1084A000402304F1D902617B04F0B4FB012384F87A
:1084B000D83010BD70B51E4604460023336094F8D2
:1084C00078300846EBB194F8D830D3B9D4F82051BD
:1084D000D4F81C11954228BF15462A460CF052FFCD
:1084E0003560D4F81C31D4F820212B44551BC4F836
:1084F0001C31C4F8205125B92046BDE87040FFF773
:10850000C5BF70BD37B50446406A90F878502DB9A4
:1085100084F835500125284603B030BD02AB002257
:1085200043F8042DD4E90A12FFF7C4FF0199A26AA7
:108530000A44A262226B13680B441360E36A019938
:108540005B1A94F83410E36209B9126802B91BB9D6
:10855000012384F83530DEE7606AFFF797FF0025D6
:10856000D9E76FF01500704700290CBF6FF01800B5
:1085700000207047012070476FF0150070476FF0C2
:1085800015007047112070477047704770470368A7
:108590009B6C1847A0F5A070F9E7704770477047CB
:1085A00070470368184710B50446012000F04AFBE5
:1085B00094F8780010BDA0F5A070F4E738B54FF03E
:1085C000FF320123FF210B480B4D06F0EDFC00F0BC
:1085D00027FB044695F878301BB1012000F032FBF0
:1085E000F8E700F01DFB001BC728F6D9BDE83840AE
:1085F000FEF752BEB0780020F875002007B502AB38
:10860000012243F8041D1946FFF76AFE18B10198CC
:1086100003B05DF804FB4FF0FF30F9E7A0F594706C
:10862000FFF7ECBF07B502A9002301F8013D0122C5
:10863000FFF7F2FE20B19DF8070003B05DF804FBE0
:108640004FF0FF30F9E7A0F59470FFF7EBBF2DE98D
:10865000F8430446884617461E46089DFFF7F8FA79
:10866000D4F87092B9F1000F04D02B463246394647
:108670004046C847C4F86082C4F86472C4F86862AF
:10868000C4F86C52BDE8F88370B50646FFF7E0FA0F
:1086900006F51D740025D6F8B432AB4208D9204641
:1086A000103454F8043C1BB11B6898470135F2E7BD
:1086B00070BD0000B0F5966F03D10121014806F0AE
:1086C00055BC7047B078002010B4D0E9013401687F
:1086D0006210E40701EB020048BF8A585DF8044BC2
:1086E00048BFD35818470000114B03F1780270B50A
:1086F0000360C0F8282103F1D802E8330446C0F82B
:108700002C21C0F8403100F51D7600F52D75AE42E4
:1087100004D0103D2846FEF7DFFDF8E704F594701D
:1087200005F094F92046FFF767FB204670BD00BFB7
:10873000E48D0300A0F59470FFF7D6BFA0F5967006
:10874000FFF7D2BF10B50446FFF7CEFF20464FF427
:108750002E7106F0B1FA204610BDA0F59670FFF715
:10876000F1BFA0F59470FFF7EDBF0000F7B5044628
:1087700015461F460E4606F0CFFFBDF82430019384
:10878000BDF8203000932A463B4601462046FFF7BD
:10879000C1FC002104F5947005F02EF94FF47A73B2
:1087A000C4F84831174B236003F178020025C4F860
:1087B000282103F1D802E833C4F82C21C4F844512D
:1087C000C4F840314FF48072294604F5A8700CF0CB
:1087D000D7FEC4F85052C4F88052C4F85452C4F8BA
:1087E0009052C4F85852C4F8A052C4F8B052C4F819
:1087F000B452C4F8705216B12046FFF74FFD204620
:1088000003B0F0BDE48D030038B50546FFF710FA5C
:1088100095F8D8304BB9D5F82041402C28BF4024DA
:108820002846FFF70DFA204638BD0024F8E700007F
:1088300070B5044686B0FFF7FBF92D4BC4F87032D3
:108840002046FFF7FDF92B4B05932B4B0393204656
:10885000002302940493FFF7EBF9D4F8B452032DEC
:1088600013D804EB05166B1C06F51D76C4F8B4325C
:108870003046FEF731FD04EB0515059BC5F8803247
:108880001BB15B6802A9304698472046FFF7D8F92C
:1088900002A8FEF721FDBC2006F0F8F90026174BD0
:1088A0000360054631460661403006F005FC05F1DF
:1088B000540006F09FFB124B00934FF48072334636
:1088C0002846182106F092FC0E4B05930E4BC4F877
:1088D0005C5202A92846CDE90236049606F092FCC5
:1088E00002A8FEF7F9FC2046FEF774FE06B070BD44
:1088F000B5860200BC8D0300D575020010A40300EC
:10890000D48D0300C88D0300BD850200A0F5A070C2
:10891000FFF78EBF90F878007047000037B50F4C16
:108920000F4D204606F018FB2A460E49204605F05A
:108930009EFF0D4C42F212030122CDE900320022CB
:1089400011464FF4F8532046FFF710FF07492A4617
:10895000204603B0BDE8304005F089BFB078002064
:108960000060002073EF0200F8750020E986020025
:1089700008B50BF03DFB2DE9F04F027D012A85B0D3
:1089800005460E4640F0908000214FF0FF3B044624
:108990000B465F4694F804C048B2BCF1000F75D195
:1089A00094F805C0BCF1000F70D1B7F1FF3F1BBFB9
:1089B00001335BB201233846934201DD1A468346F8
:1089C0000131082904F102045ED1002402EB0B03FB
:1089D000A1460293CB4502DC029B4B4559DC95F83E
:1089E000058095F804A04FEA28170AF00F03FAB2A1
:1089F0005FEA2A1A019208F00F0870D05FFA8AF134
:108A0000BAF1090FD4BF303157313046039300F02B
:108A1000B0F8039B0444092B94BF03F1300103F128
:108A200057013046039300F0A4F80444BAF1000F54
:108A300002D1039B03B94FB1092F019FD4BF303737
:108A40005737F9B2304600F094F80444B8F1090FF2
:108A500094BF08F1300108F15701304600F089F861
:108A6000B9F1070F044404D03A21304600F081F8F0
:108A7000044409F10109B9F1080F05F10205A9D172
:108A8000204605B0BDE8F08F074683E74FF0FF3082
:108A900096E7CB45EDD1BBF1000FE5D13A21304649
:108AA00000F067F80444DFE700F1100700F1130954
:108AB000002417F8011B0A22304600F087F82E2107
:108AC0008046304600F055F8B94540440444F0D1A2
:108AD0000A22E97C304600F079F80444D0E7002B04
:108AE00099D1A8E710B5054B036004460175102223
:108AF000002104300CF044FD204610BD008F03001F
:108B000070B5074D0560837400259DF8103005751C
:108B100045608560C56001744274C37470BD00BF58
:108B2000008F030007B501210648FFF7DBFF002394
:108B300000931A4619460448FFF7E2FF03B05DF8B8
:108B400004FB00BFC4780020DC78002070B5044628
:108B500008460D460DF0F4F82368024629462046E3
:108B60005B68BDE87040184709B1FFF7EFBF0846E2
:108B7000704703681B68184770B58AB00D460AA98C
:108B8000002301F8043D012A98BF0A22B5FBF2F444
:108B900002FB1456F3B2092E94BF30333733DBB2E5
:108BA000254601F8013D002CF0D1FFF7DDFF0AB0AA
:108BB00070BD10B42AB903685DF8044B1B68C9B2D4
:108BC0001847D2B25DF8044BFFF7D6BFFFF7F1BFED
:108BD00010B500F039F8FEF719FBFFF705F8FEF7BE
:108BE000F9FF4FF4E1310648064CFFF721FEFEF78E
:108BF000E1FAFEF7E3FA002CFBD0AFF30080F8E7D0
:108C0000F87500200000000010B5044602F0EDFDEC
:108C1000204610BD10B5044602F0E7FD204610BD09
:108C200007B50749684602F01DFE4FF47A7200232B
:108C3000DDE900010BF00CF803B05DF804FB00BFA8
:108C4000F878002006F068BA08B5044802F0D7FDAD
:108C50000348BDE8084002F0D2BD00BF10790020F3
:108C6000F878002038B50A4C0A4D204602F037FE4D
:108C70002046094C09492A4605F0F9FD204602F034
:108C800039FE2A4620460649BDE8384005F0EFBDCA
:108C90001079002000600020F8780020158C020078
:108CA000098C020008B590F900305A1C04D1212229
:108CB0000E490F4805F0FAF9012259B11F2B86BF62
:108CC00003F01F030B494FF0A04102FA03F3C1F870
:108CD000083508BD1F2B86BF03F01F0305494FF061
:108CE000A04102FA03F3C1F80C35F2E7048F030048
:108CF0008F8F0300000300502DE9F8431E4D06013D
:108D0000AB190446D868884610B1012105F0D4FF9C
:108D1000FEF77AFA84424FF0010034BF15F906904D
:108D20004FF0FF3905F0B2FF002707704946354480
:108D3000044604F0AAFAB8F1010FEC6011D007D391
:108D4000B8F1020F12D0204602F0EDFA012103E043
:108D5000204602F0E8FA39462046BDE8F84302F022
:108D6000EFBA2046BDE8F84302F0D0BA204602F040
:108D7000DAFA0321F0E700BF046000202DE9F34197
:108D800007468846FEF740FA874221D2124C3E0140
:108D9000A319DD68ADB9FEF737FA87424FF001003D
:108DA00034BFA7574FF0FF3705F070FF344400235E
:108DB000054603700122CDF80080394604F068FAB8
:108DC000E5604146284602B0BDE8F041FFF76ABFC2
:108DD00002B0BDE8F08100BF046000201EF0040F67
:108DE0000CBFEFF30880EFF30980816911F8021CD2
:108DF000002932D101B590E80F10E047BDE80050DE
:108E00008CE80300244B93E80600914208BF7047AA
:108E10001A6041B91EF0100F10D1204B186820F0D5
:108E2000010018600AE02CE9F00F1EF0100F08BFD7
:108E30002CED108A81F822E0C1F838C0906B92F8CE
:108E4000221061F0FF0E1EF0100F08BFB0EC108A68
:108E5000B0E8F00F80F309887047114A136899420F
:108E6000FAD801B552F821C00FC8E047BDE800505C
:108E7000CCF80000704701B501F030FBBDE80140BF
:108E8000EFF3098CBEE701B501F0ECFABDE8014053
:108E9000EFF3098CB6E700002862002034EF00E011
:108EA0007090030008B5014630B96FF0030000F080
:108EB000F2F96FF0030008BD132001F097FE30B9FE
:108EC0004FF0FF3000F0E7F94FF0FF30F3E70020FC
:108ED000F1E7000008B5EFF305832BB9EFF310833A
:108EE00013B9EFF3118333B16FF0050000F0D3F93C
:108EF0006FF0050008BDDFF808C000DFFAE700BF2B
:108F0000A58E0200EFF310832BB9EFF31180003828
:108F100018BF0120704701207047000038B538B3F2
:108F2000846805686CB114F0030302D1C2680F2A8B
:108F300013D86FF00801002002F0A0F800242046AA
:108F400038BDC368002BF4D1104BD3F8900088B122
:108F500000F0FCFB0446A0B10123A3700023C4E988
:108F60000233F322094B2270094A65605A66E6E72C
:108F70000546E9E7D3F880000122102100F072FBDA
:108F8000E8E76FF0040102F079F8D8E714620020F6
:108F90006D90020070B5054610B10378F32B07D031
:108FA00028466FF0030102F069F86FF0030070BD0E
:108FB000836863B1284601F0EDFB00226FF00201E7
:108FC00001F06CFDA8680028F4D101F051FCAB78E9
:108FD000002613F001032E700FD0094BD3F89040F8
:108FE000294624B1204600F0CBFB3046DFE7D3F81A
:108FF000800000F06CFB2046D9E71846D7E700BF99
:1090000014620020930710B502F0010422D400F18D
:109010000C0384B153E8000F00EA01028A4203D036
:10902000BFF32F8F002005E020EA010243E800246F
:1090300004B1EFE710BD53E8000F084203D1BFF3BE
:109040002F8F002005E020EA010243E8002404B14C
:10905000F1E7EFE7C06801EA00031CB18B4218BFDB
:109060000020E7E7002B08BF0020E3E7F8B584689D
:10907000054604B9F8BD94F82320616AA76828461C
:10908000FFF7C0FF064638B1204601F08CFB0022F6
:109090003146204601F002FD3C46EAE7F8B50D46B0
:1090A00017461E46044620B10378F32B01D1002950
:1090B00007DA20466FF0030101F0E0FF6FF00300D4
:1090C000F8BDFFF79FFF0028FAD186B13146432053
:1090D00001F08CFD40B1074B5E692046314601F03E
:1090E00047FB756286F823706FF00100E8E76FF0C8
:1090F0000200E5E7146200202DE9F041064620B1A8
:109100000378F32B01D1002909DA6FF0030130460F
:1091100001F0B4FF6FF003052846BDE8F08100F1CF
:109120000C0353E8002F42EA010543E8005000B168
:10913000F7E7B4681CB9204601F09AFBECE794F815
:109140002320616AD4F808803046FFF75BFF0746AA
:1091500078B194F823309B0756BF656A054620EA2C
:109160000505204601F01FFB00223946204601F08C
:1091700095FC4446DEE7000008B50246EFF30583A0
:1091800033B100206FF0050101F078FF002008BD29
:10919000FFF7B8FE0028F4D1DFF808C0104600DF62
:1091A000F5E700BF1D8F020038B502460D46EFF30C
:1091B00005834BB192B96FF00301104601F05EFFD9
:1091C0006FF00304204638BDFFF79CFE0028F1D164
:1091D000DFF830C0104600DF0446F3E71378F32BC6
:1091E000E9D1002DE7DB02F10C0353E8001F41EA4F
:1091F000050443E8004000B1F7E7104601F0B6F976
:10920000E0E700BFF9900200F8B504460E461746A5
:109210001D46EFF3058343B18CB920466FF003017F
:1092200001F02CFF6FF00300F8BDFFF76BFE002884
:10923000F2D1DFF82CC020462B4600DFF4E723787C
:10924000F32BEAD1002DE8D1002EE6DB3A46314679
:109250002046FFF7D7FE002808BF6FF00200E3E7C3
:109260009D90020008B50246EFF305833BB110461E
:109270006FF0050101F002FF6FF0050008BDFFF778
:1092800041FE0028F3D1DFF808C0104600DFF5E703
:10929000958F020070477047EFF310832BB9EFF3FF
:1092A0001180003818BF012070470120704700006E
:1092B000064BDA6A3AB1D0695B6C1BB11B69984204
:1092C00028BF184670474FF0FF30F5E714620020C2
:1092D00070B5464C237A012B00F0858033B14FF0F6
:1092E000FF3001F0BFFE4FF0FF3070BD404DD5E9BB
:1092F0000B61EB68E3652B8AA4F854303046AB6809
:10930000236400F097F908B1C4F88060D5E90561DD
:10931000304600F08FF908B9D4F880606667D5E967
:109320000761304600F086F908B9D4F88060A66776
:10933000D5E90961304600F07DF908B9D4F88060BC
:10934000E6676E6B3EB1D6E902233168304600F025
:10935000DCF9C4F88460AE6B3EB1D6E90223316813
:10936000304600F0D2F9C4F88860EE6B3EB1D6E921
:1093700002233168304600F0C8F9C4F88C602E6CC6
:109380003EB1D6E902233168304600F0BEF9C4F898
:1093900090606E6C3EB1D6E902233168304600F031
:1093A000B4F9C4F89460AE6C3EB1D6E902233168DA
:1093B000304600F0AAF9C4F89860EE6C3EB1D6E9E8
:1093C00002233168304600F0A0F9C4F89C602D6D8E
:1093D0003DB1D5E902232968284600F096F9C4F882
:1093E000A0500123237200207FE700BF14620020F9
:1093F0000090030070B5254D2B7A012B07D06FF03C
:10940000060001F02FFE4FF0FF34204670BD01F042
:1094100031FC10B94FF0FF30F3E71D4A1D4E1E49D5
:109420007068FF2382F8223092F82230D26863F00D
:10943000FF03DB4314BFB3FA83F32023C3F12003FC
:10944000C2F30222934298BF531CFE2202FA03F396
:109450000F4ADBB2D37701F061FE04460028D9D170
:1094600001F0B0FE286101F099FE0C4801F092F97C
:1094700001F0F6F93368DB074CBF0223032383F3C3
:109480001488BFF36F8F02232B72BEE71462002093
:1094900000ED00E000900300878E020030620020A3
:1094A00010B50F4C237A022B13D101F07FFE01235C
:1094B0006372BFF34F8F0B4A5168C90042BF4FF030
:1094C00000615160A37204232372BDE81040FFF7CE
:1094D000EFBE6FF0070001F0C5FD002010BD00BF1A
:1094E0001462002000ED00E038B51E4C237A042BF6
:1094F000054635D1FFF7DCFEE26A854203462CBF04
:1095000000F1FF332B4612B1D069C01AD061626CF2
:1095100012B11069C01A1061E26813441544E36087
:10952000E3689D4213D102230020237201F0A0F9C9
:1095300000236372BFF34F8FA27A22B1A3720A4B4A
:109540004FF080525A60BDE8384001F027BE013329
:10955000E36001F04BF9236D002BE1D09847DFE782
:1095600038BD00BF1462002000ED00E0704738B540
:1095700004460D46FFF78EFE29462046BDE83840DA
:1095800001F032BD08B5FFF7F1FFEFF3058333B10A
:109590006FF0050001F066FD6FF0050008BDFFF7F4
:1095A0007BFE0028F4D1DFF808C000DFF6E700BF3B
:1095B000D192020008B5EFF3058333B16FF00500D7
:1095C00001F050FD6FF0050008BDFFF765FE0028B3
:1095D000F4D1DFF808C000DFF6E700BFF593020022
:1095E00008B5EFF305832BB16FF0050001F03AFDEC
:1095F000002008BDFFF750FE0028F5D1DFF804C0B9
:1096000000DFF6E7A194020008B50246EFF30583F8
:109610002BB1BDE808406FF0050001F023BDFFF756
:109620003BFE0028F5D1DFF808C0104600DF08BD7A
:10963000E994020010B598B140EA010313F0070362
:109640000ED117290AD90160083910220C1884603C
:109650004260435081684A60C3600123184610BDD0
:109660000023FBE770B580B399B132F003032CD12E
:109670000F3121F0070600F10804234624685D68D5
:10968000E11A25F00305491B8E4204D921680029FF
:10969000F3D1084670BD0168456801443544456012
:1096A00051F8040C0839854288BF4D605868324330
:1096B00018B95A6003F10801EBE720F0030019180C
:1096C0001C504A6019600831E3E70021E1E710B55A
:1096D00080B1C1B1A1F1080400F108030022A34246
:1096E00009D1596821F003044168091B41603AB966
:1096F0005A60012010BD19681A4621B10B46EEE7E9
:109700001B681360F5E70846F4E730B5C0B189B1CE
:10971000C2B1CBB10024C0E9014202FB01F41D1922
:109720000160C360436105611846013904D1A41A80
:1097300019510121084630BD851805602846F4E717
:109740000146F7E71146F5E71946F3E710B503467A
:10975000A8B100F1140252E8000F10B9BFF32F8F27
:1097600004E0016842E8001404B1F4E738B10433BE
:1097700053E8002F511C43E8001404B1F8E710BD72
:1097800030B5F0B1C3688B421BD803698B4218D93E
:1097900000F114031A680A60BFF35F8F53E8002FCB
:1097A0000C689442F6D143E8001505B1F2E70430A5
:1097B00050E8003F5A1E40E8002101B1F8E70020C0
:1097C00030BD6FF00300FBE7EFF310832BB9EFF32D
:1097D0001180003818BF0120704701207047D1E97F
:1097E000013223B19A608A681AB153607047C2622D
:1097F000F9E70363704700002DE9F84F88460746F4
:1098000038B131B1B0FA80F1B8FA88F30B441F2BAC
:1098100006DC6FF00301002001F046FC002470E03C
:1098200008F1030626F003060C3606FB00F9F2B138
:109830009468D2F800A0D2E904513CB1A30702D148
:10984000D368332B05D86FF00801E4E7D368002B09
:10985000F9D13DB115F0030301D1894556D96FF017
:109860000901D8E70029FAD11CB18B460DE09246D8
:109870001546284BD3F8A000E0B1FFF767FF044678
:10988000A8B1002D40D14FF0010B224B0022D86F20
:109890004946FFF7E7FE0546C0B9BBF1000F06D009
:1098A0001C4BD3F8A000214658B1FFF769FF6FF0B9
:1098B0000401B0E7D3F8800001223421FFF7D2FE83
:1098C000DDE7D3F88000FFF702FFF0E74A4600210A
:1098D0000BF056FE4BF00203FA22A3700023C4E9FA
:1098E0000983C4E90B332270A36032462B46C4F8C7
:1098F00004A0394604F10C00FFF707FF054B064AA8
:109900001A672046BDE8F88F0123E5E7002CE3D174
:10991000AFE700BF14620020A999020010B500F162
:10992000280353E8002F12B9BFF32F8F04E0511E14
:1099300043E8001404B1F4E70AB9002010BDC06A7E
:1099400001220028F9D0811CD1E84F3FC1E8442F03
:1099500004B1F9E7DBB2002BF0D08068F1E7036BCC
:1099600030B5E3B1CD780024DA78AA420FD31A4695
:10997000C1E901248AB19160A4B16160283050E846
:10998000003F5A1C40E8002101B1F8E730BD5A6899
:109990001C46002AECD01346E6E7C162ECE7C1E9B9
:1099A0000133C1620163E9E7F8B5877804468FB3F4
:1099B000C568014600272846FFF711FF277005F10B
:1099C0000C042046FFF7DCFEAB68002B48D0204695
:1099D000FFF7BCFE0446002842D0284600F0DAFE1D
:1099E0003A460646394601F059F8304600F02EFF57
:1099F0006A6A8168064604F10C000BF0C3FCF92387
:109A00002370A770F368E37021462846BDE8F8404C
:109A1000FFF7A5BF8568AB68002BF5D05B78832B7B
:109A2000F2D1284600F0B6FE3A460646394601F025
:109A300035F8304600F00AFF06466A6A806804F18D
:109A40000C010BF09FFCF3680BB1E2781A70002355
:109A50002370214605F10C00BDE8F840FFF790BEE9
:109A6000F8BD00002DE9F0410C4617469846054622
:109A700018B10378FA2B00D141B928466FF00301E1
:109A800001F012FB6FF00300BDE8F0818368C3B101
:109A90005B78832B15D100F07DFE01220646002164
:109AA00000F0FCFF304600F0D1FE06466A6A80688E
:109AB00021460BF067FCF0680028E5D00770002015
:109AC000E2E705F10C00FFF741FE064670B12146C2
:109AD0006A6A0C300BF056FC0024F9233370B47022
:109AE000F77031462846FFF73AFFE8E7B8F1000F74
:109AF00010D04146932001F079F840B1074B284639
:109B0000596900F035FEEFF30983C3E902476FF0AE
:109B10000100B9E76FF00200B6E700BF1462002051
:109B20002DE9F0410F4615469846044618B10378D2
:109B3000FA2B00D141B920466FF0030101F0B4FACD
:109B40006FF00300BDE8F081FFF7E8FE064600284D
:109B50003AD001462046FFF742FE626A06F10C0148
:109B600038460BF00FFC0DB1F3782B70002504F193
:109B70000C07357031463846FFF702FEA3680BB973
:109B80000020DFE73846FFF7E1FD06460028F7D062
:109B9000204600F0FFFD29460746012200F07EFF27
:109BA000384600F053FE626A8168074606F10C00F1
:109BB0000BF0E8FBF9233370B570FB68F3703146A6
:109BC0002046FFF7CCFEDBE7B8F1000F10D041468E
:109BD000832001F00BF840B1074B2046596900F093
:109BE000C7FDEFF30983C3E902756FF00100A9E730
:109BF0006FF00200A6E700BF1462002008B5064B14
:109C000008219A6ED86EFFF7F7FD044BD864B0FABE
:109C100080F04009404208BD00900300146200201B
:109C20002DE9F04106460F4690461C46EFF30583AA
:109C30004BB196B930466FF0030101F035FA6FF081
:109C40000300BDE8F081FFF7BFFD0028F1D1DFF888
:109C50004CC03046234600DFF3E73378FA2BE9D1D6
:109C6000002FE7D0002CE5D106F10C00FFF76EFDC8
:109C7000054680B1726A39460C300BF083FBF9233C
:109C80002846C5E901762B70AC7085F8038000F09A
:109C90006DFC2046D5E76FF00200D2E7659A02001E
:109CA000F8B504460F4616461D46EFF3058343B14B
:109CB0008CB920466FF0030101F0F6F96FF0030054
:109CC000F8BDFFF781FD0028F2D1DFF848C020463B
:109CD0002B4600DFF4E72378FA2BEAD1002FE8D0F7
:109CE000002DE6D12046FFF719FE054670B100F1C0
:109CF0000C01626A38460BF045FB0EB1EB7833700D
:109D00002846EC6000F032FC0020D9E76FF002003A
:109D1000D6E700BF219B0200EFF310832BB9EFF3CE
:109D20001180003818BF01207047012070470000E3
:109D300070B5A8B38468D0E900566CB114F0030381
:109D400002D1C2681B2A1AD86FF00801002001F066
:109D50009BF90024204670BDC368002BF4D1124B40
:109D6000D3F8940030B9D3F8800001221C21FFF70A
:109D700079FC01E0FFF7EAFC044660B10123F5221B
:109D8000A3700023C4E90233C4E904332270E670EF
:109D900065602376DEE76FF0040101F075F9D9E71D
:109DA00005460646DBE700BF14620020284B70B56D
:109DB0005D6904460E4635B96FF0070101F064F99C
:109DC0004FF0FF3070BD10B10378F52B07D020465F
:109DD0006FF0030101F058F96FF00300F2E7037E22
:109DE00053B9C0E90353EB6A436103B11861EC62F4
:109DF000012323760020E5E7C278D1070DD5C1689D
:109E0000A9420AD1FF2B06D16FF00F0101F03CF9F6
:109E10006FF00200D6E70133EBE7002EF8D093078E
:109E20000AD5E06895F9203090F920209A4203DAAB
:109E300080F8203000F0C0FC3146532000F0D6FE00
:109E400018B12946204600F093FC6FF00100B9E7F5
:109E5000146200202E4B5A6970B5044632B96FF077
:109E6000070101F011F94FF0FF3070BD10B1037818
:109E7000F52B07D020466FF0030101F005F96FF0D4
:109E80000300F2E7037E33B96FF00E0101F0FCF836
:109E90006FF00200E9E7C168914202D06FF00D0156
:109EA000F4E7013BDBB2037613BB43690BB10169F5
:109EB00019612169F1B14B6192F92130D56ADDB99F
:109EC00082F82030A36883B1204600F063FC064688
:109ED0002A46294600F0E2FDF36A6361C4E903659E
:109EE00003B11C610123F4622376002000F0C0FC62
:109EF0000020BAE7D362DFE7E978890706D5A968C9
:109F000021B191F920108B42B8BF0B466D69D6E79D
:109F10001462002070B5044610B10378F52B07D009
:109F200020466FF0030101F0AFF86FF0030070BD41
:109F3000037EBBB16369C0680BB122691A612269F3
:109F400002B3536190F92120C36AEBB990F9203034
:109F5000934203D080F8202000F02EFCA068F8B9CE
:109F600000F086FCA078002610F001002670DED0FC
:109F7000134BD3F894502146DDB12846FFF700FC7F
:109F80003046D4E7C362DDE7D978890706D59968FA
:109F900021B191F920108A42B8BF0A465B69D4E723
:109FA000204600F0F7FB00226FF0020100F076FD82
:109FB000D4E7D3F88000FFF78AFB2846B7E700BF55
:109FC000146200202DE9F0410446002601270CB957
:109FD000BDE8F081E378D4F814801B0712D5A3689C
:109FE00026767BB1204600F0D5FB002205461146BF
:109FF00000F054FDEB6A6361C4E9035603B11C61D0
:10A00000EC6227764446E2E710B4C3789B071DD57F
:10A01000C06890F92120C36ADC78A40709D59C6840
:10A020008C4208BF8C6824B194F92040A242B8BF8A
:10A0300022465B69002BEFD190F92030934205D086
:10A0400080F820205DF8044B00F0B6BB5DF8044BAF
:10A050007047000008B50246EFF3058333B10020D6
:10A060006FF0050101F010F8002008BDFFF754FE65
:10A070000028F4D1DFF808C0104600DFF5E700BF84
:10A08000319D020008B50246EFF305833BB110464F
:10A090006FF0050100F0F8FF6FF0050008BDFFF755
:10A0A0003BFE0028F3D1DFF808C0104600DFF5E7DB
:10A0B000AD9D020008B50246EFF305833BB11046A3
:10A0C0006FF0050100F0E0FF6FF0050008BDFFF73D
:10A0D00023FE0028F3D1DFF808C0104600DFF5E7C3
:10A0E000559E020008B50246EFF305833BB11046CA
:10A0F0006FF0050100F0C8FF6FF0050008BDFFF725
:10A100000BFE0028F3D1DFF808C0104600DFF5E7AA
:10A11000159F0200EFF310832BB9EFF31180003885
:10A1200018BF01207047012070470C30D0E85F3F16
:10A1300013B9BFF32F8F04E05A1EC0E8512F01B1AD
:10A14000F4E798B2003818BF0120704730B500F12D
:10A150000C02C189D2E85F3F994202D8BFF32F8F2A
:10A1600004E05C1CC2E8554F05B1F3E7C0899BB21F
:10A17000984294BF0020012030BD0000F8B50E4683
:10A180004FF6FE73411E9942054601D8B04207D2F0
:10A190006FF00301002000F07DFF00242046F8BD91
:10A1A0001AB39468176844B114F0030302D1D2685B
:10A1B0000F2A0ED86FF00801ECE7D368002BF9D115
:10A1C000114BD3F8980090B1FFF7C0FA0446A8B13C
:10A1D0000123A3700023F622A3600B4B22700B4ACD
:10A1E0006760A681E5819A66D8E71746E8E7D3F865
:10A1F000800001221021FFF735FAE7E76FF0040134
:10A2000000F048FFCAE700BF1462002081A20200EC
:10A2100070B5054610B10378F62B07D028466FF0CD
:10A22000030100F037FF6FF0030070BD836863B176
:10A23000284600F0AFFA00226FF0020100F02EFC79
:10A24000A8680028F4D100F013FBAB78002613F0C7
:10A2500001032E700FD0094BD3F89840294624B142
:10A260002046FFF78DFA3046DFE7D3F88000FFF78E
:10A270002EFA2046D9E71846D7E700BF146200201F
:10A28000836810B504465BB1FFF74FFF40B120462D
:10A2900000F080FA0022BDE81040114600F0FEBB3D
:10A2A00010BD38B5054610B10378F62B07D0284607
:10A2B0006FF0030100F0EEFE6FF0030038BD84681C
:10A2C0003CB100F067FA0122002100F0E7FB00201A
:10A2D000F4E7FFF73BFF38B928466FF0100100F0B4
:10A2E000D9FE6FF00200E9E72046E7E738B50D46F2
:10A2F000044610B10378F62B07D020466FF0030117
:10A3000000F0C8FE6FF0030038BDFFF70EFF68B91C
:10A3100075B12946632000F069FC20B1064B204648
:10A32000596900F025FA6FF00100EDE70020EBE736
:10A330006FF00200E8E700BF1462002010B5044689
:10A34000EFF3058333B100206FF0050100F0A2FEAA
:10A35000002010BDFFF7DEFE0028F4D1DFF808C0B2
:10A36000204600DFF5E700BF7DA1020010B50246E0
:10A370000C46EFF3058343B182B910466FF0030139
:10A3800000F088FE6FF0030010BDFFF7C3FE002849
:10A39000F2D1DFF824C0104600DFF5E71378F62B82
:10A3A000EBD1002CE9D11046FFF7BFFE002814BF07
:10A3B00000206FF00200E7E7EDA2020010B50446AE
:10A3C000EFF3058343B184B920466FF0030100F039
:10A3D00061FE6FF0030010BDFFF79CFE0028F2D174
:10A3E000DFF830C0204600DFF5E72378F62BEBD10D
:10A3F0002046FFF7ABFE20B1204600F0B7F8002062
:10A40000E9E720466FF0100100F044FE6FF0020013
:10A41000E1E700BFA3A2020008B50246EFF30583FF
:10A420003BB110466FF0050100F034FE6FF00500FF
:10A4300008BDFFF76FFE0028F3D1DFF808C0104613
:10A4400000DFF5E711A2020010B5D0E85F3F5A1C0B
:10A45000914200D80022C0E8542F04B1F5E798B229
:10A4600010BD000038B51C4C00F0A6FEE3680133B7
:10A47000E36000F0BBF9002000F0FAF9236D03B1AE
:10A480009847226C32B3A369E06BD969984202D035
:10A49000E36301B9DA61DA69C2B9237A022B19D10F
:10A4A000656ABDB1E36B95F9202093F920309A429B
:10A4B00010D1284600F077F9E06B00F08FF92846BC
:10A4C00000F0CEF9236CE563EB6103E0013ADA6159
:10A4D000002AE2D038BD00BF1462002070B5224CC3
:10A4E00004F1560504F15A06B4F85410D5E85F3F5C
:10A4F00013B9BFF32F8F04E05A1EC5E8502F00B1E7
:10A50000F4E79BB25BB33046FFF79EFFE36D53F871
:10A51000200020B30378F13B082BE5D801A252F8C4
:10A5200023F000BF49A50200E9A402004FA50200E4
:10A53000E9A40200E9A4020053A5020057A5020005
:10A54000E9A402005BA50200236E9847CCE7636E86
:10A55000FBE7A36EF9E7E36EF7E7236FF5E7BDE8E6
:10A560007040002000F084B91462002070B5164CD1
:10A570000546B4F8541004F15602D2E85F3F994200
:10A5800002D8BFF32F8F04E0581CC2E8560F06B163
:10A59000F3E79BB2994205D829460220BDE87040F6
:10A5A000FEF7E5BF04F15800FFF74EFFE36D43F8F7
:10A5B0002050637A23B9054B4FF080525A6070BD2A
:10A5C0000123A372FBE700BF1462002000ED00E04E
:10A5D000EFF310832BB9EFF31180003818BF01207F
:10A5E0007047012070470378F12B00D07047C06896
:10A5F000F9E7000010B5C469621CD0E904310CD140
:10A6000003B1596142691AB113610023436101E04A
:10A61000074A13630023C36110BD1BB1DA69596196
:10A620002244DA614269002AEED1014AD362F1E79D
:10A630001462002010B50A4A90F9201001234370DB
:10A64000536A1C321BB193F920408C4205DCC0E9EF
:10A650000232906003B1D86010BD1A469B68F1E7E2
:10A6600014620020014B5869704700BF146200203B
:10A6700010B50023038083789A07044608D513F0A9
:10A68000100F016B0E4B0FD0D3F88400FFF778F852
:10A69000A378DB0712D50A4BD3F88800214638B1DE
:10A6A000BDE81040FFF76CB8586FFFF710F8EFE700
:10A6B000BDE81040D3F88000FFF709B810BD00BF17
:10A6C0001462002008B500F0F5FCDFF810C000DFD0
:10A6D0004FF0FF31002000F0CBFCFEE705AB02009D
:10A6E000C278D207034601D4FFF7C2BF042205494E
:10A6F00042700022C2604A6B826002B1D0604B633C
:10A70000704700BF14620020930710B502F00104E7
:10A7100022D400F1280384B153E8000F00EA0102BB
:10A720008A4203D0BFF32F8F002005E020EA010208
:10A7300043E8002404B1EFE710BD53E8000F0842DE
:10A7400003D1BFF32F8F002005E020EA010243E888
:10A75000002404B1F1E7EFE7806A01EA00031CB1CD
:10A760008B4218BF0020E7E7002B08BF0020E3E77B
:10A7700010B591F9202083681BB193F920409442D1
:10A7800005DAC1E90230816003B1D96010BD184615
:10A790009B68F1E783689A68826002B1D06000220A
:10A7A000DA6018467047C2682AB18368936003B1C3
:10A7B000DA600023C360704710B5044664B12378A3
:10A7C000F12B07D0FFF7EFFF01462046BDE8104010
:10A7D000FFF7CEBFE468F1E710BD0000012301469A
:10A7E00043700148FFF7C4BF3062002038B5164DF2
:10A7F000EC6A44B3E369013BE36123BB6378732BE9
:10A8000006D009D8532B0BD003F0DF03432B0DD117
:10A810002046FFF7E8FE09E003F0EF03832BF6E79D
:10A820002046FFF7E0FE2146FFF7EEFB2046FFF74C
:10A83000BAFFFFF7D3FF246924B1E369002BDDD011
:10A8400000236361EC6238BD1462002090F822306E
:10A85000826B13F0100F0CBF602020201044704753
:10A8600002234370014B9861704700BF14620020BF
:10A8700070B5124D04462E7A696990B9022E0FD137
:10A880006C6A6CB194F9202091F920309A4207DD6E
:10A890002046FFF788FF0846FFF7CCFE6670AC61E4
:10A8A00070BD022E05D190F9202091F920309A42F6
:10A8B000F1DC2046BDE87040FFF790BF1462002035
:10A8C0002DE9F04F85B08046029128B96FF0030161
:10A8D00000F0CEFB0024ABE0002A48D0D2E900A370
:10A8E000946896690193D2E904B544B1A10702D1F5
:10A8F000D268432A06D86FF008010020E8E7D26842
:10A90000002AF8D1BBF1000F08D01BF0070F02D1CD
:10A91000002D40F0A9806FF00A01EEE72EB1721E03
:10A92000372A03D96FF00B01E7E71826002D40F016
:10A930009F804CBB534CD4F88800F0B1FEF706FF63
:10A940000446002800F08D800127DFF83891BBF124
:10A95000000F32D1D5B94C4AD9F88400556DA8B151
:10A96000FEF7F4FED0B147F01007834621E092468F
:10A970009346182615460192DCE7D4F880000122A0
:10A980004421FEF76FFEDBE70027DEE7D9F874000D
:10A990005A462946FEF766FE0028E6D1002F55D01C
:10A9A000D9F88820002A47D021461046FEF7E8FE55
:10A9B000002447F00207002C53D040F2F11222800D
:10A9C0000022C4E90222C4E90422C4E90622C4E93F
:10A9D0000922C4E90B2BA5F140025A44C4E90E2810
:10A9E000019B2A4AE37076B2FD21A770C4F804A047
:10A9F00084F8206084F8216061846563CBF80020CE
:10AA0000214A1268530723D4A36B3422184600212D
:10AA10000AF0B6FD1E4A1F4BC0E90D284FF08072A8
:10AA2000C263029A02622046C9F86030FFF720FF35
:10AA3000204605B0BDE8F08F2146D9F8800003928A
:10AA4000FEF745FE039A14469346B2E73C46B0E74C
:10AA500025F00302443ACC210BF104000AF090FDEA
:10AA6000D2E76FF0040148E7002E7FF458AF1826B4
:10AA70006A077FF450AF084AA5F1480191427FF67A
:10AA800058AF48E71462002000900300A52E5AE258
:10AA9000C5A60200C1AA0200B7FFFF7F38B5054670
:10AAA0001446FFF7D3FE01602846FFF7A3FD1CB153
:10AAB000BDE83840FFF7DCBEBDE83840FFF78EBE8A
:10AAC00010B54378332B04460CD1416A90F823200B
:10AAD000FFF71AFE014628B120460022BDE81040CB
:10AAE000FFF7DCBF10BD10B50446806918B1002225
:10AAF0001146FFF7D3FF6378232B02BFA368002220
:10AB00009A6110BD70B50F4C267A022E18D1636A77
:10AB1000B3B16569E86AFFF755FA2846FFF7E3FF26
:10AB200004F11C00FFF736FE4670A061EFF30983C5
:10AB3000AB63002363612846BDE87040FFF7D0BDDA
:10AB400070BD00BF1462002010B5044610B1037838
:10AB5000F12B07D020466FF0030100F089FA6FF067
:10AB6000030010BD437803F00F03022B1ED0032B0C
:10AB70002BD0012B2ED1FFF716FEE06AFFF722FA49
:10AB80002046FFF7B0FF6178022926D11548FFF76C
:10AB900001FE154B41709861EFF30982A263002218
:10ABA0005A612046FFF79CFD0020DAE70E4B1A7A27
:10ABB000022A02D15B6A002BDFD16FF0020120462E
:10ABC00000F056FA6FF00200CBE7FFF7ECFDFFF75D
:10ABD00011FDD2E76FF00201F2E70020FFF748FE17
:10ABE000DFE700BF306200201462002038B51F4C40
:10ABF000237A022B35D1636A002B34D063694A1C57
:10AC0000587016D1226B002172B94FF0FF30C3E9A2
:10AC10000421D86159B10B611548FFF7BBFD022330
:10AC20004370A061012038BD11461269ECE723632F
:10AC3000F2E7E26A002012B1D569A9420BD2C3E95A
:10AC40000420D96158B10361002AE5D0D06953616D
:10AC5000401AD061E0E71046491B1269EBE7E36256
:10AC6000F2E70020DFE71846DDE700BF14620020AE
:10AC70003062002038B50D4C0D48A26D0D4D0021FD
:10AC8000FFF71EFE636EA8625BB1984758B9E26D8C
:10AC9000E96C206EFFF714FEA864003818BF01208D
:10ACA00038BD0120FCE70020FAE700BF0090030058
:10ACB000E1AF02001462002010B50446EFF30583F3
:10ACC00033B100206FF0050100F0D2F9002010BD73
:10ACD000FFF77EFC0028F4D1DFF808C0204600DF33
:10ACE000F5E700BFC1A8020008B5EFF3058313B173
:10ACF000054B586908BDFFF76BFC0028F8D1DFF859
:10AD00000CC000DFF6E700BF1462002065A6020059
:10AD100010B5044600F0DAF9EFF305833BB12046A5
:10AD20006FF0050100F0A4F96FF0050010BDFFF70A
:10AD30004FFC0028F3D1DFF808C0204600DFF5E71C
:10AD400049AB020030B50C4D6B6C002213B11C698D
:10AD50008C420AD9C0E9022301611BB11C699860C9
:10AD6000641A1C612AB1D06030BD1A46091BDB6829
:10AD7000ECE76864F8E700BF146200202DE9F041B9
:10AD8000184D6C6C54B323696E69013B2361012734
:10AD9000236913BBE3680BB1A2689A606B6400235C
:10ADA000E86C1A4604F11801FEF73AFF58B1D5E9EC
:10ADB0000583214603206B61FEF7D9FB6B6913B94C
:10ADC000B04508BF0026E378012B09D16169204610
:10ADD000FFF7B8FF6C6C002CDAD16E61BDE8F08132
:10ADE0006770F7E71462002008B5FEF707FF18B98F
:10ADF000034B044A1A6508BD4FF0FF30FBE700BF64
:10AE0000146200207DAD020007B504464FF0FF3309
:10AE1000002269462046FEF743FF0028F6D1DDE90F
:10AE200000309847F2E7000008B5094B094A1A605C
:10AE3000094B9B1A094A1360094B0A4A1A600A4BCC
:10AE40009B1A0A4A136000F051F800F069F800BF3D
:10AE5000DC7F002000FC032000000420D87F0020BD
:10AE600094040120A80B012000FC03209004012081
:10AE70000E4838B50E4B03600B250E4B45601C2465
:10AE8000C4608360FFF7E6F80B4B18600B480C4B6F
:10AE9000C460C0E900350B4B8360FFF7DBF80A4B59
:10AEA0001860BDE8384009F079BE00BFA87F0020D7
:10AEB000D4900300BC7F0020B87F0020787F002062
:10AEC000E19003008C7F0020887F0020FDF780BE8A
:10AED000024B4FF0FF311868FFF7D4B8B87F00205D
:10AEE000014B1868FFF7E6B8B87F002008B505F0F9
:10AEF0003BF9BDE8084000F011B87047704708B54D
:10AF000000F042F8FFF7F9FFFFF7B2FFFFF7F6FF97
:10AF100003F0E0FABDE80840FFF7D8BFFEF732BB08
:10AF2000114C124B23614FF4004363614423E360EF
:10AF30000F4BA360182307B5A3610E480E4B236087
:10AF400022460021FFF7B8FE034628B90B490090BE
:10AF500022460B4803F0C6FAFEF72CFB00230949F2
:10AF600000931A46F5E700BFE0FF0020E07F0020D5
:10AF700004000120FFAE0200EB900300F0900300FC
:10AF80001D0101800C9103001FB5064B0FCB6C46D1
:10AF900084E80F002046FFF75DF8034B186004B00B
:10AFA00010BD00BF349103004800012073B5064670
:10AFB0000C46154603F090FA58B906342ABF064BE2
:10AFC000064953F82410002300933246284603F024
:10AFD00089FA02B070BD00BFF89203004C920300E2
:10AFE00008B500F0F3F8000007B50023411E0093F8
:10AFF00002460023042919D8DFE801F003080C10E9
:10B0000014000C490C48012203F06CFA0B490C485F
:10B010000222F9E70B490C480322F5E70B490C48DB
:10B020000422F1E70B490C480522EDE70B490C48D7
:10B03000EAE700BF44910300250102806591030007
:10B04000260102808A91030027010280BF9103003C
:10B0500028010280FA9103002A0102803A9203003B
:10B0600000010280014A0146FFF7A0BF31010180C3
:10B07000014AFFF79BBF00BF32010180014AFFF781
:10B0800095BF00BF37010180014AFFF78FBF00BFA6
:10B090003301018011F1110F02D0024AFFF786BF80
:10B0A000704700BF34010180014AFFF77FBF00BF36
:10B0B0003801018010B5FFF717FE034B1B6813B171
:10B0C000BDE81040184710BD68000120024B1B6806
:10B0D00003B11847704700BF68000120024B987AFF
:10B0E000003818BF012070471462002008B5FEF731
:10B0F00077FA0749002203F087FAC31C04D90549EF
:10B1000005488B2202F0D2FFBDE80840FEF77CBA6A
:10B11000DDB002001093030045930300B0F57A7F81
:10B1200038B50D4604D018491848322202F0BEFF47
:10B1300002F0D6FC041E13DB04F1604303F5614307
:10B14000E02283F800232946204604F05BFC2046D9
:10B1500004F060FC85420AD00B490D483F22E5E728
:10B160000C4B04F00F021344E0221A76EBE7002C9C
:10B1700007DB094A6109012304F01F04A34042F8D8
:10B180002130002038BD00BF1093030072930300EC
:10B190007F930300FCEC00E000E100E008B503F061
:10B1A000BBF9BDE8084002F090BD0000014B1868F3
:10B1B00002F0C0BDC0030120014B186802F07CBD45
:10B1C000C003012008B502F08BFC08BD08B5024C95
:10B1D00023689847FCE700BFB862002003680BB102
:10B1E000084618477047CB68C3600BB15B681847C7
:10B1F00070470000044B0022C3E900229A601A61E4
:10B20000024ADA60704700BF6C000120DDB1020025
:10B2100038B504460D46002100F8011B10220AF043
:10B22000AFF96582204638BD08B542F602110248E2
:10B23000FFF7EEFF08BD00BF80000120C36810B516
:10B240002BB9054905484FF4FD7202F02FFFBDE808
:10B2500010401B68184700BFAC930300DB9303004A
:10B26000034B1A78034B53F8223003B11847704749
:10B27000BC62002094000120074B1B785BB1074B98
:10B280000122C3F80823064B5A78FF2A00D1FEE7B3
:10B29000044A12885A707047AC01012000F0004047
:10B2A000A8000120AE010120F8B50546064655F874
:10B2B000044B8CB90D4F386818B14FF0FF31FEF7D1
:10B2C000E1FE346824B9284603F094FE2C4635602C
:10B2D000386808B1FEF7EEFEAC4204D004490548D8
:10B2E0008B2202F0E3FE2046F8BD00BF480001209B
:10B2F000E79303001A940300036801221B690021ED
:10B300001847036800221B691146184707B50190CA
:10B3100002F076FF0198012104F0A6FE03B05DF86B
:10B3200004EB02F083BF07B5019002F069FF0198BA
:10B33000002104F099FE03B05DF804EB02F076BF43
:10B3400007B5CDE9001002F05BFFDDE9001004F065
:10B3500069FE03B05DF804EB02F068BF7047416816
:10B3600030B4034671B1D0E9032000F0010402B902
:10B3700044B1451001EB60000CB149598A589968F5
:10B3800030BC104730BC704770B500F14C0690F9E6
:10B39000DF2090F9DE100446304605F089F9D4E943
:10B3A00039530DB9DA070ED55A1004EB6300DB07E9
:10B3B00048BFA35894F8EC1048BF5D5994F9ED20AC
:10B3C00094F9EE30A847D4F8D810304605F086FA44
:10B3D000224630460249BDE8704005F05DBB00BF23
:10B3E000B5B602002DE9F0411F46D0F8E030044622
:10B3F0000D4616462BB11749174840F22B1202F0A2
:10B4000055FE164AC0E9392303681B68984784F83B
:10B41000EC5084F8ED6084F8EE70032D0BD8DFE873
:10B4200005F0150210154FF0FF333246012104F1EB
:10B430004C0005F00BFB236820465B68BDE8F0413B
:10B44000184733464FF0FF320221F0E73B463246C1
:10B450002946ECE73D94030065940300E5B3020040
:10B460002DE9F04198461D4B03601D4B43600025BC
:10B470001C4B85600446C0E90555C0E907550F46D9
:10B480001646C360858445634564A0F848506C2225
:10B49000294600614C300AF073F840F20113A4F819
:10B4A000DC304FF47F43A4F8EC30FF232046C4E99E
:10B4B0003558C4E93855C4E93C55C4F8C45084F83B
:10B4C000DE7084F8DF60C4F8E85084F8EE30C4F829
:10B4D000F850FFF759FF2046BDE8F081849403003F
:10B4E00089B302005FB3020070B50646044656F801
:10B4F0004C3B0D461B6898473046294605F0EEF94F
:10B500002368C4F8D85020465B68BDE870401847EF
:10B510007FB50546044655F84C6B0193CDE90221F1
:10B520003668B047DDE901322846039905F056FA3E
:10B5300023685B68204604B0BDE87040184738B502
:10B540000546044655F84C3B1B689847284605F0CD
:10B5500057FB236805465B6820469847284638BD58
:10B5600038B50546044655F84C3B1B6898472846B5
:10B5700005F066FB236805465B6820469847284629
:10B5800038BD03682DE9F34105461B6816460F4692
:10B59000984795F8DC30340103B1B6B195F8DD3049
:10B5A0000BB1012E11D0B8342819B84206D0019041
:10B5B000FBF792FE01983946FFF715FE2B685B6892
:10B5C000284602B0BDE8F0411847B83402F018FE32
:10B5D0002C44FA68E36805F14C089AB10BB903F002
:10B5E00045F8A74206D02046FBF776FE39462046AE
:10B5F000FFF7F9FD01223146404605F05DFA02F001
:10B6000015FEDBE70BB103F047F82046FBF764FEBD
:10B610000022E260EFE7000030B51B4B036085B00D
:10B6200000252A46694604460395FFF7AAFF6846A7
:10B63000FBF752FE0122694620460395FFF7A1FF62
:10B640006846FBF749FE94F8DC3013B994F8DD3016
:10B650001BB104F14C0005F00BF904F1C800FBF735
:10B660003BFE04F1B800FBF737FE04F13800FBF7AE
:10B6700033FE04F12800FBF72FFE206A08B102F028
:10B6800063F8204605B030BD8494030010B504462D
:10B69000FFF7C2FF2046FC2103F00EFB204610BD41
:10B6A0004C3005F035BA10B54C300C4605F072FA46
:10B6B000204610BD00EB0110B83008B5C3680BB1CF
:10B6C000FFF7BCFD08BD036870B504461B680D4656
:10B6D000984794F8DC30AB422BD065B194F8DD305C
:10B6E0004BB9A2686368511004EB6200D20744BFF3
:10B6F0006258D358984702F083FD05B3D4F8C4309C
:10B700005BB104F1B800FFF799FD02F0AFFF012231
:10B71000002104F14C0005F0CFF902F087FD84F818
:10B72000DC5035B994F8DD301BB904F14C0005F05C
:10B730009FF8236820465B68BDE8704018472A469A
:10B74000294604F14C0005F0B7F9D4F8C430002BB9
:10B75000E3D002F0A1FFE0E7036870B504461B6880
:10B760000D46984794F8DD30AB422BD065B194F884
:10B77000DC304BB9A2686368511004EB6200D20759
:10B7800044BF6258D358984702F03AFD05B3D4F845
:10B79000D4305BB104F1C800FFF750FD02F066FF42
:10B7A0000122114604F14C0005F086F902F03EFD3D
:10B7B00084F8DD5035B994F8DC301BB904F14C0045
:10B7C00005F056F8236820465B68BDE870401847CE
:10B7D0002A46012104F14C0005F06EF9D4F8D4306A
:10B7E000002BE3D002F058FFE0E7437D10B504469C
:10B7F0001BB1037D0BB102F04FFF204610BD13B506
:10B80000044601A801F0A8FF637D53B9237D0BB165
:10B8100002F02CFF206901F05DFFC4E90001012363
:10B82000637501A801F0A0FF02B010BD37B5044652
:10B830000D4601A801F090FF00230022C4E9002377
:10B840006B7D4BB1286901F045FFD5E90032C01A84
:10B8500061EB0201C4E9000101A801F085FF204667
:10B8600003B030BD30B585B004460D4603A801F0E5
:10B8700073FF29466846FFF7D9FFD5E90221009BEF
:10B880009B18019A42EB0102C4E9003203A801F0BF
:10B890006BFF204605B030BD13B5044601A801F08A
:10B8A0005BFF206901F016FF00220023C4E90001BC
:10B8B000C4E9022301A801F057FF02B010BDD0B5C2
:10B8C000002300260027C0E90067C0E9026704469C
:10B8D000016102754375FFF7DFFF2046D0BD10B54B
:10B8E000044601F01DFF012201462046FFF7E7FF55
:10B8F000204610BD10B5044601F0E6FC00220146CA
:10B900002046FFF7DCFF204610BD03681B68184780
:10B9100010B50446074B236000220023C4E902232C
:10B9200000230846A161C4E90433034901F062FE23
:10B93000204610BD9C9403000BB9020007B500908F
:10B9400000F10801806901F092FE03B05DF804FB8C
:10B9500000F10801806901F0A2BE002070476FF07D
:10B960001C0070476FF01C0070476FF015007047A7
:10B970006FF01500704701207047012070470020CC
:10B9800070470020704770B511F0010405468EB273
:10B9900004D0FFF7D4FD041E18BF0124F30605D51B
:10B9A0002846FFF7DDFD08B144F01004204670BDC5
:10B9B000A0F1FC00FFF7E7BF08B5FFF784FE002009
:10B9C00008BDA0F1FC00FFF7F7BF08B5FFF7C4FE04
:10B9D000002008BDA0F1FC00FFF7F7BF10B5034B36
:10B9E00003600446FFF718FE204610BDA89403002C
:10B9F000A0F1FC00F2E700BF10B50446FFF7EEFF30
:10BA000020464FF4807103F057F9204610BDA0F195
:10BA1000FC00F1E72DE9F04106460D461746C2B19C
:10BA200002F0EBFB80F0010313F0FF0403D0336856
:10BA300030461B68984705EB070815F8011B304690
:10BA4000FFF731FEA845F8D11CB1336830465B687A
:10BA500098473846BDE8F081A0F1FC00FFF7DABF57
:10BA600038B504460D4662B103681B689847204606
:10BA7000FFF716FE2870236820465B689847012070
:10BA800038BD1046FCE7A0F1FC00FFF7E9BF00005D
:10BA900010B50446FFF7E4FC044B03F108024433FD
:10BAA0002260C4F8FC30204610BD00BFA094030003
:10BAB00030B5056885B00446CDE9022101932D68B3
:10BAC000A847DDE9013220460399FFF78BFC236884
:10BAD0005B68204605B0BDE83040184730B50446E5
:10BAE00085B004F1080502F08BFB29466846FFF794
:10BAF0007AFB2846FBF7F0FBE0690023C4E9053335
:10BB000008B103F0FFFA02F091FB039B13B11B682D
:10BB1000684698476846FBF7DFFB05B030BD00007C
:10BB2000002204494260C0E905220160C26102842A
:10BB3000704700BF7C950300074B10B50360836915
:10BB4000044623B105490648262202F0AFFA083020
:10BB5000FBF7C2FB204610BD7C9503002C9503002B
:10BB60005595030070B504460E4602F049FBA569E1
:10BB700065B104F10800FBF7AFFB0023012263610C
:10BB800084F82020E36184F82160A36102F04EFB79
:10BB90002DB121462846BDE8704000F02EB970BD99
:10BBA00008B103F02FBA02F02BBB08B103F048BA7A
:10BBB00002F03CBB2DE9F041044686B00E46174624
:10BBC00002F01EFBA56902F031FB35B301AD002187
:10BBD000284603F071FA02F013FBD4E9068323B17F
:10BBE0000F491048392202F061FAE56102F01EFBAC
:10BBF000B8F1000F0ED03946284603F065FA48B96F
:10BC00003046FFF7CDFF20460121FFF7ABFF30465E
:10BC1000FFF7CBFF284603F078FA06B0BDE8F081C5
:10BC20002C950300639503000022C0E90122012244
:10BC30000160027370477047037B33B1D0E9002382
:10BC4000126893428CBF00230123184670472DE9E8
:10BC5000F0410468012606FA01F10023271D82EA5B
:10BC6000060E17F813400C4204D004F030043AB129
:10BC7000102C07D10233202BF3D14FF0FF300DE011
:10BC8000002CF7D0D0F808C042EA030506FA05F800
:10BC900018EA0C0FEED1202C02D02846BDE8F08126
:10BCA0004EEA030406FA04F414EA0C0FF5D0E1E7B7
:10BCB00070B50D4611462A4604461E46FFF7C7FFDB
:10BCC000002802DA0020207370BD256863684208EE
:10BCD00005EB8205E98819446B7906FB0313636061
:10BCE0000121A36881400B4342EAC010A360C0B2A7
:10BCF000EAE713460A460121FFF7DABF13460A4670
:10BD00000021FFF7D5BF13B50A4601910021044673
:10BD1000FFF7EFFF019A0021204602B0BDE8104076
:10BD2000FFF7ECBF0022C0E90022704770470068AF
:10BD3000704700230B60436813B90160416070478E
:10BD40001960FBE703682BB11A6802B94260026010
:10BD500000221A601846704710B504680022234676
:10BD60008B420ED10AB10B6813608C4204BF0B6882
:10BD7000036043688B424FF0000308BF42600B60D2
:10BD800010BD002BFCD01A461B68E9E710B504462D
:10BD9000FFF7C8FF204610BD08B5FFF7C8FFB0FA8F
:10BDA00080F0400908BD70B505462846FFF7BFFF83
:10BDB000044678B150F8043C061F9B68304698470B
:10BDC00040B12846FFF7BEFF54F8043C3046DB681C
:10BDD0009847EAE770BD70B504460D46FFF7A7FF28
:10BDE000AC610646291D2046FFF7A3FF26B9204671
:10BDF000BDE87040FFF7D7BF70BD70B505460C4673
:10BE0000FFF795FF064604B1043421462846FFF7A4
:10BE1000A3FFA64204D12846BDE87040FFF7C3BF88
:10BE200070BD10B504462046FFF781FF28B150F8D9
:10BE3000043C0438DB689847F5E710BD10B50446AC
:10BE4000FFF7EFFF2046FFF771FF204610BD704758
:10BE5000704703689B6D184770B586B0154B01930A
:10BE60000023ADF808308DF80A3040F20123ADF818
:10BE7000123040F2031390F8204341680289ADF874
:10BE8000143000F10A038DF80B400391ADF8102037
:10BE900001AC05AE1D46224603CAB2421860596085
:10BEA000144603F10803F6D112881A80284606B01A
:10BEB00070BD00BF12010002004870476498030083
:10BEC000004870479C98030000487047689803003A
:10BED00000487047AE9803000048704794980300EC
:10BEE000004870477E980300036810B504465B6FF6
:10BEF0009847D4F8EC0203681B6F984723682046E4
:10BF00009B6FBDE81040184738B5D0F83433012B8B
:10BF1000044610D10025D4E9C93000F0010203B96C
:10BF20004AB14110C4E9C95504EB60000AB1625836
:10BF3000D3589847EFE7D4F834332BB9064907486C
:10BF400040F2C66202F0B2F8013BC4F83433BDE8F7
:10BF5000384002F06BB900BF8C950300B795030021
:10BF600008B5D0F834332BB90349044840F2CD6208
:10BF700002F09CF808BD00BF8C950300B795030044
:10BF800010B5044602F03CF9D4F834330133C4F858
:10BF900034332BB9034904484FF4D76202F086F8D2
:10BFA00010BD00BF8C950300B7950300036837B53B
:10BFB000DB6F0D460446984715F0700F01D12B0733
:10BFC00006D100231049114800931A4602F08AFA5C
:10BFD0006B0003F01E0343EAD5118B1E182000FBF3
:10BFE000034393F831206AB1013900FB0140013A63
:10BFF000043083F83120C36823B11B6803B0BDE867
:10C000003040184703B030BDC395030004011580CC
:10C01000036873B50446DB6F9847B4F8F8120B0A4F
:10C02000022B25D0032B56D0012B04D123682046A8
:10C030001B6B984708B9002018E0236820461B6B4B
:10C0400098470678122EF6D1236820461B6B984736
:10C050004578012DEFD12368C4F804631B6B20469B
:10C06000984784F80853C4F80003284602B070BD0E
:10C070002368C9B25B6B0191204698470028DAD04B
:10C08000236801995B6B2046984703780199092B37
:10C09000D1D1236820465B6B984743780199022BE6
:10C0A000C9D1236820465B6B9847236885785B6B12
:10C0B000019920469847C378019945EA03252368EA
:10C0C000C4F804535B6B20469847C4F80003012072
:10C0D00084F80803CAE7C9B20529ACD8DFE801F043
:10C0E000030F19232D37236820469B6B984703784D
:10C0F000C4F8043323689B6B20469847E5E7236820
:10C100002046DB6B98470378C4F804332368DB6B65
:10C11000F2E7236820461B6C98470378C4F8043381
:10C1200023681B6CE8E7236820465B6C984703781C
:10C13000C4F8043323685B6CDEE7236820469B6CFD
:10C1400098470378C4F8043323689B6CD4E72368CA
:10C150002046DB6C98470378C4F804332368DB6C13
:10C16000CAE70B78DB0913700B78C3F341135370E4
:10C170000B7803F01F0393704B78D3704B88938038
:10C180008B88D380CB88138170470000036870B51B
:10C1900004465B6F0D46984794F80C33022B05D08C
:10C1A00009490A4840F23D1201F080FF084BC4F8EB
:10C1B00024330023C4F82833236884F8105320461E
:10C1C0009B6FBDE8704018478C950300E295030013
:10C1D000B5C6020038B503680446DB6F984794F88B
:10C1E000083313B10025284638BDD4F8EC020368A3
:10C1F0005B6C9847D4F804239042F3D8D4F800132A
:10C20000121A0144C4F80013C4F80423A2B994F824
:10C210000A53022384F80C3345B1236884F80A23B7
:10C220009B6E04F53D7120469847DCE701212046CE
:10C23000FFF7ACFF0125D6E7D4F8EC02D4F8204391
:10C240000368A2421B6C28BF22469847F2E7000011
:10C25000036813B50446DB6F984794F81C33012B31
:10C2600006D800230F4900931A460F4802F03AF906
:10C2700094F80C3323B100230C4900931A46F4E7D9
:10C2800094F80B33032B0BD02046FFF7A3FF38B9EC
:10C29000D4F8EC020368DB6C02B0BDE8104018472C
:10C2A00002B010BD0D9603000E01158035960300F7
:10C2B00038B503680446DB6F984794F80833012BC0
:10C2C0003BD1D4F8045335B994F809330BB901259F
:10C2D0002CE084F80953D4F82033D4F8EC02D4F8D5
:10C2E00000139D4228BF1D4603682A469B6C984751
:10C2F000D4F800332B44C4F80033D4F804335B1B68
:10C30000C4F80433002BE2D194F80923002ADED1CB
:10C3100094F80A53022384F80C334DB1236884F84F
:10C320000A239B6E04F53D7120469847284638BD88
:10C3300001212046FFF72AFFC9E70025F6E70000A4
:10C34000036813B50446DB6F984794F81C33012B40
:10C3500006D800230B490C4800931A4602F0C2F895
:10C3600094F80B33032B0BD02046FFF7A1FF38B90D
:10C37000D4F8EC020368DB6C02B0BDE8104018474B
:10C3800002B010BD0D9603000E011580036870B554
:10C3900004465B6F0D46984794F80C33032B05D089
:10C3A00009490A484FF4C37201F080FE084BC4F8F3
:10C3B00024330023C4F82833236884F8105320461C
:10C3C0009B6FBDE8704018478C9503007F96030073
:10C3D00073D1020010B503680446DB6F9847012053
:10C3E00004F21D33C4F80033C4F8040384F80803CE
:10C3F00010BD036810B50446DB6F984794F81C33F2
:10C40000042B01BFB4F82E33A4F8FA32012004F54E
:10C410004C7303BFC4F80033C4F8040384F8080362
:10C42000002010BD036810B5DB6F04469847042355
:10C4300084F80C33236894F8F8221B6FB4F8FA12CE
:10C4400020469847012010BD036870B504465B6F15
:10C450000D46984794F80C33042B05D009490A4837
:10C460004FF4EB7201F022FE084BC4F82433002392
:10C47000C4F82833236884F8105320469B6FBDE826
:10C48000704018478C950300AB96030045C7020027
:10C49000036810B50446DB6F984794F81C33042BEF
:10C4A00002D0B4F8FA3233B994F8F632012B25D021
:10C4B000022B02D023B300201FE0B4F8FA2222F0AE
:10C4C0008F03002BF7D112F00F030CD0530003F0B1
:10C4D0001E0343EAD213023B182202FB034393F8E4
:10C4E0003030C3F34003074AC4F80023138001200F
:10C4F0000223C4F8043384F8080310BD0023F2E7D4
:10C500000123F0E7B001012010B50368044690B0A4
:10C51000DB6F9847D4F8EC02D4F82023036869460F
:10C52000DB6B984704F53D7269462046FFF719FE1C
:10C530000023C4F80833C4E9C033012384F80C3362
:10C54000236811465B6E984710B010BD036813B5A1
:10C550000446DB6F984794F81C33012B06D8002360
:10C560000A490B4800931A4601F0BCFF94F80C23CB
:10C57000012384F82C332AB9204602B0BDE81040CC
:10C58000FFF7C2BF84F82D3302B010BD0D96030033
:10C590000E0115802DE9F0411D46036804465B6FCE
:10C5A0000F461646984794F80C33012B05D00B49DB
:10C5B0000B4840F2BA2201F079FD0A4BC4F824334B
:10C5C0000023C4F82833236884F81073C4E9C565D0
:10C5D00020469B6FBDE8F041184700BF8C950300D3
:10C5E000D3960300E7CF0200036870B50446DB6F03
:10C5F0009847B4F8FC2292B394F8F41294F80833F4
:10C60000012925D1012B06D0D4F8EC020368DB6C9C
:10C61000BDE870401847D4F80433934201D9C4F8F8
:10C6200004230129D4F8043326D1934208D2D4F844
:10C630002023B3FBF2F002FB10330BB984F809138B
:10C64000022384F80B332046BDE87040FFF730BE6C
:10C65000002BD9D1D4F804339342E2D0D4E7D4F8F4
:10C66000EC02D4F804230368002AD0D1032184F813
:10C670000B139B6C11460EE0D4F8EC02012201680A
:10C6800084F80B23D4F820230D6CD4F800139A42BD
:10C6900028BF1A462B46BDE87040184710B50368FE
:10C6A0000446DB6F9847002384F82D33032384F876
:10C6B0000B3310BD036810B5DB6F044698470022AA
:10C6C00084F80C2394F82D2394F8103322B12046DB
:10C6D000BDE81040FFF7E2BF33B9D4F8EC020368BD
:10C6E000BDE81040DB6C184794F80B33012B0AD1DE
:10C6F000D4F8EC02032384F80B3303689B6CBDE889
:10C70000104011461847022B07D1D4F8EC0203233E
:10C7100084F80B3303681B6CF1E710BD036810B598
:10C72000DB6F04469847002384F82C3394F80C33CD
:10C7300023B92046BDE81040FFF7B0BF012384F8BD
:10C740002D3310BD036810B5DB6F044698470022F7
:10C7500084F80C2394F82D2394F8103322B120464A
:10C76000BDE81040FFF79ABF63B1B4F8FA32A4F8FD
:10C770002E33B4F8F83284F830332046BDE8104048
:10C78000FFF732BFD4F8EC020368BDE81040DB6C61
:10C790001847036810B504465B6F984794F8F03269
:10C7A00083B9D4F8EC02036821469B689847D4F813
:10C7B000EC02036840219B6B98470123C4F82003D7
:10C7C00084F8F032236820469B6FBDE8104018477C
:10C7D00038B5036804465B6F984794F81C53236888
:10C7E00020469B6FEDB298472B1F5842584138BDE9
:10C7F000036810B55B6F044698472046FFF7C9FFF2
:10C8000094F8F1323BB9D4F8EC0203685B699847BD
:10C81000012384F8F132236820469B6FBDE8104065
:10C82000184700002DE9F04F904685B0026803914B
:10C83000526F0293DDF8389005469047039911F046
:10C84000700F03D111F00F0F029B06D100232B496B
:10C850002B4800931A4601F045FE95F8F2723FB955
:10C860002B6828469B6F9847384605B0BDE8F08F87
:10C870004C0004F01E0444EAD114A61E4FF0180B1D
:10C880000BFB065A9AF83020D20705D51D491E48E1
:10C890004FF48E6201F00AFCB8F5806F04D9194993
:10C8A0001A4840F27142F5E7D5F8EC020268176DBC
:10C8B0004246B84707460028D2D0601E0BFB005006
:10C8C000043048450BD00290FAF706FDD9F80C3039
:10C8D000CAF828301BB15B6802984946984718236C
:10C8E00003FB065696F83030A6F82C8043F001037F
:10C8F00086F83030002386F83130B1E7C395030065
:10C90000040115808C950300F69603001897030028
:10C91000D0F8EC0203685B6B18470000F8B50F46CF
:10C920001949044640F81C1B0025064604F53B71D6
:10C93000F5601836B142FBD1E380BDF81830238191
:10C94000A28000214FF4347208F01AFE2822002140
:10C9500004F53D7008F014FE0123C4E9C855C4E98C
:10C96000CA55C4F8EC72A4F8F05284F8F252C4F834
:10C97000345384F8305384F81C3384F81D5384F8FE
:10C980001E532046F8BD00BFE497030038B5036886
:10C990005B6F0D46044698472B071FBF6B0003F0E3
:10C9A0001E0343EAD5118B1E1BBF182202FB034353
:10C9B000D4F820539D8D236820469B6F98472846C6
:10C9C00038BD00000368F7B55B6F0E460546984713
:10C9D00036F08F0701D1320706D1002317491848D6
:10C9E00000931A4601F07EFD740004F01E0444EA30
:10C9F000D6141823023C03FB045494F83030DB07B0
:10CA000009D42846FFF7E4FE80B10E490E4840F2F3
:10CA10008C5201F04BFB94F831303BB1D5F8EC026D
:10CA200003683146DB6E984784F831702B689B6F42
:10CA3000284603B0BDE8F040184700BFC395030087
:10CA4000040115808C95030030970300036873B5CB
:10CA50005B6F0E460446984716F0700F01D1310700
:10CA600006D100231A491B4800931A4601F03AFDEB
:10CA7000750005F01E0545EAD6151823023D03FB97
:10CA8000054595F83030DA0709D42046FFF7A0FEB7
:10CA9000B0B11149114840F2CC4201F007FB43F01C
:10CAA000020385F83030D4F8EC02036831469B6D00
:10CAB000984795F831301BB131462046FFF782FF89
:10CAC00023689B6F204602B0BDE87040184700BF46
:10CAD000C3950300040115808C9503003097030073
:10CAE000036810B50446DB6F984794F81C33042B99
:10CAF00002D0B4F8FA32A3B994F8F632022B10D16E
:10CB0000B4F8FA1231F08F000BD111F00F030AD0F4
:10CB1000B4F8F83223B92046C9B2FFF797FF0120D5
:10CB200010BD0020FCE71846FAE700000368F7B5DF
:10CB30005B6F0E460446984716F0700F01D131071F
:10CB400006D100231C491D4800931A4601F0CAFC77
:10CB5000750005F01E0545EAD615023D182707FBAE
:10CB6000054393F83020D20709D42046FFF730FE62
:10CB7000D0B11349134840F2F14201F097FA93F80B
:10CB800031301BB131462046FFF71CFF07FB05453E
:10CB9000314695F8303023F0020385F83030D4F870
:10CBA000EC020368DB6D984723689B6F204603B057
:10CBB000BDE8F040184700BFC3950300040115808D
:10CBC0008C95030030970300036810B50446DB6FB3
:10CBD000984794F81C33042B02D0B4F8FA32A3B966
:10CBE00094F8F632022B10D1B4F8FA1231F08F001B
:10CBF0000BD111F00F030AD0B4F8F83223B9204654
:10CC0000C9B2FFF793FF012010BD0020FCE71846D2
:10CC1000FAE700002DE9FF419846036803920E46AB
:10CC20005B6F0746984736F08F0403D116F00F0F5D
:10CC3000039A06D100232049204800931A4601F0A8
:10CC400051FC750005F01E0545EAD6151823023D76
:10CC500003FB057595F83030DB070AD43846FFF73B
:10CC6000B7FD044688B11649164840F2AF5201F0AC
:10CC70001DFAAB8D434505D913491448009423464A
:10CC80002246DCE795F8311039B13B6838469B6F96
:10CC90009847204604B0BDE8F081D7F8EC0201685F
:10CCA0000C6E3146A04704460028EED095F831308E
:10CCB000013385F83130E8E7C3950300040115809E
:10CCC0008C950300309703003E9703000501158003
:10CCD000036837B55B6F0D460446984715F0700F33
:10CCE00001D12A0706D100231549164800931A4698
:10CCF00001F0F8FB6B0003F01E0343EAD513023B7F
:10CD0000182202FB034393F83030DB070AD4204695
:10CD1000FFF75EFD054660B10B490C4840F2E95251
:10CD200001F0C4F9D4F8EC02036829465B6E984719
:10CD30000546236820469B6F9847284603B030BDC0
:10CD4000C3950300040115808C9503003097030000
:10CD50002DE9FF419846036803920E465B6F074634
:10CD6000984736F08F0503D116F00F0F039A06D1BE
:10CD700000232249224800931A4601F0B3FB7400B5
:10CD800004F01E0444EAD6141823023C03FB047486
:10CD900094F83030DB070AD43846FFF719FD054612
:10CDA00088B11849184840F20A6201F07FF9A38D52
:10CDB000434505D21549164800952B462A46DCE71F
:10CDC00094F831303BB13B6838469B6F9847284612
:10CDD00004B0BDE8F081D7F8EC02036831469D6EDF
:10CDE0004346A847054638B194F83130A4F82E8060
:10CDF000013384F83130E6E7E085E4E78F970300FC
:10CE0000040115808C95030030970300AD97030053
:10CE100005011580036837B55B6F0D4604469847DA
:10CE200015F0700F01D1290706D1002312491348CC
:10CE300000931A4601F056FB6B0003F01E0343EA11
:10CE4000D51118228B1E02FB034393F83020D20722
:10CE50000AD42046FFF7BCFC054630B10849094812
:10CE600040F2496201F022F9DD8D236820469B6F74
:10CE70009847284603B030BDC395030004011580D0
:10CE80008C95030030970300036870B50446DB6F90
:10CE90000D46984794F81C2384F81C53AA42D3B239
:10CEA00026D0032B09D9032D8CBF00260126012B88
:10CEB00005D9012D03D88EB103E00026F7E786B12E
:10CEC00000264FF43472002104F11C0008F058FBD6
:10CED000002384F81D3384F8F23216B12046FFF7A0
:10CEE0001DFC2368294620461B6EBDE8704018478C
:10CEF00070BD036810B50446DB6F9847D4F8EC02A8
:10CF000094F8F8120368DB6A9847B4F8F8322BB942
:10CF100002212046FFF7B8FF012010BD0321F8E7EA
:10CF2000036810B50446DB6F984794F8F81284F84C
:10CF30001D1351B9D4F8EC0203681B6A984703210A
:10CF40002046FFF7A1FF012010BD012384F8F23233
:10CF5000032384F80C3323682046DB6E9847F2E7FE
:10CF6000036810B50446DB6F984794F8F532C3BBED
:10CF700094F8F7320B2B34D8DFE803F0060B3310AC
:10CF800033151A331F24292E2046BDE81040FFF721
:10CF90007FBA2046BDE81040FFF716BE2046BDE828
:10CFA0001040FFF79DBD2046BDE81040FFF7A1BF30
:10CFB0002046BDE81040FFF72BB82046BDE81040E2
:10CFC000FFF708BA2046BDE81040FFF7A9BF20468A
:10CFD000BDE81040FFF70DBA2046BDE81040FFF74E
:10CFE00021BA002010BD036810B5DB6F04469847D6
:10CFF000002084F80C0394F82D0394F81033D4E93E
:10D00000C52190B1012B0BD8022384F80C3323687F
:10D0100004F53D7120469B6EBDE810400122184783
:10D020002046BDE81040FFF739BB042B12D1204643
:10D03000FFF796FF30B9D4F8EC020368BDE8104062
:10D04000DB6C184794F80C3373B92046BDE81040E8
:10D05000FFF7CABA032BEED00120C4E9C02184F83F
:10D060000A0384F80833F0E710BD036810B5DB6FDE
:10D070000446984720460221FFF706FF002384F864
:10D080001E332046FFF74AFB23682046DB6DBDE8D0
:10D0900010401847036810B504465B6F984794F832
:10D0A000F1323BB1D4F8EC0203689B699847002346
:10D0B00084F8F13294F81C33012B03D90121204666
:10D0C000FFF7E2FE002384F81D3384F81E33236843
:10D0D00020469B6FBDE810401847036810B5044612
:10D0E0005B6F984794F8F03253B12046FFF7D2FFB8
:10D0F000D4F8EC020368DB689847002384F8F03228
:10D10000236820469B6FBDE8104018470D4B70B553
:10D11000036090F8F03204462BB10B490B4840F203
:10D12000625200F0C3FFFFF7D8FF04F53B7504F12E
:10D130001C06B54204D0183D2846FAF7CDF8F8E7AA
:10D14000204670BDE49703008C950300CE97030042
:10D1500038B503680D46DB6F0446984745B994F827
:10D160001C332BB129462046BDE83840FFF78CBE62
:10D1700038BD036870B50446DB6F984794F82D33CB
:10D1800094F8106303B97EB92046FFF721FB0546EA
:10D1900050B901464FF4347204F11C0008F0F0F964
:10D1A00084F81D5384F8F252002384F80C3394F869
:10D1B0002D3323B12046BDE87040FFF76FBAD4F895
:10D1C000EC02036856B1DB69984720460421FFF75B
:10D1D0005BFE2046BDE87040FFF706BABDE8704030
:10D1E000DB6C184770B50E460446154602F0F6FE95
:10D1F000013609D02046002102F036FF294620469C
:10D20000BDE8704002F00EBF70BD000008B5431CC1
:10D2100004D10E490E48212200F048FF012351B1EC
:10D220001F2886BF0B4A00F01F004FF0A04283402A
:10D23000C2F8083508BD1F2886BF064A00F01F0047
:10D240004FF0A0428340C2F80C35F3E7B4980300D6
:10D250008F8F030000030050F8B50F4604461546B3
:10D260001E4602F0BBFE01370ED094F90000314695
:10D27000FFF7CCFF2046012102F0F6FE29462046AA
:10D28000BDE8F84002F0CEBEF8BD0322FFF7AABF0A
:10D2900073B5164604461A460D46069B6EB90193B1
:10D2A000FFF7A0FF01350DD0019B94F9000019464E
:10D2B00002B0BDE87040FFF7A9BF02B0BDE8704002
:10D2C000FFF7CABF02B070BD00487047F098030076
:10D2D000024B1B680BB1024818477047C062002020
:10D2E000F0980300F8B5446894F832608EBB036888
:10D2F0005B689847226A82422BD023692062821A97
:10D300001A40A368A2FB03C194F93420CAB1606A31
:10D3100010EB0C0541F10001002A1BDBC2F12000DB
:10D32000A2F1200325FA02FC01FA00F021FA03F32E
:10D330004CEA000C4CEA030CD1400CFA02F2AA1A97
:10D340006262D4E90A3213EB0C0341EB0201C4E937
:10D350000A31F8BDE76833463A46284606F0C8FC6D
:10D36000844607FB10506062EBE7824206D98A428E
:10D370000BD9884294BF002001207047884206D90B
:10D380008A428CBF00200120704701207047002096
:10D39000704700002DE9F74347683B6B23F07F4956
:10D3A00029F0FF090646B9F1000F5ED1FFF79AFF99
:10D3B0007B68002B5CD0D3E90040D7E90A23A24266
:10D3C000834105D333685B6903B0BDE8F043184778
:10D3D0007568D5E90A23A41AD5E9058260EB030034
:10D3E000EB69A24283411ED3EB68A3FB044103FB1C
:10D3F000001195F933309BB1AA68501E001941F114
:10D400000001002B1DDBC3F1200CA3F1200220FA48
:10D4100003F401FA0CFC44EA0C0421FA02F214436E
:10D42000A04528BFA0462B6A08EB03022B691A40CF
:10D430003B6A93420AD11449144840F2C91200F0E1
:10D4400035FE4B4606F054FC0446E9E7336801928A
:10D4500010461B69984733685B689847019A0146F4
:10D46000386AFFF782FF0028ACD103B0BDE8F08333
:10D470007B69386A3A69184433681B69104003B005
:10D48000BDE8F043184700BF1C990300439903000F
:10D490004368F7B593F830200546002A7AD193F80F
:10D4A0003230002B76D103681B6898472B68DB6904
:10D4B000984703682BB93849384800931A4601F059
:10D4C00011F8374A1F461446B7FBF2F204FB1272FA
:10D4D0002746002AF7D16E683149B1FBF4F11F22CB
:10D4E000B1600127013A03D307FA02FC6145F9D183
:10D4F00086F83320B3FBF4F21F23F260012404FA10
:10D5000003F7BA4201D0013BF9D286F834304068C3
:10D51000071F1C2F05D900232249234800931A46D0
:10D52000CDE720281CBF012383404FF0070404FAF5
:10D5300007F414BF03F1FF334FF0FF33336174611D
:10D54000E017A4FB0143002701FB0031531E47F104
:10D55000FF3CE01841EB0C013B4606F0C9FB2B6891
:10D56000C6E90601C6E900775B6898476B683062D8
:10D57000002101220020C3E90A015F6228461A86C1
:10D5800083F83270FFF7AEFE284603B0BDE8F040E6
:10D59000FFF700BF03B0F0BD679903000E010480E0
:10D5A00040420F008099030005010480F3B44568F0
:10D5B000069C8C60C1E900236C68002734B9CC60FC
:10D5C0007FB9696002B0F0BCFFF7E4BE66680196FF
:10D5D0002668B242019E73EB0606F0D32746E46844
:10D5E000ECE7F960D5E90A4194429941EAD202B0E8
:10D5F000F0BC704738B505460C46FFF749FF00F010
:10D60000FFFD6B681C60BDE8384000F00FBE70B5D0
:10D61000054600F0F5FDD5E90034DB68984794F83D
:10D6200032301BB1BDE8704000F000BE012384F829
:10D6300031306368A3B12846FFF754FE6368D4E92C
:10D640000A62D3E9000186428A4109D36A68DB682D
:10D65000526863602368002BEBD090689847E8E736
:10D66000002384F831302846FFF794FEDAE710B53E
:10D6700086B0CDE904210393089C029000F0C0FD20
:10D680000298FFF72FFEDDE9033205990298009416
:10D69000FFF78CFF06B0BDE8104000F0C7BD38B5FD
:10D6A00005460C4600F0ACFD6A685368A34209D1F8
:10D6B000DB6853602846FFF76DFEBDE8384000F098
:10D6C000B5BD1346002BF8D0DA68A242F9D1E26862
:10D6D000DA60F2E713B50446FFF7DAFE00F090FDDA
:10D6E0002046FFF7FFFD6368D3E90A01CDE9000199
:10D6F00000F09CFDDDE9000102B010BD024B0022EC
:10D700001A7003F091BB00BFF001012008B503F0CF
:10D71000F9FA024B01221A7008BD00BFF001012086
:10D7200000487047BC990300024B1B680BB10248CC
:10D7300018477047C4620020BC99030091F90C207F
:10D7400091F9041002F0B4BF024B1B6803B11847F3
:10D75000704700BF3002012007B5019000F050FD76
:10D76000019803B05DF804FB07B5019000F05EFD81
:10D77000019803B05DF804FB007B704738B50D4B92
:10D7800003600023C0E90131027304460A480D46D4
:10D79000FDF78AFD01F036FC55B1084B1A6862604E
:10D7A0001C600548FDF780FD01F04AFC204638BDAD
:10D7B0006560F6E7F8990300380201203402012081
:10D7C000144B10B5036004461348FDF76DFD01F0DE
:10D7D00019FCA3682BB1114962680B68A34212D1EE
:10D7E0000A600F4B0C481A68A24204BF00221A605C
:10D7F000FDF75AFD01F024FC237B13B9201F01F033
:10D800005FFA204610BD19465B68A342FBD14A600F
:10D81000E7E700BFF8990300380201203402012035
:10D820006002012010B50446FFF7CAFF2046102110
:10D8300001F042FA204610BDF8B5064617480D46DD
:10D84000FDF732FD01F0DEFB154B1C6884B9072D96
:10D850001BD114482A46314607F062FDA8B90F488B
:10D86000FDF722FD01F0ECFB0F4B1C682046F8BDD4
:10D87000A76887B1384608F063FAA8420BD12A4658
:10D880003146384607F04CFD28B90448FDF70CFD39
:10D8900001F0D6FBEAE76468D8E700BF3802012050
:10D8A00034020120E8990300600201200020704743
:10D8B000036870B51B690122002104469847051EC4
:10D8C0000DDB236802221B6900212046984723684C
:10D8D000064629461B6900222046984735462846B9
:10D8E00070BD000070B50E460025C0E900550E4918
:10D8F0000446304608F092FA3044034629461A7826
:10D900002F2A07D10133236049B9084908482A2240
:10D9100000F0CCFB002AF6D001310133EFE7FFF72E
:10D920008BFF6060204670BD509A0300529A03003E
:10D93000799A030000687047406808B520B1FFF786
:10D940001BFF431E5842584108BD10B50446FFF75F
:10D95000F3FF10B1606800B1043810BD406808B52D
:10D9600020B1FFF709FFB0FA80F0400908BD10B5FB
:10D970000446FFF7F3FF10B1606800B1043810BD32
:10D980004068003818BF0120704700207047F8B584
:10D9900003681B6D0D4604468F1898472E46BE42FD
:10D9A000236806D09B6C16F8011B2046984701306F
:10D9B000F5D1236820465B6D9847701BF8BDF8B51C
:10D9C00003681B6D0E4604468F1898473546BD42C6
:10D9D000236805D1236820465B6D9847A81BF8BDD6
:10D9E000DB6C20469847431CF4D005F8010BEEE7AA
:10D9F00000207047704700000F4B13B5002204460B
:10DA000040F8043BFFF7BAFE0C4B236060336360C1
:10DA1000002363610A49204601F0B0F903466061C2
:10DA200028B9009002460749074800F05BFD00F066
:10DA300025FF204602B010BD089A0300009B03009A
:10DA4000829A0300859A0300190101800A4B03F1B1
:10DA50000802683310B5044602604360406906F06E
:10DA60003DFB064B23602046503340F8043FFFF750
:10DA7000A7FE204610BD00BFF89A0300A09A03003D
:10DA800008B5024902488E2200F010FB689B030093
:10DA90008F9B030010B504460846FFF71BFEC4E940
:10DAA0000001204610BD000010B50446FDF730FF10
:10DAB00020460A4B40F8203BA169FFF7EBFFD4E971
:10DAC0000823C4E90A2300220023C4E90C2300230D
:10DAD000C4E90E3384F84030204610BDC09B0300DB
:10DAE0004FF0FF30704738B590F83F5004460DB105
:10DAF000FFF7C6FFFDF72CFF94F84030A5872BB148
:10DB000084F84050BDE8384000F0C6BD38BD10B5BF
:10DB1000044601F1300000F001FBC4E90001204699
:10DB200010BDD0E90C32013342F10002C0E90C32E1
:10DB3000D0E90A3213F57A7342F10002C0E90A32E1
:10DB40007047D0E90A2312F57A7243F10003FDF71A
:10DB5000F5BE37B50D46044689696846FFF79AFF5A
:10DB6000D5E90A3200980199C01A61EB0201B0F5BB
:10DB70007A7F71F1000306D200220023C4E900235A
:10DB8000204603B030BDB0F5FA6F71F1000301D249
:10DB90000122F2E700294FF47A724FF00003D8BF58
:10DBA000002106F0A5F8C4E90001E9E791F83F304B
:10DBB000F7B505460C4613B991F83C6026B11249F9
:10DBC0001248E52200F072FA6846FFF7C2FFDDE96D
:10DBD00000304FF47A71A3FB017201FB0022A663AF
:10DBE000D4E90A16C91942EB0602C4E90A12D4E9BB
:10DBF0000C125B1842EB00022846C4E90C32C5E95E
:10DC0000003203B0F0BD00BF689B0300999B030086
:10DC1000F0B51E4690F83F3085B00446174623B154
:10DC20001F492048582200F041FA90F83C305BB977
:10DC3000014602A8FFF7BAFF029BBB42039BB34118
:10DC400004D3012384F83D3005B0F0BD214602A87D
:10DC5000FFF75DFF4FF47A73A7FB032103FB061365
:10DC6000D4E90810521843EB000394F84000012156
:10DC7000A18760B9A069006890F8200038B984F8DD
:10DC80004010CDE9002300F0F1FCDDE90023002184
:10DC9000204684F83E1005B0BDE8F040FDF74EBECA
:10DCA000689B03008F9B0300024B4FF080625A6019
:10DCB000704700BF00ED00E008B50121383000F0EA
:10DCC0001BFA08B1FFF7F0FF08BD012310B580F87B
:10DCD0003F30836B04460BB1FFF7E6FF2046FFF7AA
:10DCE00030FF10BD90F83C3010B504464BB1002316
:10DCF00080F83C3090F83E3013B9012380F83D3075
:10DD000010BD90F83F30002BFAD0836B0133836352
:10DD1000FFF7CAFF2046FFF704FF2046FFF711FF79
:10DD2000EEE70000024B4FF000725A60704700BFF0
:10DD300000ED00E010B50446FDF70AFE002384F86C
:10DD40003F30FFF7EFFF10BD102300F007B820238E
:10DD500000F004B8302300F001B840239C46F0B432
:10DD600004AE7546E80801D3EFF309860E4F0FCED7
:10DD70000FC70FBC0FC74046494652465B460FC708
:10DD80001DCE3100A60A00D304316E0900D24831FD
:10DD90001FC7EFF309806946EFF3148663C7604637
:10DDA000014900F079F800BF64020120F0B52C4E63
:10DDB0002C4F85B000243546214656F8042B3846B2
:10DDC000013400F001FA0D2CF6D1AB6C02936B6CB0
:10DDD00001932B6C244C0093D5E90E23696B2348E7
:10DDE00000F0F2F92168224800F0EEF9E16AA26A37
:10DDF000A36AA06A266BE76B000CCDE9016700906F
:10DE0000C3F307231B48D2B200F0DEF9A36A1E0653
:10DE100003D5616B184800F0D7F9A36A180403D53D
:10DE2000A16B164800F0D0F9EB6C190712D5144815
:10DE300000F0CAF92B6DDA070FD5124800F0C4F9CB
:10DE4000EB6C5B074CBF1048104805B0BDE8F040D4
:10DE500000F0BAB90E4800F0B7F90E48EEE700BF7F
:10DE600064020120C49B030000ED00E0D29B03008C
:10DE7000219C03002F9C03007E9C03008C9C0300CC
:10DE80009A9C0300A99C0300D99C0300E59C030015
:10DE9000C99C0300B69C030007B504460D461A480A
:10DEA000012100F032F968BB184800F08DF9302CE0
:10DEB00019D0402C1CD0202C1FD11548154C00F037
:10DEC00083F9154800F080F9FFF770FF134800F060
:10DED0007BF90D4B00221A700023114900932A464A
:10DEE000204600F0FFFA0F480F4C00F06DF9E8E70C
:10DEF0000E480F4C00F068F9E3E70E480E4C00F0B6
:10DF000063F9DEE70024E7E774030120F19C0300D6
:10DF10001A9D03003E01FF80479D0300529D0300B0
:10DF2000719D0300299D03003F01FF80329D030086
:10DF30004001FF803D9D03003D01FF80F8B515467F
:10DF40000C4699B151F8087C95B1284606F0CAFEF6
:10DF5000064648B1AF423A46214628BF2A4607F056
:10DF600011FA204606F0C6FE3046F8BD0F46EBE734
:10DF70002E46F9E713B54A431046019206F0B2FE69
:10DF8000044618B1019A002107F0FAFA204602B0BF
:10DF900010BD000070B506461D481E4C0D46FDF72D
:10DFA00083F901F02FF815F1090F2CD805F10801BC
:10DFB000304606F0A7FE30B3A268174B05602A442E
:10DFC0004360A260226923680132226162682B44A7
:10DFD000934250F8042C88BF63602360002AA0F1AC
:10DFE0000403B8BF9B18A2691B68521B23F00103EE
:10DFF000134400F10806A3610548FDF755F901F047
:10E000001FF8304670BD6369013363610026F3E792
:10E01000D4020120B8020120EFBEADDE00B5724689
:10E020005DF804EBFFF7B6BF38B5054619480C4656
:10E03000FDF73AF900F0E6FF1CB354F8042C164B38
:10E040009A4225D154F80C1C54F8082CA4F10C0366
:10E050000029B8BF5B181968002344F8043C0F4B33
:10E060001868801A1860186901381861986921F0D9
:10E0700001010244521A9A61A4F10801284606F0EF
:10E08000A7FA0448FDF710F9BDE8384000F0D8BF02
:10E090002146F3E7D4020120EFBEADDEB802012035
:10E0A00000B572465DF804EBFFF7BEBF07B50B463F
:10E0B000009201460022014800F014FA4401FF805A
:10E0C00003460122D3E84F0FC3E8412FC0B2002915
:10E0D000F8D17047D0E85F3F5B18C0E8523F002A94
:10E0E000F8D198B27047D0E85F3F5B1AC0E8523F62
:10E0F000002AF8D198B27047034653E8000F401A3F
:10E1000043E80002002AF8D170470346D3E84F0FD6
:10E11000C3E8421FC0B2002AF8D1704713B50446C5
:10E1200000F06EF8D4E90001CDE9000100F07EF8BE
:10E13000DDE9000102B010BD08B500F061F8FEE7AE
:10E1400073B5002201460446022000F041FC0D2672
:10E1500000F056F80022254614F8013B23B902B01E
:10E16000BDE8704000F062B80A2B09D10D2A07D033
:10E1700001220DF1070102208DF8076000F028FC54
:10E1800001222946022000F023FC14F8012CE2E7CA
:10E1900000B5A3B002460B4601A8842109F0C0F8DF
:10E1A000832806D9074B1A681B79CDF883208DF890
:10E1B0008730002802DD01A8FFF7C2FF23B05DF819
:10E1C00004FB00BF819D03000FB407B504A951F8FB
:10E1D000040B0191FFF7DCFF03B05DF804EB04B022
:10E1E0007047EFF31080C04300F001007047EFF379
:10E1F0000580003818BF0120704701F0E3BD000022
:10E2000008B501F0CFFD064A1368591C04D1054931
:10E2100005483F22FFF74AFF0133136008BD00BFE6
:10E22000FC020120869D0300B09D0300044A136890
:10E2300023B1013B13600BB901F0BCBD704700BFB7
:10E24000FC02012008B50B48FFF73AFF28B1FFF7A1
:10E25000D7FFBFF34F8F20BFFDE7FFF7C8FF08B11F
:10E26000FFF76AFFFFF7BDFF0028F9D0012000F09B
:10E2700000FB00BF3C0301202DE9B0434B4C0F468F
:10E280002168C1F34173032B0CBF4D428DB2C1F322
:10E29000074398B08146904645482A46FFF794FFC9
:10E2A0006FF498731D44132D0FD8DFE805F00A6250
:10E2B00065686B716E740E0E0E0E0E0E0E0E0E0E47
:10E2C0000E77A1683B48FFF77FFF4846FFF738FF0E
:10E2D00061683948FFF778FF4FB13848FFF730FFE2
:10E2E0003846FFF72DFF36484146FFF76DFFA1681E
:10E2F0003448FFF769FF2368334A1A44012A05D9D5
:10E30000324A934202D0033A93424BD1A06820B1E3
:10E31000C06C80F00800C0F3C000E368002B43D05D
:10E3200059682B4A002908BF1146E2690392A26985
:10E3300002926269019222690092264D264A0028C3
:10E3400018BF2A462548FFF73FFF04A800F0C0FD8C
:10E35000079B01939DF81830216800932048DDE960
:10E360000423FFF731FF1F48FFF72EFF18B0BDE869
:10E37000B083A1681C48A6E7A1681C48A3E7A16870
:10E380001B48A0E7A1681B489DE7A1681A489AE7C7
:10E39000A1681A4897E7A168194894E71948FFF758
:10E3A00013FF92E70020B8E70949BEE740030120C8
:10E3B000F69D0300479E0300EF9E0300009F0300AD
:10E3C000089F03000C9F0300C2FE007F4001FF80F6
:10E3D000E19D0300EB9D0300709D0300209F03005F
:10E3E000799F0300F39F03005D9E03006D9E030071
:10E3F0007C9E03008F9E0300A39E0300B79E030034
:10E40000C69E0300DC9E03007047000070B5294CD7
:10E410008EB034EA200428BF04460D46164600217B
:10E42000302202A807F0ACF8234B01942344012BBF
:10E43000039505D9214B9C4202D0033B9C4233D12A
:10E44000EB6B02936B6B08931D4B5B690493DA6B68
:10E4500005925A6B1B6B06920793FFF7D1FE194A80
:10E4600013680133012B136009D101AD0FCD164C98
:10E470000FC40FCD0FC40FCD0FC42B68236001ACA8
:10E480000FCC124D0FC50FCC0FC50FCC0FC5236895
:10E490002B600F4B1B68A5F1300043B19847FFF785
:10E4A000C5FE00200EB070BD029601ABCBE7FFF7B2
:10E4B000ABFFF4E70101FF80C2FE007F4001FF8057
:10E4C0001462002000030120080301204003012002
:10E4D0000403012000207047014B1878C0B2704738
:10E4E0007403012080B506460C460A480121F04617
:10E4F00017461D46FFF709FE48B9424639463046E1
:10E50000FFF784FF029A29462046FFF7B5FEFFF782
:10E5100099FE00BF7403012038B5064C23683BB94F
:10E52000FEF7D2FE044D01462846FFF7BDFA2560EE
:10E53000206838BDC00301207803012008B5836836
:10E5400023B9054B1B6893F83D0008BDC068984788
:10E550000028F6D0F9E700BFC0030120F7B5194F36
:10E5600004464FF0FF356FF000462046FFF7E6FF08
:10E5700030BBD4E90023B34208BFAA4202D03868B6
:10E58000FFF746FB01A8FFF7E7F82046FFF7D6FFA5
:10E5900098B9D4E90023B34208BFAA4207D100F0DA
:10E5A0009FF801A8FFF7E0F8BFF36F8FDDE73B6846
:10E5B00093F83C30002BF2D1F3E701A8FFF7D4F831
:10E5C00003B0F0BDC003012030B587B0CDE9022310
:10E5D0000A9B0C4D04930B9B05930446FFF79CFF8D
:10E5E00002A8FFF7BBFF2868FFF77DFA6846296895
:10E5F000FFF7DCFADDE900232046C4E9002307B079
:10E6000030BD00BFC00301202DE9F041DFF83C80A0
:10E6100086B005460E4604A8D8F800101746FFF746
:10E6200076FAD8F80020DDE90443926BA41A63EB74
:10E63000E2732A1943F1000302A8CDE90067FFF74E
:10E64000C3FF0298001B06B0BDE8F081C0030120A3
:10E6500010B5054C236813B9FEF736FE206020681C
:10E66000BDE81040FFF736B8D003012013B5074CC2
:10E6700001212046FFF72EFD034628B9009022888D
:10E6800003490448FFF72EFF02B010BDC403012068
:10E690000DA003002301048013B5094C012120467D
:10E6A000FFF721FD4FF6FF73984206D10023228821
:10E6B000044905480093FFF715FF02B010BD00BFE5
:10E6C000C40301202FA0030024010480034B1888F9
:10E6D00080B2B0FA80F04009704700BFC403012047
:10E6E000F8B5FFF78DFDFFF7B3FF0746FFF7EEFF25
:10E6F0000E460546A8B102F0EBFAFFF7A9FF044663
:10E700000A468DB10E4DD5E90031DB1B61EB0601E8
:10E710001B1942EB0101C5E90031BDE8F840FFF7E4
:10E7200085BD02F0B1FAE8E70649D1E90030DB1B0C
:10E7300060EB06051B1942EB0502C1E90032ECE76C
:10E74000C8030120D80301206FF01C0070476FF050
:10E750001500704701207047002070477047000087
:10E76000034B186818B14FF0FF31FBF78BBC7047B3
:10E7700048000120024B186808B1FBF79BBC7047AA
:10E7800048000120F8B5074F15460C468E18B442D4
:10E7900001D12846F8BD14F8011B384602F0FAF9F9
:10E7A000F5E700BF6007012038B511F001048DB214
:10E7B00005D0084802F024FA041E18BF0124EB0615
:10E7C00005D5044802F03CFA08B144F01004204694
:10E7D00038BD00BF6007012010B5044606F08AFA74
:10E7E000204610BD10B50C462AB1044802F090F93D
:10E7F0002070012010BD1046FCE700BF600701201B
:10E8000038B5084B0360084B1B680446154633B9FE
:10E810000648FEF793FF0548294602F05FF82046B8
:10E8200038BD00BF6CA10300CC07012060070120A8
:10E830000020704700207047074A084913681844B1
:10E84000884289BF064B10600C224FF0FF308CBF0E
:10E850001A601846704700BFC863002000FC032000
:10E860007C0B012008B508B1FFF766FCFEE701202C
:10E87000704708B5FFF7F6FF01207047002106F04A
:10E8800087BF08B5FCF724FB08BD08B5FCF728FBDB
:10E8900008BD000010B50446037803F00303012B04
:10E8A00008D0FFF75DFF237803F00302012A03D1AC
:10E8B000FFF760FF00200AE02AB1054905484FF440
:10E8C000D462FFF7F3FB43F002032370012010BD75
:10E8D0004DA0030079A0030008B5037803F00302FC
:10E8E000022A05D00749084840F2A962FFF7DEFB7B
:10E8F00023F0030343F001030370BDE80840FFF772
:10E9000039BF00BF4DA0030097A003003F2870B59A
:10E9100004462EDC184E56F820305A1C13D102281B
:10E9200011DCFFF787FF034658B92046FFF780FF49
:10E93000034630B9114D2B68BFF35B8FDB0704D55D
:10E940000F4B46F82430184670BD2846FFF7A2FF4B
:10E950000028F5D00B490A484FF4E132FFF750FF89
:10E96000094A0A490648FFF782FF2846FFF7B4FF25
:10E97000E6E70023E7E700BFC8620020E0030120CC
:10E980008C040120B4A10300006000205DE70200B8
:10E9900038B50546FFF7BAFF0B4B002443F8254076
:10E9A00030B905F02DFB092303604FF0FF3038BD6F
:10E9B00003685B699847051E04DA05F021FB6D4288
:10E9C0000560F2E72046F2E7C8620020FFF7E0BFEB
:10E9D00013B5CDE90021FFF799FFDDE9002140B92A
:10E9E00005F00EFB092303604FF0FF34204602B010
:10E9F00010BD0368DB689847041EF7DA05F000FBDA
:10EA000064420460F0E713B5CDE90021FFF77EFF13
:10EA1000DDE9002140B905F0F3FA092303604FF066
:10EA2000FF34204602B010BD03689B689847041E5F
:10EA3000F7DA05F0E5FA64420460F0E710B5FFF795
:10EA400065FF044628B905F0DBFA09230360204678
:10EA500010BD0368DB699847041EF8DA05F0D0FAA8
:10EA6000644204600024F2E737B54023CDF801008A
:10EA7000054668468DF8003005F052FD044630B179
:10EA80002846FFF7DBFF10B12046FFF7F7FE2046D0
:10EA900003B030BD2DE9F74F06460F469046FFF70D
:10EAA000A6FB054630B100232D492E48009332467F
:10EAB000FFF718FDFFF795FB0028F4D0B8F1000F21
:10EAC00009DA05F09DFA162303604FF0FF34204663
:10EAD00003B0BDE8F08F3046FFF7B0FF044640B109
:10EAE000DFF884B0DFF884A01BF806902C46A84518
:10EAF00011DCA045EBDDA8EB040239193046FFF725
:10EB000067FF0028E1DB24181FBF3F19164B17F8D9
:10EB1000012C9A55DBE77A5D0A2A1CD1B9F10D0F59
:10EB200019D0AC420BDA2A1B39193046FFF750FFD7
:10EB30000028CADB0444A542C9DC0BF80690012278
:10EB400051463046FFF744FF0028BEDBBFD04FF0F0
:10EB50000D030BF8063017F805900135C7E700BF25
:10EB6000CEA003002F0101802404012008A103008E
:10EB7000FFF764BF7FB504460D461646FFF737FB27
:10EB800030B100231F49204800932246FFF7AAFC1A
:10EB9000FFF727FB0028F4D0002E07DA05F030FA43
:10EBA000162303604FF0FF3004B070BD2046FFF71E
:10EBB00045FFF8B1154E01220DF10F012046FFF778
:10EBC00022FF0028EEDBEFD09DF80F300D2B08D18F
:10EBD000325D0A2A0AD01A460A2332552B700120C8
:10EBE000E2E70A2B04D1325D0D2AF3E73355E2E761
:10EBF0001A46F2E732462946204604B0BDE8704086
:10EC0000FFF701BF0AA103002F010180E4030120E7
:10EC100013B5CDE90021FFF779FEDDE9002140B908
:10EC200005F0EEF9092303604FF0FF34204602B0EF
:10EC300010BD03681B699847041EF7DA05F0E0F978
:10EC400064420460F0E7FFF7E3BF38B50D46FFF715
:10EC50005DFE044630B905F0D3F9092303604FF097
:10EC6000FF3038BD0368DB699847002814BF4FF4B4
:10EC700000534FF400436B60236820469B6A98471B
:10EC800028610020EDE7FFF7E0BF00001FB503900B
:10EC900006F028F8039A034620B900900349044877
:10ECA000FFF720FC05B05DF804FB00BF46A10300A0
:10ECB0001F01018006F016B806F01CB806F01AB85D
:10ECC00010B504460B48FCF7EFFA00F09BF90A4A2E
:10ECD0004023002152F8040BA04208BF42F8041C54
:10ECE000013BF7D10348FCF7DFFABDE8104000F024
:10ECF000A7B900BF64040120C862002010B5124803
:10ED0000FCF7D2FA00F07EF9104B032453F82420CC
:10ED10007AB10134402CF9D105F072F9182303605F
:10ED20000948FCF7C1FA00F08BF94FF0FF34204698
:10ED300010BD4FF0FF3243F824200348FCF7B4FA2B
:10ED400000F07EF9F3E700BF64040120C8620020F0
:10ED500010B50446FFF7D2FF002807DB044B054A35
:10ED600043F8204000231354034A135410BD00BF3E
:10ED7000C8620020E40301202404012073B5064684
:10ED80000191FFF7E5FF051E13DB0199FFF76CFE0C
:10ED9000044630B9084B53F82520964204D143F875
:10EDA0002500204602B070BD05F02AF90923036052
:10EDB000F7E70024F5E700BFC86200200EB42DE994
:10EDC000F04187B00190FFF799FF041E13DB002389
:10EDD0000199039304A8FEF785FD04A8FEF7D0FD72
:10EDE0001E4E054668B905F00BF91323036046F87B
:10EDF00024504FF0FF34204607B0BDE8F04103B087
:10EE0000704704A8FEF7AAFD074604A85FB1FEF705
:10EE1000AEFD0390039B124A46F82430002313559D
:10EE2000104A1355E7E7FEF790FD05460028DAD0B3
:10EE3000036804A8D3F80880FEF77CFD0D9B02460A
:10EE400003A92846C04705460028E3D005F0D8F8B6
:10EE50006D42056046F82470CBE700BFC862002011
:10EE6000E40301202404012070B50E46154905462F
:10EE700006F0EAFD044618B9FFF748FD204670BDCC
:10EE80001149284606F0E0FD20B90120FFF73EFDBC
:10EE90000124F3E70D49284606F0D6FD20B90220EB
:10EEA000FFF734FD0224E9E72B78402B02D1D5F897
:10EEB0000140E3E726F480312846BDE87040FFF7C3
:10EEC0007DBF00BFD4A10300DBA10300CCA10300E0
:10EED00010B5044620B90F490F489022FFF7E6F815
:10EEE0004C220021043006F04BFB4FF23C03236020
:10EEF0004FF0005323614FF4802323624FF48013BB
:10EF00002364064B1B68636002232372044BE36097
:10EF100010BD00BFE3A103000AA2030000ED00E062
:10EF200078AE01001FB50023CDE90013031D044690
:10EF30000293684610230393FAF71EF9206020B964
:10EF4000034904483522FFF7B1F804B010BD00BFF3
:10EF500018A203003DA2030010B503490446FFF7C1
:10EF6000E1FF204610BD00BF41A203000068FAF790
:10EF70001BB910B504460068FAF774F9204610BDB5
:10EF800010B49DF804400CB942F0020200685DF82C
:10EF9000044BFAF739B907B5009313460022FFF77F
:10EFA000EFFF03B05DF804FBFFF7F5BF1FB50023CB
:10EFB00003620D4B002918BF0B460093031D0293FB
:10EFC0001C230446039368460B230193FBF742F886
:10EFD000206038B9FFF780FA20B9044904483D227F
:10EFE000FFF764F804B010BD61A203007BA2030028
:10EFF0009BA2030010B500210446FFF7D7FF20466F
:10F0000010BD000037B504464FF0FF310068FBF734
:10F0100039F8054620B9236A0133236203B030BDB5
:10F02000FFF75AFA03460028F8D103490348009332
:10F030002A46FFF757FA00BFBFA20300150102805E
:10F04000036A013B13B503620068FBF733F804461B
:10F0500048B1FFF741FA034628B900900349044834
:10F060002246FFF73FFA02B010BD00BFD1A2030055
:10F070001701028010B504460068FBF733F82046FC
:10F0800010BD00001FB504460023CDE90033231D49
:10F09000104602936A4610230393FBF74FF9206052
:10F0A00020B9034903483722FFF700F804B010BD28
:10F0B000E5A2030009A3030010B54FF6FF72044652
:10F0C000FFF7E0FF204610BD13B500680C46FBF7C4
:10F0D0004DF9024670B1C11C4FF0000006D15CB181
:10F0E0000090064906480023FFF7FCF9931CF7D16E
:10F0F00002B010BD0120FBE72046F9E718A303008A
:10F10000140102800068FBF759B910B50446006885
:10F11000FBF782F9204610BD08B538B1F9F7DAFEE1
:10F1200020B103490348E322FEF7C0FF08BD00BF3A
:10F1300031A30300DBA30300036910B504462BB918
:10F140000B490C484FF4FD72FEF7B0FF1B6804300A
:10F15000984704F15400FFF755FF00236361012332
:10F1600084F83D3004F14000BDE81040FFF7CABF0D
:10F17000AC930300DB9303002DE9F047DDE908576A
:10F1800099466B07044618BF25F007068846924645
:10F190004FF000014FF0440200F1780014BF083630
:10F1A0002E4606F0EDF9B5FA85F300215B0984F8E7
:10F1B0003C30616184F83D10202204F11C0006F00F
:10F1C000DFF905EB09039D1B074BC4F830A025F0C0
:10F1D0000705002F08BF1F46E562A761A662C4F8B5
:10F1E0003480BDE8F08700BFEAA3030013B5049C98
:10F1F000CDE9003413460A460021FFF7BDFF02B0F7
:10F2000010BD000073B5044600F1540528460E46B3
:10F21000FFF7F8FE636913B994F83D3033B128461F
:10F22000FFF70EFF6FF0030002B070BDD4E90A30A3
:10F23000002B32D027490023E26AB3EB920F3FD371
:10F240004423201D6362B04204F17803236209D095
:10F250000190F8F741F8F36823611BB15B680198EE
:10F26000314698471C4804F118022146FBF724FD5B
:10F27000606150BB94F83C302BB1A06A08B1FFF735
:10F280001DFD0023A3622846FFF7DAFE04F14000CB
:10F29000FFF738FF6FF00200C6E7104B10499842A5
:10F2A00094BF20F003004FF0FF30FFF703FDA06292
:10F2B0000028BFD12846FFF7C3FE6FF00400B3E774
:10F2C000A26A42F823100133B6E72846FFF7B8FEDA
:10F2D0000020A9E7A52E5AE239F10200FBFFFF7FCB
:10F2E00024A7030070B500F1540504462846FFF733
:10F2F00089FE04F140006669FFF704FF00236361A3
:10F3000094F83D302BB100242846FFF799FE2046A3
:10F3100070BD012384F83D30002EF4D03046FBF759
:10F32000F7FC0446F0E7000010B50D4B03600446FF
:10F33000FFF7D8FF94F83C302BB1A06A08B1FFF773
:10F34000BDFC0023A36204F15400FFF793FE04F117
:10F350004000FFF7DAFE201DF7F7BEFF204610BD84
:10F3600010A4030010B50446FFF7DEFF2046BC21C1
:10F37000FFF7A2FC204610BD4FF08043D3F838348D
:10F3800013F0010004D013F0020F14BF022001207B
:10F390007047704708B5FFF7EFFF012804D0FFF76B
:10F3A000EBFF831E5842584108BD7047012303728A
:10F3B0007047002303727047704700000048704791
:10F3C00010A5030010B5F4210446FFF775FC204694
:10F3D00010BD08B50023437202F0B2FE08B103F07D
:10F3E00025FA02F0A3FE18B1BDE8084003F040BAC8
:10F3F00008BD02F00DBF70B54C00E4B2054604EB49
:10F40000D11408460C214C4304F11C06A91900260E
:10F4100025444E608E60C5E9072302F00FFFB0FA65
:10F4200080F0400970BD70B54C00E4B2054604EBB5
:10F43000D11408460C214C4304F11C012944002638
:10F440002C444E608E60C4E907231BB9636A43F005
:10F450000103636202F0F2FEB0FA80F0400970BD71
:10F46000002002F05FBF084602F05CBF02F0F5BF6B
:10F4700013B514460846019103F046FA0198A1B26B
:10F4800002F06CFE019802B0BDE8104002F0B0BE80
:10F4900001F07F03082B07B5084603D0019102F065
:10F4A00067FF019803B05DF804EB03F0FBB9084671
:10F4B00002F050BF10B508460C4602F057FF10B1DD
:10F4C000204603F075FA204602F052FF204603F072
:10F4D000E9F92046BDE8104003F016BA084603F0EB
:10F4E00071B80000036810B59B690446984702F0A4
:10F4F00037FD20B1074908488422FEF7D7FD03F005
:10F50000EFFD63680BB1FFF7C7F8044A002363609F
:10F51000136010BD20A4030080A40300A0040120F8
:10F5200008B501234372FFF727FF012810D102F02D
:10F53000FDFD08B902F024FDFFF71EFF022807D1E8
:10F5400002F0FEFD20B9BDE80840012002F0C2BD76
:10F5500008BD000038B51E4B802204460D46C3F896
:10F560008420BFF34F8FBFF36F8F43680BB9FFF752
:10F570007DF86560002003F08FFD20B15822154909
:10F580001548FEF793FD154803F0C6FD144802F038
:10F59000EBFD054608B16422F1E7402102F0DEFDF3
:10F5A0004021802002F0DAFD0E4B0F4A1C600F4B09
:10F5B0000F491D70D2F8303543F00103C2F83035E1
:10F5C000272000F01FFABDE8384003F0ABBD00BFB4
:10F5D00000E100E020A4030080A4030054A5030080
:10F5E0002DF90200A0040120007002409C040120BB
:10F5F00091F9020013B50B46F9B9F2B990F912105E
:10F6000000291ADA802002F08FFE164B70B1D3F871
:10F61000002242F00402C3F80022134B01221A70A8
:10F62000124B8022C3F8042102B010BD01221A65DA
:10F63000BFF36F8FBFF34F8FEFE7002400F11C0182
:10F64000C0E907324462019102F0C4FE01992046EC
:10F6500002F0F4FD0028E7D00549064840F24312C5
:10F66000FEF724FD007002409C04012000E100E050
:10F6700020A4030080A4030010B50B4601BBFAB917
:10F68000018B19B190F91210002919DB002002F04A
:10F690004BFE164B68B1D3F8002242F00402C3F8C7
:10F6A0000022134B01221A70124B8022C3F804214E
:10F6B00010BD01221A65BFF36F8FBFF34F8FF0E7C4
:10F6C0000024C0E90A3200F1280104631AB9036B6F
:10F6D00043F001030363802002F0B0FD0028E7D06F
:10F6E0000549064840F27112FEF7E0FC0070024046
:10F6F0009C04012000E100E020A4030080A403009A
:10F70000044A026000224260028182720122027475
:10F71000704700BF9CA4030010B50B4C2368BFF3D7
:10F720005B8FDB070ED42046FFF7B4F850B10748D3
:10F730000749FFF7E5FF074A0448FFF798F8204616
:10F74000FFF7CAF8014810BD98040120A404012065
:10F7500093F302000060002010B5044602F058FD4B
:10F7600002F078FE064A00238021A372C2F88411B9
:10F77000044AC2F8FF3FBFF36F8FBFF34F8F10BD36
:10F7800000E100E000600340034B8022C3F88421C5
:10F790005A6003F0C7BC00BF00E100E0837A012B90
:10F7A00010B504464FD1037B062B1DD8DFE803F0CC
:10F7B000150E04091C3D220040680368DB69012125
:10F7C0002CE040680368DB69002127E0FFF7C4FFF5
:10F7D000606803689B68984706E0037A23B1406835
:10F7E000E18903681B6A98470023A372BDE81040B3
:10F7F000FFF7CABFC37B002BF6D1807B02F0B6FDBA
:10F800000028F1D194F90E206068A17B0368002ADA
:10F8100006DA4A0601D15B69DDE79B6A9847E3E7B0
:10F8200009B91B69D7E75B6AF8E7802003F0C0F8E5
:10F83000002003F0BDF804F1120002F0A9FD606899
:10F840000368DB68C7E7022B1ED1037C012B0FD0B6
:10F85000022B11D0002BC7D1437A002BC4D002F069
:10F8600065FC08B902F08CFB606803689B69A6E739
:10F87000406803689B69A7E702F062FC0028B3D1E7
:10F88000012002F027FCAFE7032BADD194F9122041
:10F890004068002A0368BEDAC3E70000044B8022F8
:10F8A000C3F88420BFF34F8FBFF36F8F03F041BCC9
:10F8B00000E100E013B50C46FFF7F0FF402C28BF35
:10F8C0004024A1B20020019102F048FC019980205F
:10F8D00002F044FCFFF758FF204602B010BD37B5D8
:10F8E000154604460191FFF7D9FF082D2A460198D5
:10F8F00028BF082204F1120105F044FD03B0BDE861
:10F900003040FFF741BF000010B50446FFF7C6FFC7
:10F91000054B22681B685868DA6001229A720368F6
:10F92000BDE81040DB6A1847A0040120024B1B68A9
:10F930000BB1FFF7E9BF7047A004012010B50446E2
:10F94000FFF7ACFF054B1B6858681C7402229A72C3
:10F950000368BDE81040DB6A184700BFA00401201F
:10F96000024B1B680BB1FFF7E9BF7047A0040120F1
:10F9700010B5FFF793FF054B1B68586803229A7276
:10F980000368BDE81040DB6A184700BFA0040120EF
:10F9900010B5074C237833B1064B1B680BB1FFF74A
:10F9A000E7FF00232370BDE8104002F049BE00BF0E
:10F9B0009C040120A00401200749084A084B9B1A17
:10F9C00003DD043BC858D050FBDC0648804706489E
:10F9D0008047064800470000C0A9030000600020DF
:10F9E000D86D002041FA0200450103004171020078
:10F9F000FEE7FEE7FEE7FEE7FEE7FEE7FEE7FEE7DF
:10FA0000FEE7FEE7024B103043F82010704700BFBE
:10FA100000000020024B103053F82000704700BF58
:10FA2000000000204FF08053D3F83021082A03BF94
:10FA3000D3F83401B0FA80F040090020704700008C
:10FA400008B5FFF7EFFF40B14FF080430022C3F845
:10FA50000C21C3F81021C3F83825FFF7E3FF002875
:10FA600046D04FF08052674BD2F80414C3F82015EB
:10FA7000D2F80814C3F82415D2F80C14C3F82815CA
:10FA8000D2F81014C3F82C15D2F81414C3F830159A
:10FA9000D2F81814C3F83415D2F81C14C3F8401562
:10FAA000D2F82014C3F84415D2F82414C3F848152A
:10FAB000D2F82814C3F84C15D2F82C14C3F85015FA
:10FAC000D2F83014C3F85415D2F83414C3F86015C2
:10FAD000D2F83814C3F86415D2F83C14C3F868158A
:10FAE000D2F84014C3F86C15D2F84424C3F870253A
:10FAF000FFF798FF18B1444B444AC3F88C26FFF730
:10FB000091FF18B1424BFB22C3F81825FFF78AFF7B
:10FB100070B14FF080414FF08053D1F8E42ED3F80C
:10FB2000583222F00F0203F00F031343C1F8E43EF2
:10FB3000FFF778FF20B1374B4FF40072C3F840262F
:10FB4000FFF770FF48B14FF08043D3F80024D2078D
:10FB500044BF6FF00102C3F800242F4AD2F8883066
:10FB600043F47003C2F88830BFF34F8FBFF36F8F39
:10FB70004FF01023D3F80022002A03DBD3F804321D
:10FB8000002B2EDA254B0122C3F80425D3F80024DC
:10FB9000002AFBD04FF010221221C2F80012D3F835
:10FBA0000024002AFBD04FF010231222C3F80422B5
:10FBB0001A4BD3F80024002AFBD00022C3F80425F6
:10FBC000D3F80024002AFBD0BFF34F8F1249144B07
:10FBD000CA6802F4E0621343CB60BFF34F8F00BFEB
:10FBE000FDE7104B104A1A604FF0804301220021BC
:10FBF000C3F81825C3F804119A60D3F80421002A29
:10FC0000FBD008BD00C00040005000404881030008
:10FC100000F000400090024000ED00E000E00140F4
:10FC20000400FA05CC6300200090D0030F4BD3F8FA
:10FC3000042182B052B10022C3F80421D3F8042178
:10FC40000B490192019A0A6801320A60D3F84421F3
:10FC5000084B0AB91A7832B11A780AB100221A7020
:10FC600002B0FDF735BB02B0704700BF0010014085
:10FC70009C05012098050120F0B5244F3A7885B005
:10FC80006AB1234B0022C3F84421D3F844210192E6
:10FC9000019A4FF40032C3F8082305B0F0BD4FF0CD
:10FCA0008043C3F8042101229A60D3F80421002A7A
:10FCB000FBD0174C174900250126656011206660AE
:10FCC000FFF7A0FEC4F80855C4F84451D4F84431F5
:10FCD0000393039BC4F80451D4F804310293029BAC
:10FCE0004FF00213C4F848330223C4F804330A4B1C
:10FCF0004FF400324021C4F8082383F81113C3F8ED
:10FD000080211A6026603E70C7E700BF9905012078
:10FD1000001001402DFC020000E100E0084A012330
:10FD200053604FF40033C2F80833064AC2F88030FB
:10FD3000BFF34F8FBFF36F8F034B00221A707047D2
:10FD40000010014000E100E09905012073B5044670
:10FD50000E461546FEF754FA114B24F07F40D3F8B7
:10FD60000445A04204D0013424F07F44844202D1EF
:10FD7000023020F07F4006F5A87643F82600D3F83D
:10FD800004232A4007D1C3F84421D3F84421019227
:10FD9000019AC3F8045302B0BDE87040FEF746BABA
:10FDA00000100140024803780BB101F059B87047C8
:10FDB000D0630020024B012200201A7001F05EB8CF
:10FDC000D0630020024B1878B0FA80F040097047E9
:10FDD000D06300201F288BBF00F01F0303461A4A80
:10FDE0004FF0A04203F5E07330B452F82330174AC5
:10FDF000C3F30143032BD2E90035C0F12004A0F185
:10FE0000200223FA00F305FA04F443EA040325FA76
:10FE100002F243EA02030CBF01210221DB0710D5E5
:10FE20000B4B01291B5C09D113F0400F09D0094B82
:10FE3000094A1B6852F8200030BC184713F0200F05
:10FE4000F4E730BC704700BF000300509806012063
:10FE500060060120A0060120A0050120114930B450
:10FE6000D1E90025C0F1200405FA04F4A0F1200135
:10FE7000C240224325FA01F10A43D40703460ED5B6
:10FE8000094A115CC1F30012890703D51AB930BCC5
:10FE900002F092BE1AB130BC184602F0DFBF30BC8F
:10FEA000704700BF90060120600601202DE9F3474E
:10FEB000DFF82481444F18F8003004460126A4F1ED
:10FEC0002005C4F1200106FA05F526FA01F1C3F375
:10FED000001013F0010F024645EA010506FA04F688
:10FEE000A4F1200AC4F1200901D1002865D018F836
:10FEF00004309B07214601D5002A44D00023ADF8E9
:10FF0000053003238DF8043018F80430C3F3810062
:10FF1000012801D0032801D18DF8050022B32B4A16
:10FF200001A9204602F0AEFE294AD2E9003202FAC7
:10FF300009F9E34043EA090322FA0AF21343D90715
:10FF400009D518F804305A0601D49B0603D50121BF
:10FF5000204602F017FFD7E9002316431D43C7E9E7
:10FF6000006502B0BDE8F0871F2C9DF8053086BF04
:10FF7000184A04F01F014FF0A04201F5E0719B0008
:10FF800042F82130E7E71F2C88BF124BADF8042060
:10FF900094BF4FF0A04304F01F02D3F804358DF84E
:10FFA000060098BF2246D34003F0010301A9204672
:10FFB0008DF8053002F096FDCDE7D7E9002322EA5F
:10FFC000060623EA0505CAE790060120D5FD0200D2
:10FFD0009806012000030050600601204B1C10B55C
:10FFE0000446017014D0C9B22F2904D909490A481E
:10FFF0005422FEF75BF809490620FFF703FD02F0E3
:020000023000CC
:1000000031FD074994F900208B5C43F001038B54C8
:1000100010BD00BF58A503009DA50300D12E03000D
:100020006006012038B5044690F90000431C0D46D7
:1000300004D10A490A48AC22FEF738F8C0B2FFF7EB
:100040000DFF94F90000074B1A5C65F383021A5404
:10005000BDE83840C0B2FFF729BF00BF58A5030074
:100060008F8F03006006012038B5044690F9000028
:10007000431C0D4604D10A490A48B722FEF716F878
:10008000C0B2FFF7EBFE94F90000074B1A5C65F372
:1000900041021A54BDE83840C0B2FFF707BF00BFA5
:1000A00058A503008F8F030060060120234B70B515
:1000B00000220446184693F90060751C13D093F98A
:1000C0000150B5F1FF3F0ED0A6421FD18D421DD188
:1000D00000EBC2001A4B406803F8104003EB4003EA
:1000E000461C597016D1164A92F90000844203D179
:1000F00092F901308B420CD092F902309C420AD125
:1001000092F903508D4206D1012003E001320833F9
:10011000D1E7002070BD55782840FF280BD0D0785B
:100120000340FF2BF0D1012302F8134002EB4302FE
:1001300018465170EEE70023F6E700BF18A403004D
:10014000D163002008B5054B05494FF4807218466D
:1001500005F018F9034A906008BD00BF00000020B8
:100160000070020000ED00E000F0C6BD0023435027
:1001700082B043580193019B02B070472822074B7D
:1001800050431A181B58002151741A6A22B1586A38
:10019000800701D5D8691047704700BF0C070120C0
:1001A000074B282250431A18002151731B581A6A12
:1001B0002AB1596AC90702D5D86901211047704789
:1001C0000C070120084B282250431A180021D17334
:1001D00051731B581A6B2AB1596B490702D5042178
:1001E00099631047704700BF0C07012008B5174BF3
:1001F0001A7832B100201870154BDB7BF3B1FFF792
:10020000E1FF144B1A781AB100201870FFF7B6FFFF
:10021000114B1A7842B100221A700D4B93F8373007
:1002200001207BB1FFF7CEFF0C4B1A786AB1002298
:100230001A70BDE808400120FFF7A0BF1846FFF77D
:10024000AFFFDEE7FFF7ACFFEEE708BD5E0701207A
:100250000C0701205C0701205F0701205D070120DA
:1002600008B5114B024653F82000104BC0F8083374
:100270004FF4A671FFF77AFF4FF48871FFF776FF0E
:10028000D0F8003223F02003C0F80032084B2821B8
:1002900001FB023301221A74002283F82420102368
:1002A000C0F8043308BD00BF5CA6030010000800BE
:1002B0000C070120184B2DE9F04153F82080174E10
:1002C000174FC8F80873282303FB00F435190434CA
:1002D000686900F00AFE2023AB614FF4A671404626
:1002E000FFF744FF4FF48871FFF740FFD8F8003262
:1002F00043F02003C8F80032002326440122AB74E7
:10030000C8F834652B74C8F8382585F82430C8F847
:100310000473BDE8F08100BF5CA603000C07012058
:100320001000080040B9074B01221A70064B4FF429
:100330008012C3F8002170470128FCD1034B1870CC
:10034000F4E700BF5E07012000E100E05F07012045
:100350002DE9F74FDFF84481044658F82000D0F823
:100360001031EBB14FF48871FFF700FFDFF81CA1EB
:10037000282363430AEB030B9BF81060002E43D045
:1003800000228BF810208BF80E205AF80330D3E9A6
:100390000F212AB1C80503D54FF4807159649047E5
:1003A00058F82450D5F84C31FBB1D5F81031E3B9E9
:1003B0004FF4A6712846FFF7D9FE344A2823634339
:1003C000191D1344987C80F001000144186A0A4406
:1003D000C5F83425411C4FF00102C5F8382504D07A
:1003E000996903294CD902F03DFCD5F82031002B46
:1003F00049D028464FF49071FFF7B8FE204603B06D
:10040000BDE8F04FFFF78EBF9BF81250D0F83C9537
:1004100085F001028BF81220B9F1000FC0D01D4405
:1004200003F11807043557445544DBF8140001A9BB
:1004300000F07DFD88B115F8013B0370DBF8140076
:1004400001A900F09EFD57E8002F013A47E800237C
:10045000002BF8D10136B145E7D1282303FB04A3D3
:100460005A7C002A9CD101225A744FF48011084B07
:1004700024B908480270C3F8001191E70648F9E76B
:1004800083F82420B1E703B0BDE8F08F0C0701200A
:1004900000E100E05C0701205D0701205CA603008D
:1004A0000120FFF755BF0020FFF752BF2DE9F341B0
:1004B000044628B95749584840F24222FDF7F6FD54
:1004C00041684D1C10D01F2987BF544A01F01F03FB
:1004D0000B464FF0A0420120984003F5E073C2F8AC
:1004E0000805032042F82300A268501C0CD01F2AE4
:1004F0008BBF02F01F03134648484FF0A04003F59E
:10050000E073002540F823502368454E56F8230039
:10051000C0F80C15C0F81425227D012A15D1E26817
:10052000511C0CD01F2A8BBF02F01F0111463B4DFE
:100530004FF0A04501F5E071002745F821704FF01C
:10054000FF31C0F80815C0F81025364D216928275D
:1005500007FB03531A6A91424ED0187F02F0A4FEA3
:1005600020B140F26F222B492F48A7E7236807FBF1
:1005700003531B6A013302D0206902F01DFB20697E
:10058000431C33D0294902F0ADFA082806D120696E
:1005900002F012FB2549206902F0A4FA10B140F2E2
:1005A0008622E0E72368206956F82310282707FBF6
:1005B000035201F5887192F81C80019102F044FB0E
:1005C00001990246404602F039FE10B14FF4237201
:1005D000C9E7236807FB0353187F02F04FFE10B1F1
:1005E00040F28F22BFE7206902F01CFB236828221B
:1005F00002FB035523692B622368217D56F82320D3
:10060000637D0B43C2F86C35A369C2F8243502B090
:10061000BDE8F081BCA5030003A603000003005061
:100620005CA603000C07012080A4030056A603006B
:1006300070B5044628B91A491A484FF43C72FDF7C0
:1006400035FD0568184E28236B43F218F358834292
:1006500002D193F82C1081B12046FFF727FF282301
:100660006B432846F450002384F82C3094F82D3046
:100670004BB1BDE87040FFF7F3BD93F82D30127C0D
:100680004BB93AB12846FFF715FE084B53F8253011
:1006900001221A6070BD002AFCD12846E9E700BF9C
:1006A000BCA5030003A603000C0701205CA6030001
:1006B0002DE9F84F88461746044628B95749584847
:1006C00040F23732FDF7F2FC564B574D1A78002AAC
:1006D0005ED000221A7002F0FBF908B902F0C2F9EC
:1006E000524E53491420FFF78DF9E02386F8143356
:1006F0004FF48013C6F880313360DFF86C914D49B8
:1007000001232122484600F0DDFB0023C5F81490A8
:1007100049482B6002F064FD814620B14FF45672C7
:100720003E494648CEE7464B46494FF0FF3AC5F8AA
:1007300020A00220C3F808A3FFF764F9042386F879
:100740000293C6F880313360DFF820B13E490123BF
:100750002122584600F0B6FBC5F828903B48C5F862
:100760003CB002F03DFD814610B140F26E32D7E759
:10077000374BC5F848A03749C3F808A32820FFF72E
:1007800041F94FF4807386F82893C6F8843173607A
:1007900039464046FFF78AFC28234343EA18206085
:1007A00096680136012E96601ED12B4A52F8200021
:1007B0000822C0F800250C334FF0FF32C0F80C259A
:1007C0001D44C0F814254FF08052C0F824254FF482
:1007D0009071C0F84455C0F84865FFF7C7FC8660C3
:1007E000D0F81C31002BFBD01C4BA3614FF0FF3322
:1007F000C4E903330023A3822362194B9C4208BF40
:10080000184A4FF00103C4E9018708BF136084F858
:100810002C302046BDE8F84FFFF70ABFBCA5030007
:1008200003A60300D56300200C07012000E100E0CF
:10083000ED010300A40601202807012080A4030085
:1008400000200040A7040300D80601205007012023
:1008500000800240A10403005CA6030000502700B2
:1008600060070120CC070120C8060120FC060120FA
:1008700008B528B9134914484FF47572FDF716FCF2
:1008800002681249282303FB02118B6883B1013BE4
:100890008B606BB90E4951F82210C1F80035012167
:1008A0003AB90C4BC3F8FC2FD3F8FC2FC3F8FC1F4C
:1008B00008BD094AC2F8FC3FD2F8FC3FC2F8FC1F51
:1008C000F6E700BFBCA5030003A603000C07012048
:1008D0005CA60300002000400080024008B528B953
:1008E0003449354840F20242FDF7E0FBB1F5166F9E
:1008F00039DBB1F5965F39DBB1F5165F39DBB1F560
:10090000615F38DBB1F5964F37DBB1F5E14F36DB90
:1009100047F61123994234DDB1F5164F33DBB1F5BB
:10092000614F33DBB1F5963F33DBB1F5E13F33DBAC
:10093000B1F5613F32DB214B994232DDB1F5E12F58
:1009400032DBB1F5612F32DB1D4B9942D4BF4FF042
:1009500070614FF0805183698B421EBF012381611A
:1009600080F82C3008BD4FF49E21F4E74FF41D2190
:10097000F1E71449EFE71449EDE71449EBE71449AF
:10098000E9E71449E7E74FF40001E4E74FF41D01FC
:10099000E1E74FF46B01DEE70F49DCE74FF0EB7165
:1009A000D9E74FF06C71D6E74FF08061D3E74FF095
:1009B000E861D0E7BCA5030003A603008FD00300C5
:1009C0003F420F0000B013000050270000F03A0033
:1009D00000A04E0000C0750000903A0108B528B98B
:1009E0001549164840F24242FDF760FB082904D041
:1009F0001149134840F24742F6E712F0FD0F04D0C8
:100A00000D4910484FF48962EEE7012B04D00A49E2
:100A10000D4840F24942E7E7417D31B11AB94275CC
:100A200080F82C3008BD0E29FCD0022AFAD10E2302
:100A300043750123F4E700BFBCA5030003A6030030
:100A400007A6030016A6030047A6030008B528B9A9
:100A50000F49104840F26A42FDF728FBB3F1FF3F0F
:100A600003D0012908BF4FF0FF33C360531C03D0EC
:100A7000022908BF4FF0FF32003918BF01210123BE
:100A8000017580F82C300261BDE80840FFF7D0BD49
:100A9000BCA5030003A6030008B528B9044905480E
:100AA00040F2D642FDF702FBC0E9072108BD00BFB6
:100AB000BCA5030003A60300F8B50E4628B91149EA
:100AC000114840F2EB42FDF7F1FA01290768446A48
:100AD0000CBF0125022582B125434562FFF7A8FD21
:100AE000012E0DD1094B53F82730D3F81C313BB1FF
:100AF0003846BDE8F840FFF715BC24EA0504446217
:100B0000F8BD00BFBCA5030003A603005CA603005C
:100B1000F7B528B91C491D4840F21452FDF7C6FA32
:100B2000002207681A4C80F82D20FFF781FD28234A
:100B300003FB07435D696A89EB8892B29BB29A42D4
:100B4000F9D001A9284600F02CFA01A9064628464A
:100B500000F052FA282303FB0743183353E8001F21
:100B6000013143E80012002AF8D1282303FB07448F
:100B700094F8243023B1206A84F8242002F072F81B
:100B8000307803B0F0BD00BFBCA5030003A603008E
:100B90000C07012038B50D4628B91549154840F213
:100BA0004552FDF783FA0468FFF742FD124B53F8F4
:100BB0002400D0F81C31002BFBD04FF48E71FFF7CE
:100BC000D5FA28220D4B54431A190C3423441573BB
:100BD0000122C0F844354FF49071C0F84825FFF762
:100BE000C5FA4FF48073C0F80433826038BD00BF8B
:100BF000BCA5030003A603005CA603000C070120AC
:100C000010B528B90B490C4840F26D52FDF74EFA69
:100C1000002280F82D200468FFF70AFD074B2822E8
:100C200002FB04335B695889DB88C01A18BF0120B6
:100C300010BD00BFBCA5030003A603000C070120E4
:100C400008B528B90C490D4840F28A52FDF72EFA32
:100C500002680B4B282101FB02335B7BDBB243B9FB
:100C6000084B53F82230D3F81C01003818BF01207C
:100C700008BD0020FCE700BFBCA5030003A60300DD
:100C80000C0701205CA603000E4B1A6942F010020B
:100C90001A61F1EE102A22F09F02E1EE102AF1EE25
:100CA000102A094A4021C2F884114FF080420121E4
:100CB000D16740BF20BF5A68044B134003B920BF1F
:100CC000704700BF00ED00E000E100E03FF0439E10
:100CD000074808B5037813B1064B01225A60FFF7A5
:100CE000D3FF037813B1034B01221A6008BD00BF84
:100CF000D007012000900040704700000048704776
:100D000064A6030073B5224E224C327862B10023F0
:100D1000C4F84031D4F840310093009B4FF4803345
:100D2000C4F8083302B070BD01254FF4803365600C
:100D3000C4F80833D4F80435174923F00303C4F882
:100D40000435D4F8103523F00F0343F00403C4F83E
:100D50001035D4F8083543F00303C4F80835C4F857
:100D60004025C4F84021D4F8403101930920019B6B
:100D7000FEF748FE094B402283F809234FF4007226
:100D8000C3F880211A60256065643570CAE700BF2A
:100D9000D00701200090004029D7020000E100E0C8
:100DA000024B01225A64D3F844057047009000407A
:100DB00013B50446FDF724FA0B4BC3F84045D3F8AE
:100DC000042312F4803209D1C3F84021D3F8402122
:100DD0000192019A4FF48032C3F8042302B0BDE8B7
:100DE0001040FDF723BA00BF00900040024B4FF4C3
:100DF0000072C3F80021704700E100E0024B4FF49D
:100E00008032C3F80823704700900040054B002251
:100E100082B0C3F84021D3F840310193019B02B066
:100E2000704700BF009000400A4B01225A601A61CF
:100E30004FF48032C3F80823074B4FF40072C3F815
:100E40008020BFF34F8FBFF36F8F044B00221A70C7
:100E5000704700BF0090004000E100E0D007012093
:100E600072B6054A1378191E18BF012101330170AB
:100E700013700020704700BFD1070120044B1A787F
:100E800018B1013A1A7000207047187062B6FAE77C
:100E9000D107012010B5034653E8002F02EA0100F4
:100EA00043E8000494F0000FF6D110BD10B50346DE
:100EB00053E8002FA2EB010043E8000494F0000F78
:100EC000F6D110BD10B561B1B2FBF3F403FB1424ED
:100ED000A4B244B9C0E9001484608281C381204671
:100EE00010BD0E20FCE70920FAE782B050E8022F7F
:100EF000C188B2EB324F4FF0000317BF92B241EA04
:100F0000014142EA014104E04268B2EB324F08BFBE
:100F1000012340E80212002AE8D18DF807309DF83D
:100F20000730002B0CBF1120002002B0704737B5EE
:100F300050E8013F9DB2C48925448489A54228BF59
:100F40002D1B0489A54202BFBFF32F8F002207E0AB
:100F5000C5EA030540E80154002CE9D14FF0010235
:100F60008DF803200193019A0A609DF8031001F0A7
:100F7000FF0321B1006810FA82F003B030BD1846BB
:100F8000FBE70A884B889A4209D150E8012FC2EA50
:100F9000024240E80123002BF7D1012070470020D6
:100FA000704737B550E8023F1FFAA3F5C488A54241
:100FB00002BFBFF32F8F00220DE0C489254484892E
:100FC000A54228BF2D1BC3EA054540E80254002C6A
:100FD000E8D14FF001028DF803200193019A0A60D5
:100FE0009DF8031001F0FF0321B1006800EB1240EF
:100FF00003B030BD1846FBE70A884B889A4209D1F6
:1010000050E8022FC2EA224240E80223002BF7D127
:10101000012070470020704770B5064D0646002439
:1010200055F8043B0BB1304698470134042CF7D1F6
:1010300070BD00BFE00701204388033300EB83034A
:10104000994209D382884FF6FF739A4206D00088EE
:10105000B0FA80F0400970470220704701207047C5
:101060000B4A0C495388142000FB0311CB6833B999
:101070000420496810700122074800F0C8BB0749E6
:101080000523137002238B80012209680023F3E7F4
:10109000F807012010080120C46D00204C08012031
:1010A00007B5002305490093054A09680548082348
:1010B00000F07FFB03B05DF804FB00BF4C0801208B
:1010C00078A60300C46D002007B5002301460093F5
:1010D000034A0448082300F06CFB03B05DF804FBEE
:1010E00070A60300C46D002013B500230C460093C6
:1010F0000146084A0848042300F05BFB38B9074959
:10110000142202FB041101230B7402B010BD0E2047
:10111000FBE700BF6CA60300C46D0020100801208F
:1011200037B50A480A4B42689C88196853880325DA
:10113000033305709BB2002000909B0001EB8401FB
:10114000044800F036FB03B030BD00BFF8070120B3
:101150004C080120C46D002038B5144B14220D46F4
:1011600002FB00302B68446804F58051A3B15C8811
:10117000033403EB84048C4215D22368013312D06C
:101180002046FFF759FF012808D002280BD000287D
:10119000F1D12C60012038BD0834ECE763880333BB
:1011A00004EB8304E7E70020F5E700BF1008012007
:1011B0004368F7B505460E46002B43D0234AD16855
:1011C0008B423FD3126993423CD813F0030439D1C8
:1011D0001F4A01891289914235D101689A6891426A
:1011E00031D11C494A68934203D902F58052934297
:1011F0000DD38A6993420CD902F58052934208D2EA
:1012000001233380B4FA84F0400903B0F0BD2346D3
:10121000F7E70A24F6E7019701A92046FFF79CFFAC
:1012200030B90134A4B2022C3480F4D10020ECE7B0
:10123000019B2A6899689142EED16B60044B1B892F
:101240002B81E2E700240027EDE700BFC46D0020FA
:10125000F8070120100801202DE9F0471C461D4B1E
:101260001B780746884616467BB382B37CB3DFF80B
:101270006C904FF0140AA588012D01D90A2022E0B4
:101280000AFB05F319F803302BB921462846FFF76E
:1012900063FF18B920600135A580ECE723681FB112
:1012A00099883A889142F0D1B8F1000F04D019889A
:1012B000B8F800209142E8D19A68C6E90023064BAD
:1012C0001B8933810020BDE8F0870220FBE7052061
:1012D000F9E700BFF0070120F807012010080120FE
:1012E00008B5074B5888191DFFF736FF18B1BDE840
:1012F0000840FFF715BFBDE80840FFF7B1BE00BFCB
:10130000F80701202DE9F0479E4FDFF89C8288B056
:1013100006463B6823B99C484146FFF742FE3860C9
:101320003D6829784B1E052B07D8DFE813F01F0016
:10133000770077000501050159010F2414220021CF
:1013400003A804F01DF941F61D539C4208BF002478
:101350003B6804941A78023A042A00F2F781DFE825
:1013600012F0D801E40106020E02150226B1874BE5
:1013700000225A600124E1E72B79032B1CD8DFE817
:1013800003F014022934824A1378022B19D0137DFA
:10139000022B4FF0010316D114214B43D11800202A
:1013A000D0544868FFF790FE03E001232B71FFF74C
:1013B00077FE002800F0BB80744B00225A600E2498
:1013C000BCE70023E8E7714A13700023536041F63D
:1013D0001D54B3E76F497048002302222B718A80A5
:1013E0000968012200F013FAE3E76A4C00262E7127
:1013F0002068FFF769FE694BDFF894C15B882568B8
:10140000142253430CEB03020CF80360516855603F
:10141000A588158102222160A280CAE7B5F814A030
:10142000AA7DDFF86C919EB1022AEB8806D91421BF
:1014300001FB0A91DA1C088902440A81142202FB8A
:101440000A92C3F57F435189FD330B44538191E7E1
:10145000142303FB0A9318895C6804EB8004062AB2
:1014600068D8DFE802F0274D35431D59040041F6E6
:101470001D54AA7DEB88022A06D9142101FB0A918A
:10148000DA1C088902440A81142202FB0A99C3F576
:101490007F43B9F80A20FD331344A9F80A304DE719
:1014A0003F48404900234360AB690360FFF780FE7B
:1014B000002859D00223AB75002300930423EA18B7
:1014C0002146354800F075F9002830D00E24D0E7C9
:1014D0002B69002B14BF03230123AB75002300935A
:1014E00005F10C02042304F10801EAE70123AB75BE
:1014F0000022EB8800922A699B0004F10C01E0E7CE
:1015000003290CBF05230623AB7500230093042396
:1015100005F10802E118D4E70623AB75214B1988C1
:101520001F4B5868FFF7E0FD04460028A1D108B022
:10153000BDE8F0870F249CE7002E7FF41BAF2B79CA
:10154000012B33D0022B3FF442AF002B7FF4F5AEDA
:1015500002232B710DF10A01EB68039303A8CDE977
:101560000466FFF725FE08B90A24E7E60498BDF8EB
:101570000A108388EB8003882B81FFF7B5FD0446B2
:1015800027E000BF0C08012038080120F0070120E7
:10159000100801204C080120C46D0020F80701202C
:1015A000D40701205408012008080120DFF8F89131
:1015B00003AA4B463146A81DFFF74EFE044660B90C
:1015C000B9F804100498FFF78FFD04460A2C3FF485
:1015D000FEAE002C7FF4B2AEA9E7C9E90066F5E7DC
:1015E000002E7FF4C7AE6B4B197B1A78B1B11E7316
:1015F0001A78013A062A3FF6A0AE01A151F822F06E
:10160000A7160300CD160300EB160300F116030026
:101610003B130300F716030009170300072AE7D856
:1016200001A151F822F000BF49160300F115030093
:10163000F11503006F16030083160300A3160300C1
:10164000A31603006B1603001A89534901321A814D
:1016500000225A801A730A78B2FA82F252099A72F8
:101660000A7DB2FA82F25209DA72012207E04B498E
:1016700058688A884088033202448A8002221A709D
:10168000B6E75C88444A4549142505FB04220868EE
:10169000546850608888108102228A800C6006227B
:1016A000EDE70722EBE79A7A32B9DA7A8AB90022B3
:1016B0001A705A805A608AE6374900229A72CA68BC
:1016C000002AF2D1097C0029EFD05A80FFF708FEEA
:1016D00055E70022DA72304A116A0029E7D192F800
:1016E0002420002AE3D00122EFE7FFF719FD46E7A7
:1016F000FFF7B6FC43E75A88274B142101FB02335E
:101700005868FFF7E1FC3AE700225A60FFF7C8FC8F
:1017100035E701228DF80C201A89ADF818209A8837
:10172000DB68ADF81A20059310E002228DF80C203A
:101730001A89ADF818209A88ADF81A20DA689B7DCE
:1017400005929A1F534253418DF81C3003A8FFF7AE
:1017500063FC0026414612483E60FFF74DFC1148ED
:101760000121FFF7A3FB00287FF4D3ADDFE60322BE
:101770008DF80C20DA88ADF818201A89D0E70422F9
:101780008DF80C20DB88ADF81830DFE705238DF8E5
:101790000C30DBE7F8070120100801204C0801207D
:1017A0003808012048080120580801204068FFF748
:1017B000A9BD2DE9F04308B302B3D0F800E0BEF1B3
:1017C000000F1ED0FBB14768D7F80490B3FBF9F7C0
:1017D00009FB1737BFB942EA010C1CF0030F14D103
:1017E000C768B94211D305694C1E1C44AC420CD8E1
:1017F000DEF80C40A446BDE8F04360470E20BDE88B
:10180000F0830820FBE70920F9E71020F7E7F0B59F
:10181000D8B1D0F800C0BCF1000F18D0CAB14768E9
:10182000D7F800E00EF1FF370F4214D1C768B94274
:1018300011D305694C1E0EFB0244AC420BD8DCF8F8
:101840001040A446BDE8F04060470E20F0BD0820DF
:10185000FCE70920FAE71020F8E7FCF7D1BCFCF719
:10186000E5BC00F1804000F51C3001230360BFF3AC
:101870006F8FBFF34F8F7047020713D400F00F0331
:1018800010F0800F084A0BBF03F5887303F58473CB
:1018900002EB830252F8230008BF5068431E5842EF
:1018A00058417047002070470070024010F0080F48
:1018B000074B06D0D3F8C00410F4803F18BF0020B7
:1018C000704700F00F0000F5947053F82000704747
:1018D000007002404FF08053D3F83021082A05D120
:1018E000D3F83401003818BF01207047002070473A
:1018F00030B5D1E900549C4229BFC0E90053002112
:10190000E41AED1832BFC0E900514C600D609342FB
:1019100003D1201E18BF012030BD0020FCE74B681A
:1019200010B59A420C6828BF1A46C0E90042981ABE
:101930000B684860134400380B6018BF012010BDCD
:1019400030B54C680B68A24228BF2246002A14BF5B
:101950001D460025A4EB02041344C0E900524C606C
:101960000B6014BF0120002030BD0000054B10F0BB
:10197000800FA3F1900208BF134600F00F0003EBA5
:1019800000107047D4090120C343C3F3C01300F013
:101990000F0000EB03107047034A0023C2F81C3C01
:1019A000024A1370704700BF0070024061080120B6
:1019B00007B5074A00231370064A137001230193E9
:1019C000054B01A81B68984703B05DF804FB00BFF6
:1019D00060080120680A0120640A012013B5124C36
:1019E0000122236802FA01F10B4323600F4B1B68AD
:1019F000194003060DD551B906238DF804308DF832
:101A000006008DF807100A4B01A81B68984702B022
:101A100010BD0029FBD106238DF804308DF8060097
:101A20008DF80720EFE700BF40090120D008012012
:101A3000640A012008B5054B1A781046FFF7A4FF89
:101A4000BDE8084001461046FFF7C8BF680A0120FC
:101A50001C4B13B5D3F80044C3F80044BFF36F8F99
:101A6000BFF34F8FBFF36F8FBFF34F8FE10508D5E3
:101A7000154B01221A7002230193144B01A81B6815
:101A80009847A20508D5104B00221A700323019332
:101A90000E4B01A81B689847630511D50A4B1A78AD
:101AA00072B100221A70074B0122C3F80825582092
:101AB000FFF7D7FE04230193044B01A81B68984746
:101AC00002B010BD0070024060080120640A0120CD
:101AD0004B689A4228BF1A460A4B70B50C46064618
:101AE00009681846154603F04DFCC6E90005606814
:101AF0002368401B60602B440038236018BF01201E
:101B000070BD00BF700A01204B689A4228BF1A4678
:101B100070B506460D46144682B10968084803F0C0
:101B200031FC074BC6E900346B681B1B6B602B68EC
:101B3000201E23442B6018BF012070BD1346F1E71F
:101B4000700A012008B5FFF727FF084B93F89E2085
:101B5000032A06D1BDE8084005486FF00101FFF7F0
:101B600099B9D3F89030002BF4D008BD4409012076
:101B7000D00801200A4AD2F86834C2F86834BFF3AA
:101B80006F8FBFF34F8F012103B9704793FAA3F210
:101B9000B2FA82F201FA02F223EA0203F4E700BF8A
:101BA0000070024008B5FFF7F7FE0146FFF7DEFEC2
:101BB000837B032B0AD10846FFF7E6FE0121814013
:101BC000BDE808400348C943FFF764B90368002B28
:101BD000F1D008BDD00801208720FFF7E3BF8620A1
:101BE000FFF7E0BF8520FFF7DDBF8420FFF7DABFF6
:101BF0008320FFF7D7BF8220FFF7D4BF8120FFF7F4
:101C0000D1BF00002DE9F04FDFF8648198F8003073
:101C100085B0002B5BD1504D504B19682B68194093
:101C200055D091FAA1F1002954D0B1FA81F30F2BCC
:101C3000194651DDA1F11004E4B22046FFF796FEEB
:101C40004FFA84FA4FF0010B0BFA01FBBAF1000FC7
:101C500081466FEA0B0B42DA03688289416802A869
:101C6000984708B9C9F800003D4BD9F808108222FE
:101C7000C3F81C2C012288F800202A6802EA0B0213
:101C80002A60039ABAF1000F1144C9F8081004F051
:101C90000800029904F00F044FDA002845D0C3F879
:101CA000A016C3F8A426042000EB8400FFF7D9FD9A
:101CB0002C4A2D4B13EA2A0338BF134633F814304D
:101CC00003F1804303F51C331A68002AFCD005B0E9
:101CD000BDE8F08F2021ADE743F08004ADE720465A
:101CE000FFF7E4FDB9F80C20D9F80410D9F800602A
:101CF0000346074602A8B047029A002AB1D0039AC9
:101D00009742AED9022789F80E7059461348FFF75B
:101D1000C1F806238DF80430144B8DF806401B687B
:101D20008DF8077001A8984776E7142000FB04336C
:101D3000C3F80016C3F80426B5E728B1C3F8A01706
:101D4000C3F8A4272820AFE7142000FB0433C3F80E
:101D50000017C3F80427F5E740090120D008012047
:101D600000700240A6A603008AA60300640A0120B0
:101D70006108012037B5FFF70FFE0446FFF7F6FDB7
:101D8000837B032B0DD12046FFF7FEFD012181400F
:101D9000C9431048FFF77EF803B0BDE83040FFF7B5
:101DA00031BF0568002DF7D12046FFF7EDFD012179
:101DB0008140C9430748FFF76DF806238DF80430CA
:101DC000054B8DF806401B688DF8075001A8984711
:101DD000E2E700BFD0080120640A01200720FFF7D6
:101DE000C9BF0620FFF7C6BF0520FFF7C3BF042009
:101DF000FFF7C0BF0320FFF7BDBF0220FFF7BABF48
:101E00000120FFF7B7BF000007B500238DF80430AD
:101E10000B4BD3F82025ADF80620D3F8C034094A7F
:101E2000002B13680CBF4FF480714FF001210B435E
:101E30001360054B01A81B68984703B05DF804FBCD
:101E40000070024040090120640A012007B5FFF735
:101E5000A3FD0D4B93F88E20032A11D0D3F88030C8
:101E600073B90A486FF08071FFF714F806238DF8F4
:101E700004300823ADF80630054B01A81B689847CD
:101E800003B05DF804FB00BF44090120D008012025
:101E9000640A012007B5FFF77FFD114B93F81E215F
:101EA000032A07D10F486FF4807103B05DF804EB8B
:101EB000FEF7F0BFD3F8103173B90A486FF48071A0
:101EC000FEF7E8FF06238DF804308823ADF80630CE
:101ED000054B01A81B68984703B05DF804FB00BFE1
:101EE00044090120D0080120640A012038B51A4BAA
:101EF000D3F86C44C3F86C44BFF36F8FBFF34F8FBC
:101F0000BFF36F8FBFF34F8FFFF7E4FC38B9134A6D
:101F1000136823F0011103F001130C431360012532
:101F20001CB9BDE83840FFF76DBE94FAA4F171B159
:101F3000B1FA81F30F2B19460BDDA1F11000C0B2ED
:101F400005FA01F324EA0304FFF748FDE8E720213E
:101F5000F3E743F08000F3E7007002406C0A0120D1
:101F6000054B1A78012A01BF044A0020106018703E
:101F700018BF0820704700BF62080120640A0120D2
:101F80004E4B4FF4006210B5C3F80024BFF36F8FBF
:101F9000BFF34F8FFFF79EFC98B10020FFF75DFC69
:101FA000474BD3F8001C0322002979D149F275313F
:101FB000C3F8001CC3F8142DC3F8001C0020FFF761
:101FC0004EFC0020FFF749FC3D4BD3F8001CC0221B
:101FD000002968D149F27531C3F8001CC3F8142CEC
:101FE000C3F8001C0020FFF73AFC344B0122C3F871
:101FF0000025BFF36F8FBFF34F8FD3F80024120576
:10200000FBD54FF40062C3F80024BFF36F8FBFF31A
:102010004F8F0020FFF721FC294BD3F8001C00292B
:1020200044D149F27532C3F8002CC3F8141CC3F82C
:10203000002C0020FFF713FC204B40F2E372C3F8A2
:1020400000284022C3F80428BFF36F8FBFF34F8FDF
:102050008022C3F81C251B4B40F2FF121A601A4B5A
:1020600000241C60FFF798FC184B1C70184B0222D0
:102070001A70FFF72FFC00B32046FFF7EEFB104B62
:10208000D3F8001CB1B949F27532C3F8002CC3F87B
:10209000141DC3F8002CBDE810400020FFF7DFBB83
:1020A000C3F8142D8AE7C3F8142C9BE70022C3F869
:1020B000142CBEE7C3F8144DEDE710BD00700240CC
:1020C00000E0064040090120D0080120680A0120F4
:1020D0006208012008B5104B00221A70C8B9FFF73A
:1020E000F9FB0E4B0E4A002818BF13460D4AC2F8E2
:1020F00004330D4BE02183F827138021C3F88411AA
:1021000059600123C2F80435BFF36F8FBFF34F8FBF
:1021100008BD024BEAE700BF600801200714E00198
:102120000714C0010070024000E100E0034B187882
:10213000012894BF00200120704700BF62080120E1
:10214000044B1B78012B83BF034B5868C0F3C010AE
:10215000002070476208012000E100E008B5FFF7A9
:1021600005FC818108BD000073B5002837D01E4BE7
:102170001C78002C35D11D4A106001221A702546AA
:10218000264615F0080F65F07F00C0B20CBF402155
:102190004FF400710190FFF7E1FF0198FFF7E6FBB4
:1021A0000135092D867306608660EAD1402100253D
:1021B0002046FFF7D3FF2046FFF7D8FB0134E4B2F7
:1021C000092C85730560856002D1002002B070BDC6
:1021D00014F0080F14BF4FF400714021E8E7072006
:1021E000F4E70820F2E700BF62080120640A01203A
:1021F000064A10F0800F00F00F0314BFD2F810054C
:10220000D2F81405D84000F0010070470070024079
:10221000084B094AC3F8082341F20402C3F8042317
:102220000122C3F81025C3F81425BFF36F8FBFF345
:102230004F8F704700700240F8EB1F002DE9F04708
:10224000804600208A46FFF708FB18F00F0503D1EF
:10225000294B1B7843454AD1284B294F1C683E68BF
:102260004046FFF791FBE443A4B24FF00109344329
:1022700009FA00F914EA09043BD14046FFF776FB5E
:102280000C2218F0800F034602FB05F52BD01D4AE7
:10229000DAF80010154401F06041DAF80820B1F1D5
:1022A000005F02F0010219D1B2B9174A1A609AE828
:1022B000070085E8070000229A609A735D60134B5F
:1022C00046EA090680223E60C3F804210020FFF799
:1022D000C6FA2046BDE8F0870D4AE7E70AB90D4A7D
:1022E000E4E70D4AE2E70D4A15440D4ADEE7102403
:1022F000ECE71124EAE700BF680A01204009012049
:10230000D0080120D40801201F19030000E100E0DB
:1023100041190300D11A0300091B030064080120BE
:10232000F1180300FFF7C2BA08B5084B1A68084B4A
:10233000D2431B6892B21A43FFF726FB012303FA2C
:1023400000F0104214BF1846002008BD40090120CB
:10235000D0080120044B40F48070C3F81805BFF387
:102360006F8FBFF34F8F704700700240FFF784BA42
:10237000064BC3F80C05BFF34F8F40F48070C3F8D1
:102380000C05BFF36F8FBFF34F8F70470070024093
:102390000023036043600E4BD3F880240270D3F80F
:1023A00084244270D3F88824D3F88C1442EA0122A2
:1023B0004280D3F89024D3F8941442EA0122828018
:1023C000D3F89824D3F89C3442EA0323C38070479F
:1023D0000070024008B5FFF77DFA58B9EFF310829C
:1023E00072B64C20FFF73DFA4C20FFF73AFA82F321
:1023F000108808BDBDE808404C20FFF732BA000045
:1024000013B5FFF7C9FA104B9A7B032A09D10F487D
:102410006FF48031FEF73EFD02B0BDE81040FFF7DB
:10242000D9BF1C68002CF7D16FF480310748FEF744
:1024300031FD06238DF80430054BADF806401B68CE
:1024400001A8984702B010BD44090120D00801201E
:10245000640A01205020FFF704BA5420FFF701BAA4
:10246000F8B50446FFF736FA06462046FFF78CFA21
:1024700001258540174FED43B6B93046FFF7EDF91A
:102480003B6804F00F042B403B606400124B04F2E5
:10249000C574C3F80048C3F80468D3F80438BDE82D
:1024A000F8400020FFF7DBB90020FFF7D6F93B68C2
:1024B00014F0080203EA05033B60F0D104F00F04B6
:1024C000054B04F5947443F82420BFF36F8FBFF3DA
:1024D0004F8FE4E74009012000700240F7B5044641
:1024E0000020FFF7BAF92046FFF740FA05462046DC
:1024F000FFF74AFA012214F0800F02FA00F22D4889
:1025000018D1036832EA03010AD02046FFF7A8FF7A
:102510000323AB73002003B0BDE8F040FFF79FB981
:102520002960254923EA020303600B6823EA0203BA
:102530000B60EDE7230715D4802C204B2ED004F040
:102540000F0101F2DA314900C3F80018D3F804187A
:10255000D3F80468C9B241F002013143C3F804184A
:10256000D3F80438144E0168336861EA0307174250
:10257000D0D0134321EA02013360002301602B60B5
:102580000323AB738DF807300D4B8DF80640062200
:102590001B688DF8042001A89847BBE740F2B4718E
:1025A000C3F80018D3F80418D3F80468C9B241F08E
:1025B0000401D2E7D0080120400901200070024048
:1025C000640A0120FFF78ABF184BD3F8002273B5C5
:1025D00022F00402164CC3F80022D3F8805423687A
:1025E000144EDA43144B31781B6892B208461A43F2
:1025F000FFF7CAF9012303FA00F0104202D008469F
:10260000FFF76CFF6FF0011105F080050A48357087
:10261000FEF740FC236843F0010323600523019388
:10262000064B01A81B68984702B070BD00700240BD
:1026300040090120680A0120D0080120640A012015
:102640005F4B2DE9F041D3F80443002122460125D8
:102650000E46002A40F09180FFF73CF900287DD11A
:10266000584B1B78002B79D18D0277D5544B544FA2
:1026700040F2A972C3F80028D3F8040810F0FF0054
:102680001CBFD3F80428104040F2AA72C3F80028F7
:10269000D3F8042812F0FF021CBFD3F804381A4004
:1026A00040F2AB73C7F80038D7F8043813F0FF03D3
:1026B0001CBFD7F804582B4040F2AC75C7F800583F
:1026C000D7F804582840404D0AD02E6806432E60A3
:1026D00040F2A976C7F80068C7F80408D7F80408DC
:1026E000374840F2AD76C0F80068D0F80468324050
:1026F0000BD02E6846EA02462E6040F2AA76C0F859
:102700000068C0F80428D0F804282D4A40F2AE70C2
:10271000C2F80008D2F80428134010D0D80748BFE8
:1027200041F40001DA06264A40F2AB70C2F8000814
:10273000C2F80438D2F8043848BF41F001012B68D0
:1027400033F001121CBF04F08070014313F0011F2D
:1027500004D0630544BF2A6041F480611B4F01F43B
:10276000000621F400044FF00108D4B9FFF74AFA3B
:102770001EB3BDE8F041FFF727BF154892FAA2F358
:10278000B3FA83F39F00384405FA03F307682FB1C7
:102790000660BFF36F8FBFF34F8F194322EA030226
:1027A00057E794FAA4F5B5FA85F557F8253008FAF5
:1027B00005F5984724EA0504D7E7BDE8F08100BF96
:1027C00000700240610801206C0A0120B8A60300D5
:1027D00000710240F8B5134E134B34681B68240C8B
:1027E00024041C4301271CB940F2FF133360F8BDD9
:1027F00094FAA4F585B1B5FA85F30F2B1D460DDDCE
:10280000A5F11000C0B2030701D4FFF767FE07FA75
:1028100005F524EA0504E6E72025F1E743F080000A
:10282000F1E700BF40090120D008012038B50E4C67
:102830008025C4F8845163681B0613D5FFF7CAFFCF
:102840000A4B0022C3F80425BFF36F8FBFF34F8FED
:10285000C4F88450BFF34F8FBFF36F8F4FF0FF3238
:10286000C3F8082338BD00BF00E100E0007002405B
:1028700008B5FFF7DBFF094BD3F80423C3F808239F
:102880000022C3F80025BFF36F8FBFF34F8FFFF710
:1028900083F8034B01221A7008BD00BF007002408C
:1028A0006208012010B50446FFF718FE134A04F031
:1028B0000F0064B2002C4FF00103B4BFD2F8101522
:1028C000D2F8141503FA00F36FEA0303B5BF0B4007
:1028D0000B40C2F81035C2F81435BFF36F8FBFF349
:1028E0004F8F074A074B13EA240338BF13461A5C7D
:1028F00001239340014AC2F8083310BD0070024022
:102900009CA6030080A6030038B5254A254B45B296
:10291000002DA8BF134600F00F010446585C224A60
:102920004FF0010303FA00F0C2F804032ADAD2F8E8
:102930001005C840C00731D4D2F810058B400343BE
:10294000C2F81035BFF36F8FBFF34F8F31B3002D37
:1029500024DB14F0080521D12846FEF77EFF20462F
:10296000FFF77EFD2046FFF70FF8104A012303FA18
:1029700000F0136823EA000313602846BDE83840DE
:10298000FEF76DBFD2F81405C840C00706D4D2F8D0
:1029900014058B400343C2F81435D3E738BD00BF9C
:1029A0009CA6030080A6030000700240D00801200E
:1029B000030610B5044605D4FEF75EFF10B12046AD
:1029C000FFF74EFD034BC3F81845BFF36F8FBFF3FE
:1029D0004F8F10BD0070024000F1804000F5C040F4
:1029E000002382B0036003680193019B02B070472B
:1029F00003681F2B83BF03F01F03036001484FF0E0
:102A0000A04070470003005007B5019001A8FFF7F0
:102A1000EFFF019B00EB8300D0F8003723F4403335
:102A2000C0F80037D0F8003743EA0141C0F800177A
:102A300003B05DF804FBC208012300F007008340E7
:102A4000885C03438B547047054B4FF0FF320728D7
:102A500043F8202084BF1B1883F86820704700BF0C
:102A6000B00A012038B5164D95F87E402CBB3022B7
:102A7000FF2105F1400002F083FDE0B20134FFF7D1
:102A8000E3FF102CF9D10F4B0022AA679A800E4B5E
:102A9000E02183F806134021C3F8801119604FF438
:102AA000BE70FFF799FF094B4FF00041C3F80413C4
:102AB000012385F87E30104638BD0820FCE700BFB2
:102AC000B00A0120280B012000E100E00060004076
:102AD000034B93F87E00003818BF0120704700BFF9
:102AE000B00A012037B5324B1A18044692F940005B
:102AF00001305AD1887800284BD01846002250F86F
:102B0000045B01353FD1181980F84020002043F8BC
:102B10002200920002F1804202F5C0420B78D2F806
:102B20001055487825F499151B04000525F4F8552F
:102B300000F4801003F44033C2F810550343200220
:102B4000D2F8105500F47C5003432B43C2F81035E3
:102B50004A780194012A01A81FD1FFF749FF019B80
:102B60009A40C0F8082501A80194FFF741FF019B96
:102B7000104903F5E073032240F823202046FFF7B5
:102B80005AFF002003E00132082AB8D1042003B024
:102B900030BDFE2382F84030DAE7FFF729FF019AC3
:102BA00001239340C0F80C35DDE70820EFE700BFB4
:102BB000B00A0120280B012037B5174C2518014613
:102BC00095F84000072809D8FFF73EFF95F94030F7
:102BD000124A03F5A273002042F823000C44FF239D
:102BE00084F840300E4DCC0801F0070301229A40D2
:102BF0002B5D13420DD001A80191FFF7F9FE019B57
:102C000003F5E073022140F823102B5D23EA020351
:102C10002B5503B030BD00BFB00A0120006000405A
:102C2000280B0120074B184490F940309B0003F11A
:102C3000804303F5C043D3F8102542F00302C3F8E4
:102C400010257047B00A0120054B184490F9400048
:102C50008000C0B200F1804000F5C040704700BF66
:102C6000B00A0120064B1844012290F94030183375
:102C70009B00DBB203F1804303F5C0431A60704749
:102C8000B00A01202DE9F341DFF8F48008EB0003DE
:102C9000054693F94030002B0F466CDA8B78C3F36E
:102CA0004003002B0BBF08240024102108218C4274
:102CB00003D1042002B0BDE8F08158F824000130AF
:102CC00041D108EB050166B248F8242081F8406044
:102CD0001BB908EB040383F86850BB785A0712D479
:102CE000D90732D501A80195FFF782FE019B00EBC1
:102CF0008300D0F8003723F00203C0F800371F49E3
:102D00002846FFF798FEBB783A7813F0020328D0E4
:102D1000A40004F1804404F5C0442D02D4F8103519
:102D200023F44F3323F44073C4F810351204D4F85D
:102D3000103505F47C5502F4403215431D43C4F8A8
:102D400010550020B6E70134B1E701A87A78019563
:102D5000FFF74EFE019B03F5E073920040F823203D
:102D6000CDE7083E48FA86F696F8701041EA8212DE
:102D700086F87020E5E708209CE700BF280B0120BB
:102D8000B00A012037B5224D2B18044693F9402094
:102D9000072A1DDD083A45FA82F292F870309B0945
:102DA000032B10D1019001A8FFF722FE019BD0F860
:102DB0001015D94001F001010231204603B0BDE8F1
:102DC0003040FFF721BE012B0CBF02210321F4E7A5
:102DD000D3B2072B1AD8930003F1804303F5C04305
:102DE000D3F8100540F00100C3F8100502F14000CF
:102DF00040B2800080B2FFF7EFFD39B155F82230C4
:102E000023B101239340034AC2F8043303B030BD19
:102E1000B00A0120006000400E4B034493F94020AB
:102E2000072A02DD0021FFF7EFBDD3B2072B0FD831
:102E3000930003F1804303F5C043D3F8101521F04C
:102E40000101C3F8101501239340034AC2F8083367
:102E5000704700BFB00A012000600040F7B504468B
:102E6000FFF7DAFF174A184E1119E50891F94030BB
:102E700091F8401007299FBF144903F5A273002061
:102E800041F8230004F0070301219940735D0B42D0
:102E90000DD001A80194FFF7ABFD019B03F5E07392
:102EA000022740F82370735D23EA0103735514442D
:102EB00094F84000FFF7C8FDFF2384F8403003B0CA
:102EC000F0BD00BFB00A0120280B012000600040C7
:102ED0002DE9F04F00248BB0CDE90444654D4FF44B
:102EE0008072012102F1804303F5C04390B21B6858
:102EF000012B06D1D5F804330B4202D0FFF76CFD4D
:102F00000C430432B2F5907F4FEA4101EAD1594BAC
:102F1000D3F87C31012B0ED14FF4BE70FFF75CFD6E
:102F20004FF0A04344F00044D3F810350493524BC3
:102F3000D3F810350593E3B2D3B1504F01260025E5
:102F4000344210D0AB0003F1804303F5C043D3F803
:102F50001005D3F8101557F8253023B1C1F30141FE
:102F6000C0F3052098470135082D4FEA4606E7D102
:102F7000002C7BDA0023CDE906334FF0FF33CDE997
:102F80000833DFF8F8A03E4B019300252F46019B44
:102F900013F9014B0193631C4FD0C4F3C206012205
:102FA000E3B204F03F0B04F0070402FA04F406F164
:102FB00028020DEB020616F8081C21423DD00AEB50
:102FC0000B014FEA931991F940105AF82180B8F19A
:102FD000000F07D1B9F1030F2FD106A95846FFF70B
:102FE0002AFD02E0B9F1030FF7D003A8CDF80CB029
:102FF000FFF7FEFC039901F5E07150F8211016F877
:10300000180C2042C1F3014106D0022915D1B9F1B3
:10301000030F0CD1494605E003290ED1B9F1030F86
:1030200005D102215846FFF7EFFC0135EDB2B8F1AA
:10303000000F02D049465846C0470137082FA6D195
:10304000A5B14FF0A0430499D3F8102503F54073C0
:103050009142D3F8103502D10599994206D00492D5
:103060000593069A079B089209938CE70BB0BDE87D
:10307000F08F00BF0060004000030050B00A012044
:10308000200B012000F180431A68002A1BBF002298
:10309000012000201A6070470F4A1378D3B90378D3
:1030A0004FF08041C3F34003C1F88035037803F04B
:1030B0000103C1F87835094B1968C90706D4E02126
:1030C00083F800130121C3F88011196001231370E4
:1030D00000207047852070473C0B012000E100E094
:1030E000084B0122C3F88020BFF34F8FBFF36F8FCF
:1030F000054A00231360054A1360054A1360054A18
:103100001370704700E100E0300B0120340B012008
:10311000380B01203C0B0120014B02681A607047FC
:10312000380B01204FF080434FF46072C3F8042342
:1031300070474FF080434FF46072C3F80823704724
:103140004FF0804310B5D3F80443620707D54FF41E
:103150008470FFF797FF10B11E4B1B689847A306BA
:1031600008D54FF48A70FFF78DFF18B11A4B002075
:103170001B689847600608D54FF48C70FFF782FFF4
:1031800018B1154B01201B689847210608D54FF44C
:103190008E70FFF777FF18B1104B00201B6898471F
:1031A000E20508D54FF49070FFF76CFF18B10B4B98
:1031B00001201B689847A3050AD54FF49270FFF7CA
:1031C00061FF28B1054BBDE810401B68022018477D
:1031D00010BD00BF300B0120340B0120380B012043
:1031E0002DE9F84F134DDFF8508007464FF0000AE5
:1031F00004264FF001095FFA8AFB002009FA0BF45C
:10320000FEF72BFB2C420AD0D8F8003014EA030258
:1032100001BF2343C8F8003087F800B016460020ED
:10322000FEF71DFB1EB1A5430AF1010AE3D13046AA
:10323000BDE8F88FFFFF0F00400B012010B5A1B1D2
:103240009AB101238340C3F3130484B10A4C246868
:1032500023420ED0C00000F1804000F5F830C0F8E5
:103260001015C0F81425002010BD0E20FCE7072023
:10327000FAE70820F8E700BF400B0120012303FA1A
:1032800000F0C0F313031BB1054B1B68184204D0B8
:10329000044BC3F80405002070470820704700BFA6
:1032A000400B012000F00140012303FA00F0C0F3BD
:1032B00013031BB1054B1B68184204D0044BC3F821
:1032C0000805002070470820704700BF400B012010
:1032D00000F00140074B0022C3F8002182B0D3F870
:1032E00000210192019AD3F80805034B1B68C0B274
:1032F00002B0184700D00040440B0120004870473E
:103300001CA70300FCF7B8BCFCF708BD014BD3F8C1
:1033100004057047001001404FF400320121FCF712
:1033200015BD000008B5FAF76BFF064B01221A70B5
:10333000054B4FF40032C3F80021BDE80840FAF70E
:1033400075BF00BF9805012000E100E0024B4FF47B
:103350000032C3F80823704700100140054B0022DB
:1033600082B0C3F84421D3F844310193019B02B0E9
:10337000704700BF0010014081F0004102E000BF33
:1033800083F0004330B54FEA41044FEA430594EA25
:10339000050F08BF90EA020F1FBF54EA000C55EA60
:1033A000020C7FEA645C7FEA655C00F0E2804FEA31
:1033B0005454D4EB5555B8BF6D420CDD2C4480EA13
:1033C000020281EA030382EA000083EA010180EA43
:1033D000020281EA0303362D88BF30BD11F0004F91
:1033E0004FEA01314FF4801C4CEA113102D04042C7
:1033F00061EB410113F0004F4FEA03334CEA133302
:1034000002D0524263EB430394EA050F00F0A78019
:10341000A4F10104D5F1200E0DDB02FA0EFC22FA14
:1034200005F2801841F1000103FA0EF2801843FA08
:1034300005F359410EE0A5F120050EF1200E012AF9
:1034400003FA0EFC28BF4CF0020C43FA05F3C01837
:1034500051EBE37101F0004507D54FF0000EDCF1B0
:10346000000C7EEB00006EEB0101B1F5801F1BD359
:10347000B1F5001F0CD349085FEA30004FEA3C0C5D
:1034800004F101044FEA445212F5800F80F09A8053
:10349000BCF1004F08BF5FEA500C50F1000041EB57
:1034A000045141EA050130BD5FEA4C0C404141EB5B
:1034B000010111F4801FA4F10104E9D191F0000F82
:1034C00004BF01460020B1FA81F308BF2033A3F105
:1034D0000B03B3F120020CDA0C3208DD02F1140CFC
:1034E000C2F10C0201FA0CF021FA02F10CE002F137
:1034F0001402D8BFC2F1200C01FA02F120FA0CFC30
:10350000DCBF41EA0C019040E41AA2BF01EB045178
:10351000294330BD6FEA04041F3C1CDA0C340EDC76
:1035200004F11404C4F1200220FA04F001FA02F3B9
:1035300040EA030021FA04F345EA030130BDC4F177
:103540000C04C4F1200220FA02F001FA04F340EA6C
:103550000300294630BD21FA04F0294630BD94F01D
:10356000000F83F4801306BF81F480110134013D04
:103570004EE77FEA645C18BF7FEA655C29D094EA75
:10358000050F08BF90EA020F05D054EA000C04BFF3
:103590001946104630BD91EA030F1EBF00210020DE
:1035A00030BD5FEA545C05D14000494128BF41F07D
:1035B000004130BD14F580043CBF01F5801130BDE1
:1035C00001F0004545F0FE4141F470014FF000006C
:1035D00030BD7FEA645C1ABF194610467FEA655C1D
:1035E0001CBF0B46024650EA013406BF52EA0335BF
:1035F00091EA030F41F4002130BD00BF90F0000FAD
:1036000004BF0021704730B54FF4806404F13204E8
:103610004FF000054FF0000150E700BF90F0000FA1
:1036200004BF0021704730B54FF4806404F13204C8
:1036300010F0004548BF40424FF000013EE700BF98
:1036400042004FEAE2014FEA31014FEA02701FBF28
:1036500012F07F4393F07F4F81F06051704732F05A
:103660007F4208BF704793F07F4F04BF41F40021B1
:10367000704730B54FF4607401F0004521F000410F
:103680001CE700BF50EA010208BF704730B54FF099
:1036900000050AE050EA010208BF704730B511F09A
:1036A000004502D5404261EB41014FF4806404F1D2
:1036B00032045FEA915C3FF4D8AE4FF003025FEA58
:1036C000DC0C18BF03325FEADC0C18BF033202EBDC
:1036D000DC02C2F1200300FA03FC20FA02F001FA36
:1036E00003FE40EA0E0021FA02F11444BDE600BFD9
:1036F00070B54FF0FF0C4CF4E06C1CEA11541DBF88
:103700001CEA135594EA0C0F95EA0C0F00F0DEF852
:103710002C4481EA030621EA4C5123EA4C5350EA37
:10372000013518BF52EA033541F4801143F4801388
:1037300038D0A0FB02CE4FF00005E1FB02E506F019
:103740000042E0FB03E54FF00006E1FB03569CF06E
:10375000000F18BF4EF0010EA4F1FF04B6F5007F74
:1037600064F5407404D25FEA4E0E6D4146EB0606E6
:1037700042EAC62141EA55514FEAC52040EA5E506F
:103780004FEACE2EB4F1FD0C88BFBCF5E06F1ED819
:10379000BEF1004F08BF5FEA500E50F1000041EB50
:1037A000045170BD06F0004646EA010140EA0200FD
:1037B00081EA0301B4EB5C04C2BFD4EB0C0541EA1F
:1037C000045170BD41F480114FF0000E013C00F334
:1037D000AB8014F1360FDEBF002001F0004170BD58
:1037E000C4F10004203C35DA0C341BDC04F1140471
:1037F000C4F1200500FA05F320FA04F001FA05F2FD
:1038000040EA020001F0004221F0004110EBD370C9
:1038100021FA04F642EB06015EEA430E08BF20EAF5
:10382000D37070BDC4F10C04C4F1200500FA04F398
:1038300020FA05F001FA04F240EA020001F000412A
:1038400010EBD37041F100015EEA430E08BF20EA9D
:10385000D37070BDC4F1200500FA05F24EEA020EE5
:1038600020FA04F301FA05F243EA020321FA04F014
:1038700001F0004121FA04F220EA020000EBD370CB
:103880005EEA430E08BF20EAD37070BD94F0000FCB
:103890000FD101F00046400041EB010111F4801FFF
:1038A00008BF013CF7D041EA060195F0000F18BFB0
:1038B000704703F00046520043EB030313F4801FEC
:1038C00008BF013DF7D043EA0603704794EA0C0FA6
:1038D0000CEA135518BF95EA0C0F0CD050EA4106BC
:1038E00018BF52EA4306D1D181EA030101F0004139
:1038F0004FF0000070BD50EA410606BF1046194661
:1039000052EA430619D094EA0C0F02D150EA01366C
:1039100013D195EA0C0F05D152EA03361CBF1046AD
:1039200019460AD181EA030101F0004141F0FE414C
:1039300041F470014FF0000070BD41F0FE4141F4D0
:10394000780170BD70B54FF0FF0C4CF4E06C1CEAD0
:1039500011541DBF1CEA135594EA0C0F95EA0C0F85
:1039600000F0A7F8A4EB050481EA030E52EA033540
:103970004FEA013100F088804FEA03334FF0805561
:1039800045EA131343EA12634FEA022245EA11158E
:1039900045EA10654FEA00260EF000419D4208BF3F
:1039A000964244F1FD0404F5407402D25B084FEAEC
:1039B0003202B61A65EB03055B084FEA32024FF498
:1039C00080104FF4002CB6EB020E75EB030E22BFF5
:1039D000B61A754640EA0C005B084FEA3202B6EBB5
:1039E000020E75EB030E22BFB61A754640EA5C0064
:1039F0005B084FEA3202B6EB020E75EB030E22BFF4
:103A0000B61A754640EA9C005B084FEA3202B6EBF4
:103A1000020E75EB030E22BFB61A754640EADC00B3
:103A200055EA060E18D04FEA051545EA16754FEA15
:103A300006164FEAC30343EA52734FEAC2025FEA33
:103A40001C1CC0D111F4801F0BD141EA00014FF0C2
:103A500000004FF0004CB6E711F4801F04BF014393
:103A60000020B4F1FD0C88BFBCF5E06F3FF6AFAEAF
:103A7000B5EB030C04BFB6EB020C5FEA500C50F13F
:103A8000000041EB045170BD0EF0004E4EEA1131C2
:103A900014EB5C04C2BFD4EB0C0541EA045170BDC9
:103AA00041F480114FF0000E013C90E645EA060E0D
:103AB0008DE60CEA135594EA0C0F08BF95EA0C0F3B
:103AC0003FF43BAF94EA0C0F0AD150EA01347FF483
:103AD00034AF95EA0C0F7FF425AF104619462CE75A
:103AE00095EA0C0F06D152EA03353FF4FDAE1046BD
:103AF000194622E750EA410618BF52EA43067FF40E
:103B0000C5AE50EA41047FF40DAF52EA43057FF49D
:103B1000EBAE12E74FF0FF3C06E000BF4FF0010CA8
:103B200002E000BF4FF0010C4DF804CD4FEA410C0C
:103B30007FEA6C5C4FEA430C18BF7FEA6C5C1BD0D9
:103B400001B050EA410C0CBF52EA430C91EA030F5A
:103B500002BF90EA020F0020704710F1000F91EAB7
:103B6000030F58BF994208BF90422CBFD8176FEA85
:103B7000E37040F0010070474FEA410C7FEA6C5C53
:103B800002D150EA013C07D14FEA430C7FEA6C5C5A
:103B9000D6D152EA033CD3D05DF8040B704700BF86
:103BA0008446104662468C461946634600E000BFD4
:103BB00001B5FFF7B7FF002848BF10F1000F01BDA6
:103BC0004DF808EDFFF7F4FF0CBF012000205DF871
:103BD00008FB00BF4DF808EDFFF7EAFF34BF0120F6
:103BE00000205DF808FB00BF4DF808EDFFF7E0FF8F
:103BF00094BF012000205DF808FB00BF4DF808EDE0
:103C0000FFF7CEFF94BF012000205DF808FB00BF46
:103C10004DF808EDFFF7C4FF34BF012000205DF828
:103C200008FB00BF4FEA410C7FEA6C5C02D150EA0E
:103C3000013C0AD14FEA430C7FEA6C5C02D152EAA4
:103C4000033C02D14FF0000070474FF00100704775
:103C50007BB972B90029BEBF00204FF0004106E0D9
:103C600008BF00281CBF6FF000414FF0FF3000F08C
:103C7000BDB9ADF1080C6DE904CE002909DB002BBC
:103C80001ADB00F04DF8DDF804E0DDE9022304B0B2
:103C90007047404261EB4101002B1BDB00F040F814
:103CA000DDF804E0DDE9022304B0404261EB4101AC
:103CB000524263EB43037047524263EB430300F00D
:103CC0002FF8DDF804E0DDE9022304B0404261EBA7
:103CD00041017047524263EB430300F021F8DDF8E5
:103CE00004E0DDE9022304B0524263EB4303704772
:103CF00053B94AB9002908BF00281CBF4FF0FF3153
:103D00004FF0FF3000F072B9ADF1080C6DE904CE50
:103D100000F006F8DDF804E0DDE9022304B07047A6
:103D20002DE9F047089E04468846002B4BD18A4275
:103D3000154667D9B2FA82F24AB1C2F1200701FAF8
:103D400002F320FA07F7954047EA030894404FEA48
:103D5000154E230CB8FBFEF71FFA85FC0EFB1788E7
:103D600043EA084307FB0CF1994209D9EB1807F124
:103D7000FF3080F01B81994240F21881023F2B44B2
:103D80005B1AA4B2B3FBFEF00EFB103344EA03440B
:103D900000FB0CFCA44509D92C1900F1FF3380F07D
:103DA0000781A44540F2048102382C4440EA0740D0
:103DB000A4EB0C0400271EB1D4400023C6E9004345
:103DC0003946BDE8F0878B4209D9002E00F0EB8020
:103DD0000027C6E9000138463946BDE8F087B3FA46
:103DE00083F7002F47D18B4202D3824200F2FA8040
:103DF000841A61EB030301209846002EE0D0C6E947
:103E00000048DDE702B9FFDEB2FA82F2002A40F094
:103E10008F80491B4FEA154E1FFA85F80127B1FB29
:103E2000FEFC230C0EFB1C1143EA014308FB0CF1C2
:103E3000994207D9EB180CF1FF3002D2994200F2F7
:103E4000CD808446591AA3B2B1FBFEF00EFB1014CC
:103E500043EA044408FB00F8A04507D92C1900F1F7
:103E6000FF3302D2A04500F2B6801846A4EB080446
:103E700040EA0C409FE7C7F1200CBB4022FA0CFE41
:103E80004EEA030E01FA07F420FA0CF521FA0CF3BE
:103E90004FEA1E482543B3FBF8F92C0C08FB1933F5
:103EA0001FFA8EFA44EA034309FB0AF49C4202FA21
:103EB00007F200FA07F10BD91EEB030309F1FF30FB
:103EC00080F087809C4240F28480A9F1020973440B
:103ED0001B1BADB2B3FBF8F008FB103345EA0344FB
:103EE00000FB0AFAA24508D91EEB040400F1FF33D7
:103EF0006BD2A24569D90238744440EA0940A0FB5C
:103F00000289A4EB0A044C45C2464B4654D351D017
:103F1000002E69D0B1EB0A0564EB030404FA0CFC33
:103F2000FD40FC404CEA0505C6E90054002747E780
:103F3000C2F1200320FA03F7954001FA02F021FABA
:103F400003F34FEA154E3843010CB3FBFEF71FFA9B
:103F500085F80EFB173341EA034107FB08F38B4258
:103F600004FA02F407D9691807F1FF3C2FD28B42FB
:103F70002DD9023F2944CB1A81B2B3FBFEF00EFBD0
:103F8000103341EA034100FB08F38B4207D969185B
:103F900000F1FF3C17D28B4215D902382944C91AC7
:103FA00040EA07473BE73746304609E70746E7E67A
:103FB0001846FBE64145ABD2B8EB020A69EB0E02AC
:103FC00001381346A4E76046E9E7184695E76746D7
:103FD000D1E781467CE702382C4447E7ACF1020C7C
:103FE0002B442FE7384608E73746E9E6704700BF1D
:103FF00008B5062001F0C0FC0120FAF733FC00BF31
:10400000014B1868704700BFD863002070B50029C5
:1040100048D005460C4610B1836B002B48D0626E29
:10402000B4F90C30D00740D4990530D52146284644
:1040300000F05CF8E36A064633B1E1692846984728
:104040000028B8BF4FF0FF36A3891A063CD4216B75
:1040500041B104F14003994202D02846FAF720F812
:1040600000232363616C21B12846FAF719F8002375
:10407000636400F0E9F9636E0022DB07A2811FD5BB
:10408000A06D00F0B1FD00F0E5F9304670BDA06D07
:1040900000F0ACFDB4F90C30002BC7D1666E16F001
:1040A000010616D00026304670BD002BFAD0BDE7C1
:1040B00000F04CF9626EB4F90C30D007F5D4B3E7D8
:1040C000A06D00F095FDDBE721692846F9F7E8FFD0
:1040D000BDE7A06D00F08CFD304670BD024B01467F
:1040E0001868FFF793BF00BFD8630020B1F90C3008
:1040F0009AB22DE9F0410C461107804644D462681B
:1041000043F40063002AA38159DDA56A002D53D032
:1041100000229BB2D8F80060E169C8F8002013F4CF
:10412000805240F0838001234046A847421C4AD079
:10413000A389A56AE1695B0705D56268236B801ACC
:104140000BB1E36BC01A024600234046A847471C48
:1041500045D0B4F90C302269226023F400630022B8
:10416000A381DB04626000D52065216BC8F8006084
:1041700011B304F14003994202D04046F9F790FF91
:1041800000202063BDE8F0812669AEB12568266075
:1041900092070CBF63690023AD1BA3600AE02B46A6
:1041A0003246676AE1694046B8470028A5EB00053A
:1041B00006442BDD002DF2DC0020BDE8F081E26B2F
:1041C000002AA2DCF8E7D8F80030002BB0D01D2B75
:1041D00001D0162B2CD1C8F800600020EDE7D8F8EC
:1041E00000101D291AD8154BB4F90C20CB40DB4325
:1041F00013F0010314D1256922F40062C4E90053CD
:10420000D504A281B1D50029AFD1ADE7A38943F090
:104210004003A3814FF0FF30BDE8F081B4F90C20DA
:1042200042F04002A2814FF0FF30C6E7206D82E7E6
:10423000A38943F04003A381BFE700BF01004020F2
:1042400038B50D46044608B1836BA3B1B5F90C002F
:10425000B8B16B6EDB0701D481051AD5204629461B
:10426000FFF744FF6B6EDA07044602D4AB899B0567
:104270000AD5204638BD00F069F8B5F90C000028D1
:10428000E7D10446204638BDA86D00F0B1FC2046B9
:1042900038BDA86D00F0AAFCE0E700BF20B1054BD7
:1042A00001461868FFF7CCBF034B0449186800F0BB
:1042B0004BBC00BFD86300202CA803004142030080
:1042C00010B5002304468181C281C0E900338360B8
:1042D0004366C0E904338361194608225C3001F06B
:1042E0004FF907480749084A084BE362C4E9074009
:1042F000C4E9091204F15800BDE8104000F072BC96
:10430000B5590300D9590300155A0300355A030063
:10431000014900F019BC00BF0D40030070B54A1EF2
:10432000682505FB02F50E4605F17401F9F776FEE6
:10433000044640B100210C30666005F1680221603E
:10434000A06001F01DF9204670BD00BF10B5044605
:10435000124800F04BFCA26BD2B904F53B73104835
:10436000C4F8E8320321C4F8E022E063C4F8E412A0
:1043700060680421FFF7A4FF01220921A068FFF76C
:104380009FFF02221221E068FFF79AFF0123A36337
:104390000248BDE8104000F02BBC00BF800B01209C
:1043A0001143030070B50646244800F01FFC244B5F
:1043B0001D68AB6B83B305F53875D5E90134013B56
:1043C00005D525E0013B5A1C04F1680420D0B4F95E
:1043D0000C20002AF6D100251A4BE36004F15800A6
:1043E000656600F0FFFB154800F002FC2560C4E99B
:1043F0000155C4E90455A5612946082204F15C0071
:1044000001F0BEF8C4E90C55C4E91155204670BD51
:104410002C682CB12546D0E72846FFF797FFCAE75E
:1044200004213046FFF77AFF044628600028F1D1C6
:10443000024800F0DDFB0C233360E7E78C0B012022
:104440002CA803000100FFFF014800F0CFBB00BF14
:104450008C0B0120014800F0CBBB00BF8C0B01206E
:10446000F0B5134683B00F4601AA1946064603F07D
:1044700025FF002836D005463046FFF793FF044657
:1044800000282FD039464FF4DB73019A304601F0F3
:10449000C1F8071E30DB636EDB0715D51C4B1D49C9
:1044A0001D4AE781C4E90743C4E909121B4BA581F2
:1044B000E905E3620FD4636EDA0702D4A3899B0592
:1044C00014D5204603B0F0BDA3899805E6D4A06DAD
:1044D00000F08CFBE2E7304602230022214600F088
:1044E0006BF9E8E70024204603B0F0BDA06D00F0B2
:1044F0007FFB204603B0F0BD0025FFF7A5FFA58197
:10450000A06D00F071FB2C46FFF7A4FFD9E700BFB8
:10451000B5590300D9590300155A0300355A030051
:10452000024B0A4601461868FFF79ABFD86300207D
:10453000F8B5244F0C460646FAF7A3F9BB685D6848
:10454000C4F57E610F3125F00305294421F47F6114
:1045500021F00F01A1F58054B4F5805F07DB002145
:10456000304601F003F9BB682B44984204D0304632
:10457000FAF78BF90020F8BD6142304601F0F6F8F9
:1045800001300DD0104BBA6819682D1B45F001059C
:104590003046091B55601960FAF777F90120F8BD1C
:1045A0000021304601F0E2F8BA68831A0F2BDEDDF5
:1045B000064C0549246843F00103001B5360086062
:1045C000D5E700BF74690020480B01207C6D0020F6
:1045D000002953D0F8B50C460646FAF752F954F8BC
:1045E00004CC714F2CF00101A4F108056B18B868D8
:1045F0005A68984222F0030253D01CF0010F5A600F
:1046000003EB02003BD154F808CC4068A5EB0C0545
:1046100007F1080EAC687445614400F0010075D0E4
:10462000D5F80CC0C4F80CC0CCF8084060B341F019
:1046300001036B606950B1F5007F50D34B0A042B26
:1046400070D88B0903F13904E40003F138023819FA
:104650003B590838984278D05A6822F003028A42BF
:1046600071D99B689842F7D1C368C5E902039D6080
:10467000C5603046BDE8F840FAF707B970474068B2
:1046800000F001000028D2D19868484C1144A042A3
:1046900041F0010262D0DB68C36098606A606950D3
:1046A000C9E71CF0010F0A4407D154F8083CED1A81
:1046B0001A44D5E90213CB6099603D4B1B6842F068
:1046C000010193426960BD6004D83A4B30461968D5
:1046D000FFF72EFF3046BDE8F840FAF7D6B8C90814
:1046E00078684A1C012389108B40034307EBC20101
:1046F00057F832007B600839C5E9020147F83250AB
:10470000C5603046BDE8F840FAF7BFB8002845D18B
:104710000A44D3E9021342F00100CB60996068605B
:10472000AA50D7E7142B08D9542B1ED80B0B03F132
:104730006F04E40003F16E0289E703F15C04E40016
:1047400003F15B0283E718468EE793107968012234
:1047500002FA03F30B437B60034686E7C7E904557F
:10476000C5E902006A606950B4E7B3F5AA7F06D8CC
:10477000CB0B03F17804E40003F1770267E740F222
:104780005452934206D88B0C03F17D04E40003F1EC
:104790007C025CE74FF47E747E2258E741F0010210
:1047A0006A60196096E700BF746900207C69002088
:1047B000806D0020780B012000F000B82DE9F04F4B
:1047C0000C4697B091461F46064618B1836B002BE6
:1047D00000F08F80626EA389D20702D49D0540F15C
:1047E000A18003F48473B3F5847F00F09680D4F83D
:1047F0002880B8F1000F7FD0012F13D0022F00F0D6
:104800008780002F00F08480636E1622D907326003
:1048100002D4A3899A0577D54FF0FF35284617B003
:10482000BDE8F08F21463046FFF70AFDA38913F457
:10483000805240F03181E1693B463046C047411C1F
:10484000054600F0DC80A38922695F0740F1E8801B
:104850006368216BED1A09B1E06B2D1AA9444FF082
:10486000010A0027002A00F0E580B4F90C3040F678
:104870001A019AB20A4208D1520566D4944A904568
:1048800000F0FB8043F40063A38121463046FFF72C
:10489000D7FC002840F0BF803B464A46E1693046DD
:1048A000C047013000F0B780216B41B104F14003F3
:1048B000994202D03046F9F7F3FB00232363A38922
:1048C0002269226023F402630021A381616008222F
:1048D00004F15C0000F054FE656E15F0010503D193
:1048E000A3899B0540F193800025284617B0BDE8B9
:1048F000F08FFFF72BFD6DE7636E1D22D807326046
:104900008AD4A3899A0587D4A06D00F071F983E752
:104910004FF0000A22695546A4E721463046FFF7CA
:104920008FFC64E7A06D00F061F9A38959E7019A53
:10493000B4F90C3002F47042B2F5004FA2D143F446
:1049400080634FF48062A381E264002F40F088808E
:10495000CB46BAF1000F72D1A389DB047ED4524654
:104960000123E1693046C047451C8ED06368216B46
:10497000C51A1A46002968D0E06B2D1AA26BD4F82C
:1049800010C01D44A2EB0C02AD1A0244AB4580F2EC
:104990008580E56CE1696D4205EA0B052A46002336
:1049A0003046C04701303FF470AF2369216B23606C
:1049B0000023636041B104F14003994202D03046C4
:1049C000F9F76EFB00232363A389BBEB050B23F0F0
:1049D0002003A38110D02146304600F03BFE002882
:1049E0007FF453AF63685B45FFF44FAF2268A3EBDE
:1049F0000B035A44C4E900230822002168E7636ED0
:104A0000DA073FF509AFA3899B053FF505AFA06D18
:104A100000F0EEF802E7636ED9077FF5FAAEFBE629
:104A200018077FF51BAF2368002B3FF417AF9B1AC5
:104A30001D4413E72146304600F00AF915E7216BC3
:104A400011B16368E06B99E762682068D4F810C020
:104A5000A0EB0C002D1A0244002197E7206D85E79A
:104A60006A46B4F90E10304600F034F800287FF49E
:104A70000CAF049B09EB030B6BE7B4F90E10002994
:104A8000FFF600AF6A46304600F024F800283FF4F5
:104A90004EAFB4F90C30F5E6256DD5E6AB185B45A5
:104AA0007FF677AFABEB05050CEB0503521BC4E9B2
:104AB000003241B104F14003994202D03046F9F787
:104AC000EFFA00232363A38923F02003A38193E754
:104AD000155A030038B50B46074C054611461846D3
:104AE00000232360FAF7CFF8431C00D038BD2368B9
:104AF000002BFBD02B6038BD7C0B01202DE9F04151
:104B000010F538771BD088460026D7E90154013DBF
:104B10000FD4A389012B05F1FF35204605D9B4F93F
:104B20000E30013301D0C04706436B1C04F168040A
:104B3000EFD13F68002FE8D13046BDE8F0813E4616
:104B40003046BDE8F08100BF2DE9F84310F5387715
:104B50001FD0884606464FF00009D7E90154013DB1
:104B600011D4A389012B05F1FF352146304606D922
:104B7000B4F90E30013302D0C04749EA00096B1C7A
:104B800004F16804EDD13F68002FE6D14846BDE846
:104B9000F883B9464846BDE8F88300BF70B50D4EAE
:104BA0000D4D761BB61006D00024013455F8043B99
:104BB0009847A642F9D1094E094D761B03F0BCFF78
:104BC000B61006D00024013455F8043B9847A6429D
:104BD000F9D170BD886D0020886D0020A46D002083
:104BE000886D0020704700BF704700BF704700BF4E
:104BF000704700BF70B50C46B1F90E10002996B091
:104C000015461E460FDAA289002312F08000336099
:104C100004D14FF480632B6016B070BD402218465B
:104C20002A6016B070BD6A46FFF754FF0028EADB21
:104C3000019B03F47043A3F50053B3FA83F35B09BC
:104C40004FF480624FF4006033602A6016B070BD8C
:104C50008A8992070B4606D501F1430201211A60A9
:104C6000C3E90421704770B582B001AB6A460C46B7
:104C70000546FFF7BFFF009906462846F9F7CEF92B
:104C8000B4F90C30D8B11649E963019A0099206053
:104C900043F08003A381C4E904011AB93343A3811B
:104CA00002B070BD2846B4F90E1003F041FBA0B16C
:104CB000A38923F0030343F001031BB2EEE79A0537
:104CC000EED423F0030304F1430243F00203012175
:104CD000A3812260C4E90421E2E7B4F90C30DDE7E6
:104CE00011430300024B01461868F9F797B900BF5A
:104CF000D8630020024B01461868F9F7D1B900BF0C
:104D0000D86300202DE9F04F01F10B05162D83B07B
:104D1000064623D8102900F2B980F9F7B2FD102514
:104D200018230220C54F3B44A3F108025C6894425B
:104D300000F06681636823F003032344D4E9025141
:104D40005A68E96042F001028D6030465A60F9F716
:104D50009CFD0834204603B0BDE8F08F35F0070510
:104D600000F19480A94200F29180F9F78AFDB5F52F
:104D7000FC7FC0F083816B0A00F08F80042B00F26F
:104D80004681AB0903F1390003F1380CC300AB4F86
:104D90003B44A3F108015C68A14206D10CE0002A63
:104DA00080F21D81E468A14206D0636823F003030A
:104DB0005A1B0F2AF3DD60463C69DFF894C2644554
:104DC00071D0636823F003035A1B0F2A00F3448158
:104DD000002AC7E904CC80F22681B3F5007F80F079
:104DE0006981DB08591C7A6857F83180C4F808805B
:104DF0004FF0010E9B100EFA03F307EBC10E1343A5
:104E0000AEF10802E2607B6047F83140C8F80C4020
:104E10008210012494409C424BD81C4206D120F0C1
:104E2000030064001C4200F10400FAD007EBC00943
:104E3000CE468046DEF80C309E4507D122E1002A9E
:104E400080F22981DB689E4500F01C81596821F0C1
:104E500003014A1B0F2AF2DDD3E9028E5C1945F0EB
:104E600001055D6042F00105C8F80CE03046CEF85F
:104E70000880C7E90444C4E902CC65605A50019334
:104E8000F9F703FD019B03F1080463E700240C23F9
:104E90002046336003B0BDE8F08F4FF4007340202C
:104EA0004FF03F0C73E77B688210012494409C42D2
:104EB000B3D9BC68636823F00309A94503D3A9EB00
:104EC00005030F2B7BDC5E4BDFF888A11A68DAF84C
:104ED0000030013305EB020800F0488108F58058E6
:104EE00008F10F0828F47F6828F00F084146304683
:104EF00000F03CFCB0F1FF3F834600F0048104EB7E
:104F00000900584500F2FD804E4A1368434413607F
:104F100000F04D81DAF8001001311BBFABEB00004F
:104F20001B18CAF800B013601BF0070300F03481AF
:104F3000C3F10801C3F580538B440833D844C8F348
:104F40000B08A3EB080841463046019200F00EFC26
:104F5000431C019A00F04681A0EB0B01414441F053
:104F600001011368C7F808B04344BC42CBF80410F1
:104F7000136015D0B9F10F0F40F230816068A9F1CC
:104F80000C0121F0070100F0010004EB010C0843C3
:104F90004FF0050E0F296060CCE901EE00F23A8176
:104FA000294A2A481168BC688B42016888BF13608F
:104FB00062688B4222F0030288BF0360A7E0621997
:104FC00043F0010345F0010565603046BA60536067
:104FD000F9F75BFC0834204603B0BDE8F08F2344AA
:104FE000E1685A68A56842F00102E96030468D60C8
:104FF0005A60F9F74AFC0834204603B0BDE8F08F48
:10500000DC68A34208BF02303FF4D6AE92E6142B10
:1050100071D9542B00F2AD802B0B03F16F0003F11B
:105020006E0CC300B3E6234430465A6842F00102D6
:105030005A600834F9F729FC8CE600BF7469002037
:10504000780B0120480B0120700B0120740B01200C
:105050007C6900207C6D0020611945F0010E42F052
:105060000105C4F804E03046C7E90411C1E902CCE7
:105070004D60E250F9F709FC08346BE6E80805F1E9
:1050800008034FE608F1010818F0030F0EF1080EAF
:105090007FF4D0AE52E019441C464A68DB6854F8ED
:1050A000085F42F001024A603046EB609D60F9F70C
:1050B000ECFB4FE65A0A042A35D9142A6FD802F1BC
:1050C0005C01C9005B3207EB010E7958AEF1080EA6
:1050D0008E4558D04A6822F003029A4202D9896864
:1050E0008E45F7D1D1F80CE07B68C4E9021ECEF8FA
:1050F0000840CC608CE603F15C0003F15B0CC3005C
:1051000045E6BC4272D0BC68626822F00302954258
:10511000A2EB050302D80F2B3FF751AF3046F9F74A
:10512000B4FB002416E69A0902F13901C9003832AD
:10513000C9E7D9F80090994540F0838010F0030F3B
:10514000A9F1080300F1FF30F3D17B6823EA0403DF
:105150007B6064009C423FF6ACAE1CB9A9E66400DB
:1051600008F104081C42FAD040465FE608F1100836
:10517000BCE6B3F5AA7F26D8EB0B03F1780003F168
:10518000770CC30003E67B6892104FF0010808FA21
:1051900002F213437B60A8E74FF48053CEE6542A13
:1051A00029D81A0B02F16F01C9006E328BE7C0F3E8
:1051B0000B0100297FF4AEAE09EB0802B96842F09A
:1051C00001024A60ECE640F2545293421CD8AB0C08
:1051D00003F17D0003F17C0CC300D8E50123CBF87B
:1051E00004309BE701214FF00008BAE6164A136825
:1051F000434413608EE6B2F5AA7F14D8DA0B02F1AD
:105200007801C90077325EE74FF47E737F204FF05C
:105210007E0CBCE504F1080130460192F8F740FF2E
:10522000019A1368BCE640F254518A4205D89A0CA0
:1052300002F17D01C9007C3245E74FF47E717E2288
:1052400041E77B6885E700BF480B012082B049B188
:105250005AB16BB113780B601278101C18BF012083
:1052600002B0704701A9002AF3D1104602B070477E
:105270006FF00100F4E700BF000000000000000034
:1052800001F0FF01102A2BDB10F0070F08D010F8F7
:10529000013B013A8B422DD010F0070F42B3F6D1FB
:1052A000F0B441EA012141EA014122F007047FF014
:1052B00000070023F0E80256083C85EA010586EA6B
:1052C000010685FA47F5A3FA87F586FA47F6A5FAA7
:1052D00087F68EB9EED1F0BC01F0FF0102F00702B3
:1052E00032B110F8013B013A83EA010313B1F8D15E
:1052F0000020704701387047002D06BF354603383F
:10530000073815F0010F07D1013015F4807F02BF77
:10531000013015F4C03F0130F0BC0138704700BFC8
:10532000032A70B414D940EA0105AD0704460B46C0
:1053300022D11D682668AE421946204603F10403B7
:1053400004F1040418D1043A032A20461946F0D87F
:10535000541E72B102780B789A4208BF641806D0C6
:105360000CE010F8012F11F8013F9A4206D1A1423A
:10537000F7D1002070BC7047541EEBE7D01A70BC08
:10538000704700BF844641EA000313F003036DD168
:10539000403A41D351F8043B40F8043B51F8043BF8
:1053A00040F8043B51F8043B40F8043B51F8043BFF
:1053B00040F8043B51F8043B40F8043B51F8043BEF
:1053C00040F8043B51F8043B40F8043B51F8043BDF
:1053D00040F8043B51F8043B40F8043B51F8043BCF
:1053E00040F8043B51F8043B40F8043B51F8043BBF
:1053F00040F8043B51F8043B40F8043B51F8043BAF
:1054000040F8043B51F8043B40F8043B51F8043B9E
:1054100040F8043B403ABDD2303211D351F8043B3E
:1054200040F8043B51F8043B40F8043B51F8043B7E
:1054300040F8043B51F8043B40F8043B103AEDD2ED
:105440000C3205D351F8043B40F8043B043AF9D23E
:10545000043208D0D2071CBF11F8013B00F8013B11
:1054600001D30B8803806046704700BF082A13D31E
:105470008B078DD010F003038AD0C3F10403D21A36
:10548000DB071CBF11F8013B00F8013B80D331F86A
:10549000023B20F8023B7BE7043AD9D3013A11F8EA
:1054A000013B00F8013BF9D20B7803704B78437055
:1054B0008B788370604670478842F0B40DD98B18A2
:1054C00083420AD9841832B1224613F8014D02F8FA
:1054D000014D9942F9D1F0BC70470F2A49D940EAF1
:1054E00001039B0747D1A2F110031B0901F120071B
:1054F00007EB031701F1100400F1100554F8106CCC
:1055000045F8106C54F80C6C45F80C6C54F8086CA9
:1055100045F8086C54F8046C45F8046C1034BC422F
:1055200005F11005EAD1013302F00F051B01032D2F
:105530001944034421D91F1F0E462C46043C56F83B
:1055400004CB47F804CF032CF8D82C1F24F0030415
:1055500004342344214402F00302002ABBD0013B5F
:105560000A4411F8014B03F8014F9142F9D1F0BC04
:1055700070470346F1E70346F1E72A46EDE700BF2F
:10558000F0B4860743D0541E002A3ED0CAB2034668
:1055900002E014F1FF3438D303F8012B9D07F8D152
:1055A000032C2BD9CDB245EA05250F2C45EA05453C
:1055B00016D9A4F110073F0903F1200606EB0716E0
:1055C00003F1100242E9045542E902551032B24299
:1055D000F8D104F00F040137032C03EB07130DD9A6
:1055E0001E462246043A032A46F8045BFAD8221FD4
:1055F00022F003020432134404F003042CB1C9B2B4
:105600001C4403F8011B9C42FBD1F0BC70471446BC
:105610000346C5E770B50D46084C114606461A46C6
:10562000284600232360F9F71FFC431C00D070BDFF
:105630002368002BFBD0336070BD00BF7C0B0120C2
:10564000838903F00903092B01D000207047FEF77E
:1056500025BE00BFF8B50C46054610B1836B002B84
:1056600040D0B4F90C309AB2970407D4626E43F478
:10567000005322F400526266A3819AB2002196067A
:10568000616038D450071AD4D10662D512074ED4BF
:1056900043F00403A3812369002B55D0B4F90C70A7
:1056A000BEB2B3072AD12269226028466369256AFF
:1056B000E169A8470028606017DD0020F8BD216B74
:1056C0000029E8D004F14003994202D02846F8F7B7
:1056D000E7FCE36B636000202063002BDBD0A36B4F
:1056E0002360F8BDFEF732FEBBE7B4F90C3016D1EB
:1056F00043F02003A3814FF0FF30F8BD194B1A4946
:1057000018680123A38106F00906FFF7F7F9092EAF
:10571000A781C8D121462846FEF7E8FCC3E743F03D
:1057200040030022A38162604FF0FF30F8BD2146A4
:105730002846FEF785FD0028DDD1B4F90C30A060C5
:10574000A06123F00803A3E721462846FFF780FA6B
:10575000A4E743F0400309222A604FF0FF30A38101
:10576000F8BD00BF2CA803004156030038B5074C14
:105770000023054608462360F9F75EF8431C00D075
:1057800038BD2368002BFBD02B6038BD7C0B01207B
:1057900000290CBF022200224FF4806300F000B801
:1057A0002DE9F0435D4C256883B0044688461646D3
:1057B0001F4615B1AB6B002B7ED0022E05D0012EFB
:1057C00000F2A980002FC0F2A680636EDA0735D5FB
:1057D00021462846FEF734FD216B41B104F1400318
:1057E000994202D02846F8F75BFC00232363B4F902
:1057F0000C3000221806A261626061D423F44A636F
:1058000023F00303022EA3811FD10025616E002027
:1058100004F1430243F00203A060C9074FF0010006
:10582000A3812260C4E9042004D49B0502D4A06DA6
:10583000FFF7DEF9284603B0BDE8F083A3899B0596
:10584000C6D4A06DFFF7D2F9C2E701AB6A46214684
:105850002846FFF7CFF9A3891843A081002F36D13E
:10586000009F3846FFF73EFA8046002842D0A389C1
:1058700043F08003A381AB6B7BB3009AB4F90C3087
:10588000C4F80080BA421CBF43F40063A381012E18
:1058900004BF43F00103A3819BB213F00802C4E9E3
:1058A00004871ED1A260656E15F00105BDD00025EC
:1058B000284603B0BDE8F0832846FEF747FD7CE7A5
:1058C00021692846F8F7ECFBB4F90C3096E7B8F1FB
:1058D000000FC6D0AB6B002BCFD12846FEF736FDAC
:1058E000CBE7DA0704D57F420022A761A260DAE79E
:1058F000A760D8E7DDF80090B94504D1B4F90C30C1
:105900004FF0FF3582E74846FFF7ECF98046002864
:10591000F4D04F46ABE74FF0FF358BE7D86300205C
:105920001F2938B522D8D0F8DC3205460C466BB1B9
:1059300053F8212052B1012A12D0511C12D0002557
:10594000204643F824509047284638BD284600F0AA
:105950002FF8224601462846BDE8384000F014B82A
:10596000002038BD16230360012038BD16230360D4
:105970004FF0FF3038BD00BF024B01461868FFF7FB
:10598000CFBF00BFD863002038B50B46074C054693
:10599000114618460023236003F0C6F8431C00D0CC
:1059A00038BD2368002BFBD02B6038BD7C0B012059
:1059B00003F0B2B810B50C46B1F90E1002F0F4FFC6
:1059C000002803DB236D0344236510BDA38923F462
:1059D0008053A38110BD00BF2DE9F0411646B1F9F7
:1059E0000C201F46D3050C460546B1F90E1007D50D
:1059F0000022022302F0BCFCB4F90C20B4F90E1012
:105A000022F48052A2813B4632462846BDE8F0414E
:105A100001F0A4BC10B50C46B1F90E1002F0A8FCC0
:105A2000A389421C0EBF23F4805343F480532065A6
:105A3000A38110BDB1F90E1001F0A6BC000000005A
:105A4000A2EB0300704700BF02780B78012A28BF41
:105A50009A42F5D16DE9044540EA0104CDE90267B7
:105A60006FF0000C4FEA447212B380EA010414F0A4
:105A7000070F6AD100F0070420F0070004F00305C7
:105A800021F007014FEAC505F0E8042314F0040FE4
:105A9000F1E804670CFA05F462EA040266EA040617
:105AA0000AD063EA0403624667EA0407664603E035
:105AB000F0E80423F1E8046782FA4CF582EA060470
:105AC000A4FA8CF46CBB83FA4CF583EA0705A5FABB
:105AD0008CF595B950E9022351E9026782FA4CF539
:105AE00082EA0604A4FA8CF483FA4CF583EA0705EB
:105AF000A5FA8CF52543DBD09CB92DBAB5FA85F40F
:105B000024F0070427FA04F1DDE9026723FA04F31D
:105B100003F0FF0001F0FF01FDE80445A0EB0100E8
:105B2000704724BAB4FA84F424F0070426FA04F186
:105B3000DDE9026722FA04F202F0FF0001F0FF0142
:105B4000FDE80445A0EB0100704714F0030F3CD1C1
:105B500010F0030428D150F8082B51F8083B82FAC2
:105B60004CF582EA0305A5FA8CF55DB950F8042CD2
:105B700051F8043C82FA4CF582EA0305A5FA8CF54B
:105B8000002DE8D02DBAB5FA85F424F0070423FAE5
:105B900004F122FA04F202F0FF0001F0FF01FDE837
:105BA0000445A0EB010070474FEAC40420F0030055
:105BB00050F8082B21F0030151F8083B0CFA04F4CB
:105BC00062EA040263EA0403C9E710F003041AD08E
:105BD000A1EB040120F00300E40750F8042B06D0E9
:105BE0000FD28B785FFAA2F4E41A06D12BB1CB78EE
:105BF0005FFAB2F4E41A00D11BB920465DF8104BED
:105C0000704701F1040150F8042BCC0721F0030187
:105C100051F8043B48D824D222F07F4482FA4CF554
:105C200094EA1325A5FA8CF50AD165B951F8043B1D
:105C300084EA0204B4EB036F0ED150F8042BEBE7B7
:105C40004FEA132355E035F07F454DD10878FDE844
:105C50000445C0F1000070474FEA126203F0FF03F1
:105C600047E002EA1C4482FA4CF594EA1345A5FA8F
:105C70008CF50AD165B951F8043B84EA0204B4EB0F
:105C8000034F0CD150F8042BEBE74FEA134330E0FD
:105C900015EA1C4528D10B884FEA124229E04FEA49
:105CA000124203EA1C4324E002F0FF0482FA4CF59E
:105CB00094EA1365A5FA8CF50AD165B951F8043B4D
:105CC00084EA0204B4EB032F09D150F8042BEBE76C
:105CD0004FEA13630DE015F0FF0F05D10B684FEA93
:105CE000122223F07F4304E04FF00000FDE804455A
:105CF000704712BA1BBA82FA4CF482EA0304A4FA7F
:105D00008CF5B5FA85F402FA04F203FA04F34FEACB
:105D10001260FDE80445A0EB13607047000000002E
:105D20000000000000000000000000000000000073
:105D30000000000000000000000000000000000063
:105D400090F800F06DE9024520F007016FF0000CBB
:105D500010F0070491F820F040F049804FF0000463
:105D60006FF00700D1E9002391F840F000F108003E
:105D700082FA4CF2A4FA8CF283FA4CF3A2FA8CF376
:105D80004BBBD1E9022382FA4CF200F10800A4FADD
:105D90008CF283FA4CF3A2FA8CF3E3B9D1E9042331
:105DA00082FA4CF200F10800A4FA8CF283FA4CF368
:105DB000A2FA8CF37BB9D1E9062301F1200182FA22
:105DC0004CF200F10800A4FA8CF283FA4CF3A2FA28
:105DD0008CF3002BC6D0002A04BF04301A4612BA36
:105DE000B2FA82F2FDE8024500EBD2007047D1E939
:105DF000002304F00305C4F100004FEAC50514F0C8
:105E0000040F91F840F00CFA05F562EA05021CBF98
:105E100063EA050362464FF00004A9E770B4047812
:105E2000A4B10D7806464DB1A5420AD00A4601E05C
:105E3000A34206D012F8013F002BF9D1801B70BCA1
:105E4000704710F8014F002CEDD1F7E72046F6E738
:105E50002DE9F04FC5B00C460C9191460F930D9073
:105E600002F078FA036818931846FFF769FFA389D0
:105E700017901D0603D52369002B00F01D879FEDA9
:105E8000947B00238DED147BCDE928330DF1D008F0
:105E90001393169319930A93CDF89C80C246CB4670
:105EA0009BF80030002B00F09980252B5C4602D136
:105EB0001CE0252B03D014F8013F002BF9D1A4EBF3
:105EC0000B0585B1DDE9283201332A44072BCAF8D6
:105ED00000B0CAF80450CDE9283277DC0AF1080A8C
:105EE0000A9B2B440A932378002B77D000231A4671
:105EF0008DF87F3019460B931F464FF0FF306378C3
:105F0000099004F1010B0BF1010B9946A9F1200353
:105F1000582B00F27583DFE813F0C3027303730399
:105F2000BE02730373037303730373037303B20239
:105F3000AD02730367034C0373036C03B600B60032
:105F4000B600B600B600B600B600B600B6007303E1
:105F50007303730373037303730373037303730391
:105F600073033703E4027303E402730373037303DD
:105F70007303DF0273037303A500730373037303D7
:105F8000730373037500730373038D027303730349
:105F90007303730373037303730373037303730351
:105FA0007C012F01E402E402E4022A012F017303C1
:105FB00073031D0173030901A700CA00C500730321
:105FC000E1007303770073037303CB0227AADDE9B3
:105FD0000C1002F0FFFC40B9C24681E7299B23B1B7
:105FE0000D980C9927AA02F0F5FC0C9B9B8913F0E5
:105FF000400F0A9B18BF4FF0FF330A930A9845B031
:10600000BDE8F08F47F01007BE0640F127850F9DD1
:10601000073525F0070303F10802D3E900450F9285
:106020000123099A002601328DF87F6000F0288450
:1060300027F08002079254EA050240F0C080099AD6
:10604000002A40F0B386002B40F0D68417F00103FD
:106050000E9300F0488544AB1A46302302F8413DC8
:106060001192CDE047F0100717F0200300F00085F3
:106070000F9D073525F0070303F10802D3E900451A
:106080000F920023CDE7A9F1300300201BF8019BFC
:1060900000EB800003EB4000A9F13003092BF5D998
:1060A0000B9033E747F020079BF800302BE70F9A5F
:1060B000094B14681693043247F63003ADF880306C
:1060C00047F002070F92002502234FF07809A8E756
:1060D000000000000000000064A803000F9A13688D
:1060E000119300248DF87F40151D002B00F00E86C3
:1060F000099A531C00F0B68621461198FFF7C0F8A4
:10610000002800F09C87119B0994C31A0E930F95E9
:10611000079723EAE3739DF87F6008931294002E9B
:1061200000F08980089B0133089384E0002A41F045
:10613000AE800F9AB90652F8043B0F9200F1128517
:10614000FA0600F109867F0640F10686BDF8282090
:106150001A80A5E69BF800306C2B03BF9BF801303A
:1061600047F020070BF1010B47F01007CBE647F093
:1061700040079BF80030C6E6002A41F06A80BC0662
:1061800040F10A820F9D073525F00703D3E900454A
:1061900003F108020F92002C75F10003C0F2AF84E6
:1061A000099B9DF87F60013300F0B48427F08002E2
:1061B000079254EA05024FF001033FF440AF012B70
:1061C00000F06283022B00F08283414600E011461A
:1061D000E20842EA4572E80804F00703054614465F
:1061E000303354EA050001F8013C01F1FF32EED1F1
:1061F00007981192C00700F15984A8EB02030E938F
:10620000099B0E9A9342B8BF13460893002312933A
:1062100085E70F9900230A688DF87F301E468DF8B8
:10622000A82001230A1DCDE90773CDE90E322AAB60
:10623000099612961193079B13F0020702D0089B50
:1062400002330893079B299C13F0840310933FD1DA
:106250000B9B089A9D1A002D3ADD102D289B29DDF5
:1062600052462146AA461026DDE90C5406E0AAF162
:10627000100ABAF1100F02F1080218DD0133BB4811
:106280001031072BCDE92831C2E90006EFDD27AA3E
:106290002946204602F09EFB00287FF4A6AEAAF114
:1062A000100ABAF1100FDDE928314246E6DC554606
:1062B0000C4692460133AD4A2C44072BCDE92834D5
:1062C000CAE9002500F34C859DF87F600AF1080AB1
:1062D00076B1289B013301340DF17F010122072B98
:1062E000CDE92834CAE9001200F3DB820AF1080A7A
:1062F0006FB1289B0133023420A90222072BCDE97C
:106300002834CAE9001200F3D7820AF1080A109B68
:10631000802B00F0E781099B0E9A9D1A002D31DD3C
:10632000102D289A924F22DD534621461026DDE992
:106330000CA404E0103D102D03F1080315DD01321B
:106340001031072ACDE92821C3E90076F2DD27AA1A
:106350005146204602F03EFB00287FF446AE103D39
:10636000102DDDE928214346E9DC9A460C4601322E
:106370002C44072ACDE92824CAE9007500F3BC8221
:106380000AF1080A079BDF0500F15081289B119A4A
:10639000CAF800200E9ACAF8042001331444072BCF
:1063A0002994289300F30E820AF1080A079B5A07E2
:1063B00031D50B9B089A9D1A002D2CDD102D289BA2
:1063C0001FDD1026DDE90C9704E0103D102D0AF1C9
:1063D000080A16DD0133654A1034072BCDE928344D
:1063E000CAE90026F1DD27AA4946384602F0F2FA4A
:1063F00000287FF4FAAD103D102DDDE92834C246A7
:10640000E8DC0133594A2C44072BCDE92834CAE98A
:10641000002500F35E83DDE90A3208998A42ACBFA9
:106420009B185B180A93002C40F095810023289359
:10643000C24635E5002A40F01A874E4B1693B9063E
:106440003DD50F9D073525F00703D3E9004503F13E
:1064500008020F92FE0740F1D18054EA050300F0D4
:10646000CD8030238DF880308DF8819047F0020781
:106470000223D6E59BF8003001222B2143E50F983B
:106480009BF8003004680B94002C00F10400C0F26B
:106490000D840F9037E547F001079BF8003032E597
:1064A0009BF8003000297FF42EAD012220212AE53F
:1064B000002A40F0F086304B1693B906C1D40F9BEA
:1064C000FA0653F8044B0F9300F111837B0640F159
:1064D0000E83A4B20025BDE747F008079BF8003003
:1064E00011E5002A40F0C7860F9D073525F0070506
:1064F00095ED007B52EC171B22F000431B938DEDB2
:106500001A7A05F10804DDE91A014FF0FF321B4B3E
:106510000F948DED147BFDF785FB002840F031834F
:106520004FF0FF32154BDDE91A01FDF75DFB002846
:1065300040F0278300220023DDE91401FDF74AFB28
:10654000002840F02A859DF87F600D4A0D4B0321FD
:10655000002027F08004B9F1470FD8BF1A46CDE9D3
:106560000810079411920E911290D8E584A80300A8
:1065700094A8030050A8030064A80300FFFFEF7F66
:1065800044A8030040A80300002A40F0788647F0A2
:106590001007BC063FF5F6AD0F9BF80653F8044B09
:1065A0000F9300F1A682790640F1A38224B2E51789
:1065B000F1E59BF80090B9F12A0F0BF1010000F012
:1065C0002286A9F13003092B834600F20C850020B6
:1065D0001BF8019B00EB800003EB4000A9F13003A6
:1065E000092BF5D9099091E49BF8003047F0040796
:1065F00089E447F080079BF8003084E4022310E52B
:10660000002A40F04086B9F1000F3FF4E7AC0023C8
:1066100001221E468DF87F30099312932AAB08920F
:106620008DF8A89007970E92119304E6B9F1650FC3
:1066300040F3D38000220023DDE91401FDF7C0FA06
:10664000002800F06981289BB14ACAF80020013374
:1066500001340122072BCDE92834CAF8042000F3C5
:10666000D1830AF1080A219B139A299C934280F254
:106670002B82289B189ACAF80020179ACAF804207F
:1066800001331444072BCDE9283400F334830AF195
:10669000080A139B5D1E002D7FF788AE102D289AE7
:1066A0009C4F40F3888323461026DDE90C4905E022
:1066B0000AF1080A103D102D40F37C83013210339B
:1066C000072ACDE92823CAE90076F1DD27AA214669
:1066D000484602F07FF900287FF487ACDDE92823E3
:1066E000C246E7E70B9B089A9D1A002D7FF713AE71
:1066F000102D289A874F22DD534621461026DDE9CA
:106700000CA404E0103D102D03F1080315DD013247
:106710001031072ACDE92821C3E90076F2DD27AA46
:106720005146204602F056F900287FF45EAC103D39
:10673000102DDDE928214346E9DC9A460C4601325A
:106740002C44072ACDE92824CAE9007500F33D83CB
:106750000AF1080ADFE527AADDE90C1002F03AF990
:1067600000283FF463AE40E427AADDE90C1002F0F4
:1067700031F900287FF439AC219B299CC2461BB912
:10678000139A002A00F07883289A1899CAF8001002
:106790001799CAF8041001320C44072A2994289248
:1067A00000F358840AF1080A002BC0F29184139B6D
:1067B000119901321C44072ACDE92824CAE90013A3
:1067C0007FF7F2AD27AADDE90C1002F003F90028EB
:1067D0007FF40BAC299CC246E8E5139A289B012A5A
:1067E00004F1010403F101050AF1080640F34A81AE
:1067F0000123119ACAF80020072DCDE92854CAF8C0
:10680000043000F3BB82179B189A01351C44072DF6
:10681000CDE92854C6E9002300F3BC8208366B1C7E
:106820001F46B946139F0E93013F00220023DDE966
:106830001401099706F1080AFDF7C2F9002840F093
:10684000E180119B776001333C44B9F1070F33605D
:106850002994CDF8A09000F33E8206F1100305F1D3
:10686000020956469A46199A7260144423ABB9F14C
:10687000070F2994CDF8A09033607FF797ADA1E77B
:10688000012B07977FF49EAC002D08BF0A2C80F0E7
:10689000478144AB303403F8414D119301230E93EB
:1068A000AEE427AADDE90C1002F094F800287FF48A
:1068B0009CAB299CC2461BE527AADDE90C1002F01F
:1068C00089F800287FF491AB299CC2461FE5169FEA
:1068D0004246230904F00F0043EA057329091C46C8
:1068E0000D463B5C02F8013D54EA0503F1D1A8EBEB
:1068F000020311920E9383E427AADDE90C1002F043
:1069000069F800287FF471AB299CC2463AE500BFC4
:1069100080A8030094A80300219B002B40F3618210
:10692000DDE912329342A8BF1346002B1D460EDD4F
:10693000289B119ACAF8002001332C44072B299474
:10694000CAF80450289300F31D830AF1080A129B29
:10695000002DA8BF5B1B002B1D4600F38381219BEC
:10696000139A9342C0F2E781079AD00700F1E381BE
:10697000139A1298D31A151A9D42A8BF1D46002DCE
:106980000FDD289A1199CAF80450013201442C44B1
:10699000072ACAF80010CDE9282400F328830AF159
:1069A000080A002DACBF5D1B1D46002D7FF7FEAC15
:1069B000102D289ABF4F40F3FE8123461026DDE9B3
:1069C0000C4905E00AF1080A103D102D40F3F28150
:1069D00001321033072ACDE92823CAE90076F1DD18
:1069E00027AA2146484601F0F5FF00287FF4FDAABA
:1069F000DDE92823C246E7E7099B0E93CDF84480E2
:106A0000FFF7FEBB099A002A7FF72DAF102AA94F86
:106A100040F3F483334692464FF0100922460E9D10
:106A2000DDE90C6407E00833AAF1100ABAF1100F8F
:106A300040F3F28101351032072DCDE92852C3E928
:106A40000079F0DD27AA3146204601F0C3FF002877
:106A50007FF4CBAADDE928524346E5E70F9BFD060C
:106A600053F8044B0F9376D500250123FFF7D9BACD
:106A70000F9A52F8044B0F9217F0100279D00025AC
:106A8000FFF7CFBA079AD1073FF5B2AE01221199AD
:106A9000CAF80010072DCDE92854CAF8042000F3E5
:106AA0001A8103F102090AF1100ADCE6302B00F02A
:106AB0003C81119A0239302302F8013CA8EB010312
:106AC0000E931191FFF79CBB079BDE073FF5D1ADFD
:106AD0006CE427AADDE90C1001F07CFF00287FF4AC
:106AE00084AA299C97E4CDF84480FFF789BB002550
:106AF000B0E4E517002C75F10003BFF651AB099B1C
:106B000064424FF02D0665EB450501338DF87F603B
:106B10007FF44CAB002D08BF0A2C0797FFF4B9AEE9
:106B20004746204629460A220023FDF7E1F8303285
:106B300007F8012D2046294600230A22FDF7D8F840
:106B400004460D4654EA0503EBD1A8EB0703119761
:106B50000E93FFF755BB780648BFA4B2002501236A
:106B6000FFF75FBA0A9A1046D117C3E90001FFF791
:106B700097B917F040031CBF1346A4B20025FFF7D6
:106B800050BADDE9140102460B46FDF74BF8002828
:106B900040F00D83099B5A1C29F0200600F04C821E
:106BA000472E00F06E81159B47F48072002B0792F0
:106BB000C0F210829DED147B8DED1C7B00231093A1
:106BC000B9F1660F00F02682B9F1460F00F0648239
:106BD000452E00F05B8125A822A921AA0223099C49
:106BE0000292CDE9031000930194DDE91C230D9876
:106BF00000F06EFCB9F1670F119040F03683FB078F
:106C000040F16B81119B099A9C1800220023DDE959
:106C10001C01FCF7D5FF002800F0D0812346119A13
:106C20009B1A1393472E219B129300F05F81B9F1B9
:106C3000660F40F06381129B002B099B40F3D782C3
:106C4000002B40F0C082FD0700F1BD82129B08932B
:106C50000E93109B002B40F07C8109939DF87F6080
:106C6000FFF75DBA102B289A124F40F3EF802346AE
:106C70001026DDE90C4905E00AF1080A103D102D47
:106C800040F3E38001321033072ACDE92823CAE913
:106C90000076F1DD27AA2146484601F09BFE002838
:106CA0007FF4A3A9DDE92823C246E7E764420B94F9
:106CB0000F909BE494A8030040210D98F7F7AEF9DC
:106CC0000C9B18601861002800F0C7820C9A4023C2
:106CD0005361FFF7D4B827AADDE90C1001F07AFE62
:106CE00000287FF482A9DDE928340DF1D80A03F1E8
:106CF00001094646B7E527AADDE90C1001F06AFE56
:106D000000287FF472A9299CC246C2E4099B119E07
:106D10000996062B28BF062308930E93BB4B0F95AD
:106D2000079712961193FFF7FAB9119BA8EB03038B
:106D30000E93FFF765BA289A1899CAF800101799A8
:106D4000CAF8041001320C44072A2994289200F34F
:106D500029810AF1080A0BE60A9A1A60FFF7A0B81F
:106D600027AADDE90C1001F035FE00287FF43DA9CB
:106D70009DF87F60299CC246FFF7AABA27AADDE9E1
:106D80000C1001F027FE00287FF42FA9DDE928541C
:106D9000464638E527AADDE90C1001F01BFE002865
:106DA0007FF423A9DDE92854464638E5012B7FF41A
:106DB00009AA6EE51C4601322C44072ACDE9282495
:106DC000CAE900757FF7F0AAFCE427AADDE90C10F8
:106DD00001F000FE00287FF408A9299CC246FFF7B5
:106DE0009ABA289A8A49CAF800100132013401215E
:106DF000072ACDE92824CAF804103FF7B5AC0AF1F8
:106E0000080ABCE427AADDE90C1001F0E3FD002824
:106E10007FF4EBA8C24626E414461E46CDF824A013
:106E200005F1010903F10802099BCDF8A0901C446B
:106E3000B9F1070F2994C6E900733FF74CAF09F188
:106E4000010902F1080A16460DE51C4601322C44E0
:106E5000072ACDE92824CAE9007500F32E810AF13A
:106E6000080A7CE511980994FEF76AFF0797CDE9B7
:106E70000E050346FFF74DB9079AD5077FF596AA89
:106E800082E4002B08BF012309938CE6099B25A807
:106E90005D1C22A921AA0223CDE9031002920093CE
:106EA0000195DDE91C230D9800F012FB1190B9F15A
:106EB000470F40F0C881FB0740F1BE81119BB9F13B
:106EC000460F03EB05047FF4A0AE119B1B78302B1B
:106ED00000F05F81219D2C4497E6219A259B129218
:106EE000119A472EA3EB0203139307D1129BDA1CCE
:106EF00002DB099A9A4233DAA9F10209129B8DF852
:106F00008C90013B002B2193BDBF129BC3F1010369
:106F10002D222B22092B8DF88D2000F30681303392
:106F200030228DF88F308DF88E2024AB23AA9B1A47
:106F3000139A1993012A13440E9340F34E810E9B2A
:106F4000179A13440E9323EAE373089300231293D2
:106F50007FE62D2600238DF87F600993FFF7E2B8C6
:106F6000DDE912318B42C0F28380F80740F10A81DB
:106F7000129B179A13440E9323EAE37308934FF07E
:106F8000670966E627AADDE90C1001F023FD002859
:106F90007FF42BA8299CC246D9E42D268DF87F606A
:106FA000FFF7D3BA27AADDE90C1001F013FD002882
:106FB0007FF41BA8219B299CC246D9E4259BA342B0
:106FC000BFF42DAE30215A1C25921970259B9C428E
:106FD000F9D824E6DDE9141202F100431D932D23B4
:106FE0001C911093ECE500230993FEF78FBF27AAAD
:106FF000DDE90C1001F0EEFC00287EF4F6AF219BD9
:10700000139A299CD31AC246CBE400BF78A8030088
:1070100080A80300099D019525A822A921AA032380
:10702000CDE90310029200930D98DDE91C2300F0D6
:107030004FFA1190441948E706230993B3E5099BD9
:1070400008930E9309900F95079712909DF87F6013
:10705000FFF765B827AADDE90C1001F0BBFC00289A
:107060007EF4C3AF219BDDE92824C246FFF79CBB19
:10707000179A139B1344129A0E93002A06DC129B54
:107080000E9AC3F101031A4413460E9223EAE373E6
:1070900008934FF06709DCE525A822A921AA03235C
:1070A000099D0292CDE9031000930195DDE91C23AF
:1070B0000D9800F00DFA119000E727AADDE90C10F9
:1070C00001F088FC00287EF490AF299CC24646E47B
:1070D0005D421033724F1CDA1026DDF8349004E064
:1070E0000AF1080A103D102D13DD01321034072A71
:1070F000CDE92824CAE90076F2DD27AA0C99484692
:1071000001F068FC00287EF470AFDDE92824C24657
:10711000E8E701322C44072ACDE92824CAE90075A2
:107120007DDC0AF1080AFFF742BB0DF19B04204603
:107130005C4D00E01046A5FB0312D20802EB820171
:10714000A3EB410303F130011346092B00F8011CA6
:1071500000F1FF32EEDC30330238D9B2844202F85B
:10716000011C73D90DF18E00134601E013F8011BC9
:1071700000F8011B9C42F9D127AB9B1A0DF18E023E
:107180001344D3E623EAE37208920E934FF06709A3
:107190005FE500220023DDE91C01FCF711FD00285A
:1071A0007FF498AEC5F1010521952C442DE5159B82
:1071B0003D4A002BB6BF2D269DF87F608DF87F607D
:1071C0003A4BFFF7C4B9129B179A1344099A1A4411
:1071D00022EAE2730E9208933BE517F00103129343
:1071E0007FF4ADAE0E9B23EAE373089331E53BB920
:1071F000FC0705D4012308930E932AE5524613E6B3
:10720000179B0133E2E70F9D9BF801302C68834602
:1072100044EAE474281D09940F90FEF774BE27AA6F
:10722000DDE90C1001F0D6FB00287EF4DEAEDDE9CE
:107230002824C246FFF7BBBA219A259B1292119AC5
:107240009B1A139352E6119B5C19DEE40DF18E0339
:107250006CE68DF87F10FEF792BF0D9A0C23136039
:107260004FF0FF330A93FEF7C9BE099D1FE68DF864
:107270007F10FFF7E2B88DF87F10FFF735B98DF872
:107280007F10FFF784B98DF87F10FFF7BCB98DF838
:107290007F10FEF74EBF8DF87F10FFF70CB900BFCF
:1072A00094A80300CDCCCCCC4CA8030048A8030084
:1072B00070B5141E9AB005462CDB1A464FF40273C3
:1072C00000910491ADF80C3013D0013C4FF6FF76DD
:1072D0001E9B029469460594ADF80E60FEF7B8FD5A
:1072E000421C01DA8B232B60009B00221A701AB01B
:1072F00070BD1E9B02944FF6FF7669460594ADF86B
:107300000E60FEF7A5FD431C01DB1AB070BD8B2398
:107310002B60FAE78B2303604FF0FF30F5E700BFE7
:1073200010B582B0054C0093246813460A46014606
:107330002046FFF7BDFF02B010BD00BFD86300209C
:1073400021B1FF2A04D80A7001207047084670470F
:107350008A2303604FF0FF30704700BF70B50D46C1
:10736000084C114606461A46284600232360F7F7C4
:1073700091FB431C00D070BD2368002BFBD0336011
:1073800070BD00BF7C0B012038B5074C00230546BB
:1073900008462360F7F71AFB431C00D038BD23686A
:1073A000002BFBD02B6038BD7C0B01202DE9F04F6A
:1073B00003690F69BB4283B0C0F28680013F01F1CF
:1073C000140900F1140A59F827205AF82730BC0094
:1073D0000132B3FBF2F80AEB0403009409EB040B4F
:1073E0000193B8F1000F38D000252E46CE46D44682
:1073F0005EF8044BDCF80030A2B208FB0255220C08
:107400002C0C08FB0242ADB2751B96B2C6EB1346BC
:1074100015FA83F306EB23469BB243EA0643F34592
:107420004FEA12454CF8043B4FEA2646E0D2009B57
:107430005AF803308BB9019A131F9A450CD252F8AF
:10744000043C4BB9A2F1080302E01A68043B1AB9E4
:107450009A4507F1FF37F8D30761044601F0B4F904
:1074600000282DDB08F101085546002359F8041BBC
:1074700028688AB29A1A0B0C12FA80F2C3EB1043F6
:1074800003EB224392B242EA0342CB4545F8042B78
:107490004FEA2343EAD25AF827200AEB87037AB946
:1074A0001A1F92450BD253F8042C42B9083B02E054
:1074B0001A68043B1AB99A4507F1FF37F8D32761D8
:1074C000404603B0BDE8F08F002003B0BDE8F08F68
:1074D0002DE9F04F016C97B014461D468346CDE967
:1074E000024549B1426C4A60012393408B6000F031
:1074F0007BFF0023CBF840302E1E239AB4BF01231C
:1075000000231360784BBCBF26F000460396B343BC
:1075100000F0A880DDE902890022002340464946A8
:10752000FCF74EFB054678B1229A01231360249B99
:10753000002B00F0C4806D4B249A1360013B049330
:10754000049817B0BDE8F08F14AA15ABCDE900324E
:10755000584642464B4601F0C9F9340D824640F088
:10756000A380DDE914542C4404F23243202B40F371
:107570001384C3F140039E40029B04F2124023FA9D
:1075800000F03043FCF73AF801238046013CA1F1BA
:10759000F87912930022564B40464946FBF7F0FE1D
:1075A0004BA3D3E90023FCF7A3F84BA3D3E90023B3
:1075B000FBF7E8FE064620460F46FCF72FF848A3E7
:1075C000D3E90023FCF794F802460B4630463946CF
:1075D000FBF7D8FE06460F4601F076FA002205902A
:1075E000002330463946FCF7F5FA002840F06C825B
:1075F000059E162E00F25D823E4B03EBC603D3E9D7
:107600000001DDE90223FCF703FB002800F0C08342
:10761000731E059300230A932C1B059BB4F10108EC
:1076200046BFC4F101094FF000084FF00009002BDC
:10763000C0F242829844099300230893209B092BAF
:1076400060D8052B40F3A683043B20930025209BA4
:10765000023B032B00F28984DFE813F0C503A50386
:10766000CF03E604229A42F20F731360029B7BB9A8
:10767000C6F3130666B9249B002B00F00E861E4B42
:1076800004930833249A0498136017B0BDE8F08F70
:10769000249B2BB9194B0493049817B0BDE8F08FC5
:1076A000164B04930333EDE7C9F3130343F07F59FB
:1076B0001295A4F2FF3449F44019149D6AE7104B67
:1076C0000493049817B0BDE8F08F00BFAFF30080BB
:1076D00061436F63A787D23FB3C8608B288AC63FD8
:1076E000FB799F501344D33F0000F07F81A8030033
:1076F0000000F83FE0A80300A4A80300B0A803001E
:1077000080A803004FF0FF340125CDE90645002392
:10771000209321930021CBF844100B94584600F09D
:107720003DFE0E2C0490CBF8400000F2F780002DB7
:1077300000F0F4809DED027B059900298DED0C7B16
:1077400040F3D183C14B01F00F0203EBC20393ED71
:10775000007B0C11E3068DED027B40F18684BC4B6F
:10776000DDE90C01D3E90823FCF7ECF8CDE90E01C3
:1077700004F00F0403267CB1DDE90201B44DE707F4
:1077800004D5D5E90023FBF7B3FF0136641005F1FA
:107790000805F4D1CDE90201DDE90223DDE90E019E
:1077A000FCF7D0F8CDE902010A9B43B10022A94BB6
:1077B000DDE90201FCF70EFA002840F0E9843046CA
:1077C000FBF72CFFDDE90223FBF792FFA24B00221F
:1077D000FBF7D8FD069B0646A1F15077002B00F081
:1077E0000884059B1393069B0E93DDE9020101F0CB
:1077F0006BF90E9A954B03EBC20313ED027B00F17C
:1078000030058DED107BFBF709FF02460B46DDE9E5
:107810000201CDE90267FBF7B3FD049B064607981A
:107820005C1CEDB20F46DDE91023002800F0438414
:1078300000208A49FCF786F8DDE90223FBF7A0FD6A
:10784000049A3B4615703246CDE90201FCF7E0F997
:10785000002840F0ED8432463B4600207D49FBF78E
:107860008FFD02460B46DDE90201FCF7D1F9002845
:1078700040F0E3840E9901294CD0049ACDF8389059
:107880001144CDF84080DDE90289CDF808A08A4690
:107890000CE000206F49FBF773FD42464B46FCF7B6
:1078A00099F9002840F0C78454452DD040464946F8
:1078B00000226B4BFBF71CFF0022694B8046894678
:1078C00030463946FBF714FF0F46064601F0FCF838
:1078D0000546FBF7A3FE02460B4630463946FBF74A
:1078E0004FFD3035EDB242464B4604F8015B06468B
:1078F0000F46FCF76FF932463B460028C9D0139B70
:10790000DDF808A0059317E2DDF83890DDF8408037
:10791000DDF808A0DDE90C34CDE90234159B002B1D
:10792000C0F2AD80059A0E2A00F3A980474B03EB05
:10793000C203D3E90089219B002BC0F2B182DDE9AB
:10794000026742464B4630463946FBF7FBFF01F0E3
:10795000BBF80546FBF762FE42464B46FBF7C8FE06
:1079600002460B4630463946FBF70AFD049A05F1FC
:1079700030031370069B012B06460F4602F10104EB
:1079800046D00022364BFBF7B3FE0022002306460A
:107990000F46FCF715F9002840F0CE81CDF808A07D
:1079A000DDF818A0CDF818B0DDF810B00AE0FBF74C
:1079B0009FFE0022002306460F46FCF701F900282F
:1079C00040F03C8342464B4630463946FBF7BAFF0F
:1079D00001F07AF80546FBF721FE42464B46FBF7DD
:1079E00087FE02460B4630463946FBF7C9FC05F1D7
:1079F000300C04F801CBA4EB0B0CE24506460F4615
:107A00004FF00002164BD2D1DDF808A0DDF818B017
:107A100032463B4630463946FBF7B4FC42464B46BD
:107A200006460F46FCF7F4F858B942464B46304636
:107A30003946FCF7C5F8002800F07E81EB0740F1DD
:107A40007B8114F8015C049A12E000BFE0A80300F7
:107A5000B8A803000000F03F00001C400000E03F19
:107A6000000024409A4200F01C8313F8015C1C467D
:107A7000392D04F1FF33F5D001351D705CE1079A13
:107A800092B3209A012A40F30082069B5F1E089B56
:107A9000BB42C0F2D882DF1B069B002BC0F2F782EC
:107AA0004C46984499440121584600F037FD05465C
:107AB0001DE001230A93AFE5059BA9EB03095B4297
:107AC000089300230993B9E5DDF814804046FBF7DD
:107AD000A5FD32463B46FCF773F800287FF488ADDD
:107AE00008F1FF33059383E5089F079D4C46002C62
:107AF0000BDDB8F1000F08DD44452346A8BF43461F
:107B0000A9EB0309E41AA8EB0308089B6BB1079AD9
:107B1000002A00F08C82DE1B002F40F08C81514641
:107B20003246584600F0AAFD82460121584600F030
:107B3000F5FC099A0646002A40F01681209B012B8D
:107B400040F35E810120404410F01F0000F00781E7
:107B5000C0F12003042B40F3A483C0F11C00814436
:107B600004448044B9F1000F05DD51464A465846A9
:107B700000F0D4FD8246B8F1000F05DD31464246E3
:107B8000584600F0CBFD06460A9B002B73D1069B9E
:107B9000002B40F30782079B002B00F08580002C10
:107BA00000F35E81099B002B40F0C681A846029A33
:107BB000049F02F001020992069A7B1E1A44079262
:107BC00031465046FFF7F2FB294681460890504661
:107BD00000F0FAFD314602904246584600F010FE91
:107BE000C368044609F130090146002B40F0D581F5
:107BF000504600F0E9FD21460690584600F0F4FB9F
:107C0000069B33B9209A22B9099B002B00F01983F7
:107C1000209B029A002AC0F21E8205D1209A1AB92E
:107C2000099A002A00F01782002B07F1010400F3E3
:107C30002382079B87F80090BB4200F02C825146BC
:107C400000230A22584600F0D9FB454582462946C2
:107C50004FF000034FF00A02584600F0988100F000
:107C6000CDFB4146054600230A22584600F0C6FBDC
:107C700027468046A4E73146504600F0A5FD00287F
:107C800085DA059F514600230A225846013F059791
:107C900000F0B4FB079B8246002B40F0E2820B9B76
:107CA000002B40F3EA820693DDF81080069F4446DD
:107CB00002E000F0A3FB824631465046FFF776FB18
:107CC00000F1300904F8019BA4EB08039F424FF038
:107CD0000A024FF0000351465846EADC00230293A3
:107CE00051460122584600F019FD3146824600F007
:107CF0006BFD002814F8012C40F3B980049905E0CD
:107D0000994200F05C8113F8012C1C46392A04F1D9
:107D1000FF33F5D001321A703146584600F064FB4B
:107D200055B1029921B1A94202D0584600F05CFB3E
:107D30002946584600F058FB5146584600F054FB7F
:107D40000022059B2270229A01331360249B002B92
:107D50003FF4F6AB04981C6017B0BDE8F08F1C2010
:107D6000814404448044FDE60146584600F086FC08
:107D7000209B012B064640F3F380002309933369CF
:107D800006EB8303186900F079FBC0F12000DAE606
:107D90000A9041E401255AE4C3F12006029B03FA4C
:107DA00006F0FFF7EFBB00230793059B219A1344CE
:107DB0000B930133012B1E460693B8BF0126002109
:107DC000172ECBF84410069C7FF7A8AC01220423A1
:107DD0005B0003F11400B042114602F10102F7D931
:107DE000CBF844109AE400230793219B002B40F327
:107DF000ED800B9306931E46E1E701230793F4E71A
:107E0000029B002B7FF49EAEDDE90212C2F3130346
:107E1000002B40F0998122F000431B0D1B0523B17C
:107E200009F1010908F101080123099A0993002ABF
:107E30003FF488AEA3E73A462946584600F01EFCB8
:107E4000524601460546584600F072FB5146074629
:107E5000584600F0C9FABA46002E3FF466AE5EE618
:107E600029462246584600F059FC05469AE607D1B5
:107E700019F0010F7FF442AF02E014F8022C1C4607
:107E8000302A04F1FF33F8D046E7129A002A00F0B6
:107E9000538103F233434C4698449944089F02E6C9
:107EA000069B002B3FF74BAD40F0BB800022B24B4E
:107EB00040464946FBF71CFCDDE90223FBF79EFE2A
:107EC000069E3546002875D1059A01320592049A1E
:107ED00031231370541C3146584600F085FA002DAA
:107EE0007FF426AF28E700F03F81059B5C42A34B5F
:107EF00004F00F0203EBC203D3E90023DDE90C0118
:107F0000FBF7F6FB2411CDE9020100F0BB819C4D8B
:107F100000230226E20705D5D5E90023FBF7E8FB9D
:107F200001360123641005F10805F3D1002B3FF45D
:107F30003BACCDE9020137E46968584600F02EFAFF
:107F40002B6902339A00044605F10C010C30FDF751
:107F500019FA21460122584600F0E0FB804626E649
:107F6000029B002B3FF450AF07E70024CBF84440BE
:107F70002146584600F012FA4FF0FF330B93069358
:107F8000012304902194CBF840000793C6E400F04D
:107F900035FA27460546804612E6584600F024FA90
:107FA000012336E6209B022B7FF7F5AD069B002BC5
:107FB00000F0CC80219B049CDB4305938BE7059A62
:107FC00001320592049A31231370A5E6012421940D
:107FD0000694FFF79FBB3046FBF720FBDDE9022349
:107FE000FBF786FB0022674BFBF7CCF90646A1F1B5
:107FF00050770022604BDDE90201FBF7C1F9324600
:108000003B4604460D46FBF703FE002846D13246A8
:1080100007F1004320462946FBF7DCFD00283FF42A
:1080200079AC00263546C5E701230793BDE65146E6
:10803000089A584600F022FB824676E5DDF808A053
:10804000DDF818B078E6089B099AFB1A1A44CDE9C6
:108050000872002720E5002B07F1010400F3BC8023
:10806000029587F80090454656E69DED0C7B02266A
:108070008DED0E7BFFF77FBBB9F1390F00F0BE80AD
:1080800009F10109029587F80090454644E6069BF0
:10809000A9EB030407E50295454621E6002635468F
:1080A00012E7049A30231370059B14F8015C013326
:1080B00005931346E0E4DDE90201FBF719FB049B9D
:1080C0001D700E9B012BCDE9020123D00E9B049A5B
:1080D000CDF838901344C146984600222A4B3046CA
:1080E0003946FBF705FB0F46064600F0EDFC05465A
:1080F000FBF794FA303502460B4630463946FBF71B
:108100003FF904F8015B444506460F46E5D1C846F1
:10811000DDF838901D4B0022DDE90201FBF732F952
:1081200032463B46FBF756FD00286DD0139B059366
:1081300014F8015C049A9BE4149B089FC3F1360376
:108140004C4698449944AEE400236EE6314605223D
:10815000584600F053F901460646504600F034FBFD
:1081600000283FF7B1AE25E79DED0C7B02268DED93
:10817000027BFFF719BB00BF00001440E0A803001A
:10818000B8A8030000001C40000024400000E03FAD
:10819000069B002B3FF41FAF0B9C002C7FF7BAAB64
:1081A0000022424BDDE90201FBF7A2FACDE9020110
:1081B000701CFBF733FADDE90223FBF799FA3C4B1D
:1081C0000022FBF7DFF8059B0E94013B0646A1F168
:1081D00050771393FFF709BB51460122584600F030
:1081E0009DFA3146824600F0EFFA002832DDB9F1FF
:1081F000390F03D0089B03F1310931E73922029589
:108200003A704546049981E5DDE9022300202949B9
:10821000FBF7B6F832463B46FBF7FAFC10B9FFF71E
:1082200079BB144614F8013C302B04F1FF32F8D02E
:10823000139B059380E5DDF808A0139B0593049A32
:1082400016E4B9F1390F07F10104D7D0029B002BD6
:10825000D0DC05E77FF404AF19F0010F3FF400AF65
:10826000C5E7294600230A22584600F0C7F80B9BB1
:10827000002B054609DD069391E4209B022B09DCC7
:108280000B9B10E50226FFF78FBA209B022B01DC27
:108290000B9BF0E70B9B069388E6074B0493FFF7D5
:1082A0004FB93FF45FACC0F13C0059E500002440F9
:1082B00000001C400000E03FA4A803000B78722BD4
:1082C00030B431D0772B2AD0612B04D01623036031
:1082D00030BC002070474FF4027501244FF48470C5
:1082E00011F8013F8BB1622B16D0782B11D02B2BBC
:1082F000F6D111F8013F20F01C0024F0030440F0F7
:10830000100044F00204002BEDD12C43146030BC6B
:10831000704744F40064E3E744F48034E0E74FF44A
:10832000C06501240820DBE700252C460420D7E7A0
:1083300038B5074C0023054608462360F6F718FCBD
:10834000431C00D038BD2368002BFBD02B6038BD08
:108350007C0B0120044A054B1268506B002808BFB3
:108360001846F030704700BFD8630020086800202E
:1083700070B50D46084C114606461A46284600239D
:108380002360F6F760FC431C00D070BD2368002B0F
:10839000FBD0336070BD00BF7C0B0120C36C70B597
:1083A00005460C464BB153F8240080B1026843F8EF
:1083B00024200023C0E9033370BD21220421F5F7F6
:1083C000D9FD0346E8640028EDD1002070BD0121ED
:1083D00001FA04F6721D28469200F5F7CBFD00283D
:1083E000F3D0C0E90146E4E731B1C36C4A6853F801
:1083F0002200086043F82210704700BFF0B50C69F6
:1084000083B00D46064601F1140C0027DCF800008D
:1084100081B202FB0133010C180C02FB01019BB27B
:10842000013703EB0143BC424CF8043B4FEA1143D4
:10843000ECDC3BB1AA68A24207DD05EB8402013403
:1084400053612C61284603B0F0BD69680193013186
:108450003046FFF7A3FF2A69023205F10C010746F7
:1084600092000C30FCF78EFFF26C6968019B52F8A9
:108470002100286042F821503D46DEE7020C12043C
:108480000346C2B90304102013F07F4F04BF1B0240
:10849000083013F0704F04BF1B01043013F0404F3D
:1084A00004BF9B000230002B04DB5B0001D50130D0
:1084B0007047202070470020E6E700BF036813F0F4
:1084C0000702014607D0DA071FD498071FD55B08BB
:1084D0000B600120704798B2A0B1104613F0FF0F57
:1084E00004BF1B0A08301A0704BF1B0904309A078F
:1084F00004BF9B080230DA0702D45B080BD00130BE
:108500000B6070471B0C1020E8E7002070479B08A9
:108510000B60022070472020704700BF10B50C464A
:108520000121FFF73BFF0122C0E9042410BD00BF79
:108530002DE9F04F0E691469A64283B00F46154627
:1085400004DA32462F4626460D461446D7E9011373
:1085500006EB04084345B8BF0131FFF71FFF00F1E8
:10856000140909EB880EF145009005D24B46002214
:1085700043F8042B9E45FBD805F1140A0AEB84044A
:1085800007F11403A24503EB860C61D2641B153C72
:1085900024F00304CDF804E0A24405F110029E4645
:1085A00005E02D0C2BD1924509F104094ED052F86B
:1085B000045F1FFA85FBBBF1000FF2D077464E46F1
:1085C000002000E0264657F8041B34688BB2A5B2A1
:1085D000090C240C0BFB035303440BFB014000EB81
:1085E000134034469BB243EA0043BC454FEA104077
:1085F00044F8043BE6D8706015682D0CD3D0D9F848
:10860000003076461846CB46002100E0A346348869
:10861000000C05FB040001449BB25C4643EA0143A5
:1086200044F8043B56F8043BDBF804001B0C87B20B
:1086300005FB037303EB1143B4454FEA1341E5D83F
:108640009245CBF8043009F10409B0D1DDF804E01B
:10865000B8F1000F0BDD5EF8043CAEF1040E1BB167
:1086600005E05EF8043D13B9B8F10108F9D10098AE
:10867000C0F8108003B0BDE8F08F00BF12F0030314
:108680002DE9F041144607462ED10D46A4101CD00A
:10869000BE6C96B3E3074FF0000806D4641014D004
:1086A0003068A8B10646E307F8D532462946384671
:1086B000FFF73EFFB5B16A68FB6C641053F82210F7
:1086C000296043F822500546EAD12846BDE8F081EA
:1086D000324631463846FFF72BFF3060C0F8008045
:1086E0000646E0E70546D9E7013B0B4A52F823204E
:1086F0000023FFF783FE0546C8E701213846FFF750
:108700004DFE40F2712343610122002302610646BF
:10871000B8640360BEE700BFA8A903002DE9F047D5
:1087200091460A690E464FEA6914D1E9011304EB38
:10873000020808F101059D42074604DD5B009D42E9
:1087400001F10101FADC3846FFF728FE002C00F1A8
:10875000140337DD03EB8401002243F8042B8B4222
:10876000FBD1346906F1140319F01F0903EB840CE3
:1087700020D0C9F1200E002200E051461C688A4634
:1087800004FA09F414434AF8044B53F8042B6345E4
:1087900022FA0EF2F1D34A600AB108F10205FB6C2D
:1087A0007268013D53F822100561316043F8226080
:1087B000BDE8F087043953F8042B41F8042F9C4599
:1087C000F9D8ECE71946CCE730B40B6905460069E7
:1087D000C01A0FD19B001435143119442B4401E009
:1087E0009D4207D253F8044D51F8042D9442F7D01E
:1087F00002D3012030BC70474FF0FF30FAE700BFD2
:108800002DE9F04113690D69ED1A002D0E469046D1
:1088100001F1140402F1140714D19B00E2183B4447
:1088200001E0A24259D952F804CD53F8041D8C45F9
:10883000F7D009D2224633463C464646174698466C
:10884000012501E0F6DB00257168FFF7A7FDD8F8E8
:1088500010303669C56007EB830EBC4600F1140585
:1088600004EB860700235CF8041B54F8048B8AB2DF
:1088700013FA88F3090C9A1AC1EB184303EB22434D
:1088800092B242EA0342E64545F8042B4FEA2343FD
:10889000E9D8A74217D9AE46A4465CF8042B13FAD0
:1088A00082F3191401EB12419BB243EA014267457E
:1088B0004EF8042B4FEA2143EFD8E443274427F036
:1088C000030704373D44043D22B955F8043D013EF9
:1088D000002BFAD00661BDE8F0810021FFF75EFDB4
:1088E00001220023C0E90423BDE8F0812DE9F04313
:1088F00083B001211F4616460A9DFFF74FFDC7F3BF
:108900000A548146C7F313030CB143F48013002EBD
:10891000019323D002A840F8086DFFF7CFFD00288F
:1089200035D1DDE90023C9F81420002B0CBF01214B
:108930000221C9F81830C9F81010DCB909EB81031D
:10894000A0F2324028601869FFF798FD0B9BC0EB3E
:1089500041101860484603B0BDE8F08301A8FFF756
:10896000ADFD019BC9F8143001212030C9F8101069
:10897000002CE3D0A4F2334808EB00032B600B9BE0
:10898000C0F135001860484603B0BDE8F083DDE96A
:108990000013C0F1200203FA02F20A43C34001931C
:1089A000C9F81420C1E700BF70B50D46084C114648
:1089B00006461A46284600232360F6F7DBF8431CD8
:1089C00000D070BD2368002BFBD0336070BD00BFAA
:1089D0007C0B01202DE9F04F936883B09046002B6B
:1089E0006CD017688D6882460C460868083742E0EC
:1089F000A38913F4906F2DD0D4E9041505EB450538
:108A0000A0EB010B05EBD575701C6D105844A84206
:108A10002A4684BF05462A465B0536D51146504690
:108A2000F5F7FCFA00283AD05A4621690190FCF784
:108A3000A9FCA289019B22F4906242F08002A281EB
:108A4000A5EB0B0203EB0B00656123612060A260C4
:108A50003546B3465A464946FCF72EFDD8F808304D
:108A6000A2682068551B58449E1BA5602060C8F86A
:108A700008601EB3083757E90296AB46002EF9D0BE
:108A8000AE42B5D23546B346E4E75046F5F756FA5E
:108A900003460028D4D121695046F5F701FB0C2389
:108AA000CAF80030A389002243F040034FF0FF30A2
:108AB000A381C8E9012203B0BDE8F08F0020C8F807
:108AC000040003B0BDE8F08F4FEA410212F5001236
:108AD00015D211D56FF47873B3EB625212D94FEA05
:108AE000C12343F0004343EA505311F0004F23FAEF
:108AF00002F018BF404270474FF00000704750EA44
:108B0000013005D111F0004008BF6FF00040704700
:108B10004FF00000704700BF024B58221A604FF020
:108B2000FF3070477C0B0120024B58221A604FF037
:108B3000FF3070477C0B0120F8B500BFF8BC08BCC3
:108B40009E467047F8B500BFF8BC08BC9E4670470B
:108B500000C00140001002400020024000D002404E
:108B600079740200CB720200C9720200000000009A
:108B7000000000000575020085750200E372020026
:108B8000337302007176020055770200CD76020041
:108B9000ED730200E77202004B7302009974020049
:108BA0005365656564205849414F206E5246353201
:108BB0003834302053656E736500000000000000FB
:108BC0000000000079780200957802006BD0020066
:108BD0004DC5020051C2020041C3020051D1020042
:108BE00051BE020053BE0200ADBF0200ADBF020085
:108BF000E9BE020071790200B57A0200B9BE020036
:108C000071780200657A0200917A0200D1BE0200FA
:108C10002B7A0200397802003D7802003F7802008A
:108C20004178020057780200AB780200EB7802002E
:108C30001F79020047790200617C0200657C020016
:108C4000697C020010034100720064007500690035
:108C50006E006F000000000000000000717E020046
:108C6000857E0200CB830200DDBA02000000000016
:108C700000000000997E0200AD7E02000585020022
:108C8000DDBA02000000000000000000497E020082
:108C90005D7E0200737C0200DDBA02006580020086
:108CA000CB720200C972020080250000000008009B
:108CB000FFFFFFFF5F72785F73697A65203D3D209B
:108CC00030005F74785F6C6973742E656D707479B1
:108CD0002829005F72785F6C6973742E656D7074FB
:108CE000792829002F55736572732F6D656E67643F
:108CF000752F4C6962726172792F41726475696E69
:108D00006F31352F7061636B616765732F536565D4
:108D1000656475696E6F2F68617264776172652F23
:108D20006D6265642F322E392E322F636F72657338
:108D30002F61726475696E6F2F5553422F555342E0
:108D40004344432E637070007265736F6C76657276
:108D50002E76616C69642829000000000000000084
:108D6000000000008D7C0200FD81020011820200E3
:108D70002D820200417F020085800200437E0200B6
:108D8000C17E02007B7C0200817C0200F97D020032
:108D90002D7E0200857C02006D7C02006F7C02004B
:108DA000717C02001603430044004300200044008D
:108DB000450056004900430045000000C9860200F6
:108DC000CB720200C9720200A3850200CB720200BE
:108DD000C97202005553426576740000000000001D
:108DE000000000008D7C0200FD8102001182020063
:108DF0002D820200417F020085800200437E020036
:108E0000C17E02007B7C0200817C0200E9860200B8
:108E100045870200857C02004F8602008986020099
:108E2000717C0200FD850200258602003188020067
:108E30008F8502009B8502004D7602009976020024
:108E4000097702009F850200E17402004975020063
:108E5000A7850200D8FEFFFF000000003587020052
:108E600063870200BFD902008FD90200F1D9020046
:108E70008BD902008BD902008BD902008BD902005A
:108E8000F5D902008BD902006385020069850200D2
:108E900075850200798502007F85020085850200C4
:108EA000898502001D860200478602008B8502002C
:108EB0008D850200D4FEFFFF000000003D87020008
:108EC0005B870200C0FEFFFF00000000FD7402008F
:108ED0007F750200E3720200A1850200697602003C
:108EE0004D770200C77602000D89020095850200C9
:108EF0009D850200B7850200000000000000000010
:108F0000778902002F55736572732F6D656E6764E4
:108F1000752F4C6962726172792F41726475696E46
:108F20006F31352F7061636B616765732F536565B2
:108F3000656475696E6F2F68617264776172652F01
:108F40006D6265642F322E392E322F636F72657316
:108F50002F61726475696E6F2F6D6265642F746125
:108F600072676574732F5441524745545F4E4F5298
:108F70004449432F5441524745545F4E5246357839
:108F80002F6770696F5F6F626A6563742E68006F28
:108F9000626A2D3E70696E20213D202850696E4E18
:108FA000616D65294E43005254582056352E352E9A
:108FB00033007274785F74696D6572007274785FE3
:108FC00069646C6500000000000000000000000003
:108FD0000000000000000000000000000000000091
:108FE0000000000000000000000000000000000081
:108FF0000000000000000000000000000000000071
:1090000005000000E80300000500000028790020AA
:109010001000000000000000000000000000000040
:109020000000000000000000000000000000000040
:109030000000000000000000000000000000000030
:109040000000000000000000000000000000000020
:10905000000000000010000074900300B0900300B6
:1090600009AE0200E9AD0200989003000400000080
:1090700000000000BC8F030000000000307A0020D8
:1090800044000000787A0020000200000100000087
:1090900001000000000000000000000000000000CF
:1090A00068790020340000009C7900205000000006
:1090B000B28F030000000000EC79002044000000A3
:1090C000787C002000030000280000000100000060
:1090D000000000006D616C6C6F635F6D7574657886
:1090E00000656E765F6D75746578006D61696E0000
:1090F000507265206D61696E2074687265616420CC
:109100006E6F742063726561746564004661696C9A
:10911000656420746F2073746172742052544F53CD
:109120000073696E676C65746F6E5F6D75746578DA
:1091300000000000219103000B0000004C00012002
:109140001C000000434D5349532D52544F5320658A
:1091500072726F723A20537461636B206F7665721E
:10916000666C6F7700434D5349532D52544F532033
:109170006572726F723A2049535220517565756558
:10918000206F766572666C6F7700434D5349532D9F
:1091900052544F53206572726F723A205573657244
:1091A0002054696D65722043616C6C6261636B2051
:1091B0005175657565206F766572666C6F770043D3
:1091C0004D5349532D52544F53206572726F723A6A
:1091D0002053544420432F432B2B206C696272612F
:1091E0007279206C69627370616365206E6F7420A0
:1091F000617661696C61626C6500434D5349532D22
:1092000052544F53206572726F723A205354442067
:10921000432F432B2B206C696272617279206D752C
:1092200074657820696E697469616C697A617469C2
:109230006F6E206661696C656400434D5349532D20
:1092400052544F53206572726F723A20556E6B6E96
:109250006F776E004E6F7420616C6C6F7765642061
:10926000696E2049535220636F6E746578740053A1
:10927000797374656D206973206F7574206F662033
:109280006D656D6F727900506172616D65746572A4
:10929000206572726F72005265736F75726365201C
:1092A0006E6F7420617661696C61626C65004F70ED
:1092B00065726174696F6E206E6F7420636F6D707C
:1092C0006C657465642077697468696E207468657C
:1092D0002074696D656F757420706572696F6400C4
:1092E000556E7370656369666965642052544F53A7
:1092F000206572726F720000549203006F92030037
:109300008792030097920300AE920300E09203005D
:109310002E2F6D6265642D6F732F636D7369732FCC
:109320006465766963652F72746F732F736F7572DE
:1093300063652F6D6265645F7274785F69646C65E4
:109340002E637070007469636B735F736C65707407
:10935000203C2072746F733A3A4B65726E656C3ABA
:109360003A776169745F666F725F7533325F6D6102
:10937000780066726571203D3D20313030300068E4
:10938000616E646C6572203D3D20284952514861F0
:109390006E646C65725F74294E5649435F4765740D
:1093A000566563746F722869727129002E2F6D6281
:1093B00065642D6F732F706C6174666F726D2F69A9
:1093C0006E636C7564652F706C6174666F726D2F5F
:1093D00043616C6C6261636B2E6800626F6F6C2816
:1093E0002A7468697329002E2F6D6265642D6F736E
:1093F0002F706C6174666F726D2F696E636C75642B
:10940000652F706C6174666F726D2F53696E676C37
:1094100065746F6E5074722E680070203D3D20722E
:1094200065696E746572707265745F636173743CB4
:1094300054202A3E28265F6461746129002E2F6D16
:109440006265642D6F732F647269766572732F7312
:109450006F757263652F53657269616C42617365E4
:109460002E637070005F7374617469635F70696EFE
:109470006D6170203D3D204E554C4C0000000000B9
:10948000000000005DB302005DB3020019B60200E7
:109490008DB602000000000000000000718902008B
:1094A00000000000000000005DB302005DB3020098
:1094B000DDB90200F9B9020015BA020061BA020072
:1094C0005FB902006BB9020077B902007FB90200F0
:1094D000B9B90200CBB9020087B9020004FFFFFF4F
:1094E00000000000F1B902000FBA020087BA0200C2
:1094F00059BA020065B9020083B902005BB90200E3
:109500007BB90200F9B2020003B3020071B9020094
:10951000638502006985020075850200C3B90200F7
:10952000D5B90200B1B90200898502002E2F6D6203
:1095300065642D6F732F647269766572732F75730E
:10954000622F736F757263652F4173796E634F700D
:109550002E637070005F6C697374203D3D204E5522
:109560004C4C005F77616974203D3D204E554C4C5A
:1095700000000000000000000000000000000000EB
:109580000000000071890200DDBA02002E2F6D621A
:1095900065642D6F732F647269766572732F7573AE
:1095A000622F736F757263652F55534244657669F8
:1095B00063652E637070005F6C6F636B6564203E43
:1095C00020300054686520656E64706F696E742089
:1095D0006973206E6F7420696E64657861626C6572
:1095E0002E005F7472616E736665722E757365729C
:1095F0005F63616C6C6261636B203D3D20526571FD
:109600007565737458666572446F6E65004465765F
:109610006963652073746174652069732022506FDB
:10962000776572656422206F7220224465746163DD
:10963000686564220054686520737461636B2069F7
:10964000732077616974696E67206F6E2061207581
:109650007365722063616C6C6261636B20666F720C
:10966000207468652062756666657220746F206676
:10967000696C6C206F72207374617475732E005F57
:109680007472616E736665722E757365725F636165
:109690006C6C6261636B203D3D20536574436F6E5B
:1096A00066696775726174696F6E005F7472616E6E
:1096B000736665722E757365725F63616C6C62614F
:1096C000636B203D3D20536574496E74657266611D
:1096D0006365005F7472616E736665722E75736583
:1096E000725F63616C6C6261636B203D3D2052650B
:1096F0007175657374002128696E666F2D3E666C06
:10970000616773202620454E44504F494E545F45B3
:109710004E41424C454429006D61785F7061636B36
:1097200065745F73697A65203C3D203130323400C6
:1097300021636F6E666967757265642829005468D5
:10974000652073697A65206F66207468652064619E
:10975000746120746F2072656164206973206C6588
:109760007373207468616E20746865206D61782061
:109770007061636B65742073697A6520666F72200F
:109780007468697320656E64706F696E742E00541E
:10979000686520656E64706F696E74206973206EF1
:1097A0006F7420696E64657861626C650053697AD4
:1097B00065206265696E67207772697474656E20D2
:1097C000697320746F6F206C617267652E00215F72
:1097D000696E697469616C697A65640000000000F3
:1097E0000000000000000000000000006BD002003C
:1097F0004DC5020051C2020041C3020051D1020016
:1098000051BE020053BE0200ADBF0200ADBF020058
:10981000E9BE020059BE020071890200B9BE020011
:10982000C1BE0200E1BE0200C9BE0200D1BE0200FC
:10983000D9BE0200397802003D7802003F7802006C
:109840004FBE020071890200718902007189020015
:10985000718902007189020081BF020009BF020004
:1098600061BF020004030904160330003100320016
:109870003300340035003600370038003900160355
:1098800055005300420020004400450056004900A6
:1098900043004500080355005300420012036D00C9
:1098A0006200650064002E006F007200670006030E
:1098B000300031002E2F6D6265642D6F732F74613F
:1098C00072676574732F5441524745545F4E4F522F
:1098D0004449432F5441524745545F4E52463578D0
:1098E0002F6770696F5F6F626A6563742E6800002E
:1098F000F8980300B8010120053303000D3303007D
:109900004D3303005D330300193303002533030097
:1099100009330300FD320300010000002E2F6D62A9
:1099200065642D6F732F68616C2F736F757263653B
:109930002F6D6265645F7469636B65725F617069E6
:109940002E63006D617463685F7469636B20213DF1
:109950002071756575652D3E7469636B5F6C61730D
:10996000745F72656164005469636B65722066722E
:10997000657175656E6379206973207A65726F0011
:109980005469636B6572206E756D626572206F66D7
:109990002062697420697320677265617465722042
:1099A0007468616E203332206F72206C657373208F
:1099B0007468616E2034206269747300C499030076
:1099C000F80101200DD70200A10D0300FD0D0300D9
:1099D0000D0E0300B10D0300ED0D0300FDD60200D6
:1099E000FD0C03000000000064656661756C740086
:1099F0000000000000000000C1D7020025D80200CE
:109A00000000000000000000000000000000000056
:109A10007189020071890200718902007189020056
:109A20005BB90200ADD80200F9B2020003B3020034
:109A3000B1D80200638502006985020075850200C5
:109A4000798502007F8502008585020089850200F4
:109A50002F002E2F6D6265642D6F732F706C6174F3
:109A6000666F726D2F736F757263652F46696C65D3
:109A7000506174682E637070006C656E20213D200B
:109A80003000772B0053747265616D206F626A201D
:109A90006661696C757265000000000000000000DE
:109AA00000000000000000007189020071890200BE
:109AB00071890200718902005BB90200ADD8020011
:109AC000F9B2020003B30200B1D8020063850200BC
:109AD0006985020075850200798502007F85020094
:109AE0008585020089850200FCFFFFFF0000000061
:109AF0000000000000000000000000000000000066
:109B00000000000000000000BFD902008FD9020051
:109B1000F1D902008BD902008BD902008BD9020047
:109B20008BD90200F5D902008BD9020063850200AF
:109B30006985020075850200798502007F85020033
:109B40008585020089850200718902007189020001
:109B50008B8502008D850200FCFFFFFF00000000E6
:109B600000000000000000002E2F6D6265642D6F64
:109B7000732F706C6174666F726D2F736F75726383
:109B8000652F53797354696D65722E63707000216F
:109B90005F7469636B696E6700215F7469636B69E9
:109BA0006E6720262620215F77616B655F74696D83
:109BB000655F736574000000000000000000000095
:109BC000E5DC02000A52252D34643A202530386C39
:109BD00058000A53502020203A202530386C580A6B
:109BE0004C522020203A202530386C580A5043200F
:109BF00020203A202530386C580A78505352203AA9
:109C0000202530386C580A50535020203A202530F7
:109C1000386C580A4D535020203A202530386C5863
:109C2000000A43505549443A202530386C58000A00
:109C300048465352203A202530386C580A4D4D463C
:109C400053523A202530386C580A42465352203A33
:109C5000202530386C580A55465352203A2025307A
:109C6000386C580A44465352203A202530386C58F4
:109C70000A41465352203A202530386C58000A4D8C
:109C80004D4641523A202530386C58000A42464130
:109C900052203A202530386C58000A4D6F646520F8
:109CA0003A20546872656164000A50726976203AFD
:109CB0002055736572000A50726976203A205072FE
:109CC0006976696C65676564000A4D6F6465203A62
:109CD0002048616E646C6572000A537461636B3A6C
:109CE00020505350000A537461636B3A204D535017
:109CF000000A2B2B204D6265644F53204661756C22
:109D0000742048616E646C6572202B2B0A0A4661D0
:109D1000756C74547970653A20004D656D4D616EB7
:109D20006167654661756C74004275734661756C58
:109D3000740055736167654661756C7400486172A3
:109D4000644661756C74000A0A436F6E74657874BA
:109D50003A000A0A2D2D204D6265644F532046615A
:109D6000756C742048616E646C6572202D2D0A0A32
:109D7000004661756C7420657863657074696F6EF8
:109D8000002E2E2E0A002E2F6D6265642D6F732F0C
:109D9000706C6174666F726D2F736F757263652F6F
:109DA0006D6265645F637269746963616C2E6300E0
:109DB000637269746963616C5F73656374696F6E04
:109DC0005F7265656E7472616E63795F636F756EE5
:109DD000746572203C2055494E5433325F4D4158D2
:109DE000003C756E6E616D65643E00203C68616E7E
:109DF000646C65723E000A0A2B2B204D6265644F2D
:109E000053204572726F7220496E666F202B2B0AA9
:109E10004572726F72205374617475733A20307892
:109E2000255820436F64653A202564204D6F647582
:109E30006C653A2025640A4572726F72204D657315
:109E4000736167653A20004B65726E656C204572E0
:109E5000726F723A203078256C582C20005468724A
:109E60006561643A203078256C582C20004D75745B
:109E700065783A203078256C582C200053656D6148
:109E800070686F72653A203078256C582C20004D30
:109E9000656D6F7279506F6F6C3A203078256C5811
:109EA0002C20004576656E74466C6167733A2030ED
:109EB00078256C582C200054696D65723A203078F2
:109EC000256C582C20004D6573736167655175656D
:109ED00075653A203078256C582C200041737365E5
:109EE0007274696F6E206661696C65643A20000A5D
:109EF0004C6F636174696F6E3A203078256C58003E
:109F00000A46696C653A20002B2564000A45727286
:109F10006F722056616C75653A203078256C580058
:109F20000A43757272656E74205468726561643A92
:109F300020257325732049643A203078256C5820F9
:109F4000456E7472793A203078256C5820537461CC
:109F5000636B53697A653A203078256C58205374C6
:109F600061636B4D656D3A203078256C58205350F5
:109F70003A203078256C5820000A466F72206D6FA9
:109F8000726520696E666F2C2076697369743A2059
:109F900068747470733A2F2F6D6265642E636F6DF1
:109FA0002F732F6572726F723F6572726F723D30E0
:109FB0007825303858266F737665723D256C642697
:109FC000636F72653D30782530386C5826636F6D4D
:109FD000703D2564267665723D256C752674677420
:109FE0003D41524455494E4F5F4E414E4F333342EF
:109FF0004C45000A2D2D204D6265644F532045725B
:10A00000726F7220496E666F202D2D0A00446565BF
:10A0100070536C6565704C6F636B206F766572660C
:10A020006C6F7720283E203078464646462900440B
:10A03000656570536C6565704C6F636B20756E64FD
:10A040006572666C6F7720283C203029002E2F6DBA
:10A050006265642D6F732F706C6174666F726D2F03
:10A06000736F757263652F6D6265645F726574618D
:10A07000726765742E637070002867756172642062
:10A0800026204358415F47554152445F4D41534B51
:10A0900029203D3D2030002867756172642026200C
:10A0A0004358415F47554152445F4D41534B29202E
:10A0B0003D3D204358415F47554152445F494E4919
:10A0C000545F494E5F50524F4752455353004572BB
:10A0D000726F72202D2077726974696E6720746FB9
:10A0E00020612066696C6520696E20616E2049538D
:10A0F00052206F7220637269746963616C207365AA
:10A100006374696F6E0D0A000D004572726F7220E4
:10A110002D2072656164696E672066726F6D2061C3
:10A120002066696C6520696E20616E20495352205B
:10A130006F7220637269746963616C207365637404
:10A14000696F6E0D0A004F70657261746F72206ED8
:10A150006577206F7574206F66206D656D6F7279FD
:10A160000D0A000000000000000000005DE7020092
:10A17000D9E70200E5E7020085E7020049E70200AF
:10A1800059E702005BB9020055E70200F9B202008C
:10A1900003B302004FE702006385020069850200F5
:10A1A00075850200798502007F850200A9E702001B
:10A1B000898502000000000023000000000000006C
:10A1C0002A00000000000000010000002F737464EA
:10A1D000657272002F737464696E002F7374646FFC
:10A1E0007574002E2F6D6265642D6F732F706C6116
:10A1F00074666F726D2F736F757263652F6D626514
:10A20000645F73746174732E63007374617473207C
:10A21000213D204E554C4C002E2F6D6265642D6FF4
:10A22000732F72746F732F736F757263652F45761A
:10A23000656E74466C6167732E637070005F69644D
:10A24000006170706C69636174696F6E5F756E6ECA
:10A25000616D65645F6576656E745F666C6167737A
:10A26000006170706C69636174696F6E5F756E6EAA
:10A27000616D65645F6D75746578002E2F6D626524
:10A28000642D6F732F72746F732F736F75726365A4
:10A290002F4D757465782E637070005F6964207C43
:10A2A0007C206D6265645F6765745F6572726F7252
:10A2B0005F696E5F70726F67726573732829004DF6
:10A2C00075746578206C6F636B206661696C65647A
:10A2D000004D7574657820756E6C6F636B206661D8
:10A2E000696C6564002E2F6D6265642D6F732F722B
:10A2F000746F732F736F757263652F53656D617023
:10A30000686F72652E637070005F696420213D2064
:10A310006E756C6C7074720053656D6170686F72ED
:10A32000652061637175697265206661696C656439
:10A33000002E2F6D6265642D6F732F72746F732FF3
:10A34000736F757263652F546869735468726561C1
:10A35000642E6370700028666C616773203D3D2039
:10A360006F73466C6167734572726F7254696D6585
:10A370006F75742026262072656C5F74696D652088
:10A38000213D20776169745F666F725F7533325F5C
:10A39000666F726576657229207C7C2028666C6108
:10A3A0006773203D3D206F73466C61677345727221
:10A3B0006F725265736F7572636520262620726511
:10A3C0006C5F74696D65203D3D2072656C5F7469DA
:10A3D0006D652E7A65726F28292900737461747512
:10A3E00073203D3D206F734F4B006170706C69634B
:10A3F0006174696F6E5F756E6E616D65645F7468C0
:10A4000072656164000000000000000000000000B0
:10A4100029F3020065F30200FFFF0000FFFFFFFFCA
:10A420002E2F6D6265642D6F732F74617267657472
:10A43000732F5441524745545F4E4F524449432F66
:10A440005441524745545F4E524635782F5441523D
:10A450004745545F4E524635322F5441524745547A
:10A460005F4D43555F4E524635323834302F555389
:10A47000425068795F4E6F726469632E637070003A
:10A48000726574203D3D204E52465F53554343450F
:10A4900053530000000000000000000093F302008E
:10A4A000C5F3020055F50200E5F4020095F3020041
:10A4B00021F50200D3F30200ABF30200F3F3020034
:10A4C000ADF30200B3F30200B9F30200ABF30200F4
:10A4D000BDF30200B5F80200DFF80200F5F5020056
:10A4E00061F4020079F602006DF4020071F40200DA
:10A4F00091F40200AFF40200B5F40200F7F3020099
:10A5000067F4020027F40200DDF402009DF7020068
:10A5100000060000310000003C0000003C0000008C
:10A520003C0000003C0000003C0000003C0000003B
:10A530003C0000003200000030000000300000004D
:10A54000300000003000000030000000300000004B
:10A550003000000061F902002E2F6D6265642D6FDE
:10A56000732F746172676574732F54415247455459
:10A570005F4E4F524449432F5441524745545F4E1A
:10A58000524635782F5441524745545F4E52463516
:10A59000322F6770696F5F6170692E63002875697B
:10A5A0006E7433325F742970696E203C20475049C5
:10A5B0004F5F50494E5F434F554E54002E2F6D62F2
:10A5C00065642D6F732F746172676574732F5441C6
:10A5D000524745545F4E4F524449432F54415247CE
:10A5E00045545F4E524635782F5441524745545F8B
:10A5F0004E524635322F73657269616C5F617069C6
:10A600002E63006F626A00646174615F62697473D3
:10A61000203D3D20380028706172697479203D3DED
:10A62000205061726974794E6F6E6529207C7C20A0
:10A6300028706172697479203D3D2050617269749F
:10A64000794576656E290073746F705F6269747303
:10A65000203D3D20310001010100000000200040AC
:10A660000080024040420F00200000000000FFFF79
:10A67000DEC0ADDEFE011EF1DEC0ADDEFF011EF16B
:10A6800002030405060708090B0008010C0110016C
:10A69000140118011C01200124012C010C0D0E0FC6
:10A6A0001011121314003001340138013C01400133
:10A6B000440148014C015001B1190300751B03000E
:10A6C000451B0300FD1B0300F71B0300F11B0300E8
:10A6D000EB1B0300E51B0300DF1B0300D91B03007A
:10A6E000351A0300951E030001240300011E030018
:10A6F000FB1D0300F51D0300EF1D0300E91D030012
:10A70000E31D0300DD1D03004D1E0300091E0300B1
:10A71000511A0300C9250300ED1E0300008000004C
:10A720001800000000000000002020202020202031
:10A7300020202828282828202020202020202020F1
:10A740002020202020202020208810101010101001
:10A75000101010101010101010040404040404044D
:10A7600004040410101010101010414141414141E7
:10A7700001010101010101010101010101010101C9
:10A7800001010101101010101010424242424242D9
:10A790000202020202020202020202020202020299
:10A7A0000202020210101010200000000000000041
:10A7B0000000000000000000000000000000000099
:10A7C0000000000000000000000000000000000089
:10A7D0000000000000000000000000000000000079
:10A7E0000000000000000000000000000000000069
:10A7F0000000000000000000000000000000000059
:10A800000000000000000000000000000000000048
:10A810000000000000000000000000000000000038
:10A82000000000000000000000000000E0630020C5
:10A8300043000000504F5349580000002E00000014
:10A84000494E4600696E66004E414E006E616E00D4
:10A850003031323334353637383941424344454656
:10A860000000000030313233343536373839616218
:10A870006364656600000000286E756C6C2900003A
:10A880003000000020202020202020202020202018
:10A8900020202020303030303030303030303030F8
:10A8A00030303030496E66696E697479000000009E
:10A8B0004E614E00000000000080E03779C3414344
:10A8C000176E05B5B5B89346F5F93FE9034F384D16
:10A8D000321D30F94877825A3CBF737FDD4F1575C2
:10A8E000000000000000F03F0000000000002440D5
:10A8F00000000000000059400000000000408F40B0
:10A90000000000000088C34000000000006AF8401A
:10A910000000000080842E4100000000D01263413E
:10A920000000000084D797410000000065CDCD41B4
:10A93000000000205FA00242000000E87648374295
:10A94000000000A2941A6D42000040E59C30A24233
:10A950000000901EC4BCD64200003426F56B0C43A8
:10A960000080E03779C3414300A0D885573476434F
:10A9700000C84E676DC1AB43003D9160E458E143B0
:10A98000408CB5781DAF154450EFE2D6E41A4B4425
:10A9900092D54D06CFF08044F64AE1C7022DB5446A
:10A9A000B49DD9794378EA440500000019000000FD
:08A9B0007D0000000000000022
:08A9B80088C7FE7F01000000CA
:10A9C0000000000002000000000000000000000085
:10A9D0000000000003000000000000000000000074
:10A9E000000000001C00000000000000000000004B
:10A9F000000000001D00000000000000000000003A
:10AA00000000000004000000000000000000000042
:10AA10000000000005000000000000000000000031
:10AA2000000000001F000000000000000000000007
:10AA3000000000002B0000000000000000000000EB
:10AA4000000000002C0000000000000000000000DA
:10AA5000000000002D0000000000000000000000C9
:10AA6000000000002E0000000000000000000000B8
:10AA7000000000002F0000000000000000000000A7
:10AA8000000000001A0000000000000000000000AC
:10AA9000000000001E000000000000000000000098
:10AAA00000000000060000000000000000000000A0
:10AAB000000000002800000000000000000000006E
:10AAC000000000001B00000000000000000000006B
:10AAD000000000000700000000000000000000006F
:10AAE000000000000B00000000000000000000005B
:10AAF000000000002A00000000000000000000002C
:10AB00000000000020000000000000000000000025
:10AB10000000000010000000000000000000000025
:10AB2000000000000D000000000000000000000018
:10AB30000000000011000000000000000000000004
:10AB400000000000150000000000000000000000F0
:10AB500000000000190000000000000000000000DC
:10AB600000000000140000000000000000000000D1
:10AB700000000000180000000000000000000000BD
:10AB800000000000160000000000000000000000AF
:10AB9000000000001700000000000000000000009E
:10ABA000000000000900000000000000000000009C
:10ABB000000000000A00000000000000000000008B
:10ABC000000000000E000000000000000000000077
:10ABD00000000000A78F0300D3B3FB0200000000B9
:10ABE0000000000000000000000000000000000065
:10ABF0000000000000000000000000000000000055
:10AC00000000000000000000000000000000000044
:10AC10000000000000000000000000000000000034
:10AC20000000000000000000000000000000000024
:10AC30000000000000000000000000000000000014
:10AC40000000000000000000000000000000000004
:10AC500000000000000000000000000000000000F4
:10AC600000000000000000000000000000000000E4
:10AC70000000000000000000EDB002000100000034
:10AC80000FD602000FD60200FFFFFFFFFFFFFFFFFE
:10AC9000FFFFFFFF000000000000000000000000B8
:10ACA00000000000000000000000000000000000A4
:10ACB0000000000000000000000000000000000094
:10ACC0000000000000000000000000000000000084
:10ACD0000000000000000000000000000000000074
:10ACE0000000000000000000000000000000000064
:10ACF0000000000000000000000000000000000054
:10AD00000000000000000000000000000000000043
:10AD10000000000000000000000000000000000033
:10AD20000000000000000000000000000000000023
:10AD30000000000000000000000000000000000013
:10AD40000000000000000000000000000000000003
:10AD500000000000000000000000000000000000F3
:10AD600000000000000000000000000000000000E3
:10AD700000000000000000000000000000000000D3
:10AD80000000000000000000A80B01200090D0038C
:10AD900001FFFFFFFF010000E06300200000000052
:10ADA00000000000CC660020346700209C67002073
:10ADB0000000000000000000000000000000000093
:10ADC0000000000000000000000000000000000083
:10ADD0000000000000000000000000000000000073
:10ADE0000000000000000000000000000000000063
:10ADF0000000000000000000000000000000000053
:10AE00000000000000000000000000000000000042
:10AE10000000000000000000000000000000000032
:10AE20000000000000000000000000000000000022
:10AE30000000000000000000000000000000000012
:10AE40000000000000000000010000000000000001
:10AE50000E33CDAB34126DE6ECDE05000B000000C6
:10AE600000000000000000000000000000000000E2
:10AE700000000000000000000000000000000000D2
:10AE800000000000000000000000000000000000C2
:10AE900000000000000000000000000000000000B2
:10AEA00000000000000000000000000000000000A2
:10AEB0000000000000000000000000000000000092
:10AEC0000000000000000000000000000000000082
:10AED0000000000000000000000000000000000072
:10AEE0000000000000000000000000000000000062
:10AEF0000000000000000000000000000000000052
:10AF00000000000000000000000000000000000041
:10AF10000000000000000000000000000000000031
:10AF20000000000000000000000000000000000021
:10AF30000000000000000000000000000000000011
:10AF40000000000000000000000000000000000001
:10AF500000000000000000000000000000000000F1
:10AF600000000000000000000000000000000000E1
:10AF700000000000000000000000000000000000D1
:10AF800000000000000000000000000000000000C1
:10AF900000000000000000000000000000000000B1
:10AFA00000000000000000000000000000000000A1
:10AFB0000000000000000000000000000000000091
:10AFC0000000000000000000000000000000000081
:10AFD0000000000000000000000000000000000071
:10AFE0000000000000000000000000000000000061
:10AFF0000000000000000000000000000000000051
:10B000000000000000000000000000000000000040
:10B010000000000000000000000000000000000030
:10B020000000000000000000000000000000000020
:10B030000000000000000000000000000000000010
:10B040000000000000000000000000000000000000
:10B0500000000000000000000000000000000000F0
:10B0600000000000000000000000000000000000E0
:10B0700000000000000000000000000000000000D0
:10B0800000000000000000000000000000000000C0
:10B0900000000000000000000000000000000000B0
:10B0A00000000000000000000000000000000000A0
:10B0B0000000000000000000000000000000000090
:10B0C0000000000000000000000000000000000080
:10B0D0000000000000000000000000000000000070
:10B0E0000000000000000000000000000000000060
:10B0F0000000000000000000000000000000000050
:10B10000000000000000000000000000000000003F
:10B11000000000000000000000000000000000002F
:10B12000000000000000000000000000000000001F
:10B13000000000000000000000000000000000000F
:10B1400000000000000000000000000000000000FF
:10B1500000000000000000000000000000000000EF
:10B1600000000000000000000000000000000000DF
:10B1700000000000000000000000000000000000CF
:10B1800000000000000000000000000000000000BF
:10B1900000000000000000000000000000000000AF
:10B1A000000000000000000000000000000000009F
:10B1B000000000000000000000000000000000008F
:10B1C000000000000000000043000000000000003C
:10B1D000000000000000000000000000000000006F
:10B1E000000000000000000043000000000000001C
:10B1F000000000000000000000000000000000004F
:10B2000000000000000000004300000000000000FB
:10B21000000000000000000000000000000000002E
:10B2200000000000000000004300000000000000DB
:10B23000000000000000000000000000000000000E
:10B2400000000000000000004300000000000000BB
:10B2500000000000000000000000000000000000EE
:10B26000000000000000000043000000000000009B
:10B2700000000000000000000000000000000000CE
:10B28000000000000000000043000000000000007B
:10B2900000000000000000000000000000000000AE
:10B2A0000000000000000000417303004D52030045
:10B2B0000000000028A703003CA8030060A80300CA
:10B2C00060A8030060A8030060A8030060A8030052
:10B2D00060A8030060A8030060A8030060A8030042
:10B2E000FFFFFFFFFFFFFFFFFFFFFFFFFFFF00006C
:10B2F00001004153434949000000000000000000E4
:10B30000000000000000000000000000000000003D
:10B3100000004153434949000000000000000000C4
:10B32000000000000000000000000000000000001D
:10B330000000000000000000000000007469002010
:10B34000746900207C6900207C69002084690020E9
:10B35000846900208C6900208C6900209469002099
:10B36000946900209C6900209C690020A469002049
:10B37000A4690020AC690020AC690020B4690020F9
:10B38000B4690020BC690020BC690020C4690020A9
:10B39000C4690020CC690020CC690020D469002059
:10B3A000D4690020DC690020DC690020E469002009
:10B3B000E4690020EC690020EC690020F4690020B9
:10B3C000F4690020FC690020FC690020046A002068
:10B3D000046A00200C6A00200C6A0020146A002015
:10B3E000146A00201C6A00201C6A0020246A0020C5
:10B3F000246A00202C6A00202C6A0020346A002075
:10B40000346A00203C6A00203C6A0020446A002024
:10B41000446A00204C6A00204C6A0020546A0020D4
:10B42000546A00205C6A00205C6A0020646A002084
:10B43000646A00206C6A00206C6A0020746A002034
:10B44000746A00207C6A00207C6A0020846A0020E4
:10B45000846A00208C6A00208C6A0020946A002094
:10B46000946A00209C6A00209C6A0020A46A002044
:10B47000A46A0020AC6A0020AC6A0020B46A0020F4
:10B48000B46A0020BC6A0020BC6A0020C46A0020A4
:10B49000C46A0020CC6A0020CC6A0020D46A002054
:10B4A000D46A0020DC6A0020DC6A0020E46A002004
:10B4B000E46A0020EC6A0020EC6A0020F46A0020B4
:10B4C000F46A0020FC6A0020FC6A0020046B002063
:10B4D000046B00200C6B00200C6B0020146B002010
:10B4E000146B00201C6B00201C6B0020246B0020C0
:10B4F000246B00202C6B00202C6B0020346B002070
:10B50000346B00203C6B00203C6B0020446B00201F
:10B51000446B00204C6B00204C6B0020546B0020CF
:10B52000546B00205C6B00205C6B0020646B00207F
:10B53000646B00206C6B00206C6B0020746B00202F
:10B54000746B00207C6B00207C6B0020846B0020DF
:10B55000846B00208C6B00208C6B0020946B00208F
:10B56000946B00209C6B00209C6B0020A46B00203F
:10B57000A46B0020AC6B0020AC6B0020B46B0020EF
:10B58000B46B0020BC6B0020BC6B0020C46B00209F
:10B59000C46B0020CC6B0020CC6B0020D46B00204F
:10B5A000D46B0020DC6B0020DC6B0020E46B0020FF
:10B5B000E46B0020EC6B0020EC6B0020F46B0020AF
:10B5C000F46B0020FC6B0020FC6B0020046C00205E
:10B5D000046C00200C6C00200C6C0020146C00200B
:10B5E000146C00201C6C00201C6C0020246C0020BB
:10B5F000246C00202C6C00202C6C0020346C00206B
:10B60000346C00203C6C00203C6C0020446C00201A
:10B61000446C00204C6C00204C6C0020546C0020CA
:10B62000546C00205C6C00205C6C0020646C00207A
:10B63000646C00206C6C00206C6C0020746C00202A
:10B64000746C00207C6C00207C6C0020846C0020DA
:10B65000846C00208C6C00208C6C0020946C00208A
:10B66000946C00209C6C00209C6C0020A46C00203A
:10B67000A46C0020AC6C0020AC6C0020B46C0020EA
:10B68000B46C0020BC6C0020BC6C0020C46C00209A
:10B69000C46C0020CC6C0020CC6C0020D46C00204A
:10B6A000D46C0020DC6C0020DC6C0020E46C0020FA
:10B6B000E46C0020EC6C0020EC6C0020F46C0020AA
:10B6C000F46C0020FC6C0020FC6C0020046D002059
:10B6D000046D00200C6D00200C6D0020146D002006
:10B6E000146D00201C6D00201C6D0020246D0020B6
:10B6F000246D00202C6D00202C6D0020346D002066
:10B70000346D00203C6D00203C6D0020446D002015
:10B71000446D00204C6D00204C6D0020546D0020C5
:10B72000546D00205C6D00205C6D0020646D002075
:10B73000646D00206C6D00206C6D0020FFFFFFFF2A
:10B74000000002000000000025710200C577020021
:10B750001D890200258B0200658C0200F5B10200F4
:10B7600029B2020000000000017102000000000088
:10B7700000000000000000000000000000000000C9
:10B78000000000000000000000000000AD170300F2
:08B790000000000000000000B1
:040000032000F9B927
:00000001FF
