:10400000007F0020D175000079740000CD7500009C
:10401000CD750000CD750000CD750000CD75000098
:10402000000000000000000000000000CD7500004E
:10403000CD75000000000000CD750000CD750000BA
:104040000000000000000000000000000000000070
:104050000000000000000000000000000000000060
:104060000000000000000000000000000000000050
:104070000000000000000000000000000000000040
:104080000000000000000000000000000000000030
:104090000000000000000000000000000000000020
:1040A0000000000000000000000000000000000010
:1040B0000000000000000000000000000000000000
:1040C00010B5054C237833B9044B13B10448AFF352
:1040D00000800123237010BDF000002000000000CC
:1040E000A8D6000008B5034B1BB103490348AFF342
:1040F000008008BD00000000F4000020A8D60000E9
:104100000121132005F0D4B908B50121132005F0D1
:10411000E7F94FF47A7005F05DFA1320002105F0FD
:10412000DFF94FF47A70BDE8084005F053BA08B5DE
:1041300005F038FA002008BD1B207047034AB2F88A
:10414000CC3043F08003A2F8CC3070470000094027
:1041500037B50121132005F0ABF90021132005F03C
:10416000BFF968460722032108F0D6F8BDF80030F1
:104170001C4CC3F384130125684607220521E5542E
:1041800008F0CAF8BDF80030C3F38413684607226C
:104190000621E55408F0C0F8BDF80030C3F38413DD
:1041A000684607220921E55408F0B6F8BDF800304A
:1041B000C3F38413684607220A21E55408F0ACF8DB
:1041C000BDF80030C3F3841307220B216846E55481
:1041D00008F0A2F8BDF80030C3F38413E55403B02F
:1041E00030BD00BFEA0100200B7930B4DB01114C77
:1041F000114DDBB2A3714B788A781B01120302F4D4
:104200004052DBB213430A788446A85CCA78120293
:1042100002F4407200F003001343034363804B79C0
:10422000064ADB01DBB22372002030BCCCF8002050
:10423000704700BF0042044084D40000544457003B
:10424000024B0020FF2218701A7070470042044091
:1042500030B5836A85B004468C4601ADABB193E8B6
:10426000070085E807006268117883F804C0E26AF5
:104270009A6019601846626A9047A36A1BB195E874
:10428000070083E8070005B030BD2B46EBE700BF11
:1042900010B4EFF30383103B5BB22149214C03F1CF
:1042A000C00051F8202022F4803241F8202054F838
:1042B0002330D3E906218A421CD018699C6840B398
:1042C00093F820C0BCF10F0F0AD9616840F82210A2
:1042D000D96901328A429A610CD05DF8044B70476B
:1042E000BCF1070F17D821798154D96901328A426C
:1042F0009A61F2D15B680C4993F903305DF8044B85
:104300005809012203F01F0302FA03F341F8203099
:1043100070476068DDE7A48820F81240D9E700BF45
:10432000006000405801002000E100E030B5EFF3EC
:104330000383103B5BB203F1C0002C492C4C51F8B5
:10434000202022F4803241F8202054F8233058688D
:10435000026A82B392F801C0DC695A69BCF1010FAC
:1043600016D0A2420BD0D3E9020129B193F8204024
:104370000F2C05D951F82210416001325A6130BD2D
:10438000072C95BF895C31F8121001718180F4E728
:1043900004F1FF3E964511D001690029E1D090F962
:1043A000031014484FEA511E01F01F010CFA01F1ED
:1043B00040F82E10D5E75A69DC69D2E790F903403E
:1043C00004F1C00E6009800051F82E5000F16040E9
:1043D00000F5614004F01F040CFA04F425F4803564
:1043E00041F82E50C0F880410460BCE700600040F6
:1043F0005801002000E100E0EFF30383103B5AB2C4
:10440000324802F1C00C03F0FF0350F82C1021F4E5
:10441000803140F82C102E4951F822008168C9786B
:10442000890704D54168497A012900D070475209AB
:1044300010B40121274C203203F01F0301FA03F3CB
:1044400044F82230BFF34F8FBFF36F8F436893F967
:104450000230002B2FDB5A09203203F01F0301FA30
:1044600003F344F82230BFF34F8FBFF36F8FD0E9CF
:104470000124237892F9022023F04003002A2370BC
:1044800014DB02F1C00C114C53099B0002F01F0217
:10449000914003F1604354F82C2003F5614322F46A
:1044A000803244F82C20C3F8801119605DF8044B69
:1044B0000121FFF7CDBE82685DF8044B137823F02D
:1044C000400313700121FFF7C3BE00BF006000402E
:1044D0005801002000E100E070B5EFF30384103CC8
:1044E000314B64B253F82460736893F90230002BA7
:1044F00041DB5A092D492032012003F01F0300FA45
:1045000003F341F82230BFF34F8FBFF36F8FD6E92B
:10451000012392F902101A78002922F040021A7041
:1045200014DB01F1C00C224D4A09920001F01F0179
:10453000884002F1604255F82C1002F5614221F4E6
:10454000803145F82C10C2F880011060DA78002123
:10455000D5B21207D97021D4EB0712D405F0140597
:10456000142D16D0124AC03452F8243023F480336C
:1045700042F8243070BDB3681A7822F040021A70F5
:10458000E4E70421304605F01405FFF761FE142D21
:10459000E8D108213046FFF75BFEE3E7052130460E
:1045A000FFF756FED8E700BF5801002000E100E009
:1045B00000600040036A70B50446987800F07B0004
:1045C000987020780D4658BBE16994F802C00E69D6
:1045D0000CF00301521A2944C4E903124EB37AB114
:1045E000A378306803F00303013B22FA03F3B268B7
:1045F000966800229BB22261B04780B9236A207876
:104600009A7842F080029A7040B994F802C00CF097
:10461000030CBCF1020F15D02A78DA70002070BDAF
:10462000C4E90312E1690E6996B12946002AE7D070
:10463000D6E79A780CF0030C42F08002BCF1020F2E
:104640009A70E9D12A8842F47E42DA810020E6E7B6
:104650009A7842F080029A700020E0E7036A91F8AD
:1046600001C000B50246987800F07B0E00F00B0008
:1046700098700020D0608A785A701A786CF3010222
:104680001A70CA789A7493F807C00A780CF0A301DC
:1046900002F05C020A43DA7183F802E05DF804FB81
:1046A00010B5D0E90721002343608B7092F90520F3
:1046B0002F49044650090123203002F01F0203FA5B
:1046C00002F241F82020BFF34F8FBFF36F8FE269F2
:1046D00092F90B205009203002F01F0203FA02F277
:1046E00041F82020BFF34F8FBFF36F8FE26992F93B
:1046F00007205009203002F01F0203FA02F241F8AD
:104700002020BFF34F8FBFF36F8FE26992F909202A
:10471000500902F01F02934000F1200241F82230BC
:10472000BFF34F8FBFF36F8FE369DA6822B19368ED
:1047300010681B6A9847E3691B691BB19A6818687F
:10474000136A9847EFF31081012383F31088E3691C
:10475000084A1C78D2F800014FF00043E3400343BD
:10476000C2F80031D2F8003181F31088002010BD6A
:1047700000E100E0006F0440F0B5846A85B00546B2
:104780000F4694466E46B4B194E80F0086E80F00D9
:10479000EB691B7884F804C02360EB6A2046C4E907
:1047A00002736B6A9847AC6A1CB196E80F0084E804
:1047B0000F0005B0F0BD3446EAE700BF2DE9F04731
:1047C0000B780322DA4002F001020D46120102705A
:1047D00003F10073AA694969416203F56053002639
:1047E0005B01C0E90753C0E90A626A788378B24284
:1047F00014BF0122022262F301038370044695F97B
:104800000B00D04B95F80AC04209203200F01F0778
:10481000012101FA07F743F82270BFF34F8FBFF36E
:104820006F8FC94AC94F00F1C00E4FEA0C1C52F8F5
:104830002E8066F3104842F82E8003EB000E5FFADC
:104840008CFC8EF800C347F8204095F9050095F8D8
:1048500004C04FEA501E0EF1200E00F01F0801FAAE
:1048600008F843F82E80BFF34F8FBFF36F8F00F12E
:10487000C00E03EB000952F82E804FEA0C1C66F3C1
:1048800010485FFA8CFC42F82E8089F800C347F884
:10489000204095F9070095F806C04FEA501E0EF12A
:1048A000200E00F01F0801FA08F843F82E80BFF32D
:1048B0004F8FBFF36F8F00F1C00E03EB000952F86A
:1048C0002E804FEA0C1C66F310485FFA8CFC42F80D
:1048D0002E8089F800C347F8204095F9090095F823
:1048E00008C04FEA501E0EF1200E00F01F0801FA1A
:1048F00008F143F82E10BFF34F8FBFF36F8F4FEACD
:104900000C1100F1C00C034452F82CE066F3104E79
:1049100042F82CE0C9B283F80013EB6847F8204056
:1049200003B35968E7690A684FF40020106094F8EF
:1049300000C0206A461DBCF1000F00F05881113004
:104940005060787830B9D0780B365660012666F31F
:104950000510D0709A6818681368984706460028B2
:1049600040F042812B6903B35968E7690A684FF048
:104970000060106094F800C0206AC61CBCF1000FF3
:1049800000F045810F309060787830B9D0780B36E0
:104990009660012666F30510D0709A68186813684F
:1049A00098470646002840F03981EFF31080012334
:1049B00083F31088664B2E78D3F800214FF0004126
:1049C000F14022EA0102C3F80021D3F8003180F35C
:1049D0001088236AE06900229A701A715A729A72DA
:1049E000DA725A83297840F20722CA40D20744BFBC
:1049F0004022DA7406221A7722787AB1C168013A25
:104A0000002900F015810126120391B2314341F0D3
:104A100006029A829A8A92B29142FBD1EA78A978E8
:104A2000D20042EA01126978032900F0E2800029ED
:104A30000CBFE221F221ED69D2B21A7099712A7B82
:104A4000520002F002025A736A78A97800261E7298
:104A500095F800C0D201490101F02001D2B20A4309
:104A6000ACF10201012940F2C880D2B2DA716A6861
:104A7000917859701978567866F301011970D178D8
:104A800099741278D97902F05C0201F0A3010A430B
:104A9000DA710027C4E90377C4E9057790F90510B6
:104AA000294E01F1C00E4A0956F82E80920067F394
:104AB000104802F1604246F82E8002F561424FF044
:104AC000010E01F01F010EFA01F1C2F88011116010
:104AD00090F90B1001F1C0094A0956F829A092007B
:104AE00002F1604202F5614267F3104A01F01F01D2
:104AF00046F829A00EFA01F1C2F88011116090F970
:104B0000071001F1C0094A0956F829A0920002F1E4
:104B1000604202F5614201F01F0167F3104A46F856
:104B200029A00EFA01F1C2F88011116090F9091064
:104B300001F1C0004A0956F82090920002F160424B
:104B400008E000BF00E100E00060004058010020E4
:104B5000006F044067F3104946F8209002F5614267
:104B60000CF0030C01F01F010EFA01F14CF0700C77
:104B7000C2F88011116083F802C06B8923814FF65F
:104B8000FF7843452DD0EFF310818EF310882D4A26
:104B900013681BB92C48C3704023C37013680133DA
:104BA000136081F31088218928480B0A1B0153FAEE
:104BB00081F150F8213023F0011323F4404343F0F6
:104BC000040340F82130EFF31081012383F31088B0
:104BD000136813B11368013B13601368CBB181F301
:104BE00010881B4B636000263046BDE8F0873046D6
:104BF000A6E642F04002F2211DE7BCF1020F08BF19
:104C000042F01002FF21D2B25970DA7141E730460A
:104C1000B9E60D4A8020D370D070E0E7EB68002B36
:104C2000E2D09A681868136A98473046BDE8F08762
:104C3000C1690E7A1640360206F4706646F0010627
:104C4000E2E600BF54010020000D044000080440CB
:104C5000554943532DE9F04F9B46FF238BF8023013
:104C60009BF8003023F004038BF8003080238BF88E
:104C700003306C4B91466C4A1B6A12688FB00590EA
:104C8000C3F302608240C3F30233DA40674B0492FD
:104C9000994568DC01330026100A0193A2FB032327
:104CA00002900B960993089235460A91CDF83490FC
:104CB000EBB2002400930C9502E001340D2C4AD095
:104CC0005B4B009A13F80480C8F34009C8F3800ACC
:104CD00049EA0A039342F0D1564B33F81470059B0E
:104CE00003FB07F7049BB3FBF7F56B1EFF2B039346
:104CF000E3D807FB05F52A46DDE90801EB1707F0C5
:104D0000C5FF0A9A039E002A3AD1A0F5C330A03805
:104D10000028019BB8BF40428342CEDD039B8BF845
:104D200002309BF800300190C8F3000262F3861352
:104D300069F304136AF3C3038BF800309BF8013066
:104D4000C8F3C10868F3010301348BF801300D2C5E
:104D50000A9B0B93B4D10C9D4DB9019B0D9A9342C4
:104D60004FF00105A4DC00200FB0BDE8F08FDDF8A6
:104D70003490019B4B45F6DD03200FB0BDE8F08F6A
:104D8000CDE9069A0394DDE90889DDF804A00B9CBF
:104D900005E0EB1740464946013E07F077FF029BCE
:104DA000B5FBF3F27F2A02FB00F035D90028B8BF2B
:104DB000FF300312A3F5C333A03B002BB8BF5B4207
:104DC0009A451DDD1A4903988BF80260095C9A46E2
:104DD0009BF8003014460A46C1F3000161F38613C4
:104DE000069961F30413079961F3C3038BF800304C
:104DF0009BF80130C2F3C10262F301038BF801306A
:104E00009BF800308BF80340ED1B43F004032A4667
:104E10008BF80030002EBCD10B94CDF804A0039C7D
:104E20004BE700BF00E00140E40100209F86010045
:104E3000A8D400008CD40000F0B5EFF30383103B3E
:104E40005BB203F1C0003849384C51F8202022F4FD
:104E5000803241F8202054F82300C3691A6903699D
:104E600092B103B1F0BD046AA378426A03F07F03F4
:104E700043F004030021A370C160002AF2D0BDE812
:104E8000F0408022FFF778BC046A002BECD0057854
:104E90002DB3E18AC1F304218D423FD990F802E09D
:104EA000234F0EF00306CEF3010E0CE092F800C083
:104EB00084F80FC00131A3EB0E0372448D42C0E9A8
:104EC00003231FD9F3B1022EC268EFD1B2F800C09C
:104ED0004CEA070C1FFA8CFCA4F80EC0EAE790F825
:104EE00002E0C2680EF00301022912D01178E170CD
:104EF0000EF0030EA3EB0E037244C0E90323002B54
:104F0000B0D1B0E7227922F080022271002BA9D122
:104F1000A9E7118841F47E41E181E9E7237962F351
:104F2000C7132371F0BD00BF00600040580100208E
:104F300000FEFFFF10B582B0EFF30383103B5BB2BE
:104F400003F1C00059495A4C51F8202022F4803214
:104F500041F8202054F82340E369DB6813B1A369CA
:104F6000002B48D122894FF6FF739A4274D12078E2
:104F7000236AA8B9A27802F00302022A13D0597951
:104F8000A369C9B20191ABB9636A23B12046042277
:104F9000FFF7F2FB207838B3236ADA8AD2067DD095
:104FA000DA8AD1067AD0198AA369C1F3080101917E
:104FB000002BE9D0A278606902F0030201A908F091
:104FC0003BF8D4E90521A37803F003031A44C91A76
:104FD000C4E9052129B9636A1BB101222046FFF704
:104FE000CBFB20780028D7D123894FF6FF7293425C
:104FF0000ED102B010BD636A0021C4E90511002B77
:10500000F7D00122204602B0BDE81040FFF7B4BB44
:105010001A0A1201274952FA83F351F8232022F089
:10502000011222F4404242F0040241F82320EFF33F
:105030001082012383F310881F4B196811B119687E
:10504000013919601B681BB91C498020CB70C870DE
:1050500082F3108802B010BDEFF31081012383F3B7
:105060001088154B1A681AB91448C2704022C270D1
:105070001A6801321A6081F3108822890D49130AD7
:105080001B0153FA82F251F8223023F0011323F46A
:10509000404343F0050341F8223068E7BE221A710D
:1050A00023894FF6FF729342A3D0B1E7006000401E
:1050B000580100200008044054010020000D044065
:1050C00010B5EFF30384103C0B4B64B253F824008B
:1050D000D0E90821937803F07B03937019B1022281
:1050E0000021FFF749FB054AC03452F8243023F46D
:1050F000803342F8243010BD580100200060004089
:1051000010B5EFF30384103C194B64B253F824003C
:10511000037843B9837803F00303022B03D0036AB7
:105120005979C9B203E0036A198AC1F3080193F8F7
:1051300004C01CF0100F0CF0380206D093F81CC00D
:105140001CF0010F08BF42F0400293F804C00CF0BD
:10515000C70C83F804C0436A0BB1FFF70DFB054A87
:10516000C03452F8243023F4803342F8243010BD88
:10517000580100200060004030B5436A85B0044605
:105180008C4601ADABB193E8070085E80700626883
:10519000117883F804C0A26A9A6019601846226ADE
:1051A0009047636A1BB195E8070083E8070005B0E4
:1051B00030BD2B46EBE700BF10B4EFF30383103B89
:1051C0005BB21549154C03F1C00051F8202022F4C0
:1051D000803241F8202054F823305A69D9698A4234
:1051E00006D2D3E90240A8B1805CE07001325A6176
:1051F0008A4202D05DF8044B70471A69002AF9D13F
:105200009A685DF8044B937803F07B0343F0040342
:1052100093707047E070E9E700600040580100209B
:1052200010B4EFF30383103B5BB21849184C03F141
:10523000C00051F8202022F4803241F8202054F898
:1052400023305969DA69914206D2D3E90240D0B1DC
:10525000405CE070013159619969914207D29868C8
:105260001A6940794C1C9C615054D3E90612914252
:1052700006D19A68937803F03B0343F004039370DC
:105280005DF8044B7047E070E4E700BF0060004049
:105290005801002010B5EFF30384103C0A4B64B2B0
:1052A000012153F824008268937803F0030393707C
:1052B000FFF762FFC034054A52F8243023F48033EC
:1052C00042F8243010BD00BF5801002000600040AB
:1052D00010B5EFF30384103C0C4B64B24FF0840C18
:1052E00053F8240083689A7802F003029A701A79BE
:1052F00083F804C00421FFF73FFFC034044A52F88A
:10530000243023F4803342F8243010BD58010020AB
:105310000060004003685969A1B190F82D3070B564
:10532000044603F0FF0563B98A68038C9668086831
:10533000A1692A46B047E269C4E90852012384F80A
:10534000333070BD704700BF70B5866B82B00446C5
:105350000B466D463EB396E8030085E80300E26B1A
:105360003371236832605A6912B194F82D10A1B1DB
:105370009B6913B194F82D2052B9636B304698475E
:10538000A36B1BB195E8030083E8030002B070BD76
:105390009A68186813699847EFE7936810681B6963
:1053A00098472368E4E72E46D9E700BFEFF303836D
:1053B000103B5BB20449C03351F8232022F4803201
:1053C00041F82320704700BF0060004070B5EFF344
:1053D0000383103B5BB26249C03351F8232022F4AF
:1053E000803241F82320EFF30383103B5D4A5BB228
:1053F00052F823402269137BC3F30000DB075CD41F
:1054000094F82C3094F82A10994216D094F82D1064
:1054100009B1022B76D02046FFF77CFF236994F870
:105420002820DA7094F82B2094F82C30013A0133BC
:1054300084F82B2084F82C3070BD94F8333003F0BE
:10544000FF05002B5BD1236A002B5ED094F82D1052
:10545000002961D094F8311000296AD0216884F8BD
:1054600031504869002874D08969002971D0E069F9
:1054700002286ED98E68831E0868B668F421917080
:105480009BB2A2692946B0472268E36952699168D4
:1054900010688E68023B9BB22A462946B047E369F2
:1054A00022690220023BC4E90803012184F8331079
:1054B0000023FF209372D07070BD94F82D30B3B1EB
:1054C00094F831309BB9636AA1695279CA54D4E91E
:1054D000082394F82E10013A0133C4E9082321B3BC
:1054E000226952210123D17284F8303070BD00202E
:1054F00001215423206284F82F10D37270BD84F8E8
:10550000330070BD5223D37270BD94F82E30002B3F
:10551000E7D15423D37270BD616AA069013B405C3E
:105520000131C4E90831D070C6E723695422DA7228
:1055300070BD636AA1695279CA54D4E90832013B4B
:105540000132012BC4E90832226904D0FF20D07057
:10555000B2E7012BACD12023FF209372D070ABE7D0
:10556000006000405801002010B582B0EFF30383C3
:10557000103B374A5BB252F823000269D37A23F01A
:105580000803D37290F82F30002B3DD190F82A10E9
:1055900003F0FF0C90F82C3099421AD1036A53B9EA
:1055A00090F82D1090F83040C1F10301C9B2B4B3A6
:1055B000D372FFF7C9FEEFF30383103B5BB22549BB
:1055C000C03351F8232022F4803241F8232002B066
:1055D00010BDFBB190F82D4004F0FF0134B1022B57
:1055E0000ABF90F82910614641F001014FF0000C0C
:1055F00082F80BC0D17090F82B200133013A80F86B
:105600002B2080F82C30D6E7F023D3720121FFF74E
:105610009BFED0E7012909D090F82910E6E7F02396
:10562000D372937803F0CF039370C2E70190FFF732
:1056300071FE019890F82A30012B05D190F82810BE
:10564000026990F82C30D1E7026990F82C30E3E73A
:105650005801002000600040F0B583B0EFF30384F0
:10566000103C154B64B253F82450EF68BFB16A6820
:105670002B6992F90D20121B18BF01226E46C3B18F
:1056800093E8030086E803001A706A695A601846B6
:10569000B8472B691BB196E8030083E80300074A6B
:1056A000C03452F8243023F4803342F8243003B05D
:1056B000F0BD3346E8E700BF58010020006000401D
:1056C000EFF30383103B5BB2064A074952F82320ED
:1056D0000120C033107251F8232022F4803241F8A7
:1056E00023207047580100200060004010B4CBB266
:1056F00001249C40A4B202B924040B0A5B0103F10B
:10570000804303F5802300209C605DF8044B7047C4
:1057100030B4EFF31084012383F310881C4B186816
:1057200018B91C4DE8704020E87018680130186006
:1057300084F31088D4034FEA1120C9B219D40001B0
:10574000154C084444F82020EFF31082012181F326
:105750001088196811B11968013919601B681BB9E3
:105760000C498020CB70C87082F31088002030BCB8
:10577000704701EB001C084C54F82C5025F4803580
:1057800044F82C5022F4803544F82C500001D7E71F
:1057900054010020000D04400008044070B5C36AA5
:1057A00084B004468C46164601AD9BB193E80700D1
:1057B00085E8070083F808C0226B1846C3E9002675
:1057C000A26A9047E36A1BB195E8070083E80700E7
:1057D00004B070BD2B46EDE78268012370B580F8F8
:1057E00020300226B323D37180F821605379044618
:1057F00023F001035371C2690D46FFF7CFFFA36881
:10580000DE705A7942F001025A7194F82120012A7F
:1058100016D094F8212002B170BD052DFCD194F86A
:105820002320002AF8D194F821201AB95A7A02F0DC
:10583000F3025A72BF210122D97184F8232070BD6E
:105840004FF48872EA40D207E3D594F82320002A67
:10585000E2D1E8E730B583B0EFF30383103B5BB2EE
:105860004249C03351F8232022F4803241F82320EA
:10587000EFF30383103B5BB23D4A52F8234094F8A8
:105880002230B3B9A368012284F82220DA7CD2B294
:105890008DF805209DF8052012F0010F5A7A14BFEB
:1058A00002F0F70202F0F3025A72AC22DA7103B08E
:1058B00030BD94F820304BB9A3681B7A13F0080F61
:1058C00020460CBF04210821FFF786FF2269A36848
:1058D0009AB9D97CC9B28DF806109DF806101979CD
:1058E00041F010011971197941F008011971197904
:1058F00062F30411197103B030BDA1698A4209D065
:10590000E268DB7C481CA0615354E3690133E36126
:1059100003B030BD022584F821505979E26921F0A5
:105920000101597120460621FFF738FFA36821695C
:10593000DD705A7942F001025A7191B9DA7CD2B223
:105940008DF807209DF807201A7942F010021A718D
:105950001A7942F008021A711A7961F304121A7165
:10596000A5E7A269E168DB7C501CCCE70060004041
:105970005801002038B5EFF30383103B5BB2234995
:10598000C03351F8232022F4803241F82320EFF372
:105990000383103B5BB21E4A52F8234094F8203038
:1059A00093B194F8213003F0FF0263B9A369206931
:1059B000A16898420DD0E269E0680132C05C887449
:1059C0000133C4E9063238BD05212046FFF704FF44
:1059D000E7E723680D4893F90E3003F1C004002B6C
:1059E00050F8245062F3104540F8245009DB5A095E
:1059F000084C03F01F030120603200FA03F344F85F
:105A00002230CB7943F04003CB7138BD00600040B9
:105A10005801002000E100E038B5EFF30383103BAC
:105A2000204A5BB252F82340A1680B795807C3F3B0
:105A3000800217D5CA7922F04002C023CA7101E062
:105A4000013B02D0CA795206FAD4EFF30383103B2C
:105A50005BB21549C03351F8232022F4803241F85B
:105A6000232038BD022584F821504B7962F30003CE
:105A70002046E2694B710721FFF790FEA168CD70C7
:105A80004B7943F001034B7194F82130002BD1D1B5
:105A9000A369E269E0680132C05C88740133C4E93B
:105AA0000632C7E7580100200060004010B582B000
:105AB000EFF30383103B3D4A5BB252F82300836847
:105AC0005A7A910746D1D1B211F00C0F35D001228C
:105AD00080F8242090F82110C269012963D004695C
:105AE00081698C4256D803214FF0000EA024DC714E
:105AF00080F820E080F822E093F805C06EF3000CF7
:105B000083F805C090F82440002C47D083F809E0C2
:105B100000240223C46180F82130FFF73FFEEFF339
:105B20000383103B5BB22249C03351F8232022F497
:105B3000803241F8232002B010BDCA06EFD5DA7CCE
:105B4000D2B28DF807209DF80720DA7902F0EF0233
:105B5000DA71E4E70022A02180F82420D97180F8CE
:105B6000202080F82220597962F30001597190F8C1
:105B7000241069B9DF219F2219701A7000210223B5
:105B8000C26980F82130C1610121FFF707FEC6E735
:105B90005A72F3E7013AC2610321A5E7DF241C70C2
:105BA0009F241C70B4E702219EE700BF580100202B
:105BB0000060004030B5836B83B004460A466D46F2
:105BC000A3B193E8030085E80300E16B1A71626BEF
:105BD000196018469047A36B1BB195E8030083E852
:105BE0000300002384F82B3003B030BD2B46ECE7D4
:105BF0002DE9F04F0468DFF86091656A6668DFF8A8
:105C00005C819DF924C04FEA011E01691F240C70BC
:105C10005F240C70DF240C702C7944F0E0040C74C9
:105C2000EC7844F0E0044C74AC78240104F0700487
:105C300044F008048C702C786F789DF92850012C62
:105C400014BF0424052444EA4704E4B2CC70404C59
:105C5000A64214BF7726F72609EB05044E710027EC
:105C60005FFA8EFEB3268F71CE7184F800E305F1E2
:105C7000C00648F82500374C4FEA551A54F826B0AC
:105C80004FEA8A0A67F3104B0AF1604A44F826B0DB
:105C90000AF5614A012605F01F0506FA05F5CAF85E
:105CA0008051CAF8005009EB030503F1C00A85F8DA
:105CB00000E348F823005D09AD0054F82AB005F16F
:105CC000604505F5614503F01F0306FA03F367F32A
:105CD000104B44F82AB0C5F880312B6009EB0C0357
:105CE0000CF1C00A83F800E34FEA5C1548F82C0079
:105CF000AD000CF01F0305F1604554F82AC0914433
:105D000005F5614506FA03F367F3104C44F82AC021
:105D1000C5F880312B6089F800E348F8220002F1D1
:105D2000C000530902F01F02964054F820209B0047
:105D300067F3104203F1604344F8202003F5614308
:105D40009F22C3F880611E600A70BDE8F08F00BF1B
:105D500040420F000060004000E100E058010020D8
:105D600010B483B0EFF30383103B5BB24849C033F8
:105D700051F8232022F4803241F82320EFF30383EB
:105D8000103B444A5BB252F8233093F82D20BAB945
:105D900099691A69022903D8117941F040011171FA
:105DA000D969012917D0D27CD2B28DF80720012100
:105DB0009DF8072083F82D1003B05DF8044B704761
:105DC000DA69002AF8D0032A0ED0022A4ED0012A1E
:105DD00021D019690DE0117941F01001117111798B
:105DE00041F008011171DEE719690A7942F04002B9
:105DF0000A711A6A5869C97C8154D3E907210131B3
:105E0000013AC3E90721002AD6D119690B7962F357
:105E100086130B71D0E793F82A1089B319681E4CCA
:105E200091F90F104809203001F01F0102FA01F129
:105E300044F82010BFF34F8FBFF36F8F1969C879F3
:105E400040F08000C871087940F0100008710879AE
:105E50004FF0040C20F00800087181F801C0487967
:105E600020F00100487183F82C20C2E719690A79F3
:105E700042F010020A710A7942F008020A71B8E78A
:105E800019694A7A082002F0F7024A724870B0E7AE
:105E9000006000405801002000E100E0EFF30383C0
:105EA000103B5BB23549C03351F8232022F48032D5
:105EB00041F82320EFF30383103B5BB2304A52F8E2
:105EC000231091F82730002B37D191F829309BBB54
:105ED000CB69086910B4002B41D1C37923F080034A
:105EE000C022C37101E0013A02D0C379DB09FAD1C3
:105EF0000B68224993F9103003F1C00C002B51F8C4
:105F00002C2022F4803241F82C2009DB5A091D4C48
:105F100003F01F030121603201FA03F344F8223039
:105F2000C3795DF8044B43F04003C3717047022A04
:105F300009D191F8300030B9704791F8260091F8F6
:105F400028200328F3D0086991F824C080F812C0F3
:105F50000132013B81F8282081F8273070470A6A16
:105F60004C69013B14F802C080F812C00132C1E94B
:105F70000732002BB1D05DF8044B70470060004041
:105F80005801002000E100E010B4EFF30383103B60
:105F90002B4A5BB252F8233093F829201AB193F8B8
:105FA0002720012A47D0DA69D2B11969CA7922F0CB
:105FB0004002C023CA7101E0013B02D0CA795206F7
:105FC000FAD4EFF30383103B5BB21E49C03351F8A0
:105FD000232022F4803241F823205DF8044B7047DF
:105FE00093F82A10F9B11968174C91F90F10480964
:105FF00020304FF0010C01F01F010CFA01F144F8C0
:106000002010BFF34F8FBFF36F8F1969C87940F02D
:106010008000C87104204870487962F3000048711C
:1060200083F82CC0C2E719694B7A082203F0F70302
:106030004B724A70BAE793F83020002AB3D1B4E724
:10604000580100200060004000E100E070B582B01F
:10605000EFF30383103B4C4A5BB2E02152F823403C
:1060600023695A7A5972D0B202F00301D20616D5CA
:106070005A78560615D5A1B95A785506C2F380113B
:106080006CD4010742D594F82B20002A52D194F801
:106090002910B322C1F10301C9B2DA7125E0002948
:1060A000EFD0E269012184F82B10002A39D0206852
:1060B0000025DD7190F9116090F90F3090F90E20F4
:1060C000417B019690F9100000902046FFF790FD6B
:1060D00094F82610A2692369E56184F828102262E9
:1060E00084F82C50B322DA7101212046FFF762FDBB
:1060F000EFF30383103B5BB22449C03351F82320F4
:1061000022F4803241F8232002B070BD94F82C2094
:10611000002AEDD04207EBD594F82B20002AE3D1DA
:10612000B5E794F82C20002AC1D194F82B20002A3E
:10613000D8D0BCE7E26932B994F82C201AB994F8A7
:106140002B20002ACED0002294F82600A169E2611B
:1061500084F82800216284F82C20C3E784F82B10EF
:106160005A7A216802F0F702496A5A720820587078
:106170000A78012A14BF02220322DA705A7942F007
:1061800001025A71B4E700BF5801002000600040CE
:1061900010B582B0EFF30384103C164B164964B27D
:1061A00053F8242050790B5C03F00303032B0FD02A
:1061B000C03451F8243023F4803341F824309368FC
:1061C00023B1D268CDE900206846984702B010BDDF
:1061D000936823B1D268CDE9002068469847064A03
:1061E000C03452F8243023F4803342F8243002B013
:1061F00010BD00BF58010020006000400346D3E9F5
:106200000223002053607047D0E90123D26930B4E3
:10621000D2E9011444F00044D0685C61D2E904542E
:1062200040F0004041F000419861196100205D623A
:106230009C6230BC704700BF002800DA704710B481
:1062400000F16043114C03F561430901C9B283F8C1
:10625000001344F820200E4900F1C00200F01F0C8A
:1062600051F822304009800023F4803300F160406F
:1062700041F8223000F56140012303FA0CF3C0F825
:1062800080315DF8044B0360704700BF5801002067
:106290000060004070B5836984B004468C461646A1
:1062A00001AD9BB193E8070085E8070083F804C0BF
:1062B000E2691A609E60184662699047A3691BB143
:1062C00095E8070083E8070004B070BD2B46EDE7B2
:1062D00010B490F800C0486EBCF1030F1ED8013016
:1062E000AAB9019C496BE40754BF01F01F01C1F337
:1062F000044101F00C01A1F10401B1FA81F1490955
:10630000E2B921BB02225DF8044B5A60704790420B
:10631000E7D9013A5DF8044B1A6070470AB1904220
:10632000F8D8019C496BE40754BF01F01F01C1F389
:106330000441090981F00101002AE2D0824201D31F
:106340000029DFD103225DF8044B5A607047002812
:10635000D8D0F7E72DE9F0470B7C01220E4602FA70
:1063600003F103F5800303F5F0631B0211F0030F43
:10637000C0E902310CBF134600230374D6E90513AC
:10638000C3610023F769466084B0054641618361BB
:10639000EFF3108082F31088924A317C0129D2F801
:1063A00008118CBF6FF040046FF020042140C2F848
:1063B0000811D2F8082180F31088AC684FF4254208
:1063C0002260E362E363A36496F80090327A736814
:1063D000B9F1030F4FEAC25203F1FF3100F0E2803E
:1063E00084BF42EA09421946D7E906C0E2624FF08B
:1063F000004222616261A26100226262A262C4F86C
:106400001CC02062A1664FF0FF3061660021CDE91B
:106410000201D7F82CA0B9F1000F40F0AA805B0868
:10642000013B0293012103206365D7F82880A3650F
:10643000BAF1000F39D13B7803BBBA78534682B327
:1064400097F803C096F800E04FEA0C12BEF1020F75
:1064500042EA8C1200F0A98040F2B7804FF0030CA2
:1064600042EA0C0243EA024343F08073B8F1000FA2
:1064700020D1C4F83880C4F8888040E07A7896F853
:1064800000C01301BCF1020F43EA821300F09080B8
:1064900040F2A38003221343BA7843F48073002AA6
:1064A000CED1B8F1000F05D1E3E7B8F1000F00F04D
:1064B0008180534698F8022098F803C0120642EAF9
:1064C0000C7298F804C042EA0C42A263D8F8082083
:1064D000C4F88C20002A63D1D8F80C20003A18BFE9
:1064E0000122BAF1000F58D198F81CC098F81BE0AF
:1064F000C4F888204FEA4C6C4CEA4E22134397F8BC
:10650000212097F820C0520742EA4C3213434FF43F
:10651000AA02B9F1010F226402D10022E2642265CD
:10652000EA68E260636320632163717C96F912007C
:106530002A46FFF781FE97F8221097F924002A4691
:10654000FFF77AFE97F8231097F925002A46FFF700
:1065500073FEB8F1000F06D098F8001098F901000A
:106560002A46FFF769FE204B2B60002004B0BDE8EF
:10657000F087B9F1010F23D00092F268686802AB8E
:106580002146FFF7A5FEDDE90232110641EA02418C
:1065900041F0030041F0010146E7C4F88820B6E766
:1065A00001229EE742F480321EE74FF0090C57E7C4
:1065B000092270E7C4F838805346C4F88880A6E7FB
:1065C000494603204FF0FF332EE7BCF1000F0CBF0C
:1065D0004FF0060C4FF0090C42E7002A0CBF0622D0
:1065E000092258E7006F04405450470030B4426815
:1065F00092F91210D2690029034611DB48092E4D89
:1066000001F01F0C2030012404FA0CF445F820405E
:10661000BFF34F8FBFF36F8F2848002440F821400D
:1066200092F92410002911DB4809234D01F01F0CB9
:106630002030012404FA0CF445F82040BFF34F8FBA
:10664000BFF36F8F1D48002440F8214092F92510B8
:10665000002911DB4809184D01F01F0C20300124DE
:1066600004FA0CF445F82040BFF34F8FBFF36F8F4F
:106670001248002440F82140926AA2B192F9012008
:10668000002A10DB02F01F0451090120A040203134
:10669000094C44F82100BFF34F8FBFF36F8F0749B8
:1066A000002041F822009A68D9680020186030BCA8
:1066B00091605063704700BF00E100E05801002086
:1066C00030B4EFF30383103B5AB2184C02F1C00C04
:1066D00054F82C1021F4803144F82C10144951F84E
:1066E000220041680978012916D103F0FF0303F065
:1066F0001F039940D0E90253AB600023AB64EB6405
:106700002B6554F82C50520963F310456032094B45
:1067100044F82C5043F82210436923B1002230BCC6
:106720001146FFF7B7BD30BC704700BF00600040A6
:106730005801002000E100E01E4B10B4C3600B784C
:1067400003F001034370EFF3108C012484F31088ED
:10675000194BD3F8082122F48012C3F80821D3F88A
:1067600008318CF31088EFF3108C84F31088427892
:10677000D2B9C468237962F3861323718CF310882D
:106780004A684B78D278C468D201DB01D2B2DBB25E
:106790006271A3710123E3710A780270074B4360B1
:1067A0005DF8044B00207047C268137923F0800322
:1067B0001371E3E700E00540006F044000434144EB
:1067C000C3684278002023F812107047EFF310835B
:1067D000012282F310884278C1683AB90A7942F0FE
:1067E00040020A7183F31088002070470A7942F052
:1067F00080020A7183F3108800207047EFF3108144
:10680000012383F31088427842B9C068037962F3A8
:106810008613037181F3108800207047C2681379D2
:1068200023F08003137181F310880020704700BFAC
:106830000346EFF3108C012282F310884278C1687E
:1068400062B9087962F386100871087A62F38610DB
:1068500008728CF310880020586070470A7922F083
:1068600080020A710A7A22F080020A728CF3108880
:1068700000205860704700BFF0B5076A8BB006462D
:106880008C465FB3BE46BEE80F006C460FC4BEE840
:106890000F000FC49EE8030084E80300BCE80F006B
:1068A0003D460FC5BCE80F000FC59CE803008EE80D
:1068B0000300F36938469847336A6BB1EE469C464D
:1068C000BEE80F00ACE80F00BEE80F00ACE80F0018
:1068D0009EE803008CE803000BB0F0BD0F46E8E72C
:1068E00030B58BB0EFF30383103B5BB22E49C0335E
:1068F00051F8232022F4803241F82320EFF3038360
:10690000103B5BB2294850F82350282200216846EA
:1069100006F09DFB6C6894F84D380020DBB284F8DB
:106920004D08ADF80430B4F84218C1F30012C9069E
:1069300038D543F02003ADF80430022394F85328EF
:1069400084F8533894F8523803F01F03D2B2E11898
:1069500084F8532891F8202860F3820281F82028D7
:106960002A681268009269466A6A0393284604926C
:10697000FFF782FFB4F84238DB0611D52B681A699D
:10698000127D6AB193F91530002B09DB5A090848CA
:1069900003F01F030121403201FA03F340F82230D3
:1069A0000BB030BD1346DBE700600040580100200B
:1069B00000E100E02DE9F0418AB0EFF30383103BE2
:1069C0005BB23D49C03351F8232022F4803241F8B4
:1069D0002320EFF30385103D384B6FB2002253F8AC
:1069E0002700D0E9008494F8533884F8532894F8A9
:1069F000526806F01F06DBB206F1200284F8533815
:106A0000130105F0FF05E15854F803C0C1F380738A
:106A10008DF81930D8F810301B7B43EADC7303F093
:106A200001038DF81830002B42D1C1F38A4104EBE9
:106A300002120591938803F00F03082B9C4628BF90
:106A40004FF0080C8DF81AC06BB10DF11F02002336
:106A500004EB061E0EEB0301013391F8061202F857
:106A6000011F9C45F6D1D8F80030039626440093C8
:106A7000442386F82038002307934FF48063ADF851
:106A800004306946436A0493FFF7F6FEB4F84238CF
:106A9000DB070AD5002F08DB6B09094905F01F0544
:106AA00001224033AA4041F823200AB0BDE8F0811A
:106AB00021F06041BBE700BF0060004058010020AA
:106AC00000E100E070B58AB0EFF30383103B5BB2E6
:106AD0002149C03351F8232022F4803241F8232089
:106AE000EFF30383103B1D4A5BB2012652F823509B
:106AF0006C6894F8532884F8536894F85238D2B2EA
:106B000003F01F0384F853280393E2184FF4006343
:106B1000ADF804302B681B6800936B6A0493002364
:106B200082F82038694682F820382846FFF7A4FE0C
:106B3000B4F842389B070CD52B6893F91730002B1B
:106B400007DB5A09064903F01F0340329E4041F813
:106B500022600AB070BD00BF0060004058010020F4
:106B600000E100E08268117A01F00101137AC3F3B9
:106B700040039942FAD143681978012908D1C168C4
:106B800093F810C004484B1E9BB240F82C101380A1
:106B9000F1231372002070470C010020D0E902237A
:106BA000013BF1219BB2138000201172704700BF9E
:106BB00010B48268117A044601F00101137AC3F31C
:106BC00040038B42FAD16368F420002110721173E4
:106BD00093F9123013F1210F04D1002020605DF8E9
:106BE000044B70478B4210DB5A090C4801212032BC
:106BF00003F01F0301FA03F340F82230BFF34F8F75
:106C0000BFF36F8F636893F91230054A002042F892
:106C1000234020605DF8044B704700BF00E100E0B6
:106C2000580100200B7C03F1401303F500631B02A5
:106C3000F0B40446C0E90113EFF31085012383F398
:106C40001088087C384AC0F103008340D2F808015C
:106C500020EA0303C2F80831D2F8083185F310881E
:106C6000A26800231372137AC3F340009B07844683
:106C7000F9D49072C8690D7AC3780678007903F068
:106C80000703002E41D1002D46D110734868676874
:106C9000002696735372431E95729BB2E0603D7C52
:106CA0001380224B43F8250091F91230B34222DBC6
:106CB0004A7C03F1604000F561401201D2B280F8D5
:106CC00000231B4A1B4842F8234003F1C0055A0920
:106CD00050F82570920002F1604266F3104740F8C8
:106CE000257002F5614203F01F03012000FA03F34F
:106CF000C2F880311360D1E9055200200E4B2561A6
:106D0000C4E905022360F0BC7047502E06BF43F073
:106D1000500365463343B8E785F0020543EA05139F
:106D2000DBB23546B1E700BF006F04400C01002024
:106D3000580100200060004054474100F0B585B084
:106D4000EFF30383103B5BB21C491D4C03F1C00001
:106D500051F8202022F4803241F8202054F82340BA
:106D6000D4E901120978137A0129DBB204D1F421A4
:106D700003F0F003117213722769B7B1656901AEB0
:106D8000CDB195E8070086E807009B0644BF0023C5
:106D90002B71A3692B602846B84763691BB196E83D
:106DA000070083E80700A268137ADBB203F00F0341
:106DB000137205B0F0BD3546E7E700BF0060004044
:106DC00058010020034600201A689B8A13807047F0
:106DD00003681B88C3F3C03300200B70704700BFEB
:106DE00003681031002033F811301380704700BF62
:106DF00043682DE9F041D1E901250C685E6903681B
:106E00001FFA84F8A3F804801FFA82F8A3F814800C
:106E100022F0405C1FFA85F824F0405E25F04057D0
:106E20002243A3F808804FEA1C4C3F0C4FEA1E484F
:106E300012F0405FA3F80680A3F816C05F8154D11A
:106E4000CA68002A00F0938015892F0522D5D2E95F
:106E500000C7B2F80A80A3F89050A3F89C80B2F85B
:106E60000C80A3F89E801FFA8CF8A3F89480CCF3D2
:106E70000B484FEA1C7CA3F8968083F892C01FFA57
:106E800087FCA3F898C0C7F30B4C3F0FA3F89AC038
:106E900083F89370AF051AD40A8AA3F89050A3F828
:106EA0008020F2786AB11A88818A92B222F01F0299
:106EB000BEFA8EFE1F32A2EB0E0292B211431A806E
:106EC00081822C4BC0E903340020BDE8F081977C1F
:106ED00092F813C047EA0C0783F8A670D789128A84
:106EE000A3F8A870A3F8AA20D6E7234FD7F82080EC
:106EF000224F3F68C8F3026C07FA0CFCC8F3021873
:106F00001F4F2CFA08FCA7FB0C7C4FEA9C1C1D4F62
:106F100041F2883808FB0CFCA7FB0C7C4FEA9C4C28
:106F20000CF1010CBCF1070F38BF4FF0070C12F049
:106F300080570AD05FFA8CF715F0805F83F8DE7017
:106F400040F2011708BF4FF48077920009D55FFA2D
:106F50008CFC47F40077AA0083F8DFC048BF47F0F5
:106F60000207CA68BFB25F82002A7FF46DAF154680
:106F700092E700BF4344415200E00140E401002099
:106F8000D34D621083DE1B432DE9F8430B880C467A
:106F90005B0222696669C968026203F1804303F5F6
:106FA000B8230022036081614460C2613179627953
:106FB0000546A0788F074FEA0223F17843EA403371
:106FC00054BF43F0400343F48863002900F0DF809E
:106FD00043F42073022A08BF764A9BB208BF32F8F6
:106FE00021C0AB8218BF4FF0000C2279E17896F8EF
:106FF00000E0D20342EA4102717842EA4110EFF325
:107000001088012181F310886B4F2288D7F80891EE
:10701000C2F1100201FA02F229EA0202C7F80821BD
:10702000D7F8082188F3108847F6FF572A6880B2FE
:107030003B401380A2F810C0D08182F80CE0337975
:10704000980700F1AD8082F88A3094F90630002B61
:1070500022DB227A594803F1604101F561411201B6
:10706000D2B281F80023564A03F1C00742F82350F8
:1070700050F827105A09920021F4803102F1604241
:1070800040F8271002F5614203F01F03012101FAC5
:1070900003F3C2F88031136094F90730002B22DB30
:1070A000627A464803F1604101F561411201D2B2B2
:1070B00081F80023424A03F1C00442F823505A09E0
:1070C00050F82410920021F4803102F1604240F81F
:1070D000241002F5614203F01F03012101FA03F3BA
:1070E000C2F88031136096F90630002B22DB327A29
:1070F000324803F1604101F561411201D2B281F8D9
:1071000000232F4A03F1C00442F823505A0950F8D3
:107110002410920021F4803102F1604240F82410E2
:1071200002F5614203F01F03012101FA03F3C2F8E3
:107130008031136096F90730002B22DB727A2048E9
:1071400003F1604101F561411201D2B281F80023DF
:1071500040F82350194903F1C00051F8202022F4CF
:10716000803241F820205A09920002F1604202F573
:10717000614203F01F03012101FA03F3C2F88031D9
:107180001360104BAB6000202861BDE8F883002A33
:107190007FF420AF43F400439BB2AB82944624E7D4
:1071A00043F0030382F88A30084600F03DF92A686C
:1071B000337948E7B8D40000006F04400060004015
:1071C000580100204344415270B403460020C3E9F3
:1071D00002005A6892F906105469814211DB4A098B
:1071E000354E203201F01F0C012505FA0CF546F84A
:1071F0002250BFF34F8FBFF36F8F304A42F8210008
:107200005A6892F90720002A11DB51092A4D02F031
:107210001F0C2031012000FA0CF045F82100BFF3CB
:107220004F8FBFF36F8F2549002041F8220094F95A
:107230000620002A11DB51091F4D02F01F0C2031DE
:10724000012000FA0CF045F82100BFF34F8FBFF387
:107250006F8F1A49002041F8220094F90720002A74
:1072600010DB02F01F0451090120A0402031124C14
:1072700044F82100BFF34F8FBFF36F8F0F490020F9
:1072800041F822001A68002010821080EFF3108469
:10729000012282F310885968094B0988C1F1100155
:1072A0008A40D3F808110A43C3F80821D3F80831FB
:1072B00084F3108870BC704700E100E058010020A2
:1072C000006F0440064B074993F826001A6A51F8EC
:1072D00020300549C2F30262D3400B60704700BF03
:1072E00000E00140D4000020E401002038B5434B09
:1072F000434C444844494AF20355A3F8FE53002244
:10730000424DA0F8002121604FF4004193F826007F
:10731000C4E90151C4E90321196A626154F82020CB
:107320003B4DC1F30261CA40082009212A6083F85D
:10733000130483F8A21093F88024002A55D02F4B11
:10734000002283F8812483F8802493F8A0208AB156
:1073500093F83620002A3FD0284A92F8A030D80669
:10736000C3F30011F9D4254882F8A01090F8A0309A
:10737000D906FBD4214B002283F8362093F83C2019
:10738000D207FBD50121002283F8311083F8262093
:10739000204A1A6293F8262054F822001C6A194ADF
:1073A000C4F30264E04028604FF0040C842083F8AA
:1073B0003EC083F83E004FF4254083F8D010A3F878
:1073C000FE03A2F80411B2F804319BB2002BFAD1EB
:1073D0000123A2F8003138BD93F83C20D207BBD47A
:1073E00093F83C20D207F7D5B6E7012183F8801443
:1073F00040F2C44000F018F8A1E700BF00E00140EF
:10740000D400002000C00140006CDC0200127A00B1
:10741000E401002000010110704700BFA0F101004D
:107420000028FBD1704700BF30B400FB01F1104DC4
:10743000104A2868B2FBF0F24FF47A73A1FB03C440
:107440003CB9BCFBF2FC4FEA9C0070B130BCFFF7CA
:10745000E5BF9200B1FBF2F1A1FB03134FF0FF3047
:10746000002BF3D108460028F0D130BC704700BF94
:10747000E401002000CA9A3B0B4B70B5B3F84051B1
:107480000A4E0024ADB225FA04F3DB0704D556F802
:107490002430E0B203B198470134102CF3D1024BF1
:1074A000A3F8305170BD00BF0060004014010020FF
:1074B000084B10B4084C03F1200C5842C21813F8C2
:1074C000011FC032634544F82210F7D15DF8044B28
:1074D000704700BF27D6000000600040EFF3108126
:1074E000012383F31088124B33F8102092B22AB193
:1074F00033F81020013A92B223F8102033F81030FC
:107500009BB293B90B4A10B4B2F8FE330A4C9BB24B
:1075100034F8100043F4254323EA0003A2F8FE33B5
:1075200081F310885DF8044B704781F31088704731
:10753000D801002000E00140C4D4000030B4EFF3D3
:107540001081012383F310880E4A32F810309BB269
:107550006BB90D4C0D4DB4F8FE3335F810C09BB22D
:1075600043EA0C0343F425439BB2A4F8FE3332F8FC
:10757000103001339BB222F8103081F3108830BCF8
:10758000704700BFD801002000E00140C4D40000D3
:107590000B4A08B50346106840B10333094923F08C
:1075A000030303448B4204D8136008BD06481060EF
:1075B000F3E705F02BFD0C2303604FF0FF3008BD0F
:1075C000E0010020007B00203014002000BE704746
:1075D00008B500F005F8FCF7AAFDFEE7704700BF0C
:1075E00070B5464B464A47484FF47004C3F888408C
:1075F0004AF2025198600123A2F8FE1382B082F889
:107600001F3492F8B134DB06FBD54FF42546A2F8BF
:10761000FE6300200024FFF7E1FFFFF767FE8DF80F
:10762000074001209DF80730FFF788FFEFF3108136
:10763000012585F31088344BD3F8042122F0004251
:10764000C3F80421D3F8042181F310882F4A11686C
:10765000C1F300018DF807101168C1F300018DF826
:1076600007101268C2F300028DF80720EFF31081B3
:1076700085F31088D3F8042142F00042C3F80421B6
:10768000D3F8043181F310882846FFF727FF2846F6
:10769000FFF7A4FF1E4B1F499C801F4A1E80996064
:1076A0001E49D9604FF48051A2F820111C481D4A90
:1076B0009D80121A214605F0CAFC1B481B4A1C4932
:1076C0001C4D121A05F0B8FC1B4B5B1BA3424FEA82
:1076D000A30605DD55F8043B01349847A642F9DCC2
:1076E000FFF7F0FD0220FFF779FFFFF7E1FE002032
:1076F00002B0BDE87040FFF78FBE00BF00ED00E0B4
:1077000000E0014000400000006F04400008044019
:10771000000D0040007B002000600040007F002042
:10772000F00000203014002000000020D4000020D1
:10773000B4D6000098000020C00000200022027093
:10774000C0E9012280F83520012280F83620DF22AE
:10775000827770472DE9F04704464FF000081F4636
:107760009DF8283080F8008021730375089B036121
:10777000099B83610B9B03620C9BDFF84091C0E97E
:107780000938FF238A4643771546002A3ED184F8FC
:107790003520502004F041FE4FF6FF73A0F8423030
:1077A00000F12008DF2380F8205080F8215080F875
:1077B000225080F82350C0E90955C562C0E90E5532
:1077C000C0E90C5580F8443080F8453080F84050CE
:1077D00080F84150C0E91255C4F82880202229467B
:1077E000064605F034FC072FA6605AD8314ABAF194
:1077F000020FD35D114642D099F80000002856D1FF
:10780000002B4ED102232777D35548E0012A48D1D7
:1078100084F83520242004F000FE837880F800806E
:1078200068F3020383704378C57003F0F80368F3CC
:1078300006130646437080F8048080F8058080F8BF
:107840000680A0621C224146083005F000FC012F92
:10785000666026D8184BBAF1020FDA5D194602D0DD
:1078600099F8000028B1012A1BD802232777CB55AD
:1078700015E0B2B90222DA552777257011E0012B05
:10788000F3D92777384601F005FC3022816A40465B
:1078900005F0D2FB384601F0FDFB036BA361012329
:1078A0002370002389F800302078BDE8F087012B91
:1078B000DAE700BFEA010020E8010020F201002021
:1078C00038B590F8353004468BB9806808B9002087
:1078D00038BD04F10C01FEF73DFD0546A068FEF73A
:1078E00093FC0E2D01D0002DF1D10120F0E7012BEA
:1078F000EDD140680028EAD004F10C010830FFF710
:1079000091F9054660680830FFF748F9E9E708B5DE
:1079100090F835303BB9806820B1FEF76FFCB0FAC3
:1079200080F0400908BD012B06D140680028F9D03D
:107930000830FFF717F9F2E70020F3E708B590F8F1
:1079400035303BB9806820B1FEF750FEB0FA80F0C8
:10795000400908BD012B06D140680028F9D0083045
:10796000FFF726F9F2E70020F3E7FFFF38B50446FA
:10797000FFF7E4FF606838B1237F0C4A002524211B
:10798000D55404F039FD6560A56875B1237F084AB8
:10799000A86C0021D15410B1202104F02DFD5021FC
:1079A000284604F029FD0023A36038BDE80100202B
:1079B000EA01002010B50446FFF7D8FF204610BDAD
:1079C00001F10C0303608B6803B1203343604B6803
:1079D00083607047836823B11868003018BF0120A6
:1079E000704740680028FBD08068F6E7F0B585B0A6
:1079F00004460F46014601A81546FFF7E1FF204661
:107A0000FFF7E8FF064610B12046FFF797FF00F0AA
:107A100057F82A4601A900F01FF9054650B16777CB
:107A20002EB12046FFF74CFF2046FFF770FF284697
:107A300005B0F0BDDF23A377F2E7FFFF0028A8BF62
:107A400000F160404FEA0111AEBF00F5614000F067
:107A50000F00034BC9B2ACBF80F800131954704734
:107A600014ED00E000F1C0020A4B53F822106FF34E
:107A7000104143F8221000F01F024009800000F17D
:107A8000604000F5614001239340C0F880310360FD
:107A9000704700BF006000404309012200F01F0052
:107AA00002FA00F02033044A42F82300BFF34F8F5C
:107AB000BFF36F8F704700BF00E100E07047FFFF2A
:107AC00038B50A4D2B78BFF35B8F13F001040BD14F
:107AD000284604F093FC38B1054B28461C6004F09E
:107AE00099FC044801F01EFD014838BDF401002056
:107AF000F8010020BD7A00002AB9304BC0310122C4
:107B000043F821207047012A03D1C0312B4B0222B8
:107B1000F6E7022A03D1C031284B0322F0E7032AFB
:107B200003D1C031254B0422EAE7042A03D1C03136
:107B3000224B0522E4E7052A03D1C0311F4B062260
:107B4000DEE7062A03D1C0311C4B0722D8E7072AFB
:107B500003D1C031194B0822D2E7082A03D1C03122
:107B6000164B0922CCE7092A03D1C031134B0A2254
:107B7000C6E70A2A03D1C031104B0B22C0E70B2AFB
:107B800003D1C0310D4B0C22BAE70C2A03D1C0310E
:107B90000A4B0D22B4E70D2A03D1C031074B0E2248
:107BA000AEE70E2A03D1C031044B0F22A8E70F2AFB
:107BB000A8D1C031014B1022A2E700BF00600040F5
:107BC00032B91A4BC0315D2243F8212001207047A1
:107BD000012A05D1C031154B652043F82100F5E796
:107BE000022A03D1C031114B6D22EDE7032A03D1E4
:107BF000C0310E4B7522E7E7042A03D1C0310B4B8D
:107C00007D22E1E7052A03D1C031084B8522DBE75D
:107C1000062A03D1C031054B8D22D5E7072A03D1AF
:107C2000C031024B9522CFE7002070470060004032
:107C300032B9C031074B1E2243F821200120704782
:107C4000012A05D1C031034B212043F82100F5E77B
:107C50000020704700600040F8B50E4601681B4BDD
:107C60001F29054617469C682CD8336893F91220C3
:107C7000213201D00120F8BD7268403482B11A7CF3
:107C8000FFF79EFF0028F5D03268082353742B6855
:107C90009374A7B90E4A44F8232001332B60EAE716
:107CA000B2688AB11A7CFFF7C3FF0028E2D03268BD
:107CB000082353742B6893740FB9064AEBE744F812
:107CC0002370EAE70020D6E71046D4E700ED00E095
:107CD000C16600003D6D00002AB9064BC031362256
:107CE00043F821207047012AFCD1C031014B3B22CF
:107CF000F6E700BF006000402AB9064BC0313522CC
:107D000043F821207047012AFCD1C031014B3A22AF
:107D1000F6E700BF006000402AB9064BC0313722A9
:107D200043F821207047012AFCD1C031014B3C228D
:107D3000F6E700BF006000402AB9064BC031382288
:107D400043F821207047012AFCD1C031014B3D226C
:107D5000F6E700BF006000402AB90C4BC031992201
:107D600043F821207047012A03D1C031074B9F22DD
:107D7000F6E7022A03D1C031044BA422F0E7092A16
:107D8000F0D1C031014BA922EAE700BF00600040FA
:107D90002AB90C4BC031982243F821207047012AA0
:107DA00003D1C031074B9E22F6E7022A03D1C0312E
:107DB000044BA322F0E7092AF0D1C031014BA822DD
:107DC000EAE700BF006000402AB90C4BC0319A229C
:107DD00043F821207047012A03D1C031074BA0226C
:107DE000F6E7022A03D1C031044BA522F0E7092AA5
:107DF000F0D1C031014BAA22EAE700BF0060004089
:107E00002AB90C4BC0319B2243F821207047012A2C
:107E100003D1C031074BA122F6E7022A03D1C031BA
:107E2000044BA622F0E7092AF0D1C031014BAB2266
:107E3000EAE700BF006000402AB9064BC031AE221D
:107E400043F821207047012AFCD1C031014BB322F5
:107E5000F6E700BF006000402AB9064BC031AD22F2
:107E600043F821207047012AFCD1C031014BB222D6
:107E7000F6E700BF006000402AB9064BC031B122CE
:107E800043F821207047012AFCD1C031014BB622B2
:107E9000F6E700BF006000402AB9064BC031B022AF
:107EA00043F821207047012AFCD1C031014BB52293
:107EB000F6E700BF006000402DE9F84FB44B9F6823
:107EC00003681F2B0446154603D9002062B6BDE89F
:107ED000F88F403772B6012940F09080002AF4D024
:107EE0009368213340F08880036812681A441F2A7F
:107EF000EBD86A68DFF8B48247F82320C033332216
:107F000048F8232090F90000FFF7C6FD94F90030EF
:107F1000C0330C2158F823206FF3104248F8232077
:107F200094F90000FFF78AFD94F90000FFF79AFD2D
:107F30002368AB605A1C69682260C13347F822107D
:107F4000342248F8232094F90000FFF7A5FD94F9A6
:107F50000030C0330C2158F823206FF3104248F84A
:107F6000232094F90000FFF769FD94F90000FFF762
:107F700079FD236869685A1CC133226047F82210D2
:107F8000312248F8232094F90000FFF785FD94F989
:107F90000030C0330C2158F823206FF3104248F80A
:107FA000232094F90000FFF749FD94F90000FFF742
:107FB00059FD236869685A1CC133226047F82210B2
:107FC000322248F8232094F90000FFF765FD94F968
:107FD0000030C0330C2158F823206FF3104248F8CA
:107FE000232094F90000FFF729FD94F90000FFF722
:107FF00039FD236801332360012067E702290DD191
:10800000002A3FF462AF93682133F5D1006813680A
:1080100018441F288CBF0020012057E7032911D1E5
:10802000002A3FF452AF92F912302133E4D10E23EB
:1080300053740168574B917447F82130127CFFF755
:10804000F7FDD6E7042949D1002A3FF43EAF92F963
:108050000730213331D101680B1D202B3FF635AF9E
:108060000C264D4BD171967147F821301278FFF7ED
:1080700073FE0168494B0131016069722E7247F845
:1080800021302A78FFF7A0FE0168454B01310160DD
:1080900069712E7147F821302A78FFF779FE01685F
:1080A000404B01310160AE72E97247F821302A7805
:1080B000FFF7A6FE03680133036095F90700FFF799
:1080C000D1FC95F90900FFF7CDFC95F90500FFF704
:1080D000C9FC95F90B00FFF7C5FC8DE7002940F0BE
:1080E0009480002A3FF4F1AE137A3BBB126892F9F8
:1080F0000D3021331ED10C231373036853732A4AA6
:1081000047F82320C033294A262142F823102B6840
:10811000686893F90D101B7B01F160421B0102F5A9
:108120006142DBB282F80033214B43F8210023681F
:10813000013323602B6893F90D00CCE7012B39D173
:10814000126892F90F3021331ED10C239373036808
:10815000D373154A47F82320C033144A272142F825
:1081600023102B68686893F90F109B7B01F1604224
:108170001B0102F56142DBB282F800330C4B43F87D
:1081800021002368013323602B6893F90F00A2E7D5
:1081900000ED00E03D6D0000394E0000C1500000D0
:1081A000354F0000015100005956000000600040AA
:1081B00058010020022B7FF488AE126892F911302A
:1081C00021331ED10C23137403685374A84A47F853
:1081D0002320C033A74A282142F823102B6868685F
:1081E00093F911101B7C01F160421B0102F5614201
:1081F000DBB282F80033A04B43F82100236801333F
:1082000023602B6893F9110065E7052973D1002AD3
:108210003FF45BAE16680C23737396F90F3021336D
:1082200048D101680B1D202B3FF64FAEF173327819
:10823000DFF87882DFF84092FFF74EFD90F90030CA
:1082400008EB03024FF0C00A82F800A3016849F866
:10825000236001312B680160B1731A78FFF74CFD80
:1082600090F9003008EB030282F800A3016849F896
:10827000236001312B68016031741A78FFF74CFDDF
:1082800090F9003008EB030282F800A3016849F876
:10829000236001312B68016071741A78FFF74CFD7F
:1082A00090F90030984488F800A349F823600368E7
:1082B0000133036096F90F00704B47F8203096F9B0
:1082C0000E306F4A47F8232096F910306D4A47F870
:1082D000232096F911306C4A47F82320FFF7C2FBA0
:1082E00096F90E00FFF7BEFB96F91000FFF7BAFBF8
:1082F00096F91100EFE6062956D1002A3FF4E5ADC4
:1083000016680C23737396F90F30213341D101683D
:10831000CB1C202B3FF6D9AD5C4BF17347F82130D5
:108320003278DFF88881DFF85091FFF715FD90F97A
:10833000003008EB03024FF0C00A82F800A3016886
:1083400049F823600131524B0160B17347F8213085
:108350002B681A78FFF71CFD90F9003008EB030238
:1083600082F800A3016849F823600131494B01609C
:10837000317447F821302B681A78FFF725FD90F902
:108380000030984488F800A349F82360036801335B
:10839000036096F90F00FFF765FB96F90E00FFF7F3
:1083A00061FB96F9100096E607294CD1002A3FF4AC
:1083B0008CAD556840F60C432B8295F90D30213376
:1083C00020D101680B1D202B3FF67FAD69732A7801
:1083D000FFF782FC0168013101602A782973FFF7F9
:1083E0008BFC0168013101602A78A973FFF794FCC6
:1083F0000168013101602A78E973FFF79DFC036889
:108400000133036095F90D00234B47F8203095F9AF
:108410000C30224A47F8232095F90E30204A47F8BD
:10842000232095F90F301F4A47F82320FFF71AFB46
:1084300095F90C00FFF716FB95F90E00FFF712FBFC
:1084400095F90F0047E6082932D1002A3FF43DADE7
:1084500092F9023021337FF4CFAD0C2353700168C1
:10846000114B917047F821301278FFF745FBC0E5BA
:10847000C156000000600040580100209D5E0000D1
:10848000615D0000895F00004D600000CD53000079
:10849000AD530000695500007559000055580000A3
:1084A000195A0000AD5A00009161000000E100E09F
:1084B000092978D1002A3FF408AD566896F90230B0
:1084C000213365D101680B1D202B3FF6FEAC92F8DD
:1084D00008A0AC4BD2F80090B1704FF0060B86F8B4
:1084E00006B0524647F82130FFF7A6FCA64D96F994
:1084F0000220B379DFF8BC82A9181B01DBB281F836
:1085000000330168A14B48F82290013101605246C6
:10851000717086F805B047F82130FFF79DFC96F999
:1085200001207379A9181B01DBB281F800330168BF
:10853000974B48F82290013101605246317186F81C
:1085400008B047F82130FFF7A7FC96F90420337AEA
:10855000A9181B01DBB281F8003301688D4B48F884
:108560002290013101605246F17086F807B047F859
:108570002130FFF781FC96F90320F37915441B01A4
:10858000DBB285F80033036848F8229001330360BA
:1085900096F90200FFF766FA96F90100FFF762FA12
:1085A00096F9040097E50A297CD1002A3FF48DACA6
:1085B000566896F90230213365D101680B1D202BD6
:1085C0003FF683AC92F808A0734BD2F80090B170DC
:1085D0004FF0060B86F806B0524647F82130FFF7F9
:1085E000BBFB694D96F90220B379DFF8C881A91861
:1085F0001B01DBB281F800330168684B48F8229018
:10860000013101605246717086F805B047F821309B
:10861000FFF7BEFB96F901207379A9181B01DBB2A5
:1086200081F8003301685E4B48F822900131016007
:108630005246317186F808B047F82130FFF7E0FB69
:1086400096F90420337AA9181B01DBB281F80033B4
:108650000168544B48F82290013101605246F17094
:1086600086F807B047F82130FFF7AEFB96F90320F4
:10867000F37915441B01DBB285F80033036848F831
:1086800022900133036096F90200FFF7EBF996F9A7
:108690000100FFF7E7F996F90400FFF7E3F996F90F
:1086A000030018E50B297FF410AC002A3FF40DAC51
:1086B000D2E900150C232B7595F91530213356D1CD
:1086C0000368DA1C202A3FF600AC374A6B7547F87E
:1086D00023202A6822B9C033344A4A2042F82300B2
:1086E00095F915002B7D324E00F1604202F5614292
:1086F0001B01DBB282F8003322682E4B43F82010B6
:10870000501C2060A87547F82060286820B9C13245
:1087100026484D2640F8226095F916602A7D06F11C
:10872000604000F561401201D2B280F80023226857
:1087300043F82610501C204E2060E87547F8206052
:10874000286820B9C13219484E2640F8226095F9B0
:1087500017602A7D06F16040120100F56140D2B237
:1087600080F8002343F8261023680133236095F92D
:108770001500FFF777F995F91600FFF773F995F9EA
:108780001700A8E42D43000000E100E09142000042
:10879000D9440000F9430000B95100002152000003
:1087A000D152000095520000E168000000600040D6
:1087B000B569000058010020C56A000008B53C22D8
:1087C0000021024804F043FC08BD00BFFC0100206A
:1087D00070B50024064D264655F8240020B12C2102
:1087E00003F00AFE45F8246001340F2CF4D170BD6B
:1087F000FC0100200020704701207047036840F210
:1088000013421B6A1847D0F82C322BB1D0F828320B
:10881000184490F8240070474FF0FF30704713B5AC
:10882000044690F8A8048DF8071070B1002384F86E
:108830003C3401220DF1070104F58860FBF7BAFE14
:1088400094F83C34002BFBD0012002B010BD002373
:10885000C0F82432C0F82832C0F82C32C0F83034C6
:10886000C0F83434C0F8383400F58860FBF718BF1E
:10887000036813B962B6BFF36F8F70470268204B6D
:1088800053F8223013B54BB10279042A08D0802A5C
:1088900001D0022A02D1012283F83C2402B010BD8B
:1088A000D3F82C22B2F5007FF8D0007AEFF31082D3
:1088B00000920122019272B6019A013A511C1AD01B
:1088C000D3F82C12B1F5007F02F1FF3411D0D3F8A8
:1088D0002412194481F82400D3F824120131C1F381
:1088E0000801C3F82412D3F82C120131C3F82C125A
:1088F000E3E72246E2E768460192FFF7B9FFCDE7DA
:108900003802002013B5EFF3108300930123019385
:1089100072B6019B5A1E0192E3B1D0F82C32B3B16A
:10892000D0F82832034493F82440D0F82832013399
:10893000C3F30803C0F82832D0F82C32013BC0F84A
:108940002C326846FFF794FF204602B010BD4FF06E
:10895000FF34F6E76846FFF78BFF4FF0FF34F3E78D
:1089600038B5044600254FF47A70C4E90150A3617C
:108970001648049BE361C4E90412206029464FF4C1
:10898000007204F1240004F062FBC4F824524FF496
:108990000072C4F828522946C4F82C5204F50C7011
:1089A00004F055FBDF23C4F8305484F8A854C4F80D
:1089B000345484F87734C4F8385484F8793484F81B
:1089C000753484F87B34204638BD00BFD4D4000011
:1089D00010B50C46FFF774F822460421BDE810409C
:1089E000FFF76ABAF0B50369002B85B0044602DAD6
:1089F000002005B0F0BD4269002AF9DB8B42F7DAAE
:108A00008A42F5DAD9B20022684602AE03F084FC4D
:108A10000122217D304603F07FFC00223DF81250F8
:108A20000021AB11002D45D036F81200002841D0AE
:108A300036F8110083EA9017FF063BD103F01F03BD
:108A400023620028D4D0092BD2DC15F4F04F23691F
:108A50001C4E0CBF4FF080624FF0A06236F833100E
:108A600010F4F04F42F4803217480CBF4FF080658D
:108A70004FF0A065FCF74CFE6369134836F83310DD
:108A800045F480352A46FCF743FEA3695A1C0FD0F3
:108A9000E26901320CD036F833100B482A46FCF755
:108AA00037FEE369084836F833102A46FCF730FEF3
:108AB00001209EE701310329B4D10132032AADD14F
:108AC00096E700BFACD300002C1300202DE9F04145
:108AD00004460E461546FBF72FFB01462046FFF7DE
:108AE00081FF84F8A804002800F0BD8094F8911458
:108AF0005E4B226A6FF3010184F89114192143F847
:108B00002240A4F8921494F89034012184F895142A
:108B10000F2103F0E70384F89C144FF6FF7143F034
:108B20004003A4F89E14A1696FF3820384F8903483
:108B300004F592670023013184F8943484F8963464
:108B4000C4F8987484F8A03405D0E16901311CBFE1
:108B5000082184F8A01484F8702404F29442C4F824
:108B60008C2440F213424FF6FF71954284F8A234F0
:108B700084F8A334A4F8A414C4F88834C4F8803466
:108B8000C4F87C343ED02DD840F21142954248D0F2
:108B900040F2124295424AD0354BC4F8843404F571
:108BA0008E6841462046FFF713FF94F8A83418401A
:108BB00084F8A80401213B4640F6B8323046FCF761
:108BC00049F894F8931429B93B4640F6B832304638
:108BD000FCF740F804F5886541462846FBF7EEFDB2
:108BE00078B3FEE740F23242954225D040F233425C
:108BF00095420FD040F231439D42CDD1022384F8FB
:108C000071340AE0022284F8712484F8723484F802
:108C10007334C1E7022284F8712484F8723401238A
:108C2000F5E7022284F8712484F87224EFE7022227
:108C300084F871240322F7E7022384F871340323B4
:108C4000EBE739462846FBF709FD00B1FEE7C4F81B
:108C50002402C4F82802C4F82C02C4F83004C4F872
:108C60003404C4F83804BDE8F08100BF38020020A5
:108C70007D88000013B5EFF3108300930123019367
:108C800072B6019B5A1E01923BB1D0F80842684669
:108C9000FFF7EEFD204602B010BD6846FFF7E8FD85
:108CA0004FF0FF34F6E708B52430FFF7E3FF08BDC7
:108CB00010B500F50C742046FFF7DCFF0028FAD150
:108CC00010BDFFFF07B54FF0FF33009307220621C9
:108CD0000248FFF745FE03B05DF804FB6002002088
:108CE00007B54FF0FF3300930B220C210248FFF72A
:108CF00037FE03B05DF804FB0C0700200148FEF7C7
:108D00001DBD00BFB80B00200148FEF753BE00BFD9
:108D1000B80B0020F8B5094F054600240126AA6CBF
:108D200006FA04F3134205D007EB440261B2284669
:108D3000FEF756F801341D2CF1D1F8BDFC0B0020D4
:108D4000837870B5044683B90E4D2A68AAB10388AA
:108D50003BB90D48FFF7DEFF2B682078BDE8704077
:108D60001847012BF8D10948F4E7012B05D00A2B4D
:108D700004D1074B1B68002BEFD170BD0B2BFCD12E
:108D8000044BF7E7F00B0020380C0020940C002077
:108D9000F40B0020F80B0020F0B5044685B0002845
:108DA00043D0002380F83230C1F38415836C01274F
:108DB00007FA05F21343836400F13001FEF7E4F88B
:108DC00004AE04F148012046FEF712F82046FDF7F4
:108DD000F9FF06F8047D9DF80C30012B04D13146D3
:108DE0002046FDF7F5FFF6E70DF10E022946204675
:108DF000FDF7F6FF0E4BBDF80E0093F83330052B50
:108E00009CBF0C4AD2560C4B1B684FF0010101FA73
:108E100003F388BF00220093002301FA02F21946EF
:108E200000F082F980B205B0F0BD4FF0FF30FAE7F4
:108E3000380C002000D500000000002013B50A22E5
:108E40000C46C1B2684603F067FABDF800205AB17B
:108E5000064B074902F4F040B0F5006F0CBF18460E
:108E60000846228002B010BD1046FAE7940C00209C
:108E7000380C0020F0B5012680F82560C0E90F23EA
:108E8000022600F12403002540F60C4780F82660F6
:108E90000186DF26032143644FF4C05380F8245039
:108EA00080F8275080F8285080F8295080F82A60F0
:108EB00080F82B60878580F8325080F8331080F876
:108EC000345080F8355080F8366080F83760078776
:108ED000C0E91255C0E91455A0F85850A0F85A300E
:108EE000F0BD10B50446406D10B1142103F084FAB2
:108EF000204610BD37B502A9002321F8023D0546E2
:108F0000FFF79CFF074B04464FF4004133F8350050
:108F100000F04CFBBDF806102046FFF73DFF03B004
:108F200030BD00BFACD30000042838B598BF104B4B
:108F3000104C98BF1D5CA36888BF002513B1204664
:108F4000FEF742F90C4984F828500C4CA1F130008E
:108F5000FEF71AF8A36813B12046FEF735F9084961
:108F600084F82850A1F13000BDE83840FEF70CB875
:108F700006D50000380C0020680C0020940C00205E
:108F8000C40C0020FFFFFFFF2DE9F04D3C4B93F890
:108F90002830192B2DED028B6BD057D8012B62D0C6
:108FA000022B63D0374CD4ED007AF5EE407AF1EE27
:108FB00010FA48D10020FFF7B7FF052000F006FBAC
:108FC0000FF2B40BDBE900AB9FED2F8ADFF8C08016
:108FD0000A251620FFF78EFF07EE900AF8EEE77AD3
:108FE00067EE887A17EE900A03F096FB52465B46CE
:108FF00003F0EAFBD8F800300646012098400F46FF
:1090000003F078FB02460B463046394603F006FD76
:10901000064620680F4603F07FFB02460B463046AB
:10902000394603F01BFA03F0E1FD013D07EE900A1B
:109030002060CED1F2EE046A87EEA67A052084ED98
:10904000007AFFF771FF94ED000A08E01D2B04D0B1
:109050001F2BA7D1B0EE040A01E0B0EE000ABDEC70
:10906000028BBDE8F08D9FED090AF8E79FED060A37
:10907000F5E7B7EE080AF2E7295C8FC2F5A82040B1
:10908000380C0020F00C00203D0AB73F0000C07FE4
:109090000000002030B5094B53F8144B00218C42DE
:1090A00007D053F8042F92F82450A84202D001317F
:1090B000F5E7002202F1080030BD00BFF40C0020EB
:1090C00038B50E4C0E4D0F48002322461946FFF7C7
:1090D000D1FE002301210C48FFF7CCFE28460024D6
:1090E000214640F8044B142203F0B1FF50222146E0
:1090F00005F1180003F0ABFF38BD00BF418D000043
:10910000F40C0020380C0020940C002008B5044812
:10911000FFF7E7FE0348BDE80840FFF7E2BE00BFE7
:10912000940C0020380C002010B5029C401AE41A60
:109130006043521A90FBF2F0184410BD2DE9F04F35
:10914000027D012A85B005460F4640F09780002138
:109150004FF0FF3B04460B465E4694F804C048B20D
:10916000BCF1000F7CD194F805C0BCF1000F77D1A1
:10917000B6F1FF3F1BBF01335BB201233046934280
:1091800001DD1A4683460131082904F1020465D144
:10919000002402EB0B03A1460293CB4502DC029BA9
:1091A0004B4560DC6E7995F804A04FEA26180AF06A
:1091B0000F035FFA88F25FEA2A1A019206F00F069F
:1091C00077D05FFA8AF1BAF1090FCABF573130314F
:1091D00049B23846039300F0D3F8039B0444092BAB
:1091E0008ABF03F1570103F1300149B238460393B6
:1091F00000F0C6F80444BAF1000F04D1039B13B980
:10920000B8F1000F0DD0019BB8F1090FD4BF03F1E5
:10921000300803F157084FFA88F1384600F0B0F8EB
:109220000444092E8ABF573606F1300171B2384620
:1092300000F0A6F8B9F1070F044404D03A213846EB
:1092400000F09EF8044409F10109B9F1080F05F195
:109250000205A2D1204605B0BDE8F08F06467CE7A6
:109260004FF0FF308FE7CB45EDD1BBF1000FE5D1DB
:109270003A21384600F084F80444DFE700F1100694
:1092800000F11309002416F8011B0A22384600F0E9
:10929000A6F82E218046384600F072F8B1454044C9
:1092A0000444F0D10A22E97C384600F098F80444DE
:1092B000D0E7002B93D1A3E710B5054B036004461C
:1092C000017510220021043003F0C1FE204610BDBC
:1092D00014D50000F8B50F461D460021084B036069
:1092E0000446164601751022043003F0B0FE9DF8C6
:1092F000183027746674A574E3742046F8BD00BF67
:1093000014D5000007B501210648FFF7D5FF00235B
:1093100000931A4619460448FFF7DCFF03B05DF8D6
:1093200004FB00BF5C0D0020740D00202DE9F0410E
:1093300006460D4601EB02080C464445A4EB050722
:1093400007D0336814F8011B1B6830469847002883
:10935000F3D13846BDE8F08170B50368044608468D
:109360000D465E6803F078FF2946024633462046E4
:10937000BDE87040184709B1FFF7EEBF08467047D7
:109380000368C9B21B68184770B58AB00E460AA9AF
:10939000002301F8043D012A98BF0A22B6FBF2F52A
:1093A00002FB1564E3B264B2092CD4BF3033373307
:1093B0005BB22E4601F8013D002DEFD1FFF7DBFF38
:1093C0000AB070BD10B42AB903685DF8044B1B687D
:1093D000C9B21847D2B25DF8044BFFF7D5BFFFF70B
:1093E000F1BFFFFF0F4B10494AF20252A3F8FE23D0
:1093F0000E4A11604FF42542A3F8FE2303F5E4233F
:109400001A886FF304121A80BFF34F8F0849094B73
:10941000CA6802F4E0621343CB60BFF34F8F00BF12
:10942000FDE700BF00E001403581730700E5014022
:1094300000ED00E00400FA0573B50025044680F84D
:1094400030500D2268460E4602F066FFBDF800302F
:109450006363C3F3841203F4F043B3F5006F84F83D
:1094600038602574E5746574A574657522750CD033
:1094700004F11003A361064BE361064B2362064B24
:109480006362064BA362064BE362204602B070BDE6
:109490003967000031680000C1670000CD67000037
:1094A000FD67000000210148FFF7C6BF8C0D0020BA
:1094B000042911D8DFE801F0030C0A030E00002292
:1094C000064B33F830100020FCF722B91022F7E7E2
:1094D0000422F5E78422F3E7704700BFACD3000015
:1094E000044B0A1C18BF012233F830100020FCF78F
:1094F000FDB800BFACD30000EFF31080012383F36D
:109500001088064B196819B9054AD1704021D170ED
:109510001A6801321A6080F31088704754010020E5
:10952000000D044000207047174A002310B59380B7
:1095300072B61649164A17480A601958D1500433B2
:10954000402BFAD1144C002302F140011859C850A5
:109550000433802BFAD1114B9A60BFF34F8F62B660
:10956000FFF7CAFFFAF7F4FDFFF70EFD02F08EFEDB
:109570004FF4E1310A4802F01CFC00F039F8FAF728
:10958000BFFDFAF7C1FDFCE7000D0040C80D00204B
:10959000007F0020004000004040000000ED00E09F
:1095A0006C12002008B5FFF7BFFFFFFF0A46014617
:1095B0000148FCF7ADB800BF2C130020024A136825
:1095C00001331360704700BF040E00200121FDF736
:1095D0002BBF704738B5054C2568054423689D426C
:1095E00002D9FFF7F6FFF9E738BD00BF040E0020EF
:1095F00030B5164B164C196A164B87B001220393EF
:109600000323CDE901230025134B04951B68C1F307
:1096100002608340C1F30221CB4020464FF4FA514F
:10962000B3FBF1F3294600932B46FEF793F82A4645
:1096300008212046FEF7DAF92046FEF741F92046D8
:1096400007B0BDE83040FEF762B900BF00E001405E
:10965000CC0D0020BD950000E40100200148FEF77C
:109660006DB800BFCC0D00200148FEF7A3B900BFC4
:10967000CC0D002070B500F110050446284600F01E
:109680001DFE3F2815D9E178002001F0A3F880B134
:10969000284600F013FE3F28E17807D904F50A7246
:1096A00040230020BDE8704001F0B0B8002001F078
:1096B0009FF8002070BDFFFF10B5044600F04EFF7C
:1096C00008B9002010BD00F051FF0028F9D1044B6B
:1096D0004FF42A7202FB0434207900F00100F1E714
:1096E000080E002008B5044A4FF42A7303FB00203B
:1096F000103000F0BBFD08BD080E002070B54FF41F
:109700002A730A4C58434FF6FE764FF6FF7325181E
:10971000B24288BF1A46103092B2204400F0EFFDEA
:1097200004462846FFF7A6FF204670BD080E00201D
:10973000034A4FF42A7303FB0020103000F0F2BDFF
:10974000080E00202DE9F041054600F007FF10B992
:109750000020BDE8F08100F009FF07460028F7D19E
:109760004FF42A746C43174D04F11C062E44304606
:1097700000F07CFD0028EBD005EB0408384698F893
:10978000021001F027F80028E2D004F51A742544ED
:1097900029464022304600F0B2FD98F802100446F7
:1097A00058B103462A46384601F030F838B9064B1E
:1097B0001B68DB07CCD500BECBE701F019F82046CB
:1097C000C7E700BF080E0020F0ED00E00E4B70B5BB
:1097D0004FF42A7404FB003405464FF6FF734FF62E
:1097E000FE70824288BF1A461C3492B2204600F0B6
:1097F000C0FD0646204600F039FD3F2802D9284624
:10980000FFF7A0FF304670BD080E002008B5044ADF
:109810004FF42A7303FB00201C3000F04FFD08BDFD
:10982000080E002013B5134C4FF42A720021204675
:1098300003F00DFCFF2363714FF4E133A3600822B2
:109840000023A381A273009304F1280101234FF4A4
:10985000807204F1100000F0F2FC012300934FF439
:10986000807204F5947104F11C0000F0E8FC02B071
:1098700010BD00BF080E002010B50A4C00210522C3
:10988000204603F0E4FB04F110001C3400F077FDE7
:10989000204600F074FD20460121BDE8104000F094
:1098A00073BD00BF080E0020F7B54B79022B0746A9
:1098B00003D00024204603B0F0BD8B79022BF8D1F1
:1098C0001F4EB3787BBB8B7833700D7809240D4421
:1098D00003E02B781C44A4B21D446B78242B1BD1CD
:1098E0009442F6D96B78042B12D16B790A2B0FD1E5
:1098F000144B2E7801930133009302231A46A919C1
:10990000384600F033FF70B10E3416FA84F4A4B276
:109910000B48FFF7AFFECDE7052BE3D129463846CC
:1099200000F000FF28B9084B1B68DB07C1D500BE5B
:10993000BFE7AB7873702B781C44A4B21D44D1E709
:10994000080E00200A0E0020F0ED00E038B50B46AE
:109950001146127802F06002202A47D1244A8C88EE
:109960001578A54242D14C78203C032C3ED8DFE844
:1099700004F002141731012B05D107231D4A01F011
:10998000DBFA012038BD032BFBD11B4B002BF8D099
:109990001849002002F000FBF3E7012BF1D1ECE7BE
:1099A000012B02D101F0B0FAEBE7032BE9D14C888F
:1099B0001471E14301F00101104800F0E5FC104B87
:1099C000002BDED0C4F3400204F00101002002F0BD
:1099D000CFFAD6E7012BE5D0032BD2D1094B002BD0
:1099E000CFD049880020AFF30080CAE70020C9E744
:1099F000080E0020100E002099BF0000240E002049
:109A000071BF0000000000002DE9F0471C46374BF5
:109A1000DA788A4280460F461D4607D09B788B42F3
:109A200059D1AB78BB4234D001245BE003F50A7115
:109A300003F11000A2B200F09CFC2D4B2BB92D4B72
:109A4000FBB92A48FFF716FEEBE795F9053001331D
:109A5000F5D005F2272606EB0409A6F2172A4E4593
:109A6000EDD095F9052016F8013F9A42F7D15046FE
:109A700000F00CFC0028F2D195F90510AFF300803E
:109A8000EDE71D4800F002FC0028DAD1AFF30080BA
:109A9000D7E71A4B13B10020AFF300800020FFF787
:109AA00051FE0028C0D1164800F0E0FB0028BBD1D1
:109AB000002CB9D014F03F06B6D1A978404600F08A
:109AC00089FE04460028AFD033463246A978404686
:109AD00000F09CFE06E00B4B1C6814F0010401D062
:109AE00000BE00242046BDE8F08700BF080E00201D
:109AF0000000000000000000180E00200000000020
:109B0000240E0020F0ED00E0704770478B79012BA8
:109B10000AD1CB79012B07D10B78CA185278212AA8
:109B200004D1C85C09307047002070470920704795
:109B3000012973B5064614462AD1137803F01F0590
:109B4000012D11D113F0600308D152780B2A0BD1EB
:109B5000214601F0D9F9284602B070BD202B03D16F
:109B600053781BB1032B07D00025F4E7114601F011
:109B7000CBF902F0C7F9EEE706220021684603F0B0
:109B800066FA06236A462146304601F0D5F9E2E737
:109B90000125E0E78C220021014803F058BA00BFFC
:109BA000B01000200020FFF7F5BFFFFF2DE9F743BD
:109BB0000E4607467379032B114604D00024204635
:109BC00003B0BDE8F0833279C2EBC2041234A4B210
:109BD0008C4205D9234B1B68DA07EFD500BEEDE7B1
:109BE000214D95F801E0A846BEF1000FF2D196F89C
:109BF00000C006EB0C0191F80190B9F1210FE9D1F9
:109C0000C5F8881016F80CC005F1010E0235CDF824
:109C100004E00095614400F0A9FD0028DAD0B37992
:109C200098F80210012B04BFF37988F80330012360
:109C300088F80430B37888F80030D8F88830B3F862
:109C40000730A8F806300029B9D04023074A384623
:109C500000F0DCFD0028B2D1024B1B68DB07AED55B
:109C600000BEACE7F0ED00E0B0100020F8100020DE
:109C700013782DE9F341154603F01F02012A064629
:109C80000C4601D000246DE0DFF8C081AA8898F866
:109C90000010D2B291424746F4D113F060031FD0B6
:109CA000202BEFD16B78013B0A2BEBD801A252F8A5
:109CB00023F000BF279D0000EF9D0000FB9D0000EA
:109CC000859C0000859C0000859C0000859C000010
:109CD000859C0000819D0000CB9D0000079E000038
:109CE000012C01D001243DE06A78062ACAD16A8895
:109CF000120A212A0AD1D8F88820002AC2D0137863
:109D0000294602B0BDE8F04101F016B9222AB9D1C6
:109D1000184602F0A5F9B8F8063002462946304642
:109D200001F00AF91EE0012CDCD1EB886988402B98
:109D30004FEA1122184628BF402011F0FF0115D02C
:109D4000012B13D90138384B397280B200900020B2
:109D500002F0DEFA0444A4B25CB9344B1B68DB07A2
:109D600090D500BE204602B0BDE8F0810024304B03
:109D7000ECE723462E4A2946304601F0DDF8B1E7EC
:109D8000012C05D1EB88402B3FF67CAF294AC5E773
:109D9000032CA7D1EB886988402B4FEA1122184683
:109DA00028BF402011F0FF010DD0012B0BD997F8EF
:109DB00048308B4207D101381F4B80B20090002001
:109DC00002F0A8FA8EE71B4BF8E7012C8AD16988CC
:109DD0001A4B090A79712BB10020AFF300800028DB
:109DE0003FF450AF2946304601F08EF87AE7012C57
:109DF0007FF478AF2346124A90E7012C7FF472AFCC
:109E00002346104A8AE7012CECD0032C7FF46AAF7A
:109E100069880D4BC9B23971002B3FF463AF002044
:109E2000AFF300805EE700BFB9100020F0ED00E066
:109E3000B8100020F8100020F910002000000000E9
:109E4000B5100020B410002000000000B010002069
:109E500037B51A4CA2788A420546607813D08842FA
:109E60000AD1174A12B9012003B030BD9AB2154980
:109E70000020AFF30080F6E7134B1B68DB0700D52B
:109E800000BE0020F0E79042EBD000229BB21146CA
:109E90001046009304F1480302F03CFA402304F119
:109EA0004802A178284600F0B1FC0028DBD1064B1F
:109EB0001B68DA07E5D500BED6E700BFB01000206A
:109EC00000000000B8100020F0ED00E00A4492B25B
:109ED00091424FEA400001D8824201DB121A92B24D
:109EE0001046704738B50D46D41A8188A4B29A42FC
:109EF0003CBF04EB4104A4B2BCB1A14205D29142E3
:109F000094BF531A8B189BB2438199420AD9C288D5
:109F10000168C2F30E0202FB0311284603F08CF81D
:109F2000012038BD5B1A9BB2EFE72046F9E7F7B591
:109F30000446900803460D464FF6FF76013B9BB260
:109F4000B3420ED112F0030201EB800107D002A848
:109F5000002340F8043D03F06FF8019B236003B039
:109F6000F0BD55F8047B2760E8E72DE9F3470F467D
:109F7000BDF8281084885E1AB6B28B423CBF06EB4F
:109F80004406B6B280466EB3B44206D29C4294BF39
:109F9000191BE11889B241812646964228BF164610
:109FA0008C4223D9B8F80630D8F80050C3F30E031A
:109FB000641A9AB2A4B202FB01559DF82C10A6EBCC
:109FC000040914FB03FA19FB03F901291FFA8AFAA1
:109FD0001FFA89F918D0A6420BD872432946384691
:109FE00003F02AF8304602B0BDE8F087091B89B2B9
:109FF000D6E752462946384603F01EF84A46D8F8B6
:10A00000001007EB0A00EBE7A64207D816FB03F2A5
:10A0100092B229463846FFF78AFFE3E72AF00304A5
:10A02000A4B2224629463846FFF781FF1AF0030AF8
:10A0300028D0CAF104039BB24B4505EB040102ACE6
:10A0400028BF4B460020A9EB030944F8040D1FFA72
:10A0500089F90A5C0255421C92450CD1D8F80010CF
:10A0600020440B44994208D1019B3B60B9F1000F99
:10A07000B8D04A46CEE71046EBE711F8012B00F8BE
:10A08000012FEFE7D8F80010F0E7F7B59408234662
:10A0900005464FF6FF76013B9BB2B3420CD112F05E
:10A0A000030200EB840005D00B6802A941F8043DCF
:10A0B00002F0C2FF03B0F0BD0F6845F8047BEAE789
:10A0C0002DE9F74F1446C2790589B0F804800F4690
:10A0D00041899B46D3090646ADB289B215D18D425E
:10A0E00036BFC1EB4801691A491989B2414536BFEB
:10A0F000A8EB0101002189B28C4228BF0C46002C3C
:10A1000050D1204603B0BDE8F08F44450CD3BBF1DD
:10A11000000F06D1C288A4EB0804C2F30E0202FBB2
:10A1200004770D464446EAE78D424FEA480036BFC1
:10A13000421A6A1A521992B222448242DFDBA8EB19
:10A14000040292B24046FFF7C1FE0546D7E7ACEBEA
:10A15000080C1FFA8CFCC445F9D2A8EB0C01F0885E
:10A16000336889B2C0F30E00A4EB010982B211FB7F
:10A1700000FA19FB00F9BBF1010F1FFA8AFA1FFA66
:10A1800089F902FB0C3819D08C420DD8624339464C
:10A19000404602F051FF22462946B088FFF796FE5E
:10A1A0003081AEE7AC46D6E752463946404602F02B
:10A1B00043FF4A4607EB0A013068EAE78C4207D8BA
:10A1C00014FB00F292B239464046FFF75EFFE2E729
:10A1D0002AF0030B1FFA8BFB5A4639464046FFF71D
:10A1E00054FF1AF0030A28D0CAF1040080B248458F
:10A1F00002AB28BF48463A6843F8042DA9EB000992
:10A20000D8441FFA89F90021CA5C08F801200131FD
:10A210008A45F9D19A4433680AEB00015A1E514528
:10A2200006D11844B9F1000FB5D04A463946CCE7FB
:10A230001AF801CB02F801CFF1E73068F2E7B2F586
:10A24000004F11D88280C288016063F30E029DF82E
:10A250000030C280C2F3072263F3C7120023438198
:10A26000C271038101207047002070470389428931
:10A2700081889BB292B2934236BFC2EB41029B1AD5
:10A280009B1898B2884228BF0846704702894389C4
:10A290009BB29B1A58425841704703894289818872
:10A2A00092B29BB2934236BFC2EB41029B1A9B18FB
:10A2B0009BB299428CBF002001207047828803899D
:10A2C00040899BB280B2834236BFC0EB4200181A6D
:10A2D000C01880B2824286BF101A80B20020704738
:10A2E00010B5028943890446FFF7FCFD61890346E6
:10A2F00082B2A088FFF7EAFD6081184610BD73B5F1
:10A30000038945890026CDE900560446FFF72DFE56
:10A31000618903460246A088FFF7D8FD6081184690
:10A3200002B070BD02894389FFF7DCBD70B50589B5
:10A3300004460E46ADB2FFF7B0FF10B1E079C00998
:10A3400013D0A2882B469A4210D9E2882068C2F323
:10A350000E0202FB0300314602F06EFE0122294686
:10A36000A088FFF7B3FD2081012070BD9B1A9BB22E
:10A37000E9E712B10023FFF7A3BE104670470023A0
:10A380004381038101207047C37961F3C713C3710F
:10A390000120704708B5034600890A46014698889F
:10A3A000FFF794FD188108BD08B5034640890A46A9
:10A3B00001469888FFF78AFD588108BD70B5058968
:10A3C00043898488ADB29BB29D4236BFC3EB440241
:10A3D000EA1A521992B2944206D2AC4294BF2B1B95
:10A3E00063199BB2438122462AB9C1E900228A60DF
:10A3F00070BD2D1BADB2AC42FBD99C420AD900689E
:10A40000AB4200EB03064E6007D200230A804B806C
:10A410008B60EDE71B1B9BB2EFE7E31A9BB2D21AEE
:10A420000B804A808860E3E770B50289448985889B
:10A4300092B2A4B2A24236BFC4EB4503131B9B18D1
:10A440009BB29D4202D9EB1A9BB233B90023C1E9FA
:10A4500000338B6070BD521B92B29542FBD9A5426E
:10A460000AD90068944200EB02064E6007D9A21A8E
:10A4700000230A804B80ECE7641BA4B2EFE7AA1A22
:10A4800092B29B1A0A804B808860E3E70A4B1B78E4
:10A49000834206D9094B1B6800EB400003EBC00068
:10A4A00070479A1C8242A1BFC01A054B182202FBBA
:10A4B0000030B8BF00207047401100203C11002040
:10A4C00018D5000070B5134D064600242B78E0B275
:10A4D0000233834210DA3B2200210F4802F0B7FD1D
:10A4E0001022FF210D4802F0B2FD1422FF210C487A
:10A4F000BDE8704002F0ABBDFFF7C8FF013428B9DA
:10A50000084B1B68DB0700D500BE70BD43683046B2
:10A510009847DBE740110020411100204411002042
:10A5200054110020F0ED00E070B50C4605461646CB
:10A53000086800F041FD2368324628460121BDE845
:10A5400070401847044B1B7810B1184600F062BFEA
:10A55000184600F075BF00BF14000020024B587869
:10A56000003018BF0120704741110020024B1878BD
:10A57000C0F38000704700BF41110020024B1878E3
:10A58000FF3818BF0120704714000020F8B51B4E9B
:10A590003278FF2A05461FD1194C1A483B22002168
:10A5A00002F055FD201DFFF7EAFE174B1C60174B0C
:10A5B00023B11748AFF30080164B1860144F0024E6
:10A5C0003B78E0B20233834208DA2846357000F067
:10A5D0005DFF284600F01EFF012009E0FFF756FF4F
:10A5E000013430B90C4B1B6813F0010304D000BEDA
:10A5F000F8BD03689847E3E71846F9E71400002020
:10A6000004000020411100207C1100200000000007
:10A61000401100203C110020F0ED00E0F0B543783F
:10A62000023B85B005460C46032B12D8DFE803F049
:10A63000026F242C374B1A786FF300021A701A78C5
:10A6400000216FF341021A7059701A7861F3820287
:10A650001A70314B1E6814B9336820469847294652
:10A66000301DFFF763FE054614B933680120984793
:10A67000002D46D005B0F0BD264B1A78D607F9D587
:10A680001A7842F00402E3E7224A1378D807F1D59A
:10A6900013786FF382031370DBE7FFF7F7FE20B147
:10A6A000436913B169682878984701363B78F0B25E
:10A6B00002338342F1DA174A13785907DAD513784F
:10A6C0006FF3820313700023CDF80630CDF80A3003
:10A6D000ADF80E302B788DF8043005238DF8053059
:10A6E0000D4B1D6814B92B682046984701A9281DF9
:10A6F000FFF71CFE064614B92B6801209847002E70
:10A70000B8D1064B1B68DB07B4D500BEB2E7002604
:10A71000034FCBE7411100207C110020F0ED00E059
:10A720004011002038B58B7803F07F03092B0C46CD
:10A7300006D90B4B1B68DB0700D500BE002038BDD7
:10A74000084B1D78084B2046997801F0EDFA002857
:10A75000EFD021462846BDE8384000F0E5BE00BFF6
:10A76000F0ED00E014000020411100202DE9F04739
:10A77000DDE9085680460C4691469A460027B945C1
:10A7800001DC01200CE06378052B04D1E17801F0B5
:10A790000301514508D00E4B1B68DA0702D4002094
:10A7A000BDE8F08700BEFAE721464046FFF7BAFF52
:10A7B00028B9074B1B68DB07F1D500BEF0E7A1788D
:10A7C000CB0914BF31702970237801371C44D6E7B8
:10A7D000F0ED00E0CB0901F07F00273303EB4003ED
:10A7E00002480021184401F077BA00BF411100204F
:10A7F000CB0901F07F00273303EB4003024800211F
:10A80000184401F080BA00BF4111002038B5154C42
:10A8100001F07F0504EB450404EBD1142034E0790A
:10A82000C00707D5104B1B68DA0701D4002038BDDC
:10A8300000BEFBE7E5790D4845F001050078E571BC
:10A8400000F058FF0028F2D1E37960F30003E371D0
:10A85000E37960F38203E371034B1B68DB07E5D503
:10A8600000BEE4E741110020F0ED00E014000020FC
:10A8700010B50C4C01F07F0204EB420404EBD11440
:10A880002034E3799B070BD4074B187800F056FF70
:10A89000E37943F00203E371E37943F00103E371E9
:10A8A00010BD00BF411100201400002010B50C4C59
:10A8B00001F07F0204EB420404EBD1142034E3796D
:10A8C0009B070BD5074B187800F064FFE3796FF313
:10A8D0004103E371E3796FF30003E37110BD00BF3F
:10A8E00041110020140000202DE9F04FBA4B1B78D5
:10A8F000FF2B89B000F09982B84B1D682C460020D0
:10A9000054F8043B9847204605A9FFF7E9FC2B685B
:10A91000044601209847002C00F087829DF81530EE
:10A92000013B072B00F2AE82DFE813F008001300B2
:10A93000AC028A0299021F005802A5029DF8140079
:10A94000FFF7C0FD00F030FBA54B9DF818209A7072
:10A95000D2E79DF81400FFF7B5FD00F025FBA14BF1
:10A96000002BC9D0AFF30080C6E79D4C9DF8145072
:10A97000237843F00103237094F827306FF300032A
:10A9800084F8273094F827306FF3820384F8273057
:10A9900094F828306FF3000384F8283094F82830B6
:10A9A0006FF3820384F82830002000F005FB9DF847
:10A9B000187007F06008B8F1600F0FD18A4B1B6860
:10A9C000DC0700D500BE9DF81400002100F0B6FEA3
:10A9D00080219DF8140000F0B1FE8DE7B8F1400F22
:10A9E0000DD182480028EED000F0E6FA06AA012137
:10A9F0002846AFF3008000287FF47EAFE3E707F03E
:10AA00001F07012F00F0938119D3022FD6D19DF893
:10AA10001C1001F07F06092ED0D804EB460606EB89
:10AA2000D116F07CFFF732FD8146B8F1000F00F03F
:10AA3000AA810028C7D006AA00F10C010FE0B8F1E6
:10AA4000200F10D19DF81C300F2BBCD81C44E0788F
:10AA5000FFF71CFD0028B6D006AA00F10C0128461D
:10AA6000FFF762FDC7E7B8F1000FA7D19DF81930D5
:10AA7000092BA3D801A252F823F000BF17AD0000A4
:10AA800005AD0000BDA90000F1AC0000BDA90000AB
:10AA9000A5AA000031AC0000BDA90000BFAA0000BB
:10AAA000D3AA000006A800F08DFA9DF81A102846D7
:10AAB00000F0E0FC237843F0020323701CE708AAAF
:10AAC000637802F80E3D012306A9284600F034FA07
:10AAD00012E79DF81A906378994531D063783BB1BD
:10AAE000284600F0EDFDA6782846FFF7EBFCA6709F
:10AAF000B9F1000F00F0968009F1FF30C0B201F00B
:10AB0000BDFA10B14378022B06D0374B1B68DF0724
:10AB10007FF554AF00BE51E7C2792378511161F33C
:10AB20000413921162F3451323704388C31800F194
:10AB300009060293029BB34209D82D4B002B6ED11C
:10AB400084F8019006A9284600F0DEF9D4E673786F
:10AB50000B2B03BF337896F80380F6184FF00108EB
:10AB60007378042BD1D1029B9B1B9BB203930023D0
:10AB70000193204B9DF804701B780233BB4225DB08
:10AB80003846FFF783FC83460028BED08368039ACB
:10AB9000314628469847082882463DD9039B834280
:10ABA0003AD3B8F1010F06D1DBF80820124B9A42D4
:10ABB00008BF4FF002080022D3B2434520D33146EC
:10ABC0003B4652460D4801F0DFF85644094B1B78CE
:10ABD00002339F42AEDD98E7140000207C11002074
:10ABE0004111002000000000F0ED00E00000000036
:10ABF0000000000040110020A9980000541100201E
:10AC0000B1780B44A34951FA83F30132D978FF2973
:10AC10007FF47BAFDF70CFE7019B0133A8E7AFF391
:10AC200000808DE79C4B002B8AD0AFF3008087E734
:10AC3000BDF81A00030A5A1EC0B20E2A3FF6C3AE70
:10AC400001A151F822F000BF85AC0000AFAC0000BC
:10AC5000CFAC0000C7A90000C7A90000E3AC00000A
:10AC6000AFAC0000C7A90000C7A90000C7A9000039
:10AC7000C7A90000C7A90000C7A90000C7A9000014
:10AC80008FAC000001F0E4F9122302460AE0834B86
:10AC9000002B3FF498AEAFF30080024600283FF44B
:10ACA0008DAE438806A9284600F046F9A3E6022B9C
:10ACB00006D101F0E3F900283FF480AE4388E4E7D1
:10ACC000774B002B3FF47FAEAFF30080F3E7BDF886
:10ACD0001C1001F08FFA024600283FF474AE03788E
:10ACE000E0E7704B002B3FF46EAEAFF30080F2E76D
:10ACF000BDF81A30012B7FF466AE237843F00803C9
:10AD000023701FE7BDF81A30012B7FF45CAE237867
:10AD10006FF3C303F4E72378C3F340129B0803F0F7
:10AD20000203134308AA22F80E3D0223CCE69DF845
:10AD30001C300F2B3FF647AE1C44E078FFF7A6FB14
:10AD400000283FF440AE00F10C0106AA2846FFF7A8
:10AD5000EBFB00287FF4D0AD9DF8183013F06004B1
:10AD60007FF431AE9DF819300A3B012B3FF62BAE34
:10AD700000F022F99DF819300A2B7FF4E3AE08AAFF
:10AD800002F80E4D9FE69DF81930012B03D01DD31C
:10AD9000032B7FF413AEBDF81A2022B9012B2846ED
:10ADA00019D1FFF783FDB9F1000F3FF4A5AD06AA55
:10ADB00009F10C012846FFF7B7FB002000F0FCF872
:10ADC00094F82830DE073FF597ADBBE696F82730BC
:10ADD000C3F34003A6E7FFF74BFDE4E79DF8181027
:10ADE0002C4B01F07F0403EB440303EBD11393F8E6
:10ADF00027006FF3000083F8270093F827006FF314
:10AE0000820083F827003CB9079B9DF819209DF824
:10AE1000140000F0E3F86FE5D87CFFF737FB38B992
:10AE2000214B1B68D80700D500BE09B0BDE8F08FE4
:10AE30000469079B9DF819209DF81400A0475BE565
:10AE4000144B1A78D1077FF557AD184A002A3FF402
:10AE500053AD1878C0F3C000AFF300804CE50D4B44
:10AE60001B78DA077FF548AD114B002B3FF444AD5A
:10AE7000AFF3008040E5069B002B3FF43DAD079803
:10AE8000984739E5084B1B68DB077FF535AD00BEF9
:10AE900032E500BF4111002000000000000000006A
:10AEA0000000000000000000F0ED00E000000000E5
:10AEB00000000000124B9989DA8970B58C1AA4B28F
:10AEC000054693F90000402C28BF4024002809DAE9
:10AED000914212D099680B48224602F0ADF88021C9
:10AEE000084A04E091424FF00001F9D100222346C4
:10AEF0002846BDE87040FFF789BC8021F6E700BF17
:10AF0000801100209411002030B40A4C05460A46F6
:10AF100008684968234603C30023C4E9023392F951
:10AF200000209A4228461A46ACBF8021194630BC00
:10AF3000FFF76CBC80110020F8B5194D0C46074690
:10AF400008684968AA602E4603C60021E981E188A5
:10AF50008B4228BF0B46AB8179B143B13AB9114B53
:10AF60001B68DA0701D40020F8BD00BEFBE73846B5
:10AF7000FFF7A0FF68B10120F6E794F90030002B3D
:10AF80000A460B463846ACBF80210021FFF73EFC45
:10AF9000F0E7044B1B68DB07E5D500BEE4E700BF24
:10AFA00080110020F0ED00E014220021014802F0A1
:10AFB0004EB800BF80110020014B1861704700BFE0
:10AFC000801100200146044A00684968134603C303
:10AFD0000023C2E9023370478011002070B52F4C66
:10AFE0001E462378C909B1EBD31F054616D03EB1E2
:10AFF0002B4B1B68DA0701D4002070BD00BEFBE7B5
:10B00000284B13B12146AFF3008023690BB901200F
:10B01000F3E7224A032128469847F8E794F90030DD
:10B02000002B06DBA0680028E6D032461E4902F05D
:10B0300003F8A368E28933443244A360E38892B200
:10B040009342E28101D03F2E24D823699BB994F921
:10B050000030002B4FF000031A46ACBF8021194688
:10B060002846FFF7D3FB0028D1D10D4B1B68DB0727
:10B07000C2D500BEC1E70221084A284698470146CA
:10B080000028E4D1284600F059FB8021284600F032
:10B0900055FBBCE72846FFF70DFFE4E780110020D1
:10B0A000F0ED00E0000000009411002030B50346F0
:10B0B0008518EC1A012C09D854086FF0010303FB22
:10B0C000042212B110F814300B7030BD33F8024B6B
:10B0D0000C80EEE7F0B585B00F4601A9154606468F
:10B0E000FFF76CF9BDF804400298AC4228BF2C462B
:10B0F0002D1B22463946ADB2FFF7D8FF55B1BDF83A
:10B10000063003989D4228BF1D462A46FFF7CEFF12
:10B110002C44A4B221463046FFF746F905B0F0BDF5
:10B120002DE9F843174BDC8881461F4634B91C7063
:10B130005C709C70DC700120BDE8F883B0F85E8024
:10B1400008F07F084445254628BF45464DB11E6896
:10B150005B7ADB0700F114012A4630460DD5FFF774
:10B16000B9FF454538BF4FF40043A4EB050438BF91
:10B17000A9F82230FC800020DEE72E44FFF796FF7E
:10B180003E60EEE7D411002070B50446BDF81050C3
:10B19000FAB14FF484602084208C8606FCD51748D1
:10B1A000467A858061F300064672C580EDB1036082
:10B1B000BAB1B4F86030DB0B03D0B4F854301B06DE
:10B1C0000CD40F4B186810F0010001D000BE002015
:10B1D00070BD0284208C8006FCD4E0E72046FFF797
:10B1E0009FFF0120A4F86000F2E705230570457079
:10B1F0008570C570A4F860300120E9E7D411002003
:10B20000F0ED00E02DE9F84F314E0C2303FB016314
:10B210000546B3F806800C46B8F1000F17D131B1DE
:10B2200001F1370235F812305904FBD404E0294B00
:10B230001B68D80700D500BE0C235C4332190023DD
:10B240003355012053709370D370BDE8F88F8BB2E3
:10B2500043F480620285A0F86430B0F86CA01FFA55
:10B260008AFA2B8D03F00F039C42FAD16B8D9A045E
:10B27000FCD5D045474628BF574687B14FF00C0B49
:10B280000BFB04FB06EB0B0305F1180153F8089BBD
:10B290005B78DB073A46484613D5FFF71BFF574557
:10B2A0003CBF4FF400436B8500232B85288D10F0A5
:10B2B0000F00FBD10C2303FB0464A8EB0707E78016
:10B2C000C3E7B944FFF7F2FE46F80B90E7E700BF8B
:10B2D000D4110020F0ED00E02DE9F843DFF8D4C0F0
:10B2E000BDF82050D7098E4602F07F020CEB071103
:10B2F0000A44044692F8781041B92D4B186810F0B2
:10B30000010001D000BE0846BDE8F8830C224A4384
:10B310000CEB02064CF8023096F80990B5806EF3FB
:10B32000000986F80990F580BFB11DB1FFF76AFFEB
:10B330000120E9E78BB20385238D03F00F039942C7
:10B34000FAD1638D9E04FCD54FF40043638500233E
:10B350002385238D1D07FCD1EAE74B1E042BE7D87C
:10B3600001F1230610EB8603E2D08AB200EB410123
:10B37000A0F86420B0F86C20B1F86E00800718BF08
:10B38000A1F86E7014F82600002004F8260092B28E
:10B390005878154401205870013D95FBF2F55D8009
:10B3A0005A7842F002025A70A1F86E00ACE700BF72
:10B3B000F0ED00E0D41100207FB50E4601A914463F
:10B3C0000546FFF731F8BDF80410029AA14228BFE4
:10B3D00021460B4613F1FF3313D2641AA4B25CB1B9
:10B3E000BDF80620944228BF1446039A234613F161
:10B3F000FF330AD2214489B22846FEF7CBFF04B0BE
:10B4000070BD307802F8010BE4E7307802F8010BE8
:10B41000EDE7FFFF084B03EBC000426853B2002B7F
:10B4200008DB012102F01F0201FA02F25B09034965
:10B4300041F82320704700BF1800002000E100E021
:10B440000A4B03EBC000426853B2002B0DDB012115
:10B450005B0902F01F0201FA02F22033044941F8AD
:10B460002320BFF34F8FBFF36F8F7047180000206A
:10B4700000E100E07047FFFF034B53F830201388D2
:10B4800043F01003138070471800002038B51F4C9C
:10B490001F4B626853F8303000F10B050121A940C1
:10B4A00022EA010262601A8842F480621A801A88D5
:10B4B0005205FCD51A886FF345121A801A886FF36B
:10B4C00086121A801A8842F001021A800522C3F8F7
:10B4D000F020D3F800246FF30412C3F80024B3F86B
:10B4E0005E20402161F30602A3F85E200022A3F84B
:10B4F00040204FF45D421A8601225A87DA86B3F85B
:10B5000040301B0601D5FFF7B7FF38BDFC6F044084
:10B5100018000020034B53F830301A886FF30412E0
:10B520001A807047180000202DE9F84FCE78B1F846
:10B5300004A006F00306012E8046CAF30A0A04D1CD
:10B54000BAF5807F06D9002060E0022E04D067D8CB
:10B55000012E70D13F4B0CE03E4B93F82C20002A7B
:10B5600056D093F83820002A54D093F84420002A6B
:10B5700052D01A7D002A51D093F82030002B5AD196
:10B5800002248978344B334A53F838704FEAD11982
:10B590004FEA09150C2303FB042301F07F0B2A4417
:10B5A0005A441972404682F87840FFF749FFA3B227
:10B5B00007EB4402A7F864304FF44073A7F86CA07F
:10B5C000022EA2F86E304FF00003A2F86E3045EA6A
:10B5D0000B0337D143F485439BB2A7F868300123AE
:10B5E00003FA04F4A4B284F4FF715940A7F846109A
:10B5F000F98E0C43FC86B9F1000F01D1022E01D067
:10B60000A2F86E304046FFF705FF0120BDE8F88F35
:10B610000324B6E70424B4E70524B2E70124B0E725
:10B620000C4B06240C2202FB0430007A0028A8D020
:10B6300001340A2CF7D1094B186810F00100E5D04D
:10B6400000BE80E7032E0CBF43F4004343F44243A3
:10B65000C2E700BFD411002018000020F0ED00E088
:10B66000154B70B553F83050144BE88E01F07F063F
:10B67000C90909015A183244012492F878209440EB
:10B6800020EA0400E8869AB102F1370405EB44048D
:10B690000020208094B2A5F864400C2404FB023200
:10B6A0000B443344A5F8680083F87800107270BD2D
:10B6B00005F16004ECE700BF18000020D411002061
:10B6C000F8B50546FFF7BCFE094E0A240C27013CDD
:10B6D00004D12846BDE8F840FFF79CBE07FB046391
:10B6E000197A0029F3D02846FFF7BAFFEFE700BF29
:10B6F000D41100202DE9F34198460F4B0C46174614
:10B7000053F830600546FFF79BFE14F07F01CDF83B
:10B7100000803B4622460AD13046FFF735FD0446FD
:10B720002846FFF777FE204602B0BDE8F0810021F1
:10B730003046FFF7D1FDF2E71800002038B5134B73
:10B7400011F07F02054653F830401BD0CB09104959
:10B7500001EB0311114491F878309BB1373304EBBE
:10B7600043048CB12846FFF76BFE238803F00303E4
:10B7700043F002032380022323802846BDE838409B
:10B78000FFF748BE6034ECE738BD00BF180000206A
:10B79000D41100201A4B2DE9F04111F07F08074623
:10B7A0000E4653F8305016D0164ACB0902EB03135D
:10B7B000434493F8784074B1373405EB4404ECB15A
:10B7C0003846FFF73DFE4FF480732380F30905D020
:10B7D000012323800DE005F16004F0E7094B4344A9
:10B7E00093F87830A5F86430B5F868309B0B012BDE
:10B7F000EED13846BDE8F041FFF70CBEBDE8F08160
:10B8000018000020D4110020C14A2DE9F04F52F851
:10B810003040B4F84070BFB2FB4363F478439BB24E
:10B8200017F4004F8BB00546A4F84030904606D080
:10B83000B4F840301E0640F1AB80FFF71DFE7804DF
:10B8400013D500260523012107A88DF81D30CDF85A
:10B850001E60CDF82260ADF826608DF81C50FEF712
:10B86000DDFE238E66F34D332386B90416D5238E71
:10B870009A0413D500260323012107A88DF81D3053
:10B88000CDF81E60CDF82260ADF826608DF81C5012
:10B89000FEF7C4FE238E66F34D332386FB040AD5E0
:10B8A00007F07003402B7CD075D8102B00F08E80F1
:10B8B000202B00F0F280380534D5F90740F10F81D4
:10B8C00058F83530B3F8402012072BD54FF480429A
:10B8D0005A84B3F85420ADF81420B3F85620ADF8CC
:10B8E0001620B3F85820ADF81820B3F85A20ADF858
:10B8F0001A204FF6F772A3F840200023CDF81E302F
:10B90000CDF82230ADF826300822062305A908A874
:10B910008DF81C508DF81D3001F08EFB012107A819
:10B92000FEF77CFE7E051ED5B4F84A300026D80707
:10B93000A4F84A6017D558F83500FFF7F1FB90B12D
:10B94000744B07229B888DF81D200121802207A8B7
:10B95000CDF81E60ADF822608DF81C508DF82020C7
:10B960000993FEF75BFEF9050FD5E38EB4F8462088
:10B97000684E13400093DB439BB2A4F846304FF06F
:10B980000C0B009B002B40F0C9800BB0BDE8F08F82
:10B99000FFF7C0FD53E7602B03D0702B01D0502B75
:10B9A00089D10023CDF81E30CDF82230ADF82630F5
:10B9B0000121042307A88DF81D308DF81C50FEF7D7
:10B9C0002DFE238E43F40053238674E758F8356028
:10B9D00001237387F3864FF48043738400233385F8
:10B9E000338D13F00F03FBD1B385B28D12F00F022C
:10B9F000FBD106F1700106F1900001234FF4007EA7
:10BA00004FF4807C1FFA83F90133062BA6F864906B
:10BA1000A6F86820A1F800E021F8022B20F804CB5A
:10BA2000F0D106F17A0200214FF400701FFA83FC76
:10BA300001330A2BA6F864C0A6F86810108022F81B
:10BA4000021BF3D198220021324801F000FB338918
:10BA500003F00703022B15D0032B1CD0012B13D1AD
:10BA600000220121CDF81E20CDF82220ADF826209D
:10BA70008DF81C508DF81D108DF8203007A8FEF7AA
:10BA8000CDFD18E70023EBE7234B1B68DE077FF5AE
:10BA900012AF00BE0FE70223E2E758F83530B3F8E3
:10BAA000503013F07F033FF406AF4FF4A062ADF8BF
:10BAB00016300023ADF814200693CDF81E30CDF8D3
:10BAC0002230ADF8263005A90623082208A88DF8F3
:10BAD0001C508DF81D3001F0AFFA0121CEE717F0B0
:10BAE00007037FF41FAF58F83520128CCDF81E30B5
:10BAF00012F0200F14BF802200220721ADF822305F
:10BB00008DF81C508DF81D108DF82020099305E745
:10BB100018000020D4110020F0ED00E0009B58F840
:10BB2000354093FAA3F7B7FA87F70BFB07631A7A46
:10BB3000D2090ED039462046FFF764FB002840F0BA
:10BB40009B80012303FA07F7009B23EA0703009376
:10BB500017E7002F61D0DB880193BBB22385A4F8DF
:10BB60006430B4F86C309BB2228D02F00F02974221
:10BB7000FAD1628D9204FCD5628DC2F30B029A4217
:10BB800028BF1A460292DDE901218A4228BF0A46EF
:10BB900092460BFB0762D2F80090BAF1000F0AD070
:10BBA000527AD0072AD5524604F118014846039329
:10BBB000FFF702FC039B534584BF4FF4804262852C
:10BBC00000222285228D1107FCD101990BFB07620F
:10BBD000A1EB0A015345D18003D8DDE9012393424B
:10BBE000AFD30BFB07F100237218B9EB03007354BA
:10BBF00018BF012053709370D3709FE74946524697
:10BC000012F1FF3205D20BFB07F209EB0A01B1502A
:10BC1000D1E7207E01F8010BF2E7B4F85EA0628C58
:10BC2000F388C2F30B020AF07F0A524528BF52463E
:10BC30009A42019228BF1A46914652B1727A3068F0
:10BC4000D20731D54A4604F114010293FFF7B4FB41
:10BC5000029BCA4584BF4FF480426284A3EB090271
:10BC6000CA45F28003D8019A9A42FFF46AAF0023D2
:10BC700033707370B370F3700BFB076207A893887F
:10BC8000117AD2888DF81C509B1A0022CDF81E2004
:10BC9000ADF822208DF82010072201218DF81D20FB
:10BCA0000993FEF7BBFC4CE701464A4612F1FF320E
:10BCB00002D248443060CCE794F814C001F801CBBC
:10BCC000F4E700BF024B03EBC0004160704700BFC8
:10BCD00018000020FEF752BC037813F0010310D1C6
:10BCE0000278C2F3800262B9037813F0010308D12D
:10BCF0000278530705D4037843F00403037001204E
:10BD00007047002070470378C3F380034BB102787B
:10BD100012F0010105D1027861F382020270184627
:10BD2000704700207047FFFF8388C07800F0030051
:10BD30000228C3F30A0312D01BD801280DD102290F
:10BD400040F2FF3208BF4FF480629A420DD20D4B91
:10BD5000186810F0010008D000BE002070470229CA
:10BD600004D1B3F5007FF2D101207047402BEED80B
:10BD7000FAE702290CBF4FF4806240229A42E6D3D0
:10BD8000F2E700BFF0ED00E030B50A44914200D385
:10BD900030BD4C78052C06D18C7804F07F0500EB83
:10BDA0004505E4092B550C782144EFE70368DB696E
:10BDB0001847037C0BB9012303747047704713B510
:10BDC00002AB026803F8011D546819460122A0471E
:10BDD00002B010BD007C10B10020FDF783BC70479D
:10BDE000007C10B10020FDF711BD7047037C13B13A
:10BDF0000020FDF7A7BC704707B5007C38B10DF1F6
:10BE000007010020FDF794FC20B19DF8070003B066
:10BE10005DF804FB4FF0FF30F9E7704710B50446BA
:10BE20000020FDF749FC00B9607C10BD037C07B51C
:10BE300013B94FF0FF3012E0FFF7F0FF0028F8D001
:10BE40000020FDF74FFC0028F3D001220DF107017F
:10BE50000020FDF753FC0028EBD09DF8070003B04D
:10BE60005DF804FB037C2DE9F0418846174623B3B7
:10BE7000FFF7D4FF08B30020FEF764FB3D46002423
:10BE8000FDB10020FDF7C2FC30B90120FEF75AFBDE
:10BE90000020FDF757FCF3E7A842024608EB040137
:10BEA00028BF2A460020FDF791FC06460120FEF738
:10BEB00049FB1EB13444AD1BEAE700242046BDE82F
:10BEC000F0813C46FAE7FFFF38B5037C04460BB926
:10BED000002038BD4FF0FF300021FEF705FD204661
:10BEE000FFF79CFF0028F3D0054D2C78002CF0D0F4
:10BEF0000A20FDF76FFB00232B702046E9E700BF07
:10BF00002000002030B5164B16494AF20252A3F821
:10BF1000FE23154A8BB011604FF42542A3F8FE238F
:10BF200006238DF81430052301248DF8153005A95A
:10BF3000032301A88DF816308DF817308DF81840BE
:10BF40008DF81940F8F750F9054601A8F8F778F987
:10BF5000064B0E2D1C7000D1FEE70BB030BD00BFAC
:10BF600000E001403581730700E501409412002094
:10BF7000064B1970064B1A70064B1B68B3F5966F8B
:10BF800002D109B9FDF72EBA704700BF8412002014
:10BF900085120020801200200A4A0B6813600A4AAA
:10BFA00048791060094A08791060094A8979116056
:10BFB000B3F5966F04D1074B1B780BB9FDF712BA96
:10BFC000704700BF80120020901200208C120020C9
:10BFD0008812002084120020054B00224FF47A7151
:10BFE000C3E90121034919601A745A74704700BFEC
:10BFF0006C12002068D5000010B501F1080400F0B3
:10C000000F02D3B2092ACCBF3733303304F8013DD5
:10C01000A1424FEA1010F2D110BDFFFF08B5EFF3B7
:10C020000383103B5BB2C033084A52F823106FF30E
:10C03000104142F823100020FFF7E6FB00214FF0EB
:10C04000FF30BDE80840FEF74FBC00BF0060004075
:10C05000024800230371437183717047210000205F
:10C0600007B505480023019310B101A8AFF3008084
:10C0700003B05DF804FB00BF00000000014B18682E
:10C08000704700BF981200202DE9F04F544E3368DE
:10C09000A3B0002B40F0A180DFF85481514FB8F1DC
:10C0A000000F14BF4FF003094FF000094FF00103D8
:10C0B00007B93B464C4D4FF0010405B92C461C44D2
:10C0C00054224A490DA800F0B7FF4C440023E4B2C3
:10C0D000029315B102A8AFF30080172200210DF1E1
:10C0E0001A0000F0B4FF40F20943ADF8183040F2F6
:10C0F0000133ADF81C3021238DF8223011238DF847
:10C10000233042F20123ADF8263040F20753ADF858
:10C110002A3040F28333ADF82C3040238DF82E3096
:10C120000A238DF83030029B8DF81A904FF0000BE7
:10C13000B8F1000F4FF0090A8DF8283018BF4FF002
:10C140005D094FEA132308BFD1465D458DF82930BC
:10C150000CBF5A46192240F209239144ADF80C3025
:10C16000C02301218DF813304846FA238DF821A011
:10C170008DF824108DF812B08DF811108DF8143050
:10C180008DF80E908DF80FB08DF8104000F044FF40
:10C19000306010B34A46594600F059FF366852469F
:10C1A00003A9304600F048FF06EB0A04B8F1000F7F
:10C1B00006D0204654220DA900F03EFF06F15D0492
:10C1C0002DB12046192206A900F036FF193427B1F7
:10C1D000002201A9204600F02FFF23B0BDE8F08F18
:10C1E00098120020000000000000000094D500001C
:10C1F0001BBE000070B5204C94F900300546B3B961
:10C200001E4B1B6803F1140658692146FFF7F4FE24
:10C2100004F108017068FFF7EFFE04F11001B06847
:10C22000FFF7EAFE04F11801F068FFF7E5FE5DB9DB
:10C23000134B40F209425A800123013310485B003E
:10C2400043F44073038070BD052D12D80D4B0C4C88
:10C2500053F825100122013911F9010F531EDBB2E9
:10C260000028EAD024F812000132212AF4D1202338
:10C27000E3E70020E7E700BFDE1200209CB17F402B
:10C280009C120020E8D500007047FFFF1FB5FFF7A4
:10C2900021FD044690BBFFF7F7FF19494AF202530C
:10C2A000A1F8FE33174B5A6822F400625A605A68AC
:10C2B00022F480525A604FF42543A1F8FE33042340
:10C2C0000193114B02936FF020030393FBF7F8FBEC
:10C2D00001AA0121FBF7F0FD03992046FFF7F2FCCC
:10C2E000FFF7D2FE2046FEF751F9F7F727FF074A7E
:10C2F000B2F8CC3043F08003A2F8CC3004B010BDCB
:10C3000000E00140FC6F04401DC000000000094037
:10C31000002070477047FFFFF8B500260F4604461F
:10C320001546068046808680F7F706FF874216D8B6
:10C33000304901EBC70133464868F2B230F81210B9
:10C340001DB901F03E020A2A04E0012D09D101F0D5
:10C350003E02082A0BD00A0406F10106EDD520465C
:10C36000F8BD022D08D101F03E02042AF1D15A1C79
:10C3700024F81310D3B2EEE7032D04D101F03E02EE
:10C38000062AE0D1F3E7042D02D101F03A02E0E7FA
:10C39000052D02D101F03A02D5E7062D03D101F0B7
:10C3A0003E02102AD6E7072D05D101F03E02122ADF
:10C3B000DDD0182ACEE7082D03D101F03E02022A73
:10C3C000C8E70A2D03D101F03E02142AC2E70B2D63
:10C3D00003D101F03E021C2ABCE70C2D03D101F071
:10C3E0003E021A2AB6E70D2DB5D101F03E021E2AF3
:10C3F000B0E700BFACD3000000F020B80368DB0753
:10C4000006D4437803B1FFDE01234370184670471A
:10C410000020704701230360704710B5002814BF47
:10C4200004460124204600F0F7FD30B900F008F87A
:10C4300008B900F0E3FD8047F4E710BD00F0F4BD5B
:10C44000024B1868BFF35B8F704700BF20130020BA
:10C4500081F0004102E000BF83F0004330B54FEAB5
:10C4600041044FEA430594EA050F08BF90EA020F22
:10C470001FBF54EA000C55EA020C7FEA645C7FEAB5
:10C48000655C00F0E2804FEA5454D4EB5555B8BFD8
:10C490006D420CDD2C4480EA020281EA030382EA49
:10C4A000000083EA010180EA020281EA0303362DDB
:10C4B00088BF30BD11F0004F4FEA01314FF4801CAE
:10C4C0004CEA113102D0404261EB410113F0004FC0
:10C4D0004FEA03334CEA133302D0524263EB430377
:10C4E00094EA050F00F0A780A4F10104D5F1200E15
:10C4F0000DDB02FA0EFC22FA05F2801841F1000170
:10C5000003FA0EF2801843FA05F359410EE0A5F143
:10C5100020050EF1200E012A03FA0EFC28BF4CF074
:10C52000020C43FA05F3C01851EBE37101F000452A
:10C5300007D54FF0000EDCF1000C7EEB00006EEB37
:10C540000101B1F5801F1BD3B1F5001F0CD34908C1
:10C550005FEA30004FEA3C0C04F101044FEA445218
:10C5600012F5800F80F09A80BCF1004F08BF5FEA9F
:10C57000500C50F1000041EB045141EA050130BD7F
:10C580005FEA4C0C404141EB010111F4801FA4F122
:10C590000104E9D191F0000F04BF01460020B1FA77
:10C5A00081F308BF2033A3F10B03B3F120020CDAAF
:10C5B0000C3208DD02F1140CC2F10C0201FA0CF08D
:10C5C00021FA02F10CE002F11402D8BFC2F1200CF2
:10C5D00001FA02F120FA0CFCDCBF41EA0C019040A8
:10C5E000E41AA2BF01EB0451294330BD6FEA0404F1
:10C5F0001F3C1CDA0C340EDC04F11404C4F12002DC
:10C6000020FA04F001FA02F340EA030021FA04F3ED
:10C6100045EA030130BDC4F10C04C4F1200220FA44
:10C6200002F001FA04F340EA0300294630BD21FA82
:10C6300004F0294630BD94F0000F83F4801306BF48
:10C6400081F480110134013D4EE77FEA645C18BF3C
:10C650007FEA655C29D094EA050F08BF90EA020FD3
:10C6600005D054EA000C04BF1946104630BD91EACB
:10C67000030F1EBF0021002030BD5FEA545C05D1CE
:10C680004000494128BF41F0004130BD14F580040D
:10C690003CBF01F5801130BD01F0004545F0FE4181
:10C6A00041F470014FF0000030BD7FEA645C1ABFB6
:10C6B000194610467FEA655C1CBF0B46024650EAED
:10C6C000013406BF52EA033591EA030F41F4002119
:10C6D00030BD00BF90F0000F04BF0021704730B59F
:10C6E0004FF4806404F132044FF000054FF0000174
:10C6F00050E700BF90F0000F04BF0021704730B535
:10C700004FF4806404F1320410F0004548BF404209
:10C710004FF000013EE700BF42004FEAE2014FEA5E
:10C7200031014FEA02701FBF12F07F4393F07F4F39
:10C7300081F06051704732F07F4208BF704793F03C
:10C740007F4F04BF41F40021704730B54FF460744F
:10C7500001F0004521F000411CE700BF50EA010252
:10C7600008BF704730B54FF000050AE050EA0102FB
:10C7700008BF704730B511F0004502D5404261EB6B
:10C7800041014FF4806404F132045FEA915C3FF4AC
:10C79000D8AE4FF003025FEADC0C18BF03325FEA49
:10C7A000DC0C18BF033202EBDC02C2F1200300FAFA
:10C7B00003FC20FA02F001FA03FE40EA0E0021FA1F
:10C7C00002F11444BDE600BF70B54FF0FF0C4CF40D
:10C7D000E06C1CEA11541DBF1CEA135594EA0C0FBF
:10C7E00095EA0C0F00F0DEF82C4481EA030621EAFA
:10C7F0004C5123EA4C5350EA013518BF52EA033535
:10C8000041F4801143F4801338D0A0FB02CE4FF0E6
:10C810000005E1FB02E506F00042E0FB03E54FF016
:10C820000006E1FB03569CF0000F18BF4EF0010E0E
:10C83000A4F1FF04B6F5007F64F5407404D25FEA0A
:10C840004E0E6D4146EB060642EAC62141EA5551BD
:10C850004FEAC52040EA5E504FEACE2EB4F1FD0CFF
:10C8600088BFBCF5E06F1ED8BEF1004F08BF5FEA7D
:10C87000500E50F1000041EB045170BD06F000462F
:10C8800046EA010140EA020081EA0301B4EB5C04DC
:10C89000C2BFD4EB0C0541EA045170BD41F48011D4
:10C8A0004FF0000E013C00F3AB8014F1360FDEBFF9
:10C8B000002001F0004170BDC4F10004203C35DAD5
:10C8C0000C341BDC04F11404C4F1200500FA05F358
:10C8D00020FA04F001FA05F240EA020001F00042F9
:10C8E00021F0004110EBD37021FA04F642EB06016F
:10C8F0005EEA430E08BF20EAD37070BDC4F10C0499
:10C90000C4F1200500FA04F320FA05F001FA04F25C
:10C9100040EA020001F0004110EBD37041F1000148
:10C920005EEA430E08BF20EAD37070BDC4F1200553
:10C9300000FA05F24EEA020E20FA04F301FA05F2BB
:10C9400043EA020321FA04F001F0004121FA04F263
:10C9500020EA020000EBD3705EEA430E08BF20EA33
:10C96000D37070BD94F0000F0FD101F0004640006D
:10C9700041EB010111F4801F08BF013CF7D041EAEF
:10C98000060195F0000F18BF704703F000465200F3
:10C9900043EB030313F4801F08BF013DF7D043EAC4
:10C9A0000603704794EA0C0F0CEA135518BF95EA7A
:10C9B0000C0F0CD050EA410618BF52EA4306D1D101
:10C9C00081EA030101F000414FF0000070BD50EA20
:10C9D000410606BF1046194652EA430619D094EAAA
:10C9E0000C0F02D150EA013613D195EA0C0F05D194
:10C9F00052EA03361CBF104619460AD181EA0301E8
:10CA000001F0004141F0FE4141F470014FF000009F
:10CA100070BD41F0FE4141F4780170BD70B54FF03A
:10CA2000FF0C4CF4E06C1CEA11541DBF1CEA1355BA
:10CA300094EA0C0F95EA0C0F00F0A7F8A4EB05049C
:10CA400081EA030E52EA03354FEA013100F0888093
:10CA50004FEA03334FF0805545EA131343EA12635C
:10CA60004FEA022245EA111545EA10654FEA002611
:10CA70000EF000419D4208BF964244F1FD0404F5CA
:10CA8000407402D25B084FEA3202B61A65EB030526
:10CA90005B084FEA32024FF480104FF4002CB6EBE3
:10CAA000020E75EB030E22BFB61A754640EA0C0063
:10CAB0005B084FEA3202B6EB020E75EB030E22BFA3
:10CAC000B61A754640EA5C005B084FEA3202B6EBE4
:10CAD000020E75EB030E22BFB61A754640EA9C00A3
:10CAE0005B084FEA3202B6EB020E75EB030E22BF73
:10CAF000B61A754640EADC0055EA060E18D04FEA31
:10CB0000051545EA16754FEA06164FEAC30343EAD0
:10CB100052734FEAC2025FEA1C1CC0D111F4801F9D
:10CB20000BD141EA00014FF000004FF0004CB6E796
:10CB300011F4801F04BF01430020B4F1FD0C88BF35
:10CB4000BCF5E06F3FF6AFAEB5EB030C04BFB6EB40
:10CB5000020C5FEA500C50F1000041EB045170BD33
:10CB60000EF0004E4EEA113114EB5C04C2BFD4EB60
:10CB70000C0541EA045170BD41F480114FF0000EE4
:10CB8000013C90E645EA060E8DE60CEA135594EA60
:10CB90000C0F08BF95EA0C0F3FF43BAF94EA0C0F63
:10CBA0000AD150EA01347FF434AF95EA0C0F7FF4D8
:10CBB00025AF104619462CE795EA0C0F06D152EA2C
:10CBC00003353FF4FDAE1046194622E750EA410610
:10CBD00018BF52EA43067FF4C5AE50EA41047FF421
:10CBE0000DAF52EA43057FF4EBAE12E74FEA410284
:10CBF000B2F1E04324BFB3F5001CDCF1FE5C0DD9BB
:10CC000001F0004C4FEAC0024CEA5070B2F1004F04
:10CC100040EB830008BF20F00100704711F0804F07
:10CC200021D113F13872BCBF01F00040704741F4CC
:10CC300080114FEA5252C2F11802C2F1200C10FAD0
:10CC40000CF320FA02F018BF40F001004FEAC123B4
:10CC50004FEAD32303FA0CFC40EA0C0023FA02F358
:10CC60004FEA4303CCE77FEA625307D150EA01332E
:10CC70001EBF4FF0FE4040F44000704701F00040FE
:10CC800040F0FE4040F40000704700BF7BB972B92D
:10CC90000029BEBF00204FF0004106E008BF002879
:10CCA0001CBF6FF000414FF0FF3000F0A5B9ADF1AF
:10CCB000080C6DE904CE002909DB002B1ADB00F01B
:10CCC00035F8DDF804E0DDE9022304B070474042A6
:10CCD00061EB4101002B1BDB00F028F8DDF804E0DC
:10CCE000DDE9022304B0404261EB4101524263EBB3
:10CCF00043037047524263EB430300F017F8DDF83B
:10CD000004E0DDE9022304B0404261EB41017047D9
:10CD1000524263EB430300F009F8DDF804E0DDE97B
:10CD2000022304B0524263EB430370472DE9F047FE
:10CD3000089E04468846002B4BD18A42154667D987
:10CD4000B2FA82F24AB1C2F1200701FA02F320FAE4
:10CD500007F7954047EA030894404FEA154E230C25
:10CD6000B8FBFEF71FFA85FC0EFB178843EA084361
:10CD700007FB0CF1994209D9EB1807F1FF3080F05D
:10CD80001B81994240F21881023F2B445B1AA4B2E6
:10CD9000B3FBFEF00EFB103344EA034400FB0CFC33
:10CDA000A44509D92C1900F1FF3380F00781A4456F
:10CDB00040F2048102382C4440EA0740A4EB0C0402
:10CDC00000271EB1D4400023C6E900433946BDE820
:10CDD000F0878B4209D9002E00F0EB800027C6E9CE
:10CDE000000138463946BDE8F087B3FA83F7002FD3
:10CDF00047D18B4202D3824200F2FA80841A61EB5F
:10CE0000030301209846002EE0D0C6E90048DDE784
:10CE100002B9FFDEB2FA82F2002A40F08F80491B8D
:10CE20004FEA154E1FFA85F80127B1FBFEFC230CD3
:10CE30000EFB1C1143EA014308FB0CF1994207D990
:10CE4000EB180CF1FF3002D2994200F2CD808446FB
:10CE5000591AA3B2B1FBFEF00EFB101443EA0444CE
:10CE600008FB00F8A04507D92C1900F1FF3302D2C6
:10CE7000A04500F2B6801846A4EB080440EA0C4036
:10CE80009FE7C7F1200CBB4022FA0CFE4EEA030ECE
:10CE900001FA07F420FA0CF521FA0CF34FEA1E48C8
:10CEA0002543B3FBF8F92C0C08FB19331FFA8EFA53
:10CEB00044EA034309FB0AF49C4202FA07F200FA2F
:10CEC00007F10BD91EEB030309F1FF3080F08780D7
:10CED0009C4240F28480A9F1020973441B1BADB24D
:10CEE000B3FBF8F008FB103345EA034400FB0AFAF1
:10CEF000A24508D91EEB040400F1FF336BD2A24512
:10CF000069D90238744440EA0940A0FB0289A4EBC5
:10CF10000A044C45C2464B4654D351D0002E69D02A
:10CF2000B1EB0A0564EB030404FA0CFCFD40FC4081
:10CF30004CEA0505C6E90054002747E7C2F1200383
:10CF400020FA03F7954001FA02F021FA03F34FEAC1
:10CF5000154E3843010CB3FBFEF71FFA85F80EFBA4
:10CF6000173341EA034107FB08F38B4204FA02F44A
:10CF700007D9691807F1FF3C2FD28B422DD9023F08
:10CF80002944CB1A81B2B3FBFEF00EFB103341EA09
:10CF9000034100FB08F38B4207D9691800F1FF3CFD
:10CFA00017D28B4215D902382944C91A40EA0747DB
:10CFB0003BE73746304609E70746E7E61846FBE613
:10CFC0004145ABD2B8EB020A69EB0E0201381346B9
:10CFD000A4E76046E9E7184695E76746D1E781464A
:10CFE0007CE702382C4447E7ACF1020C2B442FE7D6
:10CFF000384608E73746E9E6704700BF08B506201F
:10D0000000F00EF9012000F041F9FFFF014B186814
:10D01000704700BF34000020024B0146186800F042
:10D020006DB800BF34000020024B0146186800F0C4
:10D0300017B800BF3400002010B5431E0A449142C7
:10D0400000D110BD11F8014B03F8014FF7E702447E
:10D050000346934200D1704703F8011BF9E7FFFF35
:10D0600038B50546002945D051F8043C0C1F002B6B
:10D07000B8BFE41800F0F8F81F4A1368104633B937
:10D08000636014602846BDE8384000F0EEB8A34263
:10D090000CD921686218934204BF1A685B68636008
:10D0A00004BF521822600460ECE713465A680AB1C4
:10D0B000A242FAD919685818A0420BD1206801443D
:10D0C000581882421960DDD1106852685A600144D4
:10D0D0001960D7E702D90C232B60D3E72068211809
:10D0E0008A4204BF11685268626004BF0918216057
:10D0F0005C60C7E738BD00BF2413002070B5CD1CAD
:10D1000025F0030508350C2D38BF0C25002D0646EB
:10D1100001DBA94203D90C233360002070BD00F06D
:10D12000A3F8214A1468214691B9204C23681BB901
:10D13000304600F03DF820602946304600F038F8CF
:10D14000431C24D10C233360304600F08EF8E4E712
:10D150000B685B1B18D40B2B0FD90B60CD50CC1870
:10D16000304600F082F804F10B00231D20F0070088
:10D17000C31AD3D05A42E250D0E78C424B6816BF54
:10D18000636013600C46EBE70C464968CCE7C41CAF
:10D1900024F00304A04205D0211A304600F008F81C
:10D1A0000130CFD02560DBE72413002028130020B6
:10D1B00038B5064C0023054608462360FAF7E8F91F
:10D1C000431C02D1236803B12B6038BD2C1400200E
:10D1D0001F2938B504460D4604D9162303604FF0C5
:10D1E000FF3038BD426C12B152F821304BB92046A5
:10D1F00000F030F82A4601462046BDE8384000F0ED
:10D2000017B8012B0AD0591C03D116230360012043
:10D21000E7E7002442F82540284698470020E0E749
:10D22000024B01461868FFF7D3BF00BF340000204F
:10D2300038B5074C0023054608461146236000F028
:10D240001DF8431C02D1236803B12B6038BD00BF19
:10D250002C14002000F00AB8034613F8012B002A12
:10D26000FBD1181A0138704770477047024B58229B
:10D270001A604FF0FF3070472C140020024B5822E8
:10D280001A604FF0FF3070472C140020FEE700BFFB
:10D290004275696C7420776974682052656E657395
:10D2A000617320416476616E63656420466C6578C5
:10D2B00069626C6520536F66747761726520506196
:10D2C000636B6167652076657273696F6E20342EBB
:10D2D000302E3000342E302E3000000000000004CC
:10D2E000F8B500BFF8BC08BC9E467047F8B500BF53
:10D2F000F8BC08BC9E467047140082815400C2816D
:10D30000940082809401C2834600D4814400148238
:10D310009402C28194055209440082000900510818
:10D320000C8054055201460042000B0057080E8045
:10D3300014051C00920811008B081080D4041A00F8
:10D3400092001780520842000C0009801208578A88
:10D350001A00520051004B0A4E801C005208C200B5
:10D360009700490A4C80D20002019100510A508076
:10D37000D20851088B8046000200098012801209F1
:10D3800082018900578A120142018B805201820179
:10D390004B8A140492801E005202548292010400AF
:10D3A000020011805209C2015700498A0E00000094
:10D3B00096D3000000000000F8D200000100000039
:10D3C000FCD200000200000000D3000006020000B2
:10D3D00076D300000001000014D300000203000017
:10D3E00086D30000010300007ED300000B01000083
:10D3F00066D300000A0100005AD3000009010000B2
:10D4000050D3000008040000A4D300000904000069
:10D410008CD300000D0000000CD300000C000000B5
:10D4200008D300000101000022D300000401000025
:10D4300044D300000201000030D3000003010000CB
:10D440003CD300000B00000004D300000C010000DE
:10D4500070D300000005000092D300000F00000010
:10D4600010D30000000400009CD30000080100005D
:10D470004CD30000000300007CD300000102000038
:10D4800076D30000FFFF00FF010203FF0600080043
:10D4900010001800200040006000800000018001A2
:10D4A000000200040008FFFF0403010C0009140837
:10D4B000111C101918FFFFFF0A0900000A090000DB
:10D4C0003F0B0000010002000800100000000000F7
:10D4D000000000001F8800002D930000F587000069
:10D4E000B18C0000A78C00000589000007880000AF
:10D4F000FD870000CD8A00004F880000F9870000FA
:10D500000C0A080E101802191D1F01FF0000000070
:10D51000000000003D91000025980000799800006F
:10D52000A99800004D990000099A00000000000031
:10D53000A59B0000959B0000AD9B0000719C000026
:10D54000519E000000000000099B00000B9B0000A2
:10D550000D9B0000319B0000000000000000000057
:10D560000000000000000000BFBD000065BE00001C
:10D57000E1BD0000EDBD0000D5BD00002DBE0000E6
:10D58000F9BD0000B3BD0000ADBD0000BDBD000091
:10D59000C9BE0000080B00020202000009040000DE
:10D5A00001020200040524002001052401000104F9
:10D5B0002402020524060001070581030800100962
:10D5C000040100020A0000000705020240000007F3
:10D5D0000582024000000904020000FE0101050965
:10D5E000210DE8030010010112D6000000D6000052
:10D5F00008D60000DE12002013D600001CD6000062
:10D6000041726475696E6F005849414F2052413430
:10D610004D310043444320506F7274004446552DF1
:10D62000525420506F72740000000000000000008F
:10D6300000000000000000000000000000000000EA
:10D6400000000000000000000000000000000000DA
:10D6500000000000000000000000000000000000CA
:10D6600000000000000000000000000000000000BA
:10D6700000000000000000000000000000000000AA
:10D68000000000000000000000000000000000009A
:10D69000000000000000000000000000000000008A
:0CD6A0000000000000000000000000007E
:10D6B4000A00000045A500006C13002010000C00B7
:10D6C40000000000FF000000000009400A00000004
:10D6D40001120100020202014086284900000101F2
:10D6E40002030100380000200000000068D600009A
:10D6F40088D6000048D600000000000000000000AA
:10D704000000000000000000000000000000000015
:10D714000000000000000000000000000000000005
:10D7240000000000000000000000000000000000F5
:10D7340000000000000000000000000000000000E5
:10D744000000000000000000E5400000BD8700006C
:10D75400C58C0000E18C0000FD8C0000C19000002D
:10D7640005930000A59400005D960000D9BF000059
:10D77400C1400000D1870000098D00000D91000018
:04D7840069960000A2
:04000003000075D1B3
:00000001FF
